run_id,cell_id,cell_index,phase,dataset,fold_or_split,method_id,implementation_id,method_role,evaluation_model,candidate_universe_count,candidate_universe_hash,selected_feature_count,budget_semantics,requested_budget,natural_support,feasibility_state,seed,prediction_sha256,prediction_row_identity_sha256,identity_target_sha256,metric_artifact_sha256,configuration_lock_sha256,auc,gini,ks,lift_at_10,runtime_seconds,peak_process_rss_gib,minimum_available_ram_gib,ram_wait_seconds,warnings,terminal_state,fold,model,selected_features,selection_seconds,model_fit_seconds
fbv1-001-homecredit-lr-full-features-s42,fbv1-001-homecredit-lr-full-features-s42,1,dev_expanding_window_fold,homecredit,1,full_features,full_candidate_features_v1,control,lr,529,unsupported_not_persisted_by_prompt_10,529,full_universe,,False,completed,42,,,,e61783f1267e84b56b267975da2b77be1cf21d03373c8b2d4ef6902e412dc786,f03647c376fe834f9bb1c3d6834ed42732ef3e7e1047eeff352af49b31ed607f,0.7171027541066364,0.4342055082132727,0.3422718953823177,2.9474485910129475,17.74598717689514,9.027095794677734,18.385860443115234,0.0,fold predictions not persisted; stored metrics cannot be prediction-recomputed,completed,1.0,lr,529.0,0.468336820602417,14.525541543960571
fbv1-001-homecredit-lr-full-features-s42,fbv1-001-homecredit-lr-full-features-s42,1,dev_expanding_window_fold,homecredit,2,full_features,full_candidate_features_v1,control,lr,529,unsupported_not_persisted_by_prompt_10,529,full_universe,,False,completed,42,,,,e61783f1267e84b56b267975da2b77be1cf21d03373c8b2d4ef6902e412dc786,f03647c376fe834f9bb1c3d6834ed42732ef3e7e1047eeff352af49b31ed607f,0.7426420164745234,0.4852840329490469,0.3667399037098036,3.108938025537216,74.61307573318481,9.027095794677734,18.385860443115234,0.0,fold predictions not persisted; stored metrics cannot be prediction-recomputed,completed,2.0,lr,529.0,0.7703077793121338,70.36115956306458
fbv1-001-homecredit-lr-full-features-s42,fbv1-001-homecredit-lr-full-features-s42,1,dev_expanding_window_fold,homecredit,3,full_features,full_candidate_features_v1,control,lr,529,unsupported_not_persisted_by_prompt_10,529,full_universe,,False,completed,42,,,,e61783f1267e84b56b267975da2b77be1cf21d03373c8b2d4ef6902e412dc786,f03647c376fe834f9bb1c3d6834ed42732ef3e7e1047eeff352af49b31ed607f,0.7650797844180052,0.5301595688360103,0.4050514056755388,3.347369490148284,87.0779333114624,9.027095794677734,18.385860443115234,0.0,fold predictions not persisted; stored metrics cannot be prediction-recomputed,completed,3.0,lr,529.0,1.0407230854034424,81.89052438735962
fbv1-001-homecredit-lr-full-features-s42,fbv1-001-homecredit-lr-full-features-s42,1,dev_expanding_window_fold,homecredit,4,full_features,full_candidate_features_v1,control,lr,529,unsupported_not_persisted_by_prompt_10,529,full_universe,,False,completed,42,,,,e61783f1267e84b56b267975da2b77be1cf21d03373c8b2d4ef6902e412dc786,f03647c376fe834f9bb1c3d6834ed42732ef3e7e1047eeff352af49b31ed607f,0.7603104193493291,0.5206208386986582,0.4024196345303525,3.2985737943301605,219.5257863998413,9.027095794677734,18.385860443115234,0.0,fold predictions not persisted; stored metrics cannot be prediction-recomputed,completed,4.0,lr,529.0,1.319854974746704,213.33861112594604
fbv1-001-homecredit-lr-full-features-s42,fbv1-001-homecredit-lr-full-features-s42,1,dev_expanding_window_fold,homecredit,5,full_features,full_candidate_features_v1,control,lr,529,unsupported_not_persisted_by_prompt_10,529,full_universe,,False,completed,42,,,,e61783f1267e84b56b267975da2b77be1cf21d03373c8b2d4ef6902e412dc786,f03647c376fe834f9bb1c3d6834ed42732ef3e7e1047eeff352af49b31ed607f,0.7607132161350841,0.5214264322701683,0.3872680086802112,3.2445283502134643,290.88806653022766,9.027095794677734,18.385860443115234,0.0,fold predictions not persisted; stored metrics cannot be prediction-recomputed,completed,5.0,lr,529.0,2.504602670669556,280.1087086200714
fbv1-001-homecredit-lr-full-features-s42,fbv1-001-homecredit-lr-full-features-s42,1,full_dev_refit_diagnostic,homecredit,full_dev_in_sample,full_features,full_candidate_features_v1,control,lr,529,unsupported_not_persisted_by_prompt_10,529,full_universe,,False,completed,42,87e188cb6f338462af24f95177d1aea3c5adc754743bdb9e457579e8e6bd176e,6b3eaa2e6925ae4386ef9e17c99b444cdc414c9102fbd98d6635c41f777aa3c2,1f68b49d4420e943a3833cb62b917c5e1093562281807d9047a11ffc2626aebc,e61783f1267e84b56b267975da2b77be1cf21d03373c8b2d4ef6902e412dc786,f03647c376fe834f9bb1c3d6834ed42732ef3e7e1047eeff352af49b31ed607f,0.7874334424648313,0.5748668849296625,0.43291463927691504,3.605765645742334,,9.027095794677734,18.385860443115234,0.0,,completed,,,,,
fbv1-001-homecredit-lr-full-features-s42,fbv1-001-homecredit-lr-full-features-s42,1,oot,homecredit,locked_oot,full_features,full_candidate_features_v1,control,lr,529,unsupported_not_persisted_by_prompt_10,529,full_universe,,False,completed,42,4abf2d809d8ba1e2338c47c1035a481a63a020f6d1dee7b4305f9b228bd13739,44dae0bae662ea5ebb863a1fdfe3f68878235f3117cc11e0409f147ddda36f95,f5045e863d8debb0b80a5f67d62dcc27f62d80660b6395d4a41b1e05b07b07be,e61783f1267e84b56b267975da2b77be1cf21d03373c8b2d4ef6902e412dc786,f03647c376fe834f9bb1c3d6834ed42732ef3e7e1047eeff352af49b31ed607f,0.7714957527511155,0.542991505502231,0.41357459867673785,3.3811651278901467,,9.027095794677734,18.385860443115234,0.0,,completed,,,,,
fbv1-002-homecredit-catboost-full-features-s42,fbv1-002-homecredit-catboost-full-features-s42,2,dev_expanding_window_fold,homecredit,1,full_features,full_candidate_features_v1,control,catboost,529,unsupported_not_persisted_by_prompt_10,529,full_universe,,False,completed,42,,,,a6227667ec1c02a3a72e5be13fd05db14c437d1e99d1c5bc7b4f8b63e5474d0d,f03647c376fe834f9bb1c3d6834ed42732ef3e7e1047eeff352af49b31ed607f,0.7578637933292209,0.5157275866584419,0.3922935692923232,3.335872048743336,109.74813675880432,10.453445434570312,14.970687866210938,0.0,fold predictions not persisted; stored metrics cannot be prediction-recomputed,completed,1.0,catboost,529.0,0.4767632484436035,106.43385100364684
fbv1-002-homecredit-catboost-full-features-s42,fbv1-002-homecredit-catboost-full-features-s42,2,dev_expanding_window_fold,homecredit,2,full_features,full_candidate_features_v1,control,catboost,529,unsupported_not_persisted_by_prompt_10,529,full_universe,,False,completed,42,,,,a6227667ec1c02a3a72e5be13fd05db14c437d1e99d1c5bc7b4f8b63e5474d0d,f03647c376fe834f9bb1c3d6834ed42732ef3e7e1047eeff352af49b31ed607f,0.7636647889981998,0.5273295779963996,0.4019146067817379,3.4489781220803484,190.43900513648987,10.453445434570312,14.970687866210938,0.0,fold predictions not persisted; stored metrics cannot be prediction-recomputed,completed,2.0,catboost,529.0,0.7864043712615967,186.14353203773496
fbv1-002-homecredit-catboost-full-features-s42,fbv1-002-homecredit-catboost-full-features-s42,2,dev_expanding_window_fold,homecredit,3,full_features,full_candidate_features_v1,control,catboost,529,unsupported_not_persisted_by_prompt_10,529,full_universe,,False,completed,42,,,,a6227667ec1c02a3a72e5be13fd05db14c437d1e99d1c5bc7b4f8b63e5474d0d,f03647c376fe834f9bb1c3d6834ed42732ef3e7e1047eeff352af49b31ed607f,0.7801128649949731,0.5602257299899462,0.4285571186403364,3.7677737152143007,276.6872797012329,10.453445434570312,14.970687866210938,0.0,fold predictions not persisted; stored metrics cannot be prediction-recomputed,completed,3.0,catboost,529.0,1.0951507091522217,271.32741022109985
fbv1-002-homecredit-catboost-full-features-s42,fbv1-002-homecredit-catboost-full-features-s42,2,dev_expanding_window_fold,homecredit,4,full_features,full_candidate_features_v1,control,catboost,529,unsupported_not_persisted_by_prompt_10,529,full_universe,,False,completed,42,,,,a6227667ec1c02a3a72e5be13fd05db14c437d1e99d1c5bc7b4f8b63e5474d0d,f03647c376fe834f9bb1c3d6834ed42732ef3e7e1047eeff352af49b31ed607f,0.7792711759795224,0.5585423519590449,0.4239902579656738,3.407079511248916,352.9416389465332,10.453445434570312,14.970687866210938,0.0,fold predictions not persisted; stored metrics cannot be prediction-recomputed,completed,4.0,catboost,529.0,1.3822474479675293,346.4626588821411
fbv1-002-homecredit-catboost-full-features-s42,fbv1-002-homecredit-catboost-full-features-s42,2,dev_expanding_window_fold,homecredit,5,full_features,full_candidate_features_v1,control,catboost,529,unsupported_not_persisted_by_prompt_10,529,full_universe,,False,completed,42,,,,a6227667ec1c02a3a72e5be13fd05db14c437d1e99d1c5bc7b4f8b63e5474d0d,f03647c376fe834f9bb1c3d6834ed42732ef3e7e1047eeff352af49b31ed607f,0.7773953181907459,0.5547906363814918,0.4113353812900562,3.457052041275482,445.6196703910828,10.453445434570312,14.970687866210938,0.0,fold predictions not persisted; stored metrics cannot be prediction-recomputed,completed,5.0,catboost,529.0,1.70497465133667,438.0034723281861
fbv1-002-homecredit-catboost-full-features-s42,fbv1-002-homecredit-catboost-full-features-s42,2,full_dev_refit_diagnostic,homecredit,full_dev_in_sample,full_features,full_candidate_features_v1,control,catboost,529,unsupported_not_persisted_by_prompt_10,529,full_universe,,False,completed,42,dd2c89ce041829ee38aba7198712224df04773104f1379ccd6896dfd03e40b2a,6b3eaa2e6925ae4386ef9e17c99b444cdc414c9102fbd98d6635c41f777aa3c2,1f68b49d4420e943a3833cb62b917c5e1093562281807d9047a11ffc2626aebc,a6227667ec1c02a3a72e5be13fd05db14c437d1e99d1c5bc7b4f8b63e5474d0d,f03647c376fe834f9bb1c3d6834ed42732ef3e7e1047eeff352af49b31ed607f,0.9659524323640061,0.9319048647280122,0.8187024765003291,7.56650963134427,,10.453445434570312,14.970687866210938,0.0,,completed,,,,,
fbv1-002-homecredit-catboost-full-features-s42,fbv1-002-homecredit-catboost-full-features-s42,2,oot,homecredit,locked_oot,full_features,full_candidate_features_v1,control,catboost,529,unsupported_not_persisted_by_prompt_10,529,full_universe,,False,completed,42,472cfee6590fdfa73d565423b1f1a0f79e531cdaa61e5a47b62cd492abfdd1f7,44dae0bae662ea5ebb863a1fdfe3f68878235f3117cc11e0409f147ddda36f95,f5045e863d8debb0b80a5f67d62dcc27f62d80660b6395d4a41b1e05b07b07be,a6227667ec1c02a3a72e5be13fd05db14c437d1e99d1c5bc7b4f8b63e5474d0d,f03647c376fe834f9bb1c3d6834ed42732ef3e7e1047eeff352af49b31ed607f,0.7860320086407899,0.5720640172815799,0.43423091924777524,3.6253499918578638,,10.453445434570312,14.970687866210938,0.0,,completed,,,,,
fbv1-003-lendingclub_v2-lr-full-features-s42,fbv1-003-lendingclub_v2-lr-full-features-s42,3,dev_expanding_window_fold,lendingclub_v2,1,full_features,full_candidate_features_v1,control,lr,675,unsupported_not_persisted_by_prompt_10,675,full_universe,,False,completed,42,,,,5d65ddfc1e8ca0802aa394ec8f178322a75822f118ae27f520d2837022c4989e,f03647c376fe834f9bb1c3d6834ed42732ef3e7e1047eeff352af49b31ed607f,0.7169435398857743,0.4338870797715486,0.3150539616040319,2.376500534452765,165.61937308311462,22.56481170654297,3.947418212890625,0.0,fold predictions not persisted; stored metrics cannot be prediction-recomputed,completed,1.0,lr,675.0,3.7808234691619873,150.1350953578949
fbv1-003-lendingclub_v2-lr-full-features-s42,fbv1-003-lendingclub_v2-lr-full-features-s42,3,dev_expanding_window_fold,lendingclub_v2,2,full_features,full_candidate_features_v1,control,lr,675,unsupported_not_persisted_by_prompt_10,675,full_universe,,False,completed,42,,,,5d65ddfc1e8ca0802aa394ec8f178322a75822f118ae27f520d2837022c4989e,f03647c376fe834f9bb1c3d6834ed42732ef3e7e1047eeff352af49b31ed607f,0.7251218023127669,0.4502436046255338,0.3290884757608994,2.4152394267738555,241.2249953746796,22.56481170654297,3.947418212890625,0.0,fold predictions not persisted; stored metrics cannot be prediction-recomputed,completed,2.0,lr,675.0,6.942288637161255,219.00303435325625
fbv1-003-lendingclub_v2-lr-full-features-s42,fbv1-003-lendingclub_v2-lr-full-features-s42,3,dev_expanding_window_fold,lendingclub_v2,3,full_features,full_candidate_features_v1,control,lr,675,unsupported_not_persisted_by_prompt_10,675,full_universe,,False,completed,42,,,,5d65ddfc1e8ca0802aa394ec8f178322a75822f118ae27f520d2837022c4989e,f03647c376fe834f9bb1c3d6834ed42732ef3e7e1047eeff352af49b31ed607f,0.7333816393620127,0.4667632787240254,0.3416810513981959,2.502114302770072,422.52179980278015,22.56481170654297,3.947418212890625,0.0,fold predictions not persisted; stored metrics cannot be prediction-recomputed,completed,3.0,lr,675.0,11.388656854629517,387.230813741684
fbv1-003-lendingclub_v2-lr-full-features-s42,fbv1-003-lendingclub_v2-lr-full-features-s42,3,dev_expanding_window_fold,lendingclub_v2,4,full_features,full_candidate_features_v1,control,lr,675,unsupported_not_persisted_by_prompt_10,675,full_universe,,False,completed,42,,,,5d65ddfc1e8ca0802aa394ec8f178322a75822f118ae27f520d2837022c4989e,f03647c376fe834f9bb1c3d6834ed42732ef3e7e1047eeff352af49b31ed607f,0.7413521328445123,0.4827042656890246,0.3501920336220273,2.641114121763645,1226.7420961856842,22.56481170654297,3.947418212890625,0.0,fold predictions not persisted; stored metrics cannot be prediction-recomputed,completed,4.0,lr,675.0,16.00850558280945,1180.446545124054
fbv1-003-lendingclub_v2-lr-full-features-s42,fbv1-003-lendingclub_v2-lr-full-features-s42,3,dev_expanding_window_fold,lendingclub_v2,5,full_features,full_candidate_features_v1,control,lr,675,unsupported_not_persisted_by_prompt_10,675,full_universe,,False,completed,42,,,,5d65ddfc1e8ca0802aa394ec8f178322a75822f118ae27f520d2837022c4989e,f03647c376fe834f9bb1c3d6834ed42732ef3e7e1047eeff352af49b31ed607f,0.7430171821709857,0.4860343643419713,0.3549245135449307,2.586035955707109,810.9660274982452,22.56481170654297,3.947418212890625,0.0,fold predictions not persisted; stored metrics cannot be prediction-recomputed,completed,5.0,lr,675.0,20.721222639083862,753.6200928688049
fbv1-003-lendingclub_v2-lr-full-features-s42,fbv1-003-lendingclub_v2-lr-full-features-s42,3,full_dev_refit_diagnostic,lendingclub_v2,full_dev_in_sample,full_features,full_candidate_features_v1,control,lr,675,unsupported_not_persisted_by_prompt_10,675,full_universe,,False,completed,42,b196c526221dc34bdc9769433a00728913e23356a9ca24fdb604702d95d2465e,adc6858c1ac6c5acb3306b8074fd315e00f99ca06f92e1160a64f7209a5ae79e,5060f17d16fffb4665fbfba4d80331db0b56744cad19516a0913ef91b28032d4,5d65ddfc1e8ca0802aa394ec8f178322a75822f118ae27f520d2837022c4989e,f03647c376fe834f9bb1c3d6834ed42732ef3e7e1047eeff352af49b31ed607f,0.7336375913097939,0.4672751826195878,0.33940337775903134,2.522096226464004,6964.255931599997,22.56481170654297,3.947418212890625,0.0,,completed,,,,,
fbv1-003-lendingclub_v2-lr-full-features-s42,fbv1-003-lendingclub_v2-lr-full-features-s42,3,oot,lendingclub_v2,locked_oot,full_features,full_candidate_features_v1,control,lr,675,unsupported_not_persisted_by_prompt_10,675,full_universe,,False,completed,42,5e415a2d976397fa6ca338906205432d7add9071f7209ad2735d31f7d40c126a,58a4c0cae484435637172dabe24671608cf022babfd29425aba0879e68244714,e455f6dae0c55f6bd47aaeefde05ef6ad1468aa1053f9be7013b109c2b94c162,5d65ddfc1e8ca0802aa394ec8f178322a75822f118ae27f520d2837022c4989e,f03647c376fe834f9bb1c3d6834ed42732ef3e7e1047eeff352af49b31ed607f,0.7108872585675469,0.42177451713509373,0.3033897914347885,2.208835320126157,6964.255931599997,22.56481170654297,3.947418212890625,0.0,,completed,,,,,
fbv1-004-lendingclub_v2-catboost-full-features-s42,fbv1-004-lendingclub_v2-catboost-full-features-s42,4,dev_expanding_window_fold,lendingclub_v2,1,full_features,full_candidate_features_v1,control,catboost,675,unsupported_not_persisted_by_prompt_10,675,full_universe,,False,completed,42,,,,2c51e9cd20b2fce80e5926cd0ce6ccd479aca687877952e9b59ce6d59638db04,f03647c376fe834f9bb1c3d6834ed42732ef3e7e1047eeff352af49b31ed607f,0.7208312096593247,0.4416624193186493,0.3219734686744014,2.413918553620417,251.77219653129575,20.57247543334961,7.130462646484375,0.0,fold predictions not persisted; stored metrics cannot be prediction-recomputed,completed,1.0,catboost,675.0,3.760818719863892,236.51490354537964
fbv1-004-lendingclub_v2-catboost-full-features-s42,fbv1-004-lendingclub_v2-catboost-full-features-s42,4,dev_expanding_window_fold,lendingclub_v2,2,full_features,full_candidate_features_v1,control,catboost,675,unsupported_not_persisted_by_prompt_10,675,full_universe,,False,completed,42,,,,2c51e9cd20b2fce80e5926cd0ce6ccd479aca687877952e9b59ce6d59638db04,f03647c376fe834f9bb1c3d6834ed42732ef3e7e1047eeff352af49b31ed607f,0.7291761443240735,0.458352288648147,0.3317877166426256,2.4391238494698824,460.91240882873535,20.57247543334961,7.130462646484375,0.0,fold predictions not persisted; stored metrics cannot be prediction-recomputed,completed,2.0,catboost,675.0,6.912645101547241,438.0641069412232
fbv1-004-lendingclub_v2-catboost-full-features-s42,fbv1-004-lendingclub_v2-catboost-full-features-s42,4,dev_expanding_window_fold,lendingclub_v2,3,full_features,full_candidate_features_v1,control,catboost,675,unsupported_not_persisted_by_prompt_10,675,full_universe,,False,completed,42,,,,2c51e9cd20b2fce80e5926cd0ce6ccd479aca687877952e9b59ce6d59638db04,f03647c376fe834f9bb1c3d6834ed42732ef3e7e1047eeff352af49b31ed607f,0.7390232273434121,0.4780464546868241,0.3476451263443759,2.5571438852517883,1081.8795337677002,20.57247543334961,7.130462646484375,0.0,fold predictions not persisted; stored metrics cannot be prediction-recomputed,completed,3.0,catboost,675.0,18.232248544692997,1030.230026960373
fbv1-004-lendingclub_v2-catboost-full-features-s42,fbv1-004-lendingclub_v2-catboost-full-features-s42,4,dev_expanding_window_fold,lendingclub_v2,4,full_features,full_candidate_features_v1,control,catboost,675,unsupported_not_persisted_by_prompt_10,675,full_universe,,False,completed,42,,,,2c51e9cd20b2fce80e5926cd0ce6ccd479aca687877952e9b59ce6d59638db04,f03647c376fe834f9bb1c3d6834ed42732ef3e7e1047eeff352af49b31ed607f,0.7468274434872479,0.4936548869744959,0.359075521914581,2.6730814973008417,2278.626412153244,20.57247543334961,7.130462646484375,0.0,fold predictions not persisted; stored metrics cannot be prediction-recomputed,completed,4.0,catboost,675.0,16.175867795944214,2231.3199076652527
fbv1-004-lendingclub_v2-catboost-full-features-s42,fbv1-004-lendingclub_v2-catboost-full-features-s42,4,dev_expanding_window_fold,lendingclub_v2,5,full_features,full_candidate_features_v1,control,catboost,675,unsupported_not_persisted_by_prompt_10,675,full_universe,,False,completed,42,,,,2c51e9cd20b2fce80e5926cd0ce6ccd479aca687877952e9b59ce6d59638db04,f03647c376fe834f9bb1c3d6834ed42732ef3e7e1047eeff352af49b31ed607f,0.7501635936535282,0.5003271873070565,0.3646283108740666,2.6562050029773494,3560.672696828842,20.57247543334961,7.130462646484375,0.0,fold predictions not persisted; stored metrics cannot be prediction-recomputed,completed,5.0,catboost,675.0,20.42449975013733,3502.4179508686066
fbv1-004-lendingclub_v2-catboost-full-features-s42,fbv1-004-lendingclub_v2-catboost-full-features-s42,4,full_dev_refit_diagnostic,lendingclub_v2,full_dev_in_sample,full_features,full_candidate_features_v1,control,catboost,675,unsupported_not_persisted_by_prompt_10,675,full_universe,,False,completed,42,eed9638e0d9154ff3961bd6f921805eac7b5534798d0828f97a20fb8d4b95994,adc6858c1ac6c5acb3306b8074fd315e00f99ca06f92e1160a64f7209a5ae79e,5060f17d16fffb4665fbfba4d80331db0b56744cad19516a0913ef91b28032d4,2c51e9cd20b2fce80e5926cd0ce6ccd479aca687877952e9b59ce6d59638db04,f03647c376fe834f9bb1c3d6834ed42732ef3e7e1047eeff352af49b31ed607f,0.8024122784518786,0.6048245569037571,0.4554253940884628,3.0002685720441113,14654.651616400006,20.57247543334961,7.130462646484375,0.0,,completed,,,,,
fbv1-004-lendingclub_v2-catboost-full-features-s42,fbv1-004-lendingclub_v2-catboost-full-features-s42,4,oot,lendingclub_v2,locked_oot,full_features,full_candidate_features_v1,control,catboost,675,unsupported_not_persisted_by_prompt_10,675,full_universe,,False,completed,42,e4e2b6ab9cceb963620ab54b3966eb4168d538eadfb699860e740135e6d005c4,58a4c0cae484435637172dabe24671608cf022babfd29425aba0879e68244714,e455f6dae0c55f6bd47aaeefde05ef6ad1468aa1053f9be7013b109c2b94c162,2c51e9cd20b2fce80e5926cd0ce6ccd479aca687877952e9b59ce6d59638db04,f03647c376fe834f9bb1c3d6834ed42732ef3e7e1047eeff352af49b31ed607f,0.7229733440369057,0.44594668807381144,0.32027296292361135,2.2867804242855567,14654.651616400006,20.57247543334961,7.130462646484375,0.0,,completed,,,,,
fbv1-005-homecredit-lr-random-k-s42,fbv1-005-homecredit-lr-random-k-s42,5,dev_expanding_window_fold,homecredit,1,random_k,random_k_local_generator_v1,control,lr,529,unsupported_not_persisted_by_prompt_10,20,exact_budget,20.0,False,completed,42,,,,e4582089f7bb152d5273f1aa1b1b6d4072f7cfd583146884b441255015f47153,f03647c376fe834f9bb1c3d6834ed42732ef3e7e1047eeff352af49b31ed607f,0.6026549439871917,0.2053098879743833,0.1665544454600734,1.7212490479817213,0.6023507118225098,7.937736511230469,19.471649169921875,0.0,fold predictions not persisted; stored metrics cannot be prediction-recomputed,completed,1.0,lr,20.0,0.4522213935852051,0.0359494686126709
fbv1-005-homecredit-lr-random-k-s42,fbv1-005-homecredit-lr-random-k-s42,5,dev_expanding_window_fold,homecredit,2,random_k,random_k_local_generator_v1,control,lr,529,unsupported_not_persisted_by_prompt_10,20,exact_budget,20.0,False,completed,42,,,,e4582089f7bb152d5273f1aa1b1b6d4072f7cfd583146884b441255015f47153,f03647c376fe834f9bb1c3d6834ed42732ef3e7e1047eeff352af49b31ed607f,0.598748232704024,0.197496465408048,0.1437192554896899,1.643527133291809,1.0295679569244385,7.937736511230469,19.471649169921875,0.0,fold predictions not persisted; stored metrics cannot be prediction-recomputed,completed,2.0,lr,20.0,0.829754114151001,0.0663819313049316
fbv1-005-homecredit-lr-random-k-s42,fbv1-005-homecredit-lr-random-k-s42,5,dev_expanding_window_fold,homecredit,3,random_k,random_k_local_generator_v1,control,lr,529,unsupported_not_persisted_by_prompt_10,20,exact_budget,20.0,False,completed,42,,,,e4582089f7bb152d5273f1aa1b1b6d4072f7cfd583146884b441255015f47153,f03647c376fe834f9bb1c3d6834ed42732ef3e7e1047eeff352af49b31ed607f,0.637246234601099,0.2744924692021979,0.219796138520133,1.8005992281129397,1.3184082508087158,7.937736511230469,19.471649169921875,0.0,fold predictions not persisted; stored metrics cannot be prediction-recomputed,completed,3.0,lr,20.0,1.037595510482788,0.1288979053497314
fbv1-005-homecredit-lr-random-k-s42,fbv1-005-homecredit-lr-random-k-s42,5,dev_expanding_window_fold,homecredit,4,random_k,random_k_local_generator_v1,control,lr,529,unsupported_not_persisted_by_prompt_10,20,exact_budget,20.0,False,completed,42,,,,e4582089f7bb152d5273f1aa1b1b6d4072f7cfd583146884b441255015f47153,f03647c376fe834f9bb1c3d6834ed42732ef3e7e1047eeff352af49b31ed607f,0.6323133495928429,0.2646266991856858,0.203047960236641,1.873532045463841,2.192982912063598,7.937736511230469,19.471649169921875,0.0,fold predictions not persisted; stored metrics cannot be prediction-recomputed,completed,4.0,lr,20.0,1.299450397491455,0.7058331966400146
fbv1-005-homecredit-lr-random-k-s42,fbv1-005-homecredit-lr-random-k-s42,5,dev_expanding_window_fold,homecredit,5,random_k,random_k_local_generator_v1,control,lr,529,unsupported_not_persisted_by_prompt_10,20,exact_budget,20.0,False,completed,42,,,,e4582089f7bb152d5273f1aa1b1b6d4072f7cfd583146884b441255015f47153,f03647c376fe834f9bb1c3d6834ed42732ef3e7e1047eeff352af49b31ed607f,0.6305465759681683,0.2610931519363366,0.1903113793874187,1.8772926043811533,2.602147102355957,7.937736511230469,19.471649169921875,0.0,fold predictions not persisted; stored metrics cannot be prediction-recomputed,completed,5.0,lr,20.0,1.5995075702667236,0.8063006401062012
fbv1-005-homecredit-lr-random-k-s42,fbv1-005-homecredit-lr-random-k-s42,5,full_dev_refit_diagnostic,homecredit,full_dev_in_sample,random_k,random_k_local_generator_v1,control,lr,529,unsupported_not_persisted_by_prompt_10,20,exact_budget,20.0,False,completed,42,f060c1b82e1160123d1d43d9c10c84f8cb77e4be96cdc695646d1047ac5df0b8,6b3eaa2e6925ae4386ef9e17c99b444cdc414c9102fbd98d6635c41f777aa3c2,1f68b49d4420e943a3833cb62b917c5e1093562281807d9047a11ffc2626aebc,e4582089f7bb152d5273f1aa1b1b6d4072f7cfd583146884b441255015f47153,f03647c376fe834f9bb1c3d6834ed42732ef3e7e1047eeff352af49b31ed607f,0.6209968803534988,0.24199376070699752,0.17591335305542133,1.802882822871167,107.38028349999513,7.937736511230469,19.471649169921875,0.0,,completed,,,,,
fbv1-005-homecredit-lr-random-k-s42,fbv1-005-homecredit-lr-random-k-s42,5,oot,homecredit,locked_oot,random_k,random_k_local_generator_v1,control,lr,529,unsupported_not_persisted_by_prompt_10,20,exact_budget,20.0,False,completed,42,8f802d9b560092a87054d73019e68a4212525008dad8e0cc84a17846e43b7000,44dae0bae662ea5ebb863a1fdfe3f68878235f3117cc11e0409f147ddda36f95,f5045e863d8debb0b80a5f67d62dcc27f62d80660b6395d4a41b1e05b07b07be,e4582089f7bb152d5273f1aa1b1b6d4072f7cfd583146884b441255015f47153,f03647c376fe834f9bb1c3d6834ed42732ef3e7e1047eeff352af49b31ed607f,0.6278237662995227,0.2556475325990455,0.18820239441566738,1.8617926409799093,107.38028349999513,7.937736511230469,19.471649169921875,0.0,,completed,,,,,
fbv1-006-homecredit-catboost-random-k-s42,fbv1-006-homecredit-catboost-random-k-s42,6,dev_expanding_window_fold,homecredit,1,random_k,random_k_local_generator_v1,control,catboost,529,unsupported_not_persisted_by_prompt_10,40,exact_budget,40.0,False,completed,42,,,,557091f4202a85057e4f3a006a41a10cec82bdb302864a9731560bcc856f372a,f03647c376fe834f9bb1c3d6834ed42732ef3e7e1047eeff352af49b31ed607f,0.632796039188723,0.2655920783774459,0.1958152867775406,1.9497334348819493,10.87353777885437,7.949802398681641,19.4705810546875,0.0,fold predictions not persisted; stored metrics cannot be prediction-recomputed,completed,1.0,catboost,40.0,0.458223819732666,10.147122859954834
fbv1-006-homecredit-catboost-random-k-s42,fbv1-006-homecredit-catboost-random-k-s42,6,dev_expanding_window_fold,homecredit,2,random_k,random_k_local_generator_v1,control,catboost,529,unsupported_not_persisted_by_prompt_10,40,exact_budget,40.0,False,completed,42,,,,557091f4202a85057e4f3a006a41a10cec82bdb302864a9731560bcc856f372a,f03647c376fe834f9bb1c3d6834ed42732ef3e7e1047eeff352af49b31ed607f,0.6522571842437761,0.3045143684875522,0.221217592345568,2.2507415914045468,17.656046390533447,7.949802398681641,19.4705810546875,0.0,fold predictions not persisted; stored metrics cannot be prediction-recomputed,completed,2.0,catboost,40.0,0.7581818103790283,16.5420343875885
fbv1-006-homecredit-catboost-random-k-s42,fbv1-006-homecredit-catboost-random-k-s42,6,dev_expanding_window_fold,homecredit,3,random_k,random_k_local_generator_v1,control,catboost,529,unsupported_not_persisted_by_prompt_10,40,exact_budget,40.0,False,completed,42,,,,557091f4202a85057e4f3a006a41a10cec82bdb302864a9731560bcc856f372a,f03647c376fe834f9bb1c3d6834ed42732ef3e7e1047eeff352af49b31ed607f,0.6672695183790885,0.3345390367581771,0.2531834092860445,2.2368677635588057,23.64204239845276,7.949802398681641,19.4705810546875,0.0,fold predictions not persisted; stored metrics cannot be prediction-recomputed,completed,3.0,catboost,40.0,1.044206619262695,22.17227268218994
fbv1-006-homecredit-catboost-random-k-s42,fbv1-006-homecredit-catboost-random-k-s42,6,dev_expanding_window_fold,homecredit,4,random_k,random_k_local_generator_v1,control,catboost,529,unsupported_not_persisted_by_prompt_10,40,exact_budget,40.0,False,completed,42,,,,557091f4202a85057e4f3a006a41a10cec82bdb302864a9731560bcc856f372a,f03647c376fe834f9bb1c3d6834ed42732ef3e7e1047eeff352af49b31ed607f,0.6725190362817959,0.3450380725635917,0.2564856939386094,2.314788627600113,29.77107715606689,7.949802398681641,19.4705810546875,0.0,fold predictions not persisted; stored metrics cannot be prediction-recomputed,completed,4.0,catboost,40.0,1.3162448406219482,27.95041012763977
fbv1-006-homecredit-catboost-random-k-s42,fbv1-006-homecredit-catboost-random-k-s42,6,dev_expanding_window_fold,homecredit,5,random_k,random_k_local_generator_v1,control,catboost,529,unsupported_not_persisted_by_prompt_10,40,exact_budget,40.0,False,completed,42,,,,557091f4202a85057e4f3a006a41a10cec82bdb302864a9731560bcc856f372a,f03647c376fe834f9bb1c3d6834ed42732ef3e7e1047eeff352af49b31ed607f,0.687435544048789,0.3748710880975781,0.2840686743743085,2.465274816319401,35.58208417892456,7.949802398681641,19.4705810546875,0.0,fold predictions not persisted; stored metrics cannot be prediction-recomputed,completed,5.0,catboost,40.0,1.6343202590942385,33.36587047576904
fbv1-006-homecredit-catboost-random-k-s42,fbv1-006-homecredit-catboost-random-k-s42,6,full_dev_refit_diagnostic,homecredit,full_dev_in_sample,random_k,random_k_local_generator_v1,control,catboost,529,unsupported_not_persisted_by_prompt_10,40,exact_budget,40.0,False,completed,42,6c5ebbd732ca13b9d11627ebe7bbf402606acc4abf82f91d1a43fdae814d89b7,6b3eaa2e6925ae4386ef9e17c99b444cdc414c9102fbd98d6635c41f777aa3c2,1f68b49d4420e943a3833cb62b917c5e1093562281807d9047a11ffc2626aebc,557091f4202a85057e4f3a006a41a10cec82bdb302864a9731560bcc856f372a,f03647c376fe834f9bb1c3d6834ed42732ef3e7e1047eeff352af49b31ed607f,0.90168509337837,0.80337018675674,0.6531247796243478,5.259786584156249,240.53463680000277,7.949802398681641,19.4705810546875,0.0,,completed,,,,,
fbv1-006-homecredit-catboost-random-k-s42,fbv1-006-homecredit-catboost-random-k-s42,6,oot,homecredit,locked_oot,random_k,random_k_local_generator_v1,control,catboost,529,unsupported_not_persisted_by_prompt_10,40,exact_budget,40.0,False,completed,42,21b025162907616fdee46e2a565f77d9cdf92142de720a6fbf1c22fa8b6bc9d3,44dae0bae662ea5ebb863a1fdfe3f68878235f3117cc11e0409f147ddda36f95,f5045e863d8debb0b80a5f67d62dcc27f62d80660b6395d4a41b1e05b07b07be,557091f4202a85057e4f3a006a41a10cec82bdb302864a9731560bcc856f372a,f03647c376fe834f9bb1c3d6834ed42732ef3e7e1047eeff352af49b31ed607f,0.685393258196267,0.3707865163925339,0.27507697110921486,2.503596536312682,240.53463680000277,7.949802398681641,19.4705810546875,0.0,,completed,,,,,
fbv1-007-lendingclub_v2-lr-random-k-s42,fbv1-007-lendingclub_v2-lr-random-k-s42,7,dev_expanding_window_fold,lendingclub_v2,1,random_k,random_k_local_generator_v1,control,lr,675,unsupported_not_persisted_by_prompt_10,20,exact_budget,20.0,False,completed,42,,,,19e3e33bf44e257295556aa7edbe132501cf81eb79b598d76d2914b2974990a7,f03647c376fe834f9bb1c3d6834ed42732ef3e7e1047eeff352af49b31ed607f,0.5832980090268163,0.1665960180536325,0.1237459805304518,1.3415728823523674,3.9853782653808594,24.09133529663086,3.898456573486328,0.0,fold predictions not persisted; stored metrics cannot be prediction-recomputed,completed,1.0,lr,20.0,3.4583899974823,0.1251273155212402
fbv1-007-lendingclub_v2-lr-random-k-s42,fbv1-007-lendingclub_v2-lr-random-k-s42,7,dev_expanding_window_fold,lendingclub_v2,2,random_k,random_k_local_generator_v1,control,lr,675,unsupported_not_persisted_by_prompt_10,20,exact_budget,20.0,False,completed,42,,,,19e3e33bf44e257295556aa7edbe132501cf81eb79b598d76d2914b2974990a7,f03647c376fe834f9bb1c3d6834ed42732ef3e7e1047eeff352af49b31ed607f,0.5889317386670113,0.1778634773340226,0.1308358402165617,1.3439356868227894,7.540516376495361,24.09133529663086,3.898456573486328,0.0,fold predictions not persisted; stored metrics cannot be prediction-recomputed,completed,2.0,lr,20.0,6.799786806106567,0.2657227516174316
fbv1-007-lendingclub_v2-lr-random-k-s42,fbv1-007-lendingclub_v2-lr-random-k-s42,7,dev_expanding_window_fold,lendingclub_v2,3,random_k,random_k_local_generator_v1,control,lr,675,unsupported_not_persisted_by_prompt_10,20,exact_budget,20.0,False,completed,42,,,,19e3e33bf44e257295556aa7edbe132501cf81eb79b598d76d2914b2974990a7,f03647c376fe834f9bb1c3d6834ed42732ef3e7e1047eeff352af49b31ed607f,0.59791828299044,0.19583656598088,0.1461053061976671,1.4223030549120554,12.507885456085203,24.09133529663086,3.898456573486328,0.0,fold predictions not persisted; stored metrics cannot be prediction-recomputed,completed,3.0,lr,20.0,11.259697675704956,0.4764282703399658
fbv1-007-lendingclub_v2-lr-random-k-s42,fbv1-007-lendingclub_v2-lr-random-k-s42,7,dev_expanding_window_fold,lendingclub_v2,4,random_k,random_k_local_generator_v1,control,lr,675,unsupported_not_persisted_by_prompt_10,20,exact_budget,20.0,False,completed,42,,,,19e3e33bf44e257295556aa7edbe132501cf81eb79b598d76d2914b2974990a7,f03647c376fe834f9bb1c3d6834ed42732ef3e7e1047eeff352af49b31ed607f,0.5974524607792948,0.1949049215585896,0.1450840758710009,1.4365022245365764,17.574804306030273,24.09133529663086,3.898456573486328,0.0,fold predictions not persisted; stored metrics cannot be prediction-recomputed,completed,4.0,lr,20.0,15.935606002807615,0.7415463924407959
fbv1-007-lendingclub_v2-lr-random-k-s42,fbv1-007-lendingclub_v2-lr-random-k-s42,7,dev_expanding_window_fold,lendingclub_v2,5,random_k,random_k_local_generator_v1,control,lr,675,unsupported_not_persisted_by_prompt_10,20,exact_budget,20.0,False,completed,42,,,,19e3e33bf44e257295556aa7edbe132501cf81eb79b598d76d2914b2974990a7,f03647c376fe834f9bb1c3d6834ed42732ef3e7e1047eeff352af49b31ed607f,0.5994358457278152,0.1988716914556303,0.1454734860736942,1.488537556169661,22.566060066223145,24.09133529663086,3.898456573486328,0.0,fold predictions not persisted; stored metrics cannot be prediction-recomputed,completed,5.0,lr,20.0,20.593442678451535,0.9097020626068116
fbv1-007-lendingclub_v2-lr-random-k-s42,fbv1-007-lendingclub_v2-lr-random-k-s42,7,full_dev_refit_diagnostic,lendingclub_v2,full_dev_in_sample,random_k,random_k_local_generator_v1,control,lr,675,unsupported_not_persisted_by_prompt_10,20,exact_budget,20.0,False,completed,42,53250d2031c34860c9dd62812c5f137bbc8b213099fb9275ba76623c2a026381,adc6858c1ac6c5acb3306b8074fd315e00f99ca06f92e1160a64f7209a5ae79e,5060f17d16fffb4665fbfba4d80331db0b56744cad19516a0913ef91b28032d4,19e3e33bf44e257295556aa7edbe132501cf81eb79b598d76d2914b2974990a7,f03647c376fe834f9bb1c3d6834ed42732ef3e7e1047eeff352af49b31ed607f,0.5930256615539302,0.18605132310786043,0.13595569648278744,1.4172470896980947,247.9892802999966,24.09133529663086,3.898456573486328,0.0,,completed,,,,,
fbv1-007-lendingclub_v2-lr-random-k-s42,fbv1-007-lendingclub_v2-lr-random-k-s42,7,oot,lendingclub_v2,locked_oot,random_k,random_k_local_generator_v1,control,lr,675,unsupported_not_persisted_by_prompt_10,20,exact_budget,20.0,False,completed,42,066b749a7600a868f95d1710fcaf6211265abe7ab971b6a5a2339ab1a66117d2,58a4c0cae484435637172dabe24671608cf022babfd29425aba0879e68244714,e455f6dae0c55f6bd47aaeefde05ef6ad1468aa1053f9be7013b109c2b94c162,19e3e33bf44e257295556aa7edbe132501cf81eb79b598d76d2914b2974990a7,f03647c376fe834f9bb1c3d6834ed42732ef3e7e1047eeff352af49b31ed607f,0.6038217755404582,0.20764355108091648,0.14978418008226174,1.4604451095129698,247.9892802999966,24.09133529663086,3.898456573486328,0.0,,completed,,,,,
fbv1-008-lendingclub_v2-catboost-random-k-s42,fbv1-008-lendingclub_v2-catboost-random-k-s42,8,dev_expanding_window_fold,lendingclub_v2,1,random_k,random_k_local_generator_v1,control,catboost,675,unsupported_not_persisted_by_prompt_10,40,exact_budget,40.0,False,completed,42,,,,26508c393f52c4f9c93eb9613318502ebe3ebdfff3d1ac9b2eb6d3fce608f5d8,f03647c376fe834f9bb1c3d6834ed42732ef3e7e1047eeff352af49b31ed607f,0.6549212255916517,0.3098424511833033,0.2245306733105156,1.8613182949371796,32.31487202644348,19.576950073242188,8.13845443725586,0.0,fold predictions not persisted; stored metrics cannot be prediction-recomputed,completed,1.0,catboost,40.0,3.4117372035980225,27.90401673316956
fbv1-008-lendingclub_v2-catboost-random-k-s42,fbv1-008-lendingclub_v2-catboost-random-k-s42,8,dev_expanding_window_fold,lendingclub_v2,2,random_k,random_k_local_generator_v1,control,catboost,675,unsupported_not_persisted_by_prompt_10,40,exact_budget,40.0,False,completed,42,,,,26508c393f52c4f9c93eb9613318502ebe3ebdfff3d1ac9b2eb6d3fce608f5d8,f03647c376fe834f9bb1c3d6834ed42732ef3e7e1047eeff352af49b31ed607f,0.6624846707027633,0.3249693414055266,0.2353376093781519,1.9346382383781895,55.10905575752258,19.576950073242188,8.13845443725586,0.0,fold predictions not persisted; stored metrics cannot be prediction-recomputed,completed,2.0,catboost,40.0,6.849762439727783,47.00022506713867
fbv1-008-lendingclub_v2-catboost-random-k-s42,fbv1-008-lendingclub_v2-catboost-random-k-s42,8,dev_expanding_window_fold,lendingclub_v2,3,random_k,random_k_local_generator_v1,control,catboost,675,unsupported_not_persisted_by_prompt_10,40,exact_budget,40.0,False,completed,42,,,,26508c393f52c4f9c93eb9613318502ebe3ebdfff3d1ac9b2eb6d3fce608f5d8,f03647c376fe834f9bb1c3d6834ed42732ef3e7e1047eeff352af49b31ed607f,0.6742121517068602,0.3484243034137204,0.25195487668068,2.018007905833014,123.73961305618286,19.576950073242188,8.13845443725586,0.0,fold predictions not persisted; stored metrics cannot be prediction-recomputed,completed,3.0,catboost,40.0,11.348341941833496,110.3071608543396
fbv1-008-lendingclub_v2-catboost-random-k-s42,fbv1-008-lendingclub_v2-catboost-random-k-s42,8,dev_expanding_window_fold,lendingclub_v2,4,random_k,random_k_local_generator_v1,control,catboost,675,unsupported_not_persisted_by_prompt_10,40,exact_budget,40.0,False,completed,42,,,,26508c393f52c4f9c93eb9613318502ebe3ebdfff3d1ac9b2eb6d3fce608f5d8,f03647c376fe834f9bb1c3d6834ed42732ef3e7e1047eeff352af49b31ed607f,0.6823635757165828,0.3647271514331656,0.2669339766174228,2.102235505565184,209.79496955871585,19.576950073242188,8.13845443725586,0.0,fold predictions not persisted; stored metrics cannot be prediction-recomputed,completed,4.0,catboost,40.0,16.18291735649109,191.2662615776062
fbv1-008-lendingclub_v2-catboost-random-k-s42,fbv1-008-lendingclub_v2-catboost-random-k-s42,8,dev_expanding_window_fold,lendingclub_v2,5,random_k,random_k_local_generator_v1,control,catboost,675,unsupported_not_persisted_by_prompt_10,40,exact_budget,40.0,False,completed,42,,,,26508c393f52c4f9c93eb9613318502ebe3ebdfff3d1ac9b2eb6d3fce608f5d8,f03647c376fe834f9bb1c3d6834ed42732ef3e7e1047eeff352af49b31ed607f,0.6857704114625052,0.3715408229250103,0.2710548612348329,2.078502555548575,292.78239846229553,19.576950073242188,8.13845443725586,0.0,fold predictions not persisted; stored metrics cannot be prediction-recomputed,completed,5.0,catboost,40.0,20.70883059501648,269.285412311554
fbv1-008-lendingclub_v2-catboost-random-k-s42,fbv1-008-lendingclub_v2-catboost-random-k-s42,8,full_dev_refit_diagnostic,lendingclub_v2,full_dev_in_sample,random_k,random_k_local_generator_v1,control,catboost,675,unsupported_not_persisted_by_prompt_10,40,exact_budget,40.0,False,completed,42,a3c3009395d3687143833a3c484369f82792f92686debf73b41c3f6fcfca71d2,adc6858c1ac6c5acb3306b8074fd315e00f99ca06f92e1160a64f7209a5ae79e,5060f17d16fffb4665fbfba4d80331db0b56744cad19516a0913ef91b28032d4,26508c393f52c4f9c93eb9613318502ebe3ebdfff3d1ac9b2eb6d3fce608f5d8,f03647c376fe834f9bb1c3d6834ed42732ef3e7e1047eeff352af49b31ed607f,0.7390756731392498,0.47815134627849964,0.34841983638900553,2.473449692468817,1297.4817389999953,19.576950073242188,8.13845443725586,0.0,,completed,,,,,
fbv1-008-lendingclub_v2-catboost-random-k-s42,fbv1-008-lendingclub_v2-catboost-random-k-s42,8,oot,lendingclub_v2,locked_oot,random_k,random_k_local_generator_v1,control,catboost,675,unsupported_not_persisted_by_prompt_10,40,exact_budget,40.0,False,completed,42,3c5cebb4fed35c00d49e9ec4cb0793231ff39be02d4d3cbd7e73e1a891eee28a,58a4c0cae484435637172dabe24671608cf022babfd29425aba0879e68244714,e455f6dae0c55f6bd47aaeefde05ef6ad1468aa1053f9be7013b109c2b94c162,26508c393f52c4f9c93eb9613318502ebe3ebdfff3d1ac9b2eb6d3fce608f5d8,f03647c376fe834f9bb1c3d6834ed42732ef3e7e1047eeff352af49b31ed607f,0.6718457995837933,0.3436915991675866,0.24773572019907458,1.929434354652518,1297.4817389999953,19.576950073242188,8.13845443725586,0.0,,completed,,,,,
fbv1-009-homecredit-lr-iv-woe-s42,fbv1-009-homecredit-lr-iv-woe-s42,9,dev_expanding_window_fold,homecredit,1,iv_woe,iv_woe_quantile_binned_v1,selector,lr,529,unsupported_not_persisted_by_prompt_10,20,exact_budget,20.0,False,completed,42,,,,2577880815c863f19ab16a49fb04d072a5e8d60c4e03523f0e1970ab02f84cd5,f03647c376fe834f9bb1c3d6834ed42732ef3e7e1047eeff352af49b31ed607f,0.7135121863035818,0.4270243726071636,0.3227862371141079,2.6351865955826352,5.971423864364624,7.932334899902344,19.56692123413086,0.0,fold predictions not persisted; stored metrics cannot be prediction-recomputed,completed,1.0,lr,20.0,5.813327074050903,0.0390911102294921
fbv1-009-homecredit-lr-iv-woe-s42,fbv1-009-homecredit-lr-iv-woe-s42,9,dev_expanding_window_fold,homecredit,2,iv_woe,iv_woe_quantile_binned_v1,selector,lr,529,unsupported_not_persisted_by_prompt_10,20,exact_budget,20.0,False,completed,42,,,,2577880815c863f19ab16a49fb04d072a5e8d60c4e03523f0e1970ab02f84cd5,f03647c376fe834f9bb1c3d6834ed42732ef3e7e1047eeff352af49b31ed607f,0.7242004226002559,0.4484008452005117,0.3314982806073058,2.841763663967612,9.600728750228882,7.932334899902344,19.56692123413086,0.0,fold predictions not persisted; stored metrics cannot be prediction-recomputed,completed,2.0,lr,20.0,9.37064290046692,0.0859239101409912
fbv1-009-homecredit-lr-iv-woe-s42,fbv1-009-homecredit-lr-iv-woe-s42,9,dev_expanding_window_fold,homecredit,3,iv_woe,iv_woe_quantile_binned_v1,selector,lr,529,unsupported_not_persisted_by_prompt_10,20,exact_budget,20.0,False,completed,42,,,,2577880815c863f19ab16a49fb04d072a5e8d60c4e03523f0e1970ab02f84cd5,f03647c376fe834f9bb1c3d6834ed42732ef3e7e1047eeff352af49b31ed607f,0.7370129774825633,0.4740259549651267,0.3606036589393038,2.9904225066016656,13.373252868652344,7.932334899902344,19.56692123413086,0.0,fold predictions not persisted; stored metrics cannot be prediction-recomputed,completed,3.0,lr,20.0,13.037966966629028,0.1745259761810302
fbv1-009-homecredit-lr-iv-woe-s42,fbv1-009-homecredit-lr-iv-woe-s42,9,dev_expanding_window_fold,homecredit,4,iv_woe,iv_woe_quantile_binned_v1,selector,lr,529,unsupported_not_persisted_by_prompt_10,20,exact_budget,20.0,False,completed,42,,,,2577880815c863f19ab16a49fb04d072a5e8d60c4e03523f0e1970ab02f84cd5,f03647c376fe834f9bb1c3d6834ed42732ef3e7e1047eeff352af49b31ed607f,0.7257836934568812,0.4515673869137624,0.3453367078983753,2.756045209736384,17.07091522216797,7.932334899902344,19.56692123413086,0.0,fold predictions not persisted; stored metrics cannot be prediction-recomputed,completed,4.0,lr,20.0,16.68546724319458,0.1957747936248779
fbv1-009-homecredit-lr-iv-woe-s42,fbv1-009-homecredit-lr-iv-woe-s42,9,dev_expanding_window_fold,homecredit,5,iv_woe,iv_woe_quantile_binned_v1,selector,lr,529,unsupported_not_persisted_by_prompt_10,20,exact_budget,20.0,False,completed,42,,,,2577880815c863f19ab16a49fb04d072a5e8d60c4e03523f0e1970ab02f84cd5,f03647c376fe834f9bb1c3d6834ed42732ef3e7e1047eeff352af49b31ed607f,0.7236871791279438,0.4473743582558875,0.3394432437374536,2.7911444759478274,20.972463846206665,7.932334899902344,19.56692123413086,0.0,fold predictions not persisted; stored metrics cannot be prediction-recomputed,completed,5.0,lr,20.0,20.520715713500977,0.2481904029846191
fbv1-009-homecredit-lr-iv-woe-s42,fbv1-009-homecredit-lr-iv-woe-s42,9,full_dev_refit_diagnostic,homecredit,full_dev_in_sample,iv_woe,iv_woe_quantile_binned_v1,selector,lr,529,unsupported_not_persisted_by_prompt_10,20,exact_budget,20.0,False,completed,42,289b5baa2a1adc8103c0d2fce0e5ef4a023ffe896402efbf5992ed116d9b913c,6b3eaa2e6925ae4386ef9e17c99b444cdc414c9102fbd98d6635c41f777aa3c2,1f68b49d4420e943a3833cb62b917c5e1093562281807d9047a11ffc2626aebc,2577880815c863f19ab16a49fb04d072a5e8d60c4e03523f0e1970ab02f84cd5,f03647c376fe834f9bb1c3d6834ed42732ef3e7e1047eeff352af49b31ed607f,0.734218675132294,0.468437350264588,0.34740432068558563,2.9301617085901888,173.79296089999843,7.932334899902344,19.56692123413086,0.0,,completed,,,,,
fbv1-009-homecredit-lr-iv-woe-s42,fbv1-009-homecredit-lr-iv-woe-s42,9,oot,homecredit,locked_oot,iv_woe,iv_woe_quantile_binned_v1,selector,lr,529,unsupported_not_persisted_by_prompt_10,20,exact_budget,20.0,False,completed,42,e95d74e4673b7e9e2a000cd21a33b7791643ff9145b154177366b072d13d4188,44dae0bae662ea5ebb863a1fdfe3f68878235f3117cc11e0409f147ddda36f95,f5045e863d8debb0b80a5f67d62dcc27f62d80660b6395d4a41b1e05b07b07be,2577880815c863f19ab16a49fb04d072a5e8d60c4e03523f0e1970ab02f84cd5,f03647c376fe834f9bb1c3d6834ed42732ef3e7e1047eeff352af49b31ed607f,0.7381468221833661,0.47629364436673227,0.34823220364236557,3.005999877119823,173.79296089999843,7.932334899902344,19.56692123413086,0.0,,completed,,,,,
fbv1-010-homecredit-catboost-iv-woe-s42,fbv1-010-homecredit-catboost-iv-woe-s42,10,dev_expanding_window_fold,homecredit,1,iv_woe,iv_woe_quantile_binned_v1,selector,catboost,529,unsupported_not_persisted_by_prompt_10,40,exact_budget,40.0,False,completed,42,,,,cd151cd69666740aee7d10b051b7f4baa5ccecea467b56e147ece3e78b4938c0,f03647c376fe834f9bb1c3d6834ed42732ef3e7e1047eeff352af49b31ed607f,0.735287384578211,0.4705747691564219,0.3600446498859011,3.038842345773039,17.712802410125732,7.267284393310547,20.476821899414062,0.0,fold predictions not persisted; stored metrics cannot be prediction-recomputed,completed,1.0,catboost,40.0,5.839515924453735,11.372480630874634
fbv1-010-homecredit-catboost-iv-woe-s42,fbv1-010-homecredit-catboost-iv-woe-s42,10,dev_expanding_window_fold,homecredit,2,iv_woe,iv_woe_quantile_binned_v1,selector,catboost,529,unsupported_not_persisted_by_prompt_10,40,exact_budget,40.0,False,completed,42,,,,cd151cd69666740aee7d10b051b7f4baa5ccecea467b56e147ece3e78b4938c0,f03647c376fe834f9bb1c3d6834ed42732ef3e7e1047eeff352af49b31ed607f,0.7444070125673504,0.4888140251347008,0.3620848875067977,3.222284724384927,28.69479513168335,7.267284393310547,20.476821899414062,0.0,fold predictions not persisted; stored metrics cannot be prediction-recomputed,completed,2.0,catboost,40.0,9.33331561088562,18.88476848602295
fbv1-010-homecredit-catboost-iv-woe-s42,fbv1-010-homecredit-catboost-iv-woe-s42,10,dev_expanding_window_fold,homecredit,3,iv_woe,iv_woe_quantile_binned_v1,selector,catboost,529,unsupported_not_persisted_by_prompt_10,40,exact_budget,40.0,False,completed,42,,,,cd151cd69666740aee7d10b051b7f4baa5ccecea467b56e147ece3e78b4938c0,f03647c376fe834f9bb1c3d6834ed42732ef3e7e1047eeff352af49b31ed607f,0.7624082827768186,0.5248165655536372,0.4023941615481144,3.434623197237457,39.23763847351074,7.267284393310547,20.476821899414062,0.0,fold predictions not persisted; stored metrics cannot be prediction-recomputed,completed,3.0,catboost,40.0,13.221226215362549,25.42537832260132
fbv1-010-homecredit-catboost-iv-woe-s42,fbv1-010-homecredit-catboost-iv-woe-s42,10,dev_expanding_window_fold,homecredit,4,iv_woe,iv_woe_quantile_binned_v1,selector,catboost,529,unsupported_not_persisted_by_prompt_10,40,exact_budget,40.0,False,completed,42,,,,cd151cd69666740aee7d10b051b7f4baa5ccecea467b56e147ece3e78b4938c0,f03647c376fe834f9bb1c3d6834ed42732ef3e7e1047eeff352af49b31ed607f,0.7543257501509791,0.5086515003019583,0.3943945516306837,3.2624052220239084,49.8338737487793,7.267284393310547,20.476821899414062,0.0,fold predictions not persisted; stored metrics cannot be prediction-recomputed,completed,4.0,catboost,40.0,16.91950535774231,32.233866930007935
fbv1-010-homecredit-catboost-iv-woe-s42,fbv1-010-homecredit-catboost-iv-woe-s42,10,dev_expanding_window_fold,homecredit,5,iv_woe,iv_woe_quantile_binned_v1,selector,catboost,529,unsupported_not_persisted_by_prompt_10,40,exact_budget,40.0,False,completed,42,,,,cd151cd69666740aee7d10b051b7f4baa5ccecea467b56e147ece3e78b4938c0,f03647c376fe834f9bb1c3d6834ed42732ef3e7e1047eeff352af49b31ed607f,0.7562212698006106,0.5124425396012211,0.377235689800599,3.279948965390467,59.36319231987,7.267284393310547,20.476821899414062,0.0,fold predictions not persisted; stored metrics cannot be prediction-recomputed,completed,5.0,catboost,40.0,20.645729541778564,37.66896438598633
fbv1-010-homecredit-catboost-iv-woe-s42,fbv1-010-homecredit-catboost-iv-woe-s42,10,full_dev_refit_diagnostic,homecredit,full_dev_in_sample,iv_woe,iv_woe_quantile_binned_v1,selector,catboost,529,unsupported_not_persisted_by_prompt_10,40,exact_budget,40.0,False,completed,42,75543dee3e33a48a741d64880d2a18c032eb60bf27e69b923a4ffa9e8398a94b,6b3eaa2e6925ae4386ef9e17c99b444cdc414c9102fbd98d6635c41f777aa3c2,1f68b49d4420e943a3833cb62b917c5e1093562281807d9047a11ffc2626aebc,cd151cd69666740aee7d10b051b7f4baa5ccecea467b56e147ece3e78b4938c0,f03647c376fe834f9bb1c3d6834ed42732ef3e7e1047eeff352af49b31ed607f,0.9215104484490434,0.8430208968980868,0.695336843494399,5.794162579643821,347.0224307000026,7.267284393310547,20.476821899414062,0.0,,completed,,,,,
fbv1-010-homecredit-catboost-iv-woe-s42,fbv1-010-homecredit-catboost-iv-woe-s42,10,oot,homecredit,locked_oot,iv_woe,iv_woe_quantile_binned_v1,selector,catboost,529,unsupported_not_persisted_by_prompt_10,40,exact_budget,40.0,False,completed,42,d0f96d310507f5383cd5f9c1638c7d59224e2155cdaa1da9338a525a0cb0e91f,44dae0bae662ea5ebb863a1fdfe3f68878235f3117cc11e0409f147ddda36f95,f5045e863d8debb0b80a5f67d62dcc27f62d80660b6395d4a41b1e05b07b07be,cd151cd69666740aee7d10b051b7f4baa5ccecea467b56e147ece3e78b4938c0,f03647c376fe834f9bb1c3d6834ed42732ef3e7e1047eeff352af49b31ed607f,0.7685707064474809,0.5371414128949619,0.4012080599807107,3.4475908954828975,347.0224307000026,7.267284393310547,20.476821899414062,0.0,,completed,,,,,
fbv1-011-lendingclub_v2-lr-iv-woe-s42,fbv1-011-lendingclub_v2-lr-iv-woe-s42,11,dev_expanding_window_fold,lendingclub_v2,1,iv_woe,iv_woe_quantile_binned_v1,selector,lr,675,unsupported_not_persisted_by_prompt_10,20,exact_budget,20.0,False,completed,42,,,,5b04bd81ba212a05cc24f706782090f362eb1db5b4f561074af6d1435907b127,f03647c376fe834f9bb1c3d6834ed42732ef3e7e1047eeff352af49b31ed607f,0.6873449079907527,0.3746898159815053,0.27272450501396,2.178002505941446,29.84410285949707,23.145084381103516,4.725883483886719,0.0,fold predictions not persisted; stored metrics cannot be prediction-recomputed,completed,1.0,lr,20.0,28.49844241142273,0.5177135467529297
fbv1-011-lendingclub_v2-lr-iv-woe-s42,fbv1-011-lendingclub_v2-lr-iv-woe-s42,11,dev_expanding_window_fold,lendingclub_v2,2,iv_woe,iv_woe_quantile_binned_v1,selector,lr,675,unsupported_not_persisted_by_prompt_10,20,exact_budget,20.0,False,completed,42,,,,5b04bd81ba212a05cc24f706782090f362eb1db5b4f561074af6d1435907b127,f03647c376fe834f9bb1c3d6834ed42732ef3e7e1047eeff352af49b31ed607f,0.6892497997826406,0.3784995995652811,0.2733438505149615,2.218921123150414,54.82890629768372,23.145084381103516,4.725883483886719,0.0,fold predictions not persisted; stored metrics cannot be prediction-recomputed,completed,2.0,lr,20.0,52.91842198371887,0.7940988540649414
fbv1-011-lendingclub_v2-lr-iv-woe-s42,fbv1-011-lendingclub_v2-lr-iv-woe-s42,11,dev_expanding_window_fold,lendingclub_v2,3,iv_woe,iv_woe_quantile_binned_v1,selector,lr,675,unsupported_not_persisted_by_prompt_10,20,exact_budget,20.0,False,completed,42,,,,5b04bd81ba212a05cc24f706782090f362eb1db5b4f561074af6d1435907b127,f03647c376fe834f9bb1c3d6834ed42732ef3e7e1047eeff352af49b31ed607f,0.6984952868847424,0.3969905737694847,0.2865145577864454,2.322787131885597,89.85654830932617,23.145084381103516,4.725883483886719,0.0,fold predictions not persisted; stored metrics cannot be prediction-recomputed,completed,3.0,lr,20.0,86.81233048439026,1.2830538749694824
fbv1-011-lendingclub_v2-lr-iv-woe-s42,fbv1-011-lendingclub_v2-lr-iv-woe-s42,11,dev_expanding_window_fold,lendingclub_v2,4,iv_woe,iv_woe_quantile_binned_v1,selector,lr,675,unsupported_not_persisted_by_prompt_10,20,exact_budget,20.0,False,completed,42,,,,5b04bd81ba212a05cc24f706782090f362eb1db5b4f561074af6d1435907b127,f03647c376fe834f9bb1c3d6834ed42732ef3e7e1047eeff352af49b31ed607f,0.7159393121206202,0.4318786242412404,0.3148810778010166,2.4290131221676403,126.8475890159607,23.145084381103516,4.725883483886719,0.0,fold predictions not persisted; stored metrics cannot be prediction-recomputed,completed,4.0,lr,20.0,122.54726815223694,2.135586977005005
fbv1-011-lendingclub_v2-lr-iv-woe-s42,fbv1-011-lendingclub_v2-lr-iv-woe-s42,11,dev_expanding_window_fold,lendingclub_v2,5,iv_woe,iv_woe_quantile_binned_v1,selector,lr,675,unsupported_not_persisted_by_prompt_10,20,exact_budget,20.0,False,completed,42,,,,5b04bd81ba212a05cc24f706782090f362eb1db5b4f561074af6d1435907b127,f03647c376fe834f9bb1c3d6834ed42732ef3e7e1047eeff352af49b31ed607f,0.7143859113222961,0.4287718226445922,0.3124316600897429,2.4245790216969443,162.9385187625885,23.145084381103516,4.725883483886719,0.0,fold predictions not persisted; stored metrics cannot be prediction-recomputed,completed,5.0,lr,20.0,156.59505677223206,3.718783378601074
fbv1-011-lendingclub_v2-lr-iv-woe-s42,fbv1-011-lendingclub_v2-lr-iv-woe-s42,11,full_dev_refit_diagnostic,lendingclub_v2,full_dev_in_sample,iv_woe,iv_woe_quantile_binned_v1,selector,lr,675,unsupported_not_persisted_by_prompt_10,20,exact_budget,20.0,False,completed,42,a6e773bc882b9719e149a51199fa052dd72a71cb7751f703704325e8e6df7091,adc6858c1ac6c5acb3306b8074fd315e00f99ca06f92e1160a64f7209a5ae79e,5060f17d16fffb4665fbfba4d80331db0b56744cad19516a0913ef91b28032d4,5b04bd81ba212a05cc24f706782090f362eb1db5b4f561074af6d1435907b127,f03647c376fe834f9bb1c3d6834ed42732ef3e7e1047eeff352af49b31ed607f,0.7044234762911905,0.408846952582381,0.2981961113325538,2.330331418465402,829.5514819000091,23.145084381103516,4.725883483886719,0.0,,completed,,,,,
fbv1-011-lendingclub_v2-lr-iv-woe-s42,fbv1-011-lendingclub_v2-lr-iv-woe-s42,11,oot,lendingclub_v2,locked_oot,iv_woe,iv_woe_quantile_binned_v1,selector,lr,675,unsupported_not_persisted_by_prompt_10,20,exact_budget,20.0,False,completed,42,842e3c1bd4ac9b7d6eee7258edfd247d8efa3ef943f828442662b3a377889409,58a4c0cae484435637172dabe24671608cf022babfd29425aba0879e68244714,e455f6dae0c55f6bd47aaeefde05ef6ad1468aa1053f9be7013b109c2b94c162,5b04bd81ba212a05cc24f706782090f362eb1db5b4f561074af6d1435907b127,f03647c376fe834f9bb1c3d6834ed42732ef3e7e1047eeff352af49b31ed607f,0.6821098791687363,0.36421975833747267,0.2614113773044076,2.053531165222089,829.5514819000091,23.145084381103516,4.725883483886719,0.0,,completed,,,,,
fbv1-012-lendingclub_v2-catboost-iv-woe-s42,fbv1-012-lendingclub_v2-catboost-iv-woe-s42,12,dev_expanding_window_fold,lendingclub_v2,1,iv_woe,iv_woe_quantile_binned_v1,selector,catboost,675,unsupported_not_persisted_by_prompt_10,40,exact_budget,40.0,False,completed,42,,,,52fb7f3ae21d41a5bf0016ba1b15212e1335562df292313c25fc786e9a992b05,f03647c376fe834f9bb1c3d6834ed42732ef3e7e1047eeff352af49b31ed607f,0.707891781313621,0.4157835626272419,0.305475419483216,2.3304124864535853,69.36794829368591,24.440418243408203,3.484119415283203,0.0,fold predictions not persisted; stored metrics cannot be prediction-recomputed,completed,1.0,catboost,40.0,28.546192407608032,39.19789433479309
fbv1-012-lendingclub_v2-catboost-iv-woe-s42,fbv1-012-lendingclub_v2-catboost-iv-woe-s42,12,dev_expanding_window_fold,lendingclub_v2,2,iv_woe,iv_woe_quantile_binned_v1,selector,catboost,675,unsupported_not_persisted_by_prompt_10,40,exact_budget,40.0,False,completed,42,,,,52fb7f3ae21d41a5bf0016ba1b15212e1335562df292313c25fc786e9a992b05,f03647c376fe834f9bb1c3d6834ed42732ef3e7e1047eeff352af49b31ed607f,0.714047559160928,0.428095118321856,0.309307113434851,2.356402190376325,116.1877110004425,24.440418243408203,3.484119415283203,0.0,fold predictions not persisted; stored metrics cannot be prediction-recomputed,completed,2.0,catboost,40.0,53.77257204055786,59.42212986946106
fbv1-012-lendingclub_v2-catboost-iv-woe-s42,fbv1-012-lendingclub_v2-catboost-iv-woe-s42,12,dev_expanding_window_fold,lendingclub_v2,3,iv_woe,iv_woe_quantile_binned_v1,selector,catboost,675,unsupported_not_persisted_by_prompt_10,40,exact_budget,40.0,False,completed,42,,,,52fb7f3ae21d41a5bf0016ba1b15212e1335562df292313c25fc786e9a992b05,f03647c376fe834f9bb1c3d6834ed42732ef3e7e1047eeff352af49b31ed607f,0.7229773808299882,0.4459547616599764,0.3230884575314053,2.4455454312678877,226.2461674213409,24.440418243408203,3.484119415283203,0.0,fold predictions not persisted; stored metrics cannot be prediction-recomputed,completed,3.0,catboost,40.0,88.02522301673889,133.2585334777832
fbv1-012-lendingclub_v2-catboost-iv-woe-s42,fbv1-012-lendingclub_v2-catboost-iv-woe-s42,12,dev_expanding_window_fold,lendingclub_v2,4,iv_woe,iv_woe_quantile_binned_v1,selector,catboost,675,unsupported_not_persisted_by_prompt_10,40,exact_budget,40.0,False,completed,42,,,,52fb7f3ae21d41a5bf0016ba1b15212e1335562df292313c25fc786e9a992b05,f03647c376fe834f9bb1c3d6834ed42732ef3e7e1047eeff352af49b31ed607f,0.7322081529474821,0.4644163058949642,0.337401874184622,2.5731200214146868,365.62770199775696,24.440418243408203,3.484119415283203,0.0,fold predictions not persisted; stored metrics cannot be prediction-recomputed,completed,4.0,catboost,40.0,123.50035238265993,235.92799305915835
fbv1-012-lendingclub_v2-catboost-iv-woe-s42,fbv1-012-lendingclub_v2-catboost-iv-woe-s42,12,dev_expanding_window_fold,lendingclub_v2,5,iv_woe,iv_woe_quantile_binned_v1,selector,catboost,675,unsupported_not_persisted_by_prompt_10,40,exact_budget,40.0,False,completed,42,,,,52fb7f3ae21d41a5bf0016ba1b15212e1335562df292313c25fc786e9a992b05,f03647c376fe834f9bb1c3d6834ed42732ef3e7e1047eeff352af49b31ed607f,0.7310456230638085,0.462091246127617,0.3364820265046468,2.53289823058984,513.0854909420013,24.440418243408203,3.484119415283203,0.0,fold predictions not persisted; stored metrics cannot be prediction-recomputed,completed,5.0,catboost,40.0,157.9558801651001,348.49800086021423
fbv1-012-lendingclub_v2-catboost-iv-woe-s42,fbv1-012-lendingclub_v2-catboost-iv-woe-s42,12,full_dev_refit_diagnostic,lendingclub_v2,full_dev_in_sample,iv_woe,iv_woe_quantile_binned_v1,selector,catboost,675,unsupported_not_persisted_by_prompt_10,40,exact_budget,40.0,False,completed,42,08850744965015a8ea0e78df4a27c508606d626250227635243c35d5f6e09733,adc6858c1ac6c5acb3306b8074fd315e00f99ca06f92e1160a64f7209a5ae79e,5060f17d16fffb4665fbfba4d80331db0b56744cad19516a0913ef91b28032d4,52fb7f3ae21d41a5bf0016ba1b15212e1335562df292313c25fc786e9a992b05,f03647c376fe834f9bb1c3d6834ed42732ef3e7e1047eeff352af49b31ed607f,0.7745852274129656,0.5491704548259313,0.40856773946626135,2.782342359120154,2189.832045999996,24.440418243408203,3.484119415283203,0.0,,completed,,,,,
fbv1-012-lendingclub_v2-catboost-iv-woe-s42,fbv1-012-lendingclub_v2-catboost-iv-woe-s42,12,oot,lendingclub_v2,locked_oot,iv_woe,iv_woe_quantile_binned_v1,selector,catboost,675,unsupported_not_persisted_by_prompt_10,40,exact_budget,40.0,False,completed,42,9945bd1988e803b2b77e4171c374f037dab9588f5cc8d9732eaeacd19b788a74,58a4c0cae484435637172dabe24671608cf022babfd29425aba0879e68244714,e455f6dae0c55f6bd47aaeefde05ef6ad1468aa1053f9be7013b109c2b94c162,52fb7f3ae21d41a5bf0016ba1b15212e1335562df292313c25fc786e9a992b05,f03647c376fe834f9bb1c3d6834ed42732ef3e7e1047eeff352af49b31ed607f,0.7026727974821897,0.4053455949643794,0.28911512739027084,2.1812908096337376,2189.832045999996,24.440418243408203,3.484119415283203,0.0,,completed,,,,,
fbv1-013-homecredit-lr-mrmr-mutual-information-s42,fbv1-013-homecredit-lr-mrmr-mutual-information-s42,13,dev_expanding_window_fold,homecredit,1,mrmr_mutual_information,mrmr_mutual_information_discrete_plugin_v1,selector,lr,529,unsupported_not_persisted_by_prompt_10,20,exact_budget,20.0,False,completed,42,,,,969ccbc313b1af5da0f2334759c5afb8d59d0cb1c3af300f62dc6e7d4cb5f33a,f03647c376fe834f9bb1c3d6834ed42732ef3e7e1047eeff352af49b31ed607f,0.7120054676880783,0.4240109353761565,0.3224421338239989,2.696115765422696,11.43316411972046,7.947971343994141,19.967090606689453,0.0,fold predictions not persisted; stored metrics cannot be prediction-recomputed,completed,1.0,lr,20.0,11.238354921340942,0.0367224216461181
fbv1-013-homecredit-lr-mrmr-mutual-information-s42,fbv1-013-homecredit-lr-mrmr-mutual-information-s42,13,dev_expanding_window_fold,homecredit,2,mrmr_mutual_information,mrmr_mutual_information_discrete_plugin_v1,selector,lr,529,unsupported_not_persisted_by_prompt_10,20,exact_budget,20.0,False,completed,42,,,,969ccbc313b1af5da0f2334759c5afb8d59d0cb1c3af300f62dc6e7d4cb5f33a,f03647c376fe834f9bb1c3d6834ed42732ef3e7e1047eeff352af49b31ed607f,0.7198223911898964,0.4396447823797929,0.3191913032347397,2.857956049517284,19.602663040161133,7.947971343994141,19.967090606689453,0.0,fold predictions not persisted; stored metrics cannot be prediction-recomputed,completed,2.0,lr,20.0,19.249743700027462,0.1277253627777099
fbv1-013-homecredit-lr-mrmr-mutual-information-s42,fbv1-013-homecredit-lr-mrmr-mutual-information-s42,13,dev_expanding_window_fold,homecredit,3,mrmr_mutual_information,mrmr_mutual_information_discrete_plugin_v1,selector,lr,529,unsupported_not_persisted_by_prompt_10,20,exact_budget,20.0,False,completed,42,,,,969ccbc313b1af5da0f2334759c5afb8d59d0cb1c3af300f62dc6e7d4cb5f33a,f03647c376fe834f9bb1c3d6834ed42732ef3e7e1047eeff352af49b31ed607f,0.736341144563851,0.472682289127702,0.3591814719415274,3.0538797481210644,25.44680547714233,7.947971343994141,19.967090606689453,0.0,fold predictions not persisted; stored metrics cannot be prediction-recomputed,completed,3.0,lr,20.0,25.129350423812863,0.0625813007354736
fbv1-013-homecredit-lr-mrmr-mutual-information-s42,fbv1-013-homecredit-lr-mrmr-mutual-information-s42,13,dev_expanding_window_fold,homecredit,4,mrmr_mutual_information,mrmr_mutual_information_discrete_plugin_v1,selector,lr,529,unsupported_not_persisted_by_prompt_10,20,exact_budget,20.0,False,completed,42,,,,969ccbc313b1af5da0f2334759c5afb8d59d0cb1c3af300f62dc6e7d4cb5f33a,f03647c376fe834f9bb1c3d6834ed42732ef3e7e1047eeff352af49b31ed607f,0.726484211917444,0.4529684238348879,0.3364746770432832,2.8428497832713884,37.01054215431213,7.947971343994141,19.967090606689453,0.0,fold predictions not persisted; stored metrics cannot be prediction-recomputed,completed,4.0,lr,20.0,36.55971813201904,0.094451904296875
fbv1-013-homecredit-lr-mrmr-mutual-information-s42,fbv1-013-homecredit-lr-mrmr-mutual-information-s42,13,dev_expanding_window_fold,homecredit,5,mrmr_mutual_information,mrmr_mutual_information_discrete_plugin_v1,selector,lr,529,unsupported_not_persisted_by_prompt_10,20,exact_budget,20.0,False,completed,42,,,,969ccbc313b1af5da0f2334759c5afb8d59d0cb1c3af300f62dc6e7d4cb5f33a,f03647c376fe834f9bb1c3d6834ed42732ef3e7e1047eeff352af49b31ed607f,0.7280129214438592,0.4560258428877184,0.3518269462571695,2.833649214160231,45.53258347511292,7.947971343994141,19.967090606689453,0.0,fold predictions not persisted; stored metrics cannot be prediction-recomputed,completed,5.0,lr,20.0,44.84791588783264,0.3049783706665039
fbv1-013-homecredit-lr-mrmr-mutual-information-s42,fbv1-013-homecredit-lr-mrmr-mutual-information-s42,13,full_dev_refit_diagnostic,homecredit,full_dev_in_sample,mrmr_mutual_information,mrmr_mutual_information_discrete_plugin_v1,selector,lr,529,unsupported_not_persisted_by_prompt_10,20,exact_budget,20.0,False,completed,42,1d7cb62b5ebc85521bc8d80045320c3244691627d91f0d7bde80f749f97cbdb5,6b3eaa2e6925ae4386ef9e17c99b444cdc414c9102fbd98d6635c41f777aa3c2,1f68b49d4420e943a3833cb62b917c5e1093562281807d9047a11ffc2626aebc,969ccbc313b1af5da0f2334759c5afb8d59d0cb1c3af300f62dc6e7d4cb5f33a,f03647c376fe834f9bb1c3d6834ed42732ef3e7e1047eeff352af49b31ed607f,0.7309974526406897,0.46199490528137943,0.34310967721461283,2.90725988021215,277.0491084000096,7.947971343994141,19.967090606689453,0.0,,completed,,,,,
fbv1-013-homecredit-lr-mrmr-mutual-information-s42,fbv1-013-homecredit-lr-mrmr-mutual-information-s42,13,oot,homecredit,locked_oot,mrmr_mutual_information,mrmr_mutual_information_discrete_plugin_v1,selector,lr,529,unsupported_not_persisted_by_prompt_10,20,exact_budget,20.0,False,completed,42,7840376063fc325e5b9fde1db379fd2dbf3e1b7788beb531423cc3cc0500a3e8,44dae0bae662ea5ebb863a1fdfe3f68878235f3117cc11e0409f147ddda36f95,f5045e863d8debb0b80a5f67d62dcc27f62d80660b6395d4a41b1e05b07b07be,969ccbc313b1af5da0f2334759c5afb8d59d0cb1c3af300f62dc6e7d4cb5f33a,f03647c376fe834f9bb1c3d6834ed42732ef3e7e1047eeff352af49b31ed607f,0.7351157546380288,0.4702315092760576,0.34864860441645856,3.0125488964599536,277.0491084000096,7.947971343994141,19.967090606689453,0.0,,completed,,,,,
fbv1-014-homecredit-catboost-mrmr-mutual-information-s42,fbv1-014-homecredit-catboost-mrmr-mutual-information-s42,14,dev_expanding_window_fold,homecredit,1,mrmr_mutual_information,mrmr_mutual_information_discrete_plugin_v1,selector,catboost,529,unsupported_not_persisted_by_prompt_10,40,exact_budget,40.0,False,completed,42,,,,c76d72b91e4ffd0d11573101a711b3928ba758d6659bb1e9c479a7bfcbf9d34a,f03647c376fe834f9bb1c3d6834ed42732ef3e7e1047eeff352af49b31ed607f,0.7299366550382065,0.4598733100764129,0.3491782822330143,2.9474485910129475,30.77915573120117,7.941749572753906,19.978225708007812,0.0,fold predictions not persisted; stored metrics cannot be prediction-recomputed,completed,1.0,catboost,40.0,20.834770441055294,9.546799659729004
fbv1-014-homecredit-catboost-mrmr-mutual-information-s42,fbv1-014-homecredit-catboost-mrmr-mutual-information-s42,14,dev_expanding_window_fold,homecredit,2,mrmr_mutual_information,mrmr_mutual_information_discrete_plugin_v1,selector,catboost,529,unsupported_not_persisted_by_prompt_10,40,exact_budget,40.0,False,completed,42,,,,c76d72b91e4ffd0d11573101a711b3928ba758d6659bb1e9c479a7bfcbf9d34a,f03647c376fe834f9bb1c3d6834ed42732ef3e7e1047eeff352af49b31ed607f,0.7351121199640114,0.4702242399280227,0.3529038062673,2.971302748364995,52.40209937095642,7.941749572753906,19.978225708007812,0.0,fold predictions not persisted; stored metrics cannot be prediction-recomputed,completed,2.0,catboost,40.0,34.78179669380188,17.12298893928528
fbv1-014-homecredit-catboost-mrmr-mutual-information-s42,fbv1-014-homecredit-catboost-mrmr-mutual-information-s42,14,dev_expanding_window_fold,homecredit,3,mrmr_mutual_information,mrmr_mutual_information_discrete_plugin_v1,selector,catboost,529,unsupported_not_persisted_by_prompt_10,40,exact_budget,40.0,False,completed,42,,,,c76d72b91e4ffd0d11573101a711b3928ba758d6659bb1e9c479a7bfcbf9d34a,f03647c376fe834f9bb1c3d6834ed42732ef3e7e1047eeff352af49b31ed607f,0.7451343089246795,0.4902686178493589,0.3759989432666271,3.29184440381881,75.903568983078,7.941749572753906,19.978225708007812,0.0,fold predictions not persisted; stored metrics cannot be prediction-recomputed,completed,3.0,catboost,40.0,52.741381883621216,22.468056440353397
fbv1-014-homecredit-catboost-mrmr-mutual-information-s42,fbv1-014-homecredit-catboost-mrmr-mutual-information-s42,14,dev_expanding_window_fold,homecredit,4,mrmr_mutual_information,mrmr_mutual_information_discrete_plugin_v1,selector,catboost,529,unsupported_not_persisted_by_prompt_10,40,exact_budget,40.0,False,completed,42,,,,c76d72b91e4ffd0d11573101a711b3928ba758d6659bb1e9c479a7bfcbf9d34a,f03647c376fe834f9bb1c3d6834ed42732ef3e7e1047eeff352af49b31ed607f,0.7427295753795745,0.485459150759149,0.3625391190452252,3.08156236049265,98.9761905670166,7.941749572753906,19.978225708007812,0.0,fold predictions not persisted; stored metrics cannot be prediction-recomputed,completed,4.0,catboost,40.0,70.4022924900055,27.687276124954224
fbv1-014-homecredit-catboost-mrmr-mutual-information-s42,fbv1-014-homecredit-catboost-mrmr-mutual-information-s42,14,dev_expanding_window_fold,homecredit,5,mrmr_mutual_information,mrmr_mutual_information_discrete_plugin_v1,selector,catboost,529,unsupported_not_persisted_by_prompt_10,40,exact_budget,40.0,False,completed,42,,,,c76d72b91e4ffd0d11573101a711b3928ba758d6659bb1e9c479a7bfcbf9d34a,f03647c376fe834f9bb1c3d6834ed42732ef3e7e1047eeff352af49b31ed607f,0.7395358751588792,0.4790717503177584,0.3643853467131306,2.975331674868243,122.51131629943848,7.941749572753906,19.978225708007812,0.0,fold predictions not persisted; stored metrics cannot be prediction-recomputed,completed,5.0,catboost,40.0,89.12308311462402,32.41640043258667
fbv1-014-homecredit-catboost-mrmr-mutual-information-s42,fbv1-014-homecredit-catboost-mrmr-mutual-information-s42,14,full_dev_refit_diagnostic,homecredit,full_dev_in_sample,mrmr_mutual_information,mrmr_mutual_information_discrete_plugin_v1,selector,catboost,529,unsupported_not_persisted_by_prompt_10,40,exact_budget,40.0,False,completed,42,ab80d9fe868b04e57c8cbabaed6728f247d5d806142a343c1c2ef6803a18a7b8,6b3eaa2e6925ae4386ef9e17c99b444cdc414c9102fbd98d6635c41f777aa3c2,1f68b49d4420e943a3833cb62b917c5e1093562281807d9047a11ffc2626aebc,c76d72b91e4ffd0d11573101a711b3928ba758d6659bb1e9c479a7bfcbf9d34a,f03647c376fe834f9bb1c3d6834ed42732ef3e7e1047eeff352af49b31ed607f,0.9057156636817257,0.8114313273634515,0.6573848024608564,5.309407212308666,616.9911934999982,7.941749572753906,19.978225708007812,0.0,,completed,,,,,
fbv1-014-homecredit-catboost-mrmr-mutual-information-s42,fbv1-014-homecredit-catboost-mrmr-mutual-information-s42,14,oot,homecredit,locked_oot,mrmr_mutual_information,mrmr_mutual_information_discrete_plugin_v1,selector,catboost,529,unsupported_not_persisted_by_prompt_10,40,exact_budget,40.0,False,completed,42,51ef8148876dbb9242e46498c0284075c885ba3faa3a3a913c26793ed64e8d47,44dae0bae662ea5ebb863a1fdfe3f68878235f3117cc11e0409f147ddda36f95,f5045e863d8debb0b80a5f67d62dcc27f62d80660b6395d4a41b1e05b07b07be,c76d72b91e4ffd0d11573101a711b3928ba758d6659bb1e9c479a7bfcbf9d34a,f03647c376fe834f9bb1c3d6834ed42732ef3e7e1047eeff352af49b31ed607f,0.759898780138256,0.5197975602765119,0.38675778243951,3.325030676403315,616.9911934999982,7.941749572753906,19.978225708007812,0.0,,completed,,,,,
fbv1-015-lendingclub_v2-lr-mrmr-mutual-information-s42,fbv1-015-lendingclub_v2-lr-mrmr-mutual-information-s42,15,dev_expanding_window_fold,lendingclub_v2,1,mrmr_mutual_information,mrmr_mutual_information_discrete_plugin_v1,selector,lr,675,unsupported_not_persisted_by_prompt_10,20,exact_budget,20.0,False,completed,42,,,,57428003e6aaa937ba75fdc1ee931b8ba9630bb47154cb8a5c05a8bc830b3079,f03647c376fe834f9bb1c3d6834ed42732ef3e7e1047eeff352af49b31ed607f,0.6967223846671516,0.3934447693343033,0.2882709643728927,2.243255880831374,42.40470099449158,23.827831268310547,3.988269805908203,0.0,fold predictions not persisted; stored metrics cannot be prediction-recomputed,completed,1.0,lr,20.0,41.255531549453735,0.4294424057006836
fbv1-015-lendingclub_v2-lr-mrmr-mutual-information-s42,fbv1-015-lendingclub_v2-lr-mrmr-mutual-information-s42,15,dev_expanding_window_fold,lendingclub_v2,2,mrmr_mutual_information,mrmr_mutual_information_discrete_plugin_v1,selector,lr,675,unsupported_not_persisted_by_prompt_10,20,exact_budget,20.0,False,completed,42,,,,57428003e6aaa937ba75fdc1ee931b8ba9630bb47154cb8a5c05a8bc830b3079,f03647c376fe834f9bb1c3d6834ed42732ef3e7e1047eeff352af49b31ed607f,0.692036838900028,0.3840736778000559,0.2810561453301159,2.268437609227543,91.44157814979552,23.827831268310547,3.988269805908203,0.0,fold predictions not persisted; stored metrics cannot be prediction-recomputed,completed,2.0,lr,20.0,90.36315250396729,0.4886023998260498
fbv1-015-lendingclub_v2-lr-mrmr-mutual-information-s42,fbv1-015-lendingclub_v2-lr-mrmr-mutual-information-s42,15,dev_expanding_window_fold,lendingclub_v2,3,mrmr_mutual_information,mrmr_mutual_information_discrete_plugin_v1,selector,lr,675,unsupported_not_persisted_by_prompt_10,20,exact_budget,20.0,False,completed,42,,,,57428003e6aaa937ba75fdc1ee931b8ba9630bb47154cb8a5c05a8bc830b3079,f03647c376fe834f9bb1c3d6834ed42732ef3e7e1047eeff352af49b31ed607f,0.7065076134924124,0.4130152269848248,0.298139838239896,2.3531880900398323,142.33834171295166,23.827831268310547,3.988269805908203,0.0,fold predictions not persisted; stored metrics cannot be prediction-recomputed,completed,3.0,lr,20.0,140.31908297538757,0.8974485397338867
fbv1-015-lendingclub_v2-lr-mrmr-mutual-information-s42,fbv1-015-lendingclub_v2-lr-mrmr-mutual-information-s42,15,dev_expanding_window_fold,lendingclub_v2,4,mrmr_mutual_information,mrmr_mutual_information_discrete_plugin_v1,selector,lr,675,unsupported_not_persisted_by_prompt_10,20,exact_budget,20.0,False,completed,42,,,,57428003e6aaa937ba75fdc1ee931b8ba9630bb47154cb8a5c05a8bc830b3079,f03647c376fe834f9bb1c3d6834ed42732ef3e7e1047eeff352af49b31ed607f,0.7157180296485153,0.4314360592970305,0.3159054483640215,2.487366267989508,207.95020985603333,23.827831268310547,3.988269805908203,0.0,fold predictions not persisted; stored metrics cannot be prediction-recomputed,completed,4.0,lr,20.0,205.05056643486023,1.5225210189819336
fbv1-015-lendingclub_v2-lr-mrmr-mutual-information-s42,fbv1-015-lendingclub_v2-lr-mrmr-mutual-information-s42,15,dev_expanding_window_fold,lendingclub_v2,5,mrmr_mutual_information,mrmr_mutual_information_discrete_plugin_v1,selector,lr,675,unsupported_not_persisted_by_prompt_10,20,exact_budget,20.0,False,completed,42,,,,57428003e6aaa937ba75fdc1ee931b8ba9630bb47154cb8a5c05a8bc830b3079,f03647c376fe834f9bb1c3d6834ed42732ef3e7e1047eeff352af49b31ed607f,0.7111989555272136,0.4223979110544271,0.3092726683960137,2.4327540563303702,264.14191794395447,23.827831268310547,3.988269805908203,0.0,fold predictions not persisted; stored metrics cannot be prediction-recomputed,completed,5.0,lr,20.0,260.60512804985046,1.9120841026306152
fbv1-015-lendingclub_v2-lr-mrmr-mutual-information-s42,fbv1-015-lendingclub_v2-lr-mrmr-mutual-information-s42,15,full_dev_refit_diagnostic,lendingclub_v2,full_dev_in_sample,mrmr_mutual_information,mrmr_mutual_information_discrete_plugin_v1,selector,lr,675,unsupported_not_persisted_by_prompt_10,20,exact_budget,20.0,False,completed,42,d61489278f075d5650188e55e2acf47a04c8ea760cf0e7cb669cccc4afd093c8,adc6858c1ac6c5acb3306b8074fd315e00f99ca06f92e1160a64f7209a5ae79e,5060f17d16fffb4665fbfba4d80331db0b56744cad19516a0913ef91b28032d4,57428003e6aaa937ba75fdc1ee931b8ba9630bb47154cb8a5c05a8bc830b3079,f03647c376fe834f9bb1c3d6834ed42732ef3e7e1047eeff352af49b31ed607f,0.706136093354426,0.4122721867088519,0.2989998364832318,2.353756990195949,1327.5359159000072,23.827831268310547,3.988269805908203,0.0,,completed,,,,,
fbv1-015-lendingclub_v2-lr-mrmr-mutual-information-s42,fbv1-015-lendingclub_v2-lr-mrmr-mutual-information-s42,15,oot,lendingclub_v2,locked_oot,mrmr_mutual_information,mrmr_mutual_information_discrete_plugin_v1,selector,lr,675,unsupported_not_persisted_by_prompt_10,20,exact_budget,20.0,False,completed,42,cf346ad43a181262591e9dcd4687266fd397355b666785fd7791a950ca4394c3,58a4c0cae484435637172dabe24671608cf022babfd29425aba0879e68244714,e455f6dae0c55f6bd47aaeefde05ef6ad1468aa1053f9be7013b109c2b94c162,57428003e6aaa937ba75fdc1ee931b8ba9630bb47154cb8a5c05a8bc830b3079,f03647c376fe834f9bb1c3d6834ed42732ef3e7e1047eeff352af49b31ed607f,0.6859236290968351,0.37184725819367026,0.2645449885398556,2.0796105421776776,1327.5359159000072,23.827831268310547,3.988269805908203,0.0,,completed,,,,,
fbv1-016-lendingclub_v2-catboost-mrmr-mutual-information-s42,fbv1-016-lendingclub_v2-catboost-mrmr-mutual-information-s42,16,dev_expanding_window_fold,lendingclub_v2,1,mrmr_mutual_information,mrmr_mutual_information_discrete_plugin_v1,selector,catboost,675,unsupported_not_persisted_by_prompt_10,40,exact_budget,40.0,False,completed,42,,,,feb9f43538f1e8062d3fe84815c6c1d2e87ea084ce622d828867b6b26420276d,f03647c376fe834f9bb1c3d6834ed42732ef3e7e1047eeff352af49b31ed607f,0.7049512251917848,0.4099024503835695,0.2997371783840442,2.264702794256735,99.87296986579896,21.808055877685547,6.242103576660156,0.0,fold predictions not persisted; stored metrics cannot be prediction-recomputed,completed,1.0,catboost,40.0,72.35406732559204,25.528220176696777
fbv1-016-lendingclub_v2-catboost-mrmr-mutual-information-s42,fbv1-016-lendingclub_v2-catboost-mrmr-mutual-information-s42,16,dev_expanding_window_fold,lendingclub_v2,2,mrmr_mutual_information,mrmr_mutual_information_discrete_plugin_v1,selector,catboost,675,unsupported_not_persisted_by_prompt_10,40,exact_budget,40.0,False,completed,42,,,,feb9f43538f1e8062d3fe84815c6c1d2e87ea084ce622d828867b6b26420276d,f03647c376fe834f9bb1c3d6834ed42732ef3e7e1047eeff352af49b31ed607f,0.7130314004696832,0.4260628009393663,0.3061328373198607,2.363975300011651,214.5546431541443,21.808055877685547,6.242103576660156,0.0,fold predictions not persisted; stored metrics cannot be prediction-recomputed,completed,2.0,catboost,40.0,167.57916235923767,44.768781423568726
fbv1-016-lendingclub_v2-catboost-mrmr-mutual-information-s42,fbv1-016-lendingclub_v2-catboost-mrmr-mutual-information-s42,16,dev_expanding_window_fold,lendingclub_v2,3,mrmr_mutual_information,mrmr_mutual_information_discrete_plugin_v1,selector,catboost,675,unsupported_not_persisted_by_prompt_10,40,exact_budget,40.0,False,completed,42,,,,feb9f43538f1e8062d3fe84815c6c1d2e87ea084ce622d828867b6b26420276d,f03647c376fe834f9bb1c3d6834ed42732ef3e7e1047eeff352af49b31ed607f,0.7226233704201763,0.4452467408403526,0.3194203143212187,2.483258012269344,332.26784110069275,21.808055877685547,6.242103576660156,0.0,fold predictions not persisted; stored metrics cannot be prediction-recomputed,completed,3.0,catboost,40.0,258.0591661930084,70.69186782836914
fbv1-016-lendingclub_v2-catboost-mrmr-mutual-information-s42,fbv1-016-lendingclub_v2-catboost-mrmr-mutual-information-s42,16,dev_expanding_window_fold,lendingclub_v2,4,mrmr_mutual_information,mrmr_mutual_information_discrete_plugin_v1,selector,catboost,675,unsupported_not_persisted_by_prompt_10,40,exact_budget,40.0,False,completed,42,,,,feb9f43538f1e8062d3fe84815c6c1d2e87ea084ce622d828867b6b26420276d,f03647c376fe834f9bb1c3d6834ed42732ef3e7e1047eeff352af49b31ed607f,0.7309086459322194,0.4618172918644387,0.3347375536066116,2.594431605106152,512.8136808872223,21.808055877685547,6.242103576660156,0.0,fold predictions not persisted; stored metrics cannot be prediction-recomputed,completed,4.0,catboost,40.0,367.88810658454895,140.47130489349365
fbv1-016-lendingclub_v2-catboost-mrmr-mutual-information-s42,fbv1-016-lendingclub_v2-catboost-mrmr-mutual-information-s42,16,dev_expanding_window_fold,lendingclub_v2,5,mrmr_mutual_information,mrmr_mutual_information_discrete_plugin_v1,selector,catboost,675,unsupported_not_persisted_by_prompt_10,40,exact_budget,40.0,False,completed,42,,,,feb9f43538f1e8062d3fe84815c6c1d2e87ea084ce622d828867b6b26420276d,f03647c376fe834f9bb1c3d6834ed42732ef3e7e1047eeff352af49b31ed607f,0.7301316628294284,0.4602633256588568,0.3343397933699034,2.511779391120156,668.6268105506897,21.808055877685547,6.242103576660156,0.0,fold predictions not persisted; stored metrics cannot be prediction-recomputed,completed,5.0,catboost,40.0,465.5574615001679,197.76479125022888
fbv1-016-lendingclub_v2-catboost-mrmr-mutual-information-s42,fbv1-016-lendingclub_v2-catboost-mrmr-mutual-information-s42,16,full_dev_refit_diagnostic,lendingclub_v2,full_dev_in_sample,mrmr_mutual_information,mrmr_mutual_information_discrete_plugin_v1,selector,catboost,675,unsupported_not_persisted_by_prompt_10,40,exact_budget,40.0,False,completed,42,e5abb4973f64811697aadcb5e4a62a1cd1ad436255d6f59dd88a28a92aa47ce8,adc6858c1ac6c5acb3306b8074fd315e00f99ca06f92e1160a64f7209a5ae79e,5060f17d16fffb4665fbfba4d80331db0b56744cad19516a0913ef91b28032d4,feb9f43538f1e8062d3fe84815c6c1d2e87ea084ce622d828867b6b26420276d,f03647c376fe834f9bb1c3d6834ed42732ef3e7e1047eeff352af49b31ed607f,0.749598226889557,0.49919645377911404,0.3660894236513955,2.6238350233959418,3098.527769399996,21.808055877685547,6.242103576660156,0.0,,completed,,,,,
fbv1-016-lendingclub_v2-catboost-mrmr-mutual-information-s42,fbv1-016-lendingclub_v2-catboost-mrmr-mutual-information-s42,16,oot,lendingclub_v2,locked_oot,mrmr_mutual_information,mrmr_mutual_information_discrete_plugin_v1,selector,catboost,675,unsupported_not_persisted_by_prompt_10,40,exact_budget,40.0,False,completed,42,7aa9bfe91d63231e556e03eab86990596fc90bfc6110e9602f18b2843b96aec4,58a4c0cae484435637172dabe24671608cf022babfd29425aba0879e68244714,e455f6dae0c55f6bd47aaeefde05ef6ad1468aa1053f9be7013b109c2b94c162,feb9f43538f1e8062d3fe84815c6c1d2e87ea084ce622d828867b6b26420276d,f03647c376fe834f9bb1c3d6834ed42732ef3e7e1047eeff352af49b31ed607f,0.7020237291842616,0.4040474583685232,0.28714461326582263,2.1768954090232446,3098.527769399996,21.808055877685547,6.242103576660156,0.0,,completed,,,,,
fbv1-017-homecredit-lr-lasso-l1-logistic-s42,fbv1-017-homecredit-lr-lasso-l1-logistic-s42,17,dev_expanding_window_fold,homecredit,1,lasso_l1_logistic,lasso_l1_logistic_v1,selector,lr,529,unsupported_not_persisted_by_prompt_10,20,natural_support_or_cap,20.0,True,completed,42,,,,b3a8b21b9d9093c9be654f861f82236892276715e001ea8426c05a4bedaba1c2,f03647c376fe834f9bb1c3d6834ed42732ef3e7e1047eeff352af49b31ed607f,0.7393612096379966,0.4787224192759931,0.3650628928967757,2.9246001523229244,4.003972768783569,7.937934875488281,19.728485107421875,0.0,fold predictions not persisted; stored metrics cannot be prediction-recomputed,completed,1.0,lr,20.0,3.792706489562988,0.0441274642944335
fbv1-017-homecredit-lr-lasso-l1-logistic-s42,fbv1-017-homecredit-lr-lasso-l1-logistic-s42,17,dev_expanding_window_fold,homecredit,2,lasso_l1_logistic,lasso_l1_logistic_v1,selector,lr,529,unsupported_not_persisted_by_prompt_10,20,natural_support_or_cap,20.0,True,completed,42,,,,b3a8b21b9d9093c9be654f861f82236892276715e001ea8426c05a4bedaba1c2,f03647c376fe834f9bb1c3d6834ed42732ef3e7e1047eeff352af49b31ed607f,0.7387050369545236,0.4774100739090472,0.3562736214434276,3.068457061663033,17.49522829055786,7.937934875488281,19.728485107421875,0.0,fold predictions not persisted; stored metrics cannot be prediction-recomputed,completed,2.0,lr,20.0,17.2137348651886,0.0870482921600341
fbv1-017-homecredit-lr-lasso-l1-logistic-s42,fbv1-017-homecredit-lr-lasso-l1-logistic-s42,17,dev_expanding_window_fold,homecredit,3,lasso_l1_logistic,lasso_l1_logistic_v1,selector,lr,529,unsupported_not_persisted_by_prompt_10,20,natural_support_or_cap,20.0,True,completed,42,,,,b3a8b21b9d9093c9be654f861f82236892276715e001ea8426c05a4bedaba1c2,f03647c376fe834f9bb1c3d6834ed42732ef3e7e1047eeff352af49b31ed607f,0.7583751885713448,0.5167503771426896,0.3945941483389472,3.387030266097908,19.91268920898437,7.937934875488281,19.728485107421875,0.0,fold predictions not persisted; stored metrics cannot be prediction-recomputed,completed,3.0,lr,20.0,19.513076543807983,0.167170763015747
fbv1-017-homecredit-lr-lasso-l1-logistic-s42,fbv1-017-homecredit-lr-lasso-l1-logistic-s42,17,dev_expanding_window_fold,homecredit,4,lasso_l1_logistic,lasso_l1_logistic_v1,selector,lr,529,unsupported_not_persisted_by_prompt_10,20,natural_support_or_cap,20.0,True,completed,42,,,,b3a8b21b9d9093c9be654f861f82236892276715e001ea8426c05a4bedaba1c2,f03647c376fe834f9bb1c3d6834ed42732ef3e7e1047eeff352af49b31ed607f,0.7527122363965221,0.5054244727930441,0.3966803865179556,3.0309263592638973,66.0398383140564,7.937934875488281,19.728485107421875,0.0,fold predictions not persisted; stored metrics cannot be prediction-recomputed,completed,4.0,lr,20.0,65.50123453140259,0.2675197124481201
fbv1-017-homecredit-lr-lasso-l1-logistic-s42,fbv1-017-homecredit-lr-lasso-l1-logistic-s42,17,dev_expanding_window_fold,homecredit,5,lasso_l1_logistic,lasso_l1_logistic_v1,selector,lr,529,unsupported_not_persisted_by_prompt_10,20,natural_support_or_cap,20.0,True,completed,42,,,,b3a8b21b9d9093c9be654f861f82236892276715e001ea8426c05a4bedaba1c2,f03647c376fe834f9bb1c3d6834ed42732ef3e7e1047eeff352af49b31ed607f,0.7364333524271514,0.4728667048543027,0.3540598922360439,2.918658690585038,54.82545638084412,7.937934875488281,19.728485107421875,0.0,fold predictions not persisted; stored metrics cannot be prediction-recomputed,completed,5.0,lr,20.0,54.18425917625427,0.330735445022583
fbv1-017-homecredit-lr-lasso-l1-logistic-s42,fbv1-017-homecredit-lr-lasso-l1-logistic-s42,17,full_dev_refit_diagnostic,homecredit,full_dev_in_sample,lasso_l1_logistic,lasso_l1_logistic_v1,selector,lr,529,unsupported_not_persisted_by_prompt_10,20,natural_support_or_cap,20.0,True,completed,42,20ee37f128e9c775ef389abc5034a3df22539963d33479539da2ec7faf15f403,6b3eaa2e6925ae4386ef9e17c99b444cdc414c9102fbd98d6635c41f777aa3c2,1f68b49d4420e943a3833cb62b917c5e1093562281807d9047a11ffc2626aebc,b3a8b21b9d9093c9be654f861f82236892276715e001ea8426c05a4bedaba1c2,f03647c376fe834f9bb1c3d6834ed42732ef3e7e1047eeff352af49b31ed607f,0.7443642992725914,0.4887285985451828,0.3672333012785282,3.10192542142548,402.8792689999973,7.937934875488281,19.728485107421875,0.0,,completed,,,,,
fbv1-017-homecredit-lr-lasso-l1-logistic-s42,fbv1-017-homecredit-lr-lasso-l1-logistic-s42,17,oot,homecredit,locked_oot,lasso_l1_logistic,lasso_l1_logistic_v1,selector,lr,529,unsupported_not_persisted_by_prompt_10,20,natural_support_or_cap,20.0,True,completed,42,e146bf92ef7e186e0086bc5da008b09a0ba89d90f724fd2aaf13d1913eb48c86,44dae0bae662ea5ebb863a1fdfe3f68878235f3117cc11e0409f147ddda36f95,f5045e863d8debb0b80a5f67d62dcc27f62d80660b6395d4a41b1e05b07b07be,b3a8b21b9d9093c9be654f861f82236892276715e001ea8426c05a4bedaba1c2,f03647c376fe834f9bb1c3d6834ed42732ef3e7e1047eeff352af49b31ed607f,0.7453493532411243,0.49069870648224856,0.3634826681159694,3.049971864117842,402.8792689999973,7.937934875488281,19.728485107421875,0.0,,completed,,,,,
fbv1-018-homecredit-catboost-lasso-l1-logistic-s42,fbv1-018-homecredit-catboost-lasso-l1-logistic-s42,18,dev_expanding_window_fold,homecredit,1,lasso_l1_logistic,lasso_l1_logistic_v1,selector,catboost,529,unsupported_not_persisted_by_prompt_10,40,natural_support_or_cap,40.0,True,completed,42,,,,85718b3c6463c35a4b218b8d81b6fcf2170940b1af7bf49fb7fd54dff17ebdfb,f03647c376fe834f9bb1c3d6834ed42732ef3e7e1047eeff352af49b31ed607f,0.7461618098142452,0.4923236196284903,0.3681215613460633,3.1454683929931453,14.838927030563354,7.94232177734375,19.841537475585938,0.0,fold predictions not persisted; stored metrics cannot be prediction-recomputed,completed,1.0,catboost,40.0,3.817639112472534,10.656562089920044
fbv1-018-homecredit-catboost-lasso-l1-logistic-s42,fbv1-018-homecredit-catboost-lasso-l1-logistic-s42,18,dev_expanding_window_fold,homecredit,2,lasso_l1_logistic,lasso_l1_logistic_v1,selector,catboost,529,unsupported_not_persisted_by_prompt_10,40,natural_support_or_cap,40.0,True,completed,42,,,,85718b3c6463c35a4b218b8d81b6fcf2170940b1af7bf49fb7fd54dff17ebdfb,f03647c376fe834f9bb1c3d6834ed42732ef3e7e1047eeff352af49b31ed607f,0.755387995555837,0.510775991111674,0.386153704218196,3.181803760510744,35.890859842300415,7.94232177734375,19.841537475585938,0.0,fold predictions not persisted; stored metrics cannot be prediction-recomputed,completed,2.0,catboost,40.0,17.170918464660645,18.24907088279724
fbv1-018-homecredit-catboost-lasso-l1-logistic-s42,fbv1-018-homecredit-catboost-lasso-l1-logistic-s42,18,dev_expanding_window_fold,homecredit,3,lasso_l1_logistic,lasso_l1_logistic_v1,selector,catboost,529,unsupported_not_persisted_by_prompt_10,40,natural_support_or_cap,40.0,True,completed,42,,,,85718b3c6463c35a4b218b8d81b6fcf2170940b1af7bf49fb7fd54dff17ebdfb,f03647c376fe834f9bb1c3d6834ed42732ef3e7e1047eeff352af49b31ed607f,0.770722614828024,0.5414452296560479,0.4108997644365189,3.743977249644526,44.73941969871521,7.94232177734375,19.841537475585938,0.0,fold predictions not persisted; stored metrics cannot be prediction-recomputed,completed,3.0,catboost,40.0,19.90403437614441,24.292280673980716
fbv1-018-homecredit-catboost-lasso-l1-logistic-s42,fbv1-018-homecredit-catboost-lasso-l1-logistic-s42,18,dev_expanding_window_fold,homecredit,4,lasso_l1_logistic,lasso_l1_logistic_v1,selector,catboost,529,unsupported_not_persisted_by_prompt_10,40,natural_support_or_cap,40.0,True,completed,42,,,,85718b3c6463c35a4b218b8d81b6fcf2170940b1af7bf49fb7fd54dff17ebdfb,f03647c376fe834f9bb1c3d6834ed42732ef3e7e1047eeff352af49b31ed607f,0.770098927048956,0.540197854097912,0.4022833949164869,3.4504817980164177,96.91185688972472,7.94232177734375,19.841537475585938,0.0,fold predictions not persisted; stored metrics cannot be prediction-recomputed,completed,4.0,catboost,40.0,65.47755312919617,30.766566038131717
fbv1-018-homecredit-catboost-lasso-l1-logistic-s42,fbv1-018-homecredit-catboost-lasso-l1-logistic-s42,18,dev_expanding_window_fold,homecredit,5,lasso_l1_logistic,lasso_l1_logistic_v1,selector,catboost,529,unsupported_not_persisted_by_prompt_10,40,natural_support_or_cap,40.0,True,completed,42,,,,85718b3c6463c35a4b218b8d81b6fcf2170940b1af7bf49fb7fd54dff17ebdfb,f03647c376fe834f9bb1c3d6834ed42732ef3e7e1047eeff352af49b31ed607f,0.7654503885537874,0.5309007771075749,0.39832537163753,3.336621949673672,93.26990413665771,7.94232177734375,19.841537475585938,0.0,fold predictions not persisted; stored metrics cannot be prediction-recomputed,completed,5.0,catboost,40.0,54.78475546836853,37.74871492385864
fbv1-018-homecredit-catboost-lasso-l1-logistic-s42,fbv1-018-homecredit-catboost-lasso-l1-logistic-s42,18,full_dev_refit_diagnostic,homecredit,full_dev_in_sample,lasso_l1_logistic,lasso_l1_logistic_v1,selector,catboost,529,unsupported_not_persisted_by_prompt_10,40,natural_support_or_cap,40.0,True,completed,42,9b151507a12d2b16d72001630e786b2554137374a6576465c4c279fd8a42f99c,6b3eaa2e6925ae4386ef9e17c99b444cdc414c9102fbd98d6635c41f777aa3c2,1f68b49d4420e943a3833cb62b917c5e1093562281807d9047a11ffc2626aebc,85718b3c6463c35a4b218b8d81b6fcf2170940b1af7bf49fb7fd54dff17ebdfb,f03647c376fe834f9bb1c3d6834ed42732ef3e7e1047eeff352af49b31ed607f,0.9371808594622226,0.8743617189244453,0.7393432291723087,6.250926823405817,569.9616796999908,7.94232177734375,19.841537475585938,0.0,,completed,,,,,
fbv1-018-homecredit-catboost-lasso-l1-logistic-s42,fbv1-018-homecredit-catboost-lasso-l1-logistic-s42,18,oot,homecredit,locked_oot,lasso_l1_logistic,lasso_l1_logistic_v1,selector,catboost,529,unsupported_not_persisted_by_prompt_10,40,natural_support_or_cap,40.0,True,completed,42,a2cec8a5260736dc1f05e83e3c95c8a504bb6ef1137315f8d4b8c9ff560bfe6e,44dae0bae662ea5ebb863a1fdfe3f68878235f3117cc11e0409f147ddda36f95,f5045e863d8debb0b80a5f67d62dcc27f62d80660b6395d4a41b1e05b07b07be,85718b3c6463c35a4b218b8d81b6fcf2170940b1af7bf49fb7fd54dff17ebdfb,f03647c376fe834f9bb1c3d6834ed42732ef3e7e1047eeff352af49b31ed607f,0.7742262072686338,0.5484524145372676,0.41278949952242,3.496240753438151,569.9616796999908,7.94232177734375,19.841537475585938,0.0,,completed,,,,,
fbv1-019-lendingclub_v2-lr-lasso-l1-logistic-s42,fbv1-019-lendingclub_v2-lr-lasso-l1-logistic-s42,19,dev_expanding_window_fold,lendingclub_v2,1,lasso_l1_logistic,lasso_l1_logistic_v1,selector,lr,675,unsupported_not_persisted_by_prompt_10,20,natural_support_or_cap,20.0,True,completed,42,,,,5ffd29c4c8a7ae81db2f848958775f7a19ce9da49247d5160865d0cbc2c3e436,f03647c376fe834f9bb1c3d6834ed42732ef3e7e1047eeff352af49b31ed607f,0.7120282104106381,0.4240564208212762,0.3106005488594841,2.3545973037204817,33.22094964981079,28.349166870117188,0.2546882629394531,904.262487,fold predictions not persisted; stored metrics cannot be prediction-recomputed,completed,1.0,lr,20.0,31.94534206390381,0.525536060333252
fbv1-019-lendingclub_v2-lr-lasso-l1-logistic-s42,fbv1-019-lendingclub_v2-lr-lasso-l1-logistic-s42,19,dev_expanding_window_fold,lendingclub_v2,2,lasso_l1_logistic,lasso_l1_logistic_v1,selector,lr,675,unsupported_not_persisted_by_prompt_10,20,natural_support_or_cap,20.0,True,completed,42,,,,5ffd29c4c8a7ae81db2f848958775f7a19ce9da49247d5160865d0cbc2c3e436,f03647c376fe834f9bb1c3d6834ed42732ef3e7e1047eeff352af49b31ed607f,0.7134408033580689,0.4268816067161378,0.3146044320853957,2.340090877315624,103.26657366752625,28.349166870117188,0.2546882629394531,904.262487,fold predictions not persisted; stored metrics cannot be prediction-recomputed,completed,2.0,lr,20.0,100.89195895195007,1.605762243270874
fbv1-019-lendingclub_v2-lr-lasso-l1-logistic-s42,fbv1-019-lendingclub_v2-lr-lasso-l1-logistic-s42,19,dev_expanding_window_fold,lendingclub_v2,3,lasso_l1_logistic,lasso_l1_logistic_v1,selector,lr,675,unsupported_not_persisted_by_prompt_10,20,natural_support_or_cap,20.0,True,completed,42,,,,5ffd29c4c8a7ae81db2f848958775f7a19ce9da49247d5160865d0cbc2c3e436,f03647c376fe834f9bb1c3d6834ed42732ef3e7e1047eeff352af49b31ed607f,0.7206102463635656,0.4412204927271312,0.3190135166852503,2.4055239167357305,246.8436269760132,28.349166870117188,0.2546882629394531,904.262487,fold predictions not persisted; stored metrics cannot be prediction-recomputed,completed,3.0,lr,20.0,243.10056233406067,2.5276880264282227
fbv1-019-lendingclub_v2-lr-lasso-l1-logistic-s42,fbv1-019-lendingclub_v2-lr-lasso-l1-logistic-s42,19,dev_expanding_window_fold,lendingclub_v2,4,lasso_l1_logistic,lasso_l1_logistic_v1,selector,lr,675,unsupported_not_persisted_by_prompt_10,20,natural_support_or_cap,20.0,True,completed,42,,,,5ffd29c4c8a7ae81db2f848958775f7a19ce9da49247d5160865d0cbc2c3e436,f03647c376fe834f9bb1c3d6834ed42732ef3e7e1047eeff352af49b31ed607f,0.7296585936167524,0.4593171872335049,0.3325838376848308,2.5746422773926487,502.6191735267639,28.349166870117188,0.2546882629394531,904.262487,fold predictions not persisted; stored metrics cannot be prediction-recomputed,completed,4.0,lr,20.0,495.5827600955963,5.163419723510742
fbv1-019-lendingclub_v2-lr-lasso-l1-logistic-s42,fbv1-019-lendingclub_v2-lr-lasso-l1-logistic-s42,19,dev_expanding_window_fold,lendingclub_v2,5,lasso_l1_logistic,lasso_l1_logistic_v1,selector,lr,675,unsupported_not_persisted_by_prompt_10,20,natural_support_or_cap,20.0,True,completed,42,,,,5ffd29c4c8a7ae81db2f848958775f7a19ce9da49247d5160865d0cbc2c3e436,f03647c376fe834f9bb1c3d6834ed42732ef3e7e1047eeff352af49b31ed607f,0.717853480127622,0.4357069602552439,0.3127526368556549,2.4668167006363126,1488.7638466358185,28.349166870117188,0.2546882629394531,904.262487,fold predictions not persisted; stored metrics cannot be prediction-recomputed,completed,5.0,lr,20.0,1479.6492383480072,6.935853004455566
fbv1-019-lendingclub_v2-lr-lasso-l1-logistic-s42,fbv1-019-lendingclub_v2-lr-lasso-l1-logistic-s42,19,full_dev_refit_diagnostic,lendingclub_v2,full_dev_in_sample,lasso_l1_logistic,lasso_l1_logistic_v1,selector,lr,675,unsupported_not_persisted_by_prompt_10,20,natural_support_or_cap,20.0,True,completed,42,faf87ed64a922fddb24c376ba75c532565fe12eb4e9d25c8402af36a34cd3841,adc6858c1ac6c5acb3306b8074fd315e00f99ca06f92e1160a64f7209a5ae79e,5060f17d16fffb4665fbfba4d80331db0b56744cad19516a0913ef91b28032d4,5ffd29c4c8a7ae81db2f848958775f7a19ce9da49247d5160865d0cbc2c3e436,f03647c376fe834f9bb1c3d6834ed42732ef3e7e1047eeff352af49b31ed607f,0.705378672655003,0.41075734531000596,0.29555401066331727,2.3467464176342525,3296.3518974000035,28.349166870117188,0.2546882629394531,904.262487,,completed,,,,,
fbv1-019-lendingclub_v2-lr-lasso-l1-logistic-s42,fbv1-019-lendingclub_v2-lr-lasso-l1-logistic-s42,19,oot,lendingclub_v2,locked_oot,lasso_l1_logistic,lasso_l1_logistic_v1,selector,lr,675,unsupported_not_persisted_by_prompt_10,20,natural_support_or_cap,20.0,True,completed,42,7a1051c67031d12958760a417f69e62ec0ed2298bc9d27c2e5d2b391291dce31,58a4c0cae484435637172dabe24671608cf022babfd29425aba0879e68244714,e455f6dae0c55f6bd47aaeefde05ef6ad1468aa1053f9be7013b109c2b94c162,5ffd29c4c8a7ae81db2f848958775f7a19ce9da49247d5160865d0cbc2c3e436,f03647c376fe834f9bb1c3d6834ed42732ef3e7e1047eeff352af49b31ed607f,0.6811035325109065,0.362207065021813,0.2569709569059342,2.0583661058936307,3296.3518974000035,28.349166870117188,0.2546882629394531,904.262487,,completed,,,,,
fbv1-020-lendingclub_v2-catboost-lasso-l1-logistic-s42,fbv1-020-lendingclub_v2-catboost-lasso-l1-logistic-s42,20,dev_expanding_window_fold,lendingclub_v2,1,lasso_l1_logistic,lasso_l1_logistic_v1,selector,catboost,675,unsupported_not_persisted_by_prompt_10,40,natural_support_or_cap,40.0,True,completed,42,,,,5cd8f9d048e759a6c76578e13253d93f0f0fc410585854d6d8d97ee7cb2ad176,f03647c376fe834f9bb1c3d6834ed42732ef3e7e1047eeff352af49b31ed607f,0.7170053683956322,0.4340107367912644,0.3147358069058469,2.374675265225075,71.71136689186096,28.265827178955078,0.3631935119628906,3114.3601440000057,fold predictions not persisted; stored metrics cannot be prediction-recomputed,completed,1.0,catboost,40.0,32.2112762928009,38.06391644477844
fbv1-020-lendingclub_v2-catboost-lasso-l1-logistic-s42,fbv1-020-lendingclub_v2-catboost-lasso-l1-logistic-s42,20,dev_expanding_window_fold,lendingclub_v2,2,lasso_l1_logistic,lasso_l1_logistic_v1,selector,catboost,675,unsupported_not_persisted_by_prompt_10,40,natural_support_or_cap,40.0,True,completed,42,,,,5cd8f9d048e759a6c76578e13253d93f0f0fc410585854d6d8d97ee7cb2ad176,f03647c376fe834f9bb1c3d6834ed42732ef3e7e1047eeff352af49b31ed607f,0.7235927737386036,0.4471855474772073,0.3259687093669657,2.3837818944425027,169.68059372901917,28.265827178955078,0.3631935119628906,3114.3601440000057,fold predictions not persisted; stored metrics cannot be prediction-recomputed,completed,2.0,catboost,40.0,100.2503969669342,67.62330055236816
fbv1-020-lendingclub_v2-catboost-lasso-l1-logistic-s42,fbv1-020-lendingclub_v2-catboost-lasso-l1-logistic-s42,20,dev_expanding_window_fold,lendingclub_v2,3,lasso_l1_logistic,lasso_l1_logistic_v1,selector,catboost,675,unsupported_not_persisted_by_prompt_10,40,natural_support_or_cap,40.0,True,completed,42,,,,5cd8f9d048e759a6c76578e13253d93f0f0fc410585854d6d8d97ee7cb2ad176,f03647c376fe834f9bb1c3d6834ed42732ef3e7e1047eeff352af49b31ed607f,0.7299851640817584,0.4599703281635168,0.3324920915646334,2.483258012269344,378.4189918041229,28.265827178955078,0.3631935119628906,3114.3601440000057,fold predictions not persisted; stored metrics cannot be prediction-recomputed,completed,3.0,catboost,40.0,241.53392338752747,134.05153369903564
fbv1-020-lendingclub_v2-catboost-lasso-l1-logistic-s42,fbv1-020-lendingclub_v2-catboost-lasso-l1-logistic-s42,20,dev_expanding_window_fold,lendingclub_v2,4,lasso_l1_logistic,lasso_l1_logistic_v1,selector,catboost,675,unsupported_not_persisted_by_prompt_10,40,natural_support_or_cap,40.0,True,completed,42,,,,5cd8f9d048e759a6c76578e13253d93f0f0fc410585854d6d8d97ee7cb2ad176,f03647c376fe834f9bb1c3d6834ed42732ef3e7e1047eeff352af49b31ed607f,0.7381016713269465,0.4762033426538929,0.3455194488435665,2.6101615835450893,750.4764783382416,28.265827178955078,0.3631935119628906,3114.3601440000057,fold predictions not persisted; stored metrics cannot be prediction-recomputed,completed,4.0,catboost,40.0,512.3200578689575,234.3510534763336
fbv1-020-lendingclub_v2-catboost-lasso-l1-logistic-s42,fbv1-020-lendingclub_v2-catboost-lasso-l1-logistic-s42,20,dev_expanding_window_fold,lendingclub_v2,5,lasso_l1_logistic,lasso_l1_logistic_v1,selector,catboost,675,unsupported_not_persisted_by_prompt_10,40,natural_support_or_cap,40.0,True,completed,42,,,,5cd8f9d048e759a6c76578e13253d93f0f0fc410585854d6d8d97ee7cb2ad176,f03647c376fe834f9bb1c3d6834ed42732ef3e7e1047eeff352af49b31ed607f,0.7410185366998899,0.4820370733997798,0.3520812356685989,2.586035955707109,4278.524706363678,28.265827178955078,0.3631935119628906,3114.3601440000057,fold predictions not persisted; stored metrics cannot be prediction-recomputed,completed,5.0,catboost,40.0,3875.239125728607,396.8488626480103
fbv1-020-lendingclub_v2-catboost-lasso-l1-logistic-s42,fbv1-020-lendingclub_v2-catboost-lasso-l1-logistic-s42,20,full_dev_refit_diagnostic,lendingclub_v2,full_dev_in_sample,lasso_l1_logistic,lasso_l1_logistic_v1,selector,catboost,675,unsupported_not_persisted_by_prompt_10,40,natural_support_or_cap,40.0,True,completed,42,8dc6792e9385037eedab577e530dbcb963eb9c436606ca9e087c76af78b27c3b,adc6858c1ac6c5acb3306b8074fd315e00f99ca06f92e1160a64f7209a5ae79e,5060f17d16fffb4665fbfba4d80331db0b56744cad19516a0913ef91b28032d4,5cd8f9d048e759a6c76578e13253d93f0f0fc410585854d6d8d97ee7cb2ad176,f03647c376fe834f9bb1c3d6834ed42732ef3e7e1047eeff352af49b31ed607f,0.7806898498213231,0.5613796996426461,0.41748919553518254,2.8143174095844774,5784.314165799995,28.265827178955078,0.3631935119628906,3114.3601440000057,,completed,,,,,
fbv1-020-lendingclub_v2-catboost-lasso-l1-logistic-s42,fbv1-020-lendingclub_v2-catboost-lasso-l1-logistic-s42,20,oot,lendingclub_v2,locked_oot,lasso_l1_logistic,lasso_l1_logistic_v1,selector,catboost,675,unsupported_not_persisted_by_prompt_10,40,natural_support_or_cap,40.0,True,completed,42,46d75206821fc099b2d21d4823d3020258267719bcbd15e9d90a3fcd6d898062,58a4c0cae484435637172dabe24671608cf022babfd29425aba0879e68244714,e455f6dae0c55f6bd47aaeefde05ef6ad1468aa1053f9be7013b109c2b94c162,5cd8f9d048e759a6c76578e13253d93f0f0fc410585854d6d8d97ee7cb2ad176,f03647c376fe834f9bb1c3d6834ed42732ef3e7e1047eeff352af49b31ed607f,0.7096269175074682,0.4192538350149364,0.3006616494792721,2.2059050530524953,5784.314165799995,28.265827178955078,0.3631935119628906,3114.3601440000057,,completed,,,,,
fbv1-021-homecredit-lr-legacy-rf-relevance-corr-s42,fbv1-021-homecredit-lr-legacy-rf-relevance-corr-s42,21,dev_expanding_window_fold,homecredit,1,legacy_rf_relevance_corr,rf_relevance_correlation_redundancy,selector,lr,529,unsupported_not_persisted_by_prompt_10,20,exact_budget,20.0,False,completed,42,,,,833c7b2cba1fe882021f8d49f18951410c7948600497a7fea84bd88fbf136b70,f03647c376fe834f9bb1c3d6834ed42732ef3e7e1047eeff352af49b31ed607f,0.72009463853855,0.4401892770771001,0.333960819680632,2.817974105102817,92.62530207633972,8.860675811767578,8.049022674560547,0.0,fold predictions not persisted; stored metrics cannot be prediction-recomputed,completed,1.0,lr,20.0,92.05513644218443,0.1486327648162841
fbv1-021-homecredit-lr-legacy-rf-relevance-corr-s42,fbv1-021-homecredit-lr-legacy-rf-relevance-corr-s42,21,dev_expanding_window_fold,homecredit,2,legacy_rf_relevance_corr,rf_relevance_correlation_redundancy,selector,lr,529,unsupported_not_persisted_by_prompt_10,20,exact_budget,20.0,False,completed,42,,,,833c7b2cba1fe882021f8d49f18951410c7948600497a7fea84bd88fbf136b70,f03647c376fe834f9bb1c3d6834ed42732ef3e7e1047eeff352af49b31ed607f,0.7320588212875088,0.4641176425750175,0.3352715610109077,2.987495133914668,170.29634833335876,8.860675811767578,8.049022674560547,0.0,fold predictions not persisted; stored metrics cannot be prediction-recomputed,completed,2.0,lr,20.0,169.55465722084045,0.3059773445129394
fbv1-021-homecredit-lr-legacy-rf-relevance-corr-s42,fbv1-021-homecredit-lr-legacy-rf-relevance-corr-s42,21,dev_expanding_window_fold,homecredit,3,legacy_rf_relevance_corr,rf_relevance_correlation_redundancy,selector,lr,529,unsupported_not_persisted_by_prompt_10,20,exact_budget,20.0,False,completed,42,,,,833c7b2cba1fe882021f8d49f18951410c7948600497a7fea84bd88fbf136b70,f03647c376fe834f9bb1c3d6834ed42732ef3e7e1047eeff352af49b31ed607f,0.7480747114688069,0.4961494229376137,0.3748563503071132,3.1728620759699373,248.2771921157837,8.860675811767578,8.049022674560547,0.0,fold predictions not persisted; stored metrics cannot be prediction-recomputed,completed,3.0,lr,20.0,247.59519338607788,0.3539862632751465
fbv1-021-homecredit-lr-legacy-rf-relevance-corr-s42,fbv1-021-homecredit-lr-legacy-rf-relevance-corr-s42,21,dev_expanding_window_fold,homecredit,4,legacy_rf_relevance_corr,rf_relevance_correlation_redundancy,selector,lr,529,unsupported_not_persisted_by_prompt_10,20,exact_budget,20.0,False,completed,42,,,,833c7b2cba1fe882021f8d49f18951410c7948600497a7fea84bd88fbf136b70,f03647c376fe834f9bb1c3d6834ed42732ef3e7e1047eeff352af49b31ed607f,0.739439507380342,0.478879014760684,0.3651677365986028,2.86455092665514,259.45359230041504,8.860675811767578,8.049022674560547,0.0,fold predictions not persisted; stored metrics cannot be prediction-recomputed,completed,4.0,lr,20.0,258.2470691204071,0.6694161891937256
fbv1-021-homecredit-lr-legacy-rf-relevance-corr-s42,fbv1-021-homecredit-lr-legacy-rf-relevance-corr-s42,21,dev_expanding_window_fold,homecredit,5,legacy_rf_relevance_corr,rf_relevance_correlation_redundancy,selector,lr,529,unsupported_not_persisted_by_prompt_10,20,exact_budget,20.0,False,completed,42,,,,833c7b2cba1fe882021f8d49f18951410c7948600497a7fea84bd88fbf136b70,f03647c376fe834f9bb1c3d6834ed42732ef3e7e1047eeff352af49b31ed607f,0.7316702210690006,0.4633404421380012,0.3464416115691358,2.918658690585038,339.6432354450226,8.860675811767578,8.049022674560547,0.0,fold predictions not persisted; stored metrics cannot be prediction-recomputed,completed,5.0,lr,20.0,338.7815086841583,0.4523239135742187
fbv1-021-homecredit-lr-legacy-rf-relevance-corr-s42,fbv1-021-homecredit-lr-legacy-rf-relevance-corr-s42,21,full_dev_refit_diagnostic,homecredit,full_dev_in_sample,legacy_rf_relevance_corr,rf_relevance_correlation_redundancy,selector,lr,529,unsupported_not_persisted_by_prompt_10,20,exact_budget,20.0,False,completed,42,9bd7f4c6c8dbb14a7610bf4be6f05d4a709bc914e301e4eab05096cac5d697ac,6b3eaa2e6925ae4386ef9e17c99b444cdc414c9102fbd98d6635c41f777aa3c2,1f68b49d4420e943a3833cb62b917c5e1093562281807d9047a11ffc2626aebc,833c7b2cba1fe882021f8d49f18951410c7948600497a7fea84bd88fbf136b70,f03647c376fe834f9bb1c3d6834ed42732ef3e7e1047eeff352af49b31ed607f,0.7403152261836287,0.4806304523672573,0.35916507978066003,3.0357645838889233,1735.0974403,8.860675811767578,8.049022674560547,0.0,,completed,,,,,
fbv1-021-homecredit-lr-legacy-rf-relevance-corr-s42,fbv1-021-homecredit-lr-legacy-rf-relevance-corr-s42,21,oot,homecredit,locked_oot,legacy_rf_relevance_corr,rf_relevance_correlation_redundancy,selector,lr,529,unsupported_not_persisted_by_prompt_10,20,exact_budget,20.0,False,completed,42,5692ce58d4585ecd864135b2f94ec5f4230ea46bbc391e125bdb42645906b980,44dae0bae662ea5ebb863a1fdfe3f68878235f3117cc11e0409f147ddda36f95,f5045e863d8debb0b80a5f67d62dcc27f62d80660b6395d4a41b1e05b07b07be,833c7b2cba1fe882021f8d49f18951410c7948600497a7fea84bd88fbf136b70,f03647c376fe834f9bb1c3d6834ed42732ef3e7e1047eeff352af49b31ed607f,0.7447520668100092,0.4895041336200183,0.3597414543769408,3.0948794253073064,1735.0974403,8.860675811767578,8.049022674560547,0.0,,completed,,,,,
fbv1-022-homecredit-catboost-legacy-rf-relevance-corr-s42,fbv1-022-homecredit-catboost-legacy-rf-relevance-corr-s42,22,dev_expanding_window_fold,homecredit,1,legacy_rf_relevance_corr,rf_relevance_correlation_redundancy,selector,catboost,529,unsupported_not_persisted_by_prompt_10,40,exact_budget,40.0,False,completed,42,,,,093a2b6048d9567da36ff97a87c9289fcde7afa1c4d76568bf2cf7b370898338,f03647c376fe834f9bb1c3d6834ed42732ef3e7e1047eeff352af49b31ed607f,0.7351096234187179,0.4702192468374357,0.3530159162972331,3.0845392231530844,119.25975561141968,8.572521209716797,6.948833465576172,0.0,fold predictions not persisted; stored metrics cannot be prediction-recomputed,completed,1.0,catboost,40.0,85.75444650650024,32.585525035858154
fbv1-022-homecredit-catboost-legacy-rf-relevance-corr-s42,fbv1-022-homecredit-catboost-legacy-rf-relevance-corr-s42,22,dev_expanding_window_fold,homecredit,2,legacy_rf_relevance_corr,rf_relevance_correlation_redundancy,selector,catboost,529,unsupported_not_persisted_by_prompt_10,40,exact_budget,40.0,False,completed,42,,,,093a2b6048d9567da36ff97a87c9289fcde7afa1c4d76568bf2cf7b370898338,f03647c376fe834f9bb1c3d6834ed42732ef3e7e1047eeff352af49b31ed607f,0.7434601440751986,0.4869202881503971,0.360429549845829,3.230380917159763,197.5010678768158,8.572521209716797,6.948833465576172,0.0,fold predictions not persisted; stored metrics cannot be prediction-recomputed,completed,2.0,catboost,40.0,138.82864332199097,57.78123545646668
fbv1-022-homecredit-catboost-legacy-rf-relevance-corr-s42,fbv1-022-homecredit-catboost-legacy-rf-relevance-corr-s42,22,dev_expanding_window_fold,homecredit,3,legacy_rf_relevance_corr,rf_relevance_correlation_redundancy,selector,catboost,529,unsupported_not_persisted_by_prompt_10,40,exact_budget,40.0,False,completed,42,,,,093a2b6048d9567da36ff97a87c9289fcde7afa1c4d76568bf2cf7b370898338,f03647c376fe834f9bb1c3d6834ed42732ef3e7e1047eeff352af49b31ed607f,0.7634478232655368,0.5268956465310737,0.3993120225436452,3.569469835466179,276.61803817749023,8.572521209716797,6.948833465576172,0.0,fold predictions not persisted; stored metrics cannot be prediction-recomputed,completed,3.0,catboost,40.0,203.5128035545349,72.04323363304138
fbv1-022-homecredit-catboost-legacy-rf-relevance-corr-s42,fbv1-022-homecredit-catboost-legacy-rf-relevance-corr-s42,22,dev_expanding_window_fold,homecredit,4,legacy_rf_relevance_corr,rf_relevance_correlation_redundancy,selector,catboost,529,unsupported_not_persisted_by_prompt_10,40,exact_budget,40.0,False,completed,42,,,,093a2b6048d9567da36ff97a87c9289fcde7afa1c4d76568bf2cf7b370898338,f03647c376fe834f9bb1c3d6834ed42732ef3e7e1047eeff352af49b31ed607f,0.7624188579170833,0.5248377158341666,0.3970759561006532,3.305807508791411,392.6806709766388,8.572521209716797,6.948833465576172,0.0,fold predictions not persisted; stored metrics cannot be prediction-recomputed,completed,4.0,catboost,40.0,272.27352809906006,118.88214349746704
fbv1-022-homecredit-catboost-legacy-rf-relevance-corr-s42,fbv1-022-homecredit-catboost-legacy-rf-relevance-corr-s42,22,dev_expanding_window_fold,homecredit,5,legacy_rf_relevance_corr,rf_relevance_correlation_redundancy,selector,catboost,529,unsupported_not_persisted_by_prompt_10,40,exact_budget,40.0,False,completed,42,,,,093a2b6048d9567da36ff97a87c9289fcde7afa1c4d76568bf2cf7b370898338,f03647c376fe834f9bb1c3d6834ed42732ef3e7e1047eeff352af49b31ed607f,0.7569355223845271,0.5138710447690542,0.3748198859982634,3.3932949339568763,544.3902306556702,8.572521209716797,6.948833465576172,0.0,fold predictions not persisted; stored metrics cannot be prediction-recomputed,completed,5.0,catboost,40.0,486.1355273723602,57.4360454082489
fbv1-022-homecredit-catboost-legacy-rf-relevance-corr-s42,fbv1-022-homecredit-catboost-legacy-rf-relevance-corr-s42,22,full_dev_refit_diagnostic,homecredit,full_dev_in_sample,legacy_rf_relevance_corr,rf_relevance_correlation_redundancy,selector,catboost,529,unsupported_not_persisted_by_prompt_10,40,exact_budget,40.0,False,completed,42,693127ca6bd396bf79885c7867229f158d78ee0d5ebd10e3ba96fce27b50a06d,6b3eaa2e6925ae4386ef9e17c99b444cdc414c9102fbd98d6635c41f777aa3c2,1f68b49d4420e943a3833cb62b917c5e1093562281807d9047a11ffc2626aebc,093a2b6048d9567da36ff97a87c9289fcde7afa1c4d76568bf2cf7b370898338,f03647c376fe834f9bb1c3d6834ed42732ef3e7e1047eeff352af49b31ed607f,0.9322789023082306,0.8645578046164613,0.7228121753788148,6.108426557942464,2008.9727562000044,8.572521209716797,6.948833465576172,0.0,,completed,,,,,
fbv1-022-homecredit-catboost-legacy-rf-relevance-corr-s42,fbv1-022-homecredit-catboost-legacy-rf-relevance-corr-s42,22,oot,homecredit,locked_oot,legacy_rf_relevance_corr,rf_relevance_correlation_redundancy,selector,catboost,529,unsupported_not_persisted_by_prompt_10,40,exact_budget,40.0,False,completed,42,2b9a78d4b86a17b2164bf29e9c475d46ea9ae93528fecd3679522d3a5890860a,44dae0bae662ea5ebb863a1fdfe3f68878235f3117cc11e0409f147ddda36f95,f5045e863d8debb0b80a5f67d62dcc27f62d80660b6395d4a41b1e05b07b07be,093a2b6048d9567da36ff97a87c9289fcde7afa1c4d76568bf2cf7b370898338,f03647c376fe834f9bb1c3d6834ed42732ef3e7e1047eeff352af49b31ed607f,0.7698045497949377,0.5396090995898755,0.4070247209599454,3.4326217084197426,2008.9727562000044,8.572521209716797,6.948833465576172,0.0,,completed,,,,,
fbv1-023-lendingclub_v2-lr-legacy-rf-relevance-corr-s42,fbv1-023-lendingclub_v2-lr-legacy-rf-relevance-corr-s42,23,dev_expanding_window_fold,lendingclub_v2,1,legacy_rf_relevance_corr,rf_relevance_correlation_redundancy,selector,lr,675,unsupported_not_persisted_by_prompt_10,20,exact_budget,20.0,False,completed,42,,,,4971b31f97d6142c01bbeeacbb997c5e04f37c02153f5c9383dbd5930f6e8dd5,f03647c376fe834f9bb1c3d6834ed42732ef3e7e1047eeff352af49b31ed607f,0.7079272552543884,0.4158545105087767,0.3029489419315717,2.311247159562837,105.45826268196106,22.941734313964844,6.128334045410156,0.0,fold predictions not persisted; stored metrics cannot be prediction-recomputed,completed,1.0,lr,20.0,104.20366835594176,0.328608751296997
fbv1-023-lendingclub_v2-lr-legacy-rf-relevance-corr-s42,fbv1-023-lendingclub_v2-lr-legacy-rf-relevance-corr-s42,23,dev_expanding_window_fold,lendingclub_v2,2,legacy_rf_relevance_corr,rf_relevance_correlation_redundancy,selector,lr,675,unsupported_not_persisted_by_prompt_10,20,exact_budget,20.0,False,completed,42,,,,4971b31f97d6142c01bbeeacbb997c5e04f37c02153f5c9383dbd5930f6e8dd5,f03647c376fe834f9bb1c3d6834ed42732ef3e7e1047eeff352af49b31ed607f,0.7104431849013569,0.4208863698027139,0.3085575389210113,2.3185366421996974,158.64941334724426,22.941734313964844,6.128334045410156,0.0,fold predictions not persisted; stored metrics cannot be prediction-recomputed,completed,2.0,lr,20.0,154.6356599330902,2.419039249420166
fbv1-023-lendingclub_v2-lr-legacy-rf-relevance-corr-s42,fbv1-023-lendingclub_v2-lr-legacy-rf-relevance-corr-s42,23,dev_expanding_window_fold,lendingclub_v2,3,legacy_rf_relevance_corr,rf_relevance_correlation_redundancy,selector,lr,675,unsupported_not_persisted_by_prompt_10,20,exact_budget,20.0,False,completed,42,,,,4971b31f97d6142c01bbeeacbb997c5e04f37c02153f5c9383dbd5930f6e8dd5,f03647c376fe834f9bb1c3d6834ed42732ef3e7e1047eeff352af49b31ed607f,0.714889285714762,0.4297785714295239,0.3131054433729053,2.4009060496743277,225.41853618621823,22.941734313964844,6.128334045410156,0.0,fold predictions not persisted; stored metrics cannot be prediction-recomputed,completed,3.0,lr,20.0,222.20001554489136,1.3939006328582764
fbv1-023-lendingclub_v2-lr-legacy-rf-relevance-corr-s42,fbv1-023-lendingclub_v2-lr-legacy-rf-relevance-corr-s42,23,dev_expanding_window_fold,lendingclub_v2,4,legacy_rf_relevance_corr,rf_relevance_correlation_redundancy,selector,lr,675,unsupported_not_persisted_by_prompt_10,20,exact_budget,20.0,False,completed,42,,,,4971b31f97d6142c01bbeeacbb997c5e04f37c02153f5c9383dbd5930f6e8dd5,f03647c376fe834f9bb1c3d6834ed42732ef3e7e1047eeff352af49b31ed607f,0.7235241692010974,0.4470483384021948,0.3286058731209675,2.5345562033063223,241.69773888587952,22.941734313964844,6.128334045410156,0.0,fold predictions not persisted; stored metrics cannot be prediction-recomputed,completed,4.0,lr,20.0,238.9273717403412,1.2048242092132568
fbv1-023-lendingclub_v2-lr-legacy-rf-relevance-corr-s42,fbv1-023-lendingclub_v2-lr-legacy-rf-relevance-corr-s42,23,dev_expanding_window_fold,lendingclub_v2,5,legacy_rf_relevance_corr,rf_relevance_correlation_redundancy,selector,lr,675,unsupported_not_persisted_by_prompt_10,20,exact_budget,20.0,False,completed,42,,,,4971b31f97d6142c01bbeeacbb997c5e04f37c02153f5c9383dbd5930f6e8dd5,f03647c376fe834f9bb1c3d6834ed42732ef3e7e1047eeff352af49b31ed607f,0.7211172439004552,0.4422344878009103,0.3210945828655457,2.50905437957568,251.03936052322388,22.941734313964844,6.128334045410156,0.0,fold predictions not persisted; stored metrics cannot be prediction-recomputed,completed,5.0,lr,20.0,246.88152074813843,2.306431770324707
fbv1-023-lendingclub_v2-lr-legacy-rf-relevance-corr-s42,fbv1-023-lendingclub_v2-lr-legacy-rf-relevance-corr-s42,23,full_dev_refit_diagnostic,lendingclub_v2,full_dev_in_sample,legacy_rf_relevance_corr,rf_relevance_correlation_redundancy,selector,lr,675,unsupported_not_persisted_by_prompt_10,20,exact_budget,20.0,False,completed,42,38c9b6259266f86b2c1ab34a025754748499d52fab9f34f13e79134501b3c8de,adc6858c1ac6c5acb3306b8074fd315e00f99ca06f92e1160a64f7209a5ae79e,5060f17d16fffb4665fbfba4d80331db0b56744cad19516a0913ef91b28032d4,4971b31f97d6142c01bbeeacbb997c5e04f37c02153f5c9383dbd5930f6e8dd5,f03647c376fe834f9bb1c3d6834ed42732ef3e7e1047eeff352af49b31ed607f,0.7116884353455868,0.4233768706911736,0.3081537632108729,2.406336284408673,1534.392534499988,22.941734313964844,6.128334045410156,0.0,,completed,,,,,
fbv1-023-lendingclub_v2-lr-legacy-rf-relevance-corr-s42,fbv1-023-lendingclub_v2-lr-legacy-rf-relevance-corr-s42,23,oot,lendingclub_v2,locked_oot,legacy_rf_relevance_corr,rf_relevance_correlation_redundancy,selector,lr,675,unsupported_not_persisted_by_prompt_10,20,exact_budget,20.0,False,completed,42,cf99cad0547ee6ac89b4be02ad1aa4d0c7be8e6ce3f69993be09e2743a2fb2a2,58a4c0cae484435637172dabe24671608cf022babfd29425aba0879e68244714,e455f6dae0c55f6bd47aaeefde05ef6ad1468aa1053f9be7013b109c2b94c162,4971b31f97d6142c01bbeeacbb997c5e04f37c02153f5c9383dbd5930f6e8dd5,f03647c376fe834f9bb1c3d6834ed42732ef3e7e1047eeff352af49b31ed607f,0.6915457285238554,0.38309145704771086,0.2746720016199979,2.1078876194385128,1534.392534499988,22.941734313964844,6.128334045410156,0.0,,completed,,,,,
fbv1-024-lendingclub_v2-catboost-legacy-rf-relevance-corr-s42,fbv1-024-lendingclub_v2-catboost-legacy-rf-relevance-corr-s42,24,dev_expanding_window_fold,lendingclub_v2,1,legacy_rf_relevance_corr,rf_relevance_correlation_redundancy,selector,catboost,675,unsupported_not_persisted_by_prompt_10,40,exact_budget,40.0,False,completed,42,,,,2b7b7e0905a993f20c86ba3d9fc4ec73c9c173d9305af332aaee473a1cd4474d,f03647c376fe834f9bb1c3d6834ed42732ef3e7e1047eeff352af49b31ed607f,0.7144414597168739,0.4288829194337478,0.3115681949326689,2.361898380631243,110.84109306335448,18.612403869628906,10.358451843261719,0.0,fold predictions not persisted; stored metrics cannot be prediction-recomputed,completed,1.0,catboost,40.0,69.72631311416626,39.51752686500549
fbv1-024-lendingclub_v2-catboost-legacy-rf-relevance-corr-s42,fbv1-024-lendingclub_v2-catboost-legacy-rf-relevance-corr-s42,24,dev_expanding_window_fold,lendingclub_v2,2,legacy_rf_relevance_corr,rf_relevance_correlation_redundancy,selector,catboost,675,unsupported_not_persisted_by_prompt_10,40,exact_budget,40.0,False,completed,42,,,,2b7b7e0905a993f20c86ba3d9fc4ec73c9c173d9305af332aaee473a1cd4474d,f03647c376fe834f9bb1c3d6834ed42732ef3e7e1047eeff352af49b31ed607f,0.7190916247424373,0.4381832494848745,0.3178744649161056,2.387277175812653,170.7634675502777,18.612403869628906,10.358451843261719,0.0,fold predictions not persisted; stored metrics cannot be prediction-recomputed,completed,2.0,catboost,40.0,103.43431901931764,65.09743618965149
fbv1-024-lendingclub_v2-catboost-legacy-rf-relevance-corr-s42,fbv1-024-lendingclub_v2-catboost-legacy-rf-relevance-corr-s42,24,dev_expanding_window_fold,lendingclub_v2,3,legacy_rf_relevance_corr,rf_relevance_correlation_redundancy,selector,catboost,675,unsupported_not_persisted_by_prompt_10,40,exact_budget,40.0,False,completed,42,,,,2b7b7e0905a993f20c86ba3d9fc4ec73c9c173d9305af332aaee473a1cd4474d,f03647c376fe834f9bb1c3d6834ed42732ef3e7e1047eeff352af49b31ed607f,0.7272705040263248,0.4545410080526495,0.3282791849272511,2.4740222781465384,276.22335410118103,18.612403869628906,10.358451843261719,0.0,fold predictions not persisted; stored metrics cannot be prediction-recomputed,completed,3.0,catboost,40.0,147.5041003227234,125.44130039215088
fbv1-024-lendingclub_v2-catboost-legacy-rf-relevance-corr-s42,fbv1-024-lendingclub_v2-catboost-legacy-rf-relevance-corr-s42,24,dev_expanding_window_fold,lendingclub_v2,4,legacy_rf_relevance_corr,rf_relevance_correlation_redundancy,selector,catboost,675,unsupported_not_persisted_by_prompt_10,40,exact_budget,40.0,False,completed,42,,,,2b7b7e0905a993f20c86ba3d9fc4ec73c9c173d9305af332aaee473a1cd4474d,f03647c376fe834f9bb1c3d6834ed42732ef3e7e1047eeff352af49b31ed607f,0.7346940230852728,0.4693880461705455,0.3410866498584647,2.6071170715891663,397.2054126262665,18.612403869628906,10.358451843261719,0.0,fold predictions not persisted; stored metrics cannot be prediction-recomputed,completed,4.0,catboost,40.0,197.49649357795715,195.30907201766968
fbv1-024-lendingclub_v2-catboost-legacy-rf-relevance-corr-s42,fbv1-024-lendingclub_v2-catboost-legacy-rf-relevance-corr-s42,24,dev_expanding_window_fold,lendingclub_v2,5,legacy_rf_relevance_corr,rf_relevance_correlation_redundancy,selector,catboost,675,unsupported_not_persisted_by_prompt_10,40,exact_budget,40.0,False,completed,42,,,,2b7b7e0905a993f20c86ba3d9fc4ec73c9c173d9305af332aaee473a1cd4474d,f03647c376fe834f9bb1c3d6834ed42732ef3e7e1047eeff352af49b31ed607f,0.7350405545479686,0.4700811090959371,0.3391646814779632,2.553335817173405,563.3521511554718,18.612403869628906,10.358451843261719,0.0,fold predictions not persisted; stored metrics cannot be prediction-recomputed,completed,5.0,catboost,40.0,247.1737084388733,310.98780512809753
fbv1-024-lendingclub_v2-catboost-legacy-rf-relevance-corr-s42,fbv1-024-lendingclub_v2-catboost-legacy-rf-relevance-corr-s42,24,full_dev_refit_diagnostic,lendingclub_v2,full_dev_in_sample,legacy_rf_relevance_corr,rf_relevance_correlation_redundancy,selector,catboost,675,unsupported_not_persisted_by_prompt_10,40,exact_budget,40.0,False,completed,42,2dcb8aab460308dcab9502e4e94959b3f49a8e3aeb6ed62353173b192be2e616,adc6858c1ac6c5acb3306b8074fd315e00f99ca06f92e1160a64f7209a5ae79e,5060f17d16fffb4665fbfba4d80331db0b56744cad19516a0913ef91b28032d4,2b7b7e0905a993f20c86ba3d9fc4ec73c9c173d9305af332aaee473a1cd4474d,f03647c376fe834f9bb1c3d6834ed42732ef3e7e1047eeff352af49b31ed607f,0.7739227025397175,0.547845405079435,0.40612027241628024,2.7635335059058463,2482.805767999991,18.612403869628906,10.358451843261719,0.0,,completed,,,,,
fbv1-024-lendingclub_v2-catboost-legacy-rf-relevance-corr-s42,fbv1-024-lendingclub_v2-catboost-legacy-rf-relevance-corr-s42,24,oot,lendingclub_v2,locked_oot,legacy_rf_relevance_corr,rf_relevance_correlation_redundancy,selector,catboost,675,unsupported_not_persisted_by_prompt_10,40,exact_budget,40.0,False,completed,42,c252fa5e85d25d93507ce691eb1f1aa0ee6d2edd560546bc1c24e99776ea4b81,58a4c0cae484435637172dabe24671608cf022babfd29425aba0879e68244714,e455f6dae0c55f6bd47aaeefde05ef6ad1468aa1053f9be7013b109c2b94c162,2b7b7e0905a993f20c86ba3d9fc4ec73c9c173d9305af332aaee473a1cd4474d,f03647c376fe834f9bb1c3d6834ed42732ef3e7e1047eeff352af49b31ed607f,0.7071937974621152,0.4143875949242304,0.29724261731089063,2.194916551526264,2482.805767999991,18.612403869628906,10.358451843261719,0.0,,completed,,,,,
fbv1-025-homecredit-lr-catboost-shap-s42,fbv1-025-homecredit-lr-catboost-shap-s42,25,dev_expanding_window_fold,homecredit,1,catboost_shap,catboost_native_shap_regular_mean_abs_train_sample_v1,selector,lr,529,unsupported_not_persisted_by_prompt_10,20,exact_budget,20.0,False,completed,42,,,,2d154df379f51859341e5d9f30813e2a132bbd4ac9abcc13f73e5956f9149027,f03647c376fe834f9bb1c3d6834ed42732ef3e7e1047eeff352af49b31ed607f,0.7314019487783887,0.4628038975567774,0.3390636425980396,2.8636709824828634,20.99344611167908,7.933174133300781,20.86617660522461,0.0,fold predictions not persisted; stored metrics cannot be prediction-recomputed,completed,1.0,lr,20.0,20.771644353866577,0.0465776920318603
fbv1-025-homecredit-lr-catboost-shap-s42,fbv1-025-homecredit-lr-catboost-shap-s42,25,dev_expanding_window_fold,homecredit,2,catboost_shap,catboost_native_shap_regular_mean_abs_train_sample_v1,selector,lr,529,unsupported_not_persisted_by_prompt_10,20,exact_budget,20.0,False,completed,42,,,,2d154df379f51859341e5d9f30813e2a132bbd4ac9abcc13f73e5956f9149027,f03647c376fe834f9bb1c3d6834ed42732ef3e7e1047eeff352af49b31ed607f,0.7397777024876324,0.4795554049752648,0.3563345486354332,3.1413227966365618,24.502042055130005,7.933174133300781,20.86617660522461,0.0,fold predictions not persisted; stored metrics cannot be prediction-recomputed,completed,2.0,lr,20.0,24.1614670753479,0.1180226802825927
fbv1-025-homecredit-lr-catboost-shap-s42,fbv1-025-homecredit-lr-catboost-shap-s42,25,dev_expanding_window_fold,homecredit,3,catboost_shap,catboost_native_shap_regular_mean_abs_train_sample_v1,selector,lr,529,unsupported_not_persisted_by_prompt_10,20,exact_budget,20.0,False,completed,42,,,,2d154df379f51859341e5d9f30813e2a132bbd4ac9abcc13f73e5956f9149027,f03647c376fe834f9bb1c3d6834ed42732ef3e7e1047eeff352af49b31ed607f,0.7562030668331441,0.5124061336662882,0.3953745899654359,3.3632338005281333,27.524603366851807,7.933174133300781,20.86617660522461,0.0,fold predictions not persisted; stored metrics cannot be prediction-recomputed,completed,3.0,lr,20.0,27.09037470817566,0.1682384014129638
fbv1-025-homecredit-lr-catboost-shap-s42,fbv1-025-homecredit-lr-catboost-shap-s42,25,dev_expanding_window_fold,homecredit,4,catboost_shap,catboost_native_shap_regular_mean_abs_train_sample_v1,selector,lr,529,unsupported_not_persisted_by_prompt_10,20,exact_budget,20.0,False,completed,42,,,,2d154df379f51859341e5d9f30813e2a132bbd4ac9abcc13f73e5956f9149027,f03647c376fe834f9bb1c3d6834ed42732ef3e7e1047eeff352af49b31ed607f,0.7509852212773428,0.5019704425546856,0.3887534246224192,2.9368880712676426,31.12488412857056,7.933174133300781,20.86617660522461,0.0,fold predictions not persisted; stored metrics cannot be prediction-recomputed,completed,4.0,lr,20.0,30.31727743148804,0.483109712600708
fbv1-025-homecredit-lr-catboost-shap-s42,fbv1-025-homecredit-lr-catboost-shap-s42,25,dev_expanding_window_fold,homecredit,5,catboost_shap,catboost_native_shap_regular_mean_abs_train_sample_v1,selector,lr,529,unsupported_not_persisted_by_prompt_10,20,exact_budget,20.0,False,completed,42,,,,2d154df379f51859341e5d9f30813e2a132bbd4ac9abcc13f73e5956f9149027,f03647c376fe834f9bb1c3d6834ed42732ef3e7e1047eeff352af49b31ed607f,0.7382678477729616,0.4765356955459232,0.3620391644046441,3.1099300125408536,34.91596579551697,7.933174133300781,20.86617660522461,0.0,fold predictions not persisted; stored metrics cannot be prediction-recomputed,completed,5.0,lr,20.0,34.04764223098755,0.4318134784698486
fbv1-025-homecredit-lr-catboost-shap-s42,fbv1-025-homecredit-lr-catboost-shap-s42,25,full_dev_refit_diagnostic,homecredit,full_dev_in_sample,catboost_shap,catboost_native_shap_regular_mean_abs_train_sample_v1,selector,lr,529,unsupported_not_persisted_by_prompt_10,20,exact_budget,20.0,False,completed,42,b52d4025bf55a6b4eb344018e1bfbf96a1fcff275ff7dbafba3704f16e0d0ac4,6b3eaa2e6925ae4386ef9e17c99b444cdc414c9102fbd98d6635c41f777aa3c2,1f68b49d4420e943a3833cb62b917c5e1093562281807d9047a11ffc2626aebc,2d154df379f51859341e5d9f30813e2a132bbd4ac9abcc13f73e5956f9149027,f03647c376fe834f9bb1c3d6834ed42732ef3e7e1047eeff352af49b31ed607f,0.7476482316537099,0.4952964633074197,0.3711334008973362,3.154090697175457,259.12606850000157,7.933174133300781,20.86617660522461,0.0,,completed,,,,,
fbv1-025-homecredit-lr-catboost-shap-s42,fbv1-025-homecredit-lr-catboost-shap-s42,25,oot,homecredit,locked_oot,catboost_shap,catboost_native_shap_regular_mean_abs_train_sample_v1,selector,lr,529,unsupported_not_persisted_by_prompt_10,20,exact_budget,20.0,False,completed,42,880ec9c9eeee514cf53dcd46c93a2bcc60fc56b9a341694d8933e74f82e59086,44dae0bae662ea5ebb863a1fdfe3f68878235f3117cc11e0409f147ddda36f95,f5045e863d8debb0b80a5f67d62dcc27f62d80660b6395d4a41b1e05b07b07be,2d154df379f51859341e5d9f30813e2a132bbd4ac9abcc13f73e5956f9149027,f03647c376fe834f9bb1c3d6834ed42732ef3e7e1047eeff352af49b31ed607f,0.7501298442067997,0.5002596884135995,0.3703826437099741,3.12388222524217,259.12606850000157,7.933174133300781,20.86617660522461,0.0,,completed,,,,,
fbv1-026-homecredit-catboost-catboost-shap-s42,fbv1-026-homecredit-catboost-catboost-shap-s42,26,dev_expanding_window_fold,homecredit,1,catboost_shap,catboost_native_shap_regular_mean_abs_train_sample_v1,selector,catboost,529,unsupported_not_persisted_by_prompt_10,40,exact_budget,40.0,False,completed,42,,,,6cdc478b60d37a53f47c942bb833e4617d196b409e951023efceb39d9606bbe1,f03647c376fe834f9bb1c3d6834ed42732ef3e7e1047eeff352af49b31ed607f,0.7461487594955281,0.4922975189910561,0.374557098629415,3.175932977913176,33.21080040931702,7.931484222412109,20.94228744506836,0.0,fold predictions not persisted; stored metrics cannot be prediction-recomputed,completed,1.0,catboost,40.0,21.03061604499817,11.676324367523192
fbv1-026-homecredit-catboost-catboost-shap-s42,fbv1-026-homecredit-catboost-catboost-shap-s42,26,dev_expanding_window_fold,homecredit,2,catboost_shap,catboost_native_shap_regular_mean_abs_train_sample_v1,selector,catboost,529,unsupported_not_persisted_by_prompt_10,40,exact_budget,40.0,False,completed,42,,,,6cdc478b60d37a53f47c942bb833e4617d196b409e951023efceb39d9606bbe1,f03647c376fe834f9bb1c3d6834ed42732ef3e7e1047eeff352af49b31ed607f,0.7520371577018096,0.5040743154036191,0.3772448240142503,3.2384771099346,45.319979190826416,7.931484222412109,20.94228744506836,0.0,fold predictions not persisted; stored metrics cannot be prediction-recomputed,completed,2.0,catboost,40.0,24.054768800735477,20.703567266464237
fbv1-026-homecredit-catboost-catboost-shap-s42,fbv1-026-homecredit-catboost-catboost-shap-s42,26,dev_expanding_window_fold,homecredit,3,catboost_shap,catboost_native_shap_regular_mean_abs_train_sample_v1,selector,catboost,529,unsupported_not_persisted_by_prompt_10,40,exact_budget,40.0,False,completed,42,,,,6cdc478b60d37a53f47c942bb833e4617d196b409e951023efceb39d9606bbe1,f03647c376fe834f9bb1c3d6834ed42732ef3e7e1047eeff352af49b31ed607f,0.7782808793111943,0.5565617586223885,0.4336151288994562,3.6567235425553526,56.10632729530335,7.931484222412109,20.94228744506836,0.0,fold predictions not persisted; stored metrics cannot be prediction-recomputed,completed,3.0,catboost,40.0,27.556140184402462,27.929441213607788
fbv1-026-homecredit-catboost-catboost-shap-s42,fbv1-026-homecredit-catboost-catboost-shap-s42,26,dev_expanding_window_fold,homecredit,4,catboost_shap,catboost_native_shap_regular_mean_abs_train_sample_v1,selector,catboost,529,unsupported_not_persisted_by_prompt_10,40,exact_budget,40.0,False,completed,42,,,,6cdc478b60d37a53f47c942bb833e4617d196b409e951023efceb39d9606bbe1,f03647c376fe834f9bb1c3d6834ed42732ef3e7e1047eeff352af49b31ed607f,0.7720635307630472,0.5441270615260945,0.4137157498595118,3.4504817980164177,65.00552654266357,7.931484222412109,20.94228744506836,0.0,fold predictions not persisted; stored metrics cannot be prediction-recomputed,completed,4.0,catboost,40.0,30.525145292282104,33.662203788757324
fbv1-026-homecredit-catboost-catboost-shap-s42,fbv1-026-homecredit-catboost-catboost-shap-s42,26,dev_expanding_window_fold,homecredit,5,catboost_shap,catboost_native_shap_regular_mean_abs_train_sample_v1,selector,catboost,529,unsupported_not_persisted_by_prompt_10,40,exact_budget,40.0,False,completed,42,,,,6cdc478b60d37a53f47c942bb833e4617d196b409e951023efceb39d9606bbe1,f03647c376fe834f9bb1c3d6834ed42732ef3e7e1047eeff352af49b31ed607f,0.7707407631508274,0.5414815263016548,0.4046179330843438,3.485388533417084,105.10140204429626,7.931484222412109,20.94228744506836,0.0,fold predictions not persisted; stored metrics cannot be prediction-recomputed,completed,5.0,catboost,40.0,44.3593020439148,59.39878821372986
fbv1-026-homecredit-catboost-catboost-shap-s42,fbv1-026-homecredit-catboost-catboost-shap-s42,26,full_dev_refit_diagnostic,homecredit,full_dev_in_sample,catboost_shap,catboost_native_shap_regular_mean_abs_train_sample_v1,selector,catboost,529,unsupported_not_persisted_by_prompt_10,40,exact_budget,40.0,False,completed,42,6b48c1db87898bcfc69a4b82d938d8d24ac523c03056f23fbb1964a9eae22638,6b3eaa2e6925ae4386ef9e17c99b444cdc414c9102fbd98d6635c41f777aa3c2,1f68b49d4420e943a3833cb62b917c5e1093562281807d9047a11ffc2626aebc,6cdc478b60d37a53f47c942bb833e4617d196b409e951023efceb39d9606bbe1,f03647c376fe834f9bb1c3d6834ed42732ef3e7e1047eeff352af49b31ed607f,0.9462586790794619,0.8925173581589239,0.7646996995664493,6.557556858911781,509.43676130000676,7.931484222412109,20.94228744506836,0.0,,completed,,,,,
fbv1-026-homecredit-catboost-catboost-shap-s42,fbv1-026-homecredit-catboost-catboost-shap-s42,26,oot,homecredit,locked_oot,catboost_shap,catboost_native_shap_regular_mean_abs_train_sample_v1,selector,catboost,529,unsupported_not_persisted_by_prompt_10,40,exact_budget,40.0,False,completed,42,8ac6b8bb2538e0b80ac2ccc689c8a8748e2227faaf680d650f86d8b8c989641a,44dae0bae662ea5ebb863a1fdfe3f68878235f3117cc11e0409f147ddda36f95,f5045e863d8debb0b80a5f67d62dcc27f62d80660b6395d4a41b1e05b07b07be,6cdc478b60d37a53f47c942bb833e4617d196b409e951023efceb39d9606bbe1,f03647c376fe834f9bb1c3d6834ed42732ef3e7e1047eeff352af49b31ed607f,0.7795351956558697,0.5590703913117394,0.4199778214110799,3.5607953726480073,509.43676130000676,7.931484222412109,20.94228744506836,0.0,,completed,,,,,
fbv1-027-lendingclub_v2-lr-catboost-shap-s42,fbv1-027-lendingclub_v2-lr-catboost-shap-s42,27,dev_expanding_window_fold,lendingclub_v2,1,catboost_shap,catboost_native_shap_regular_mean_abs_train_sample_v1,selector,lr,675,unsupported_not_persisted_by_prompt_10,20,exact_budget,20.0,False,completed,42,,,,c3aed8821ff0fca6662ebf144c0160336c88766af6efc84e88c28513762ebc27,f03647c376fe834f9bb1c3d6834ed42732ef3e7e1047eeff352af49b31ed607f,0.7091137558714218,0.4182275117428435,0.3069336527693355,2.319004553780521,36.66586637496948,22.364009857177734,6.4377899169921875,0.0,fold predictions not persisted; stored metrics cannot be prediction-recomputed,completed,1.0,lr,20.0,34.242687702178955,0.962043523788452
fbv1-027-lendingclub_v2-lr-catboost-shap-s42,fbv1-027-lendingclub_v2-lr-catboost-shap-s42,27,dev_expanding_window_fold,lendingclub_v2,2,catboost_shap,catboost_native_shap_regular_mean_abs_train_sample_v1,selector,lr,675,unsupported_not_persisted_by_prompt_10,20,exact_budget,20.0,False,completed,42,,,,c3aed8821ff0fca6662ebf144c0160336c88766af6efc84e88c28513762ebc27,f03647c376fe834f9bb1c3d6834ed42732ef3e7e1047eeff352af49b31ed607f,0.7111596025992121,0.4223192051984241,0.3091594708398082,2.323197017359897,54.92122030258179,22.364009857177734,6.4377899169921875,0.0,fold predictions not persisted; stored metrics cannot be prediction-recomputed,completed,2.0,lr,20.0,50.365299701690674,2.6003434658050537
fbv1-027-lendingclub_v2-lr-catboost-shap-s42,fbv1-027-lendingclub_v2-lr-catboost-shap-s42,27,dev_expanding_window_fold,lendingclub_v2,3,catboost_shap,catboost_native_shap_regular_mean_abs_train_sample_v1,selector,lr,675,unsupported_not_persisted_by_prompt_10,20,exact_budget,20.0,False,completed,42,,,,c3aed8821ff0fca6662ebf144c0160336c88766af6efc84e88c28513762ebc27,f03647c376fe834f9bb1c3d6834ed42732ef3e7e1047eeff352af49b31ed607f,0.7170804327894957,0.4341608655789915,0.3146351863496369,2.3858979817247685,70.08054542541504,22.364009857177734,6.4377899169921875,0.0,fold predictions not persisted; stored metrics cannot be prediction-recomputed,completed,3.0,lr,20.0,65.5972535610199,2.6350436210632324
fbv1-027-lendingclub_v2-lr-catboost-shap-s42,fbv1-027-lendingclub_v2-lr-catboost-shap-s42,27,dev_expanding_window_fold,lendingclub_v2,4,catboost_shap,catboost_native_shap_regular_mean_abs_train_sample_v1,selector,lr,675,unsupported_not_persisted_by_prompt_10,20,exact_budget,20.0,False,completed,42,,,,c3aed8821ff0fca6662ebf144c0160336c88766af6efc84e88c28513762ebc27,f03647c376fe834f9bb1c3d6834ed42732ef3e7e1047eeff352af49b31ed607f,0.7292409247871179,0.4584818495742357,0.3350063282954512,2.550793600404581,81.90229153633118,22.364009857177734,6.4377899169921875,0.0,fold predictions not persisted; stored metrics cannot be prediction-recomputed,completed,4.0,lr,20.0,71.37356781959534,7.409826278686523
fbv1-027-lendingclub_v2-lr-catboost-shap-s42,fbv1-027-lendingclub_v2-lr-catboost-shap-s42,27,dev_expanding_window_fold,lendingclub_v2,5,catboost_shap,catboost_native_shap_regular_mean_abs_train_sample_v1,selector,lr,675,unsupported_not_persisted_by_prompt_10,20,exact_budget,20.0,False,completed,42,,,,c3aed8821ff0fca6662ebf144c0160336c88766af6efc84e88c28513762ebc27,f03647c376fe834f9bb1c3d6834ed42732ef3e7e1047eeff352af49b31ed607f,0.7262707180860999,0.4525414361721998,0.3290894552180211,2.507691873803443,102.62506985664368,22.364009857177734,6.4377899169921875,0.0,fold predictions not persisted; stored metrics cannot be prediction-recomputed,completed,5.0,lr,20.0,87.56704354286194,11.01137351989746
fbv1-027-lendingclub_v2-lr-catboost-shap-s42,fbv1-027-lendingclub_v2-lr-catboost-shap-s42,27,full_dev_refit_diagnostic,lendingclub_v2,full_dev_in_sample,catboost_shap,catboost_native_shap_regular_mean_abs_train_sample_v1,selector,lr,675,unsupported_not_persisted_by_prompt_10,20,exact_budget,20.0,False,completed,42,7021652164a38b8a46f754848fc6c135821550cdf9d5e6c0b279be241432d8e7,adc6858c1ac6c5acb3306b8074fd315e00f99ca06f92e1160a64f7209a5ae79e,5060f17d16fffb4665fbfba4d80331db0b56744cad19516a0913ef91b28032d4,c3aed8821ff0fca6662ebf144c0160336c88766af6efc84e88c28513762ebc27,f03647c376fe834f9bb1c3d6834ed42732ef3e7e1047eeff352af49b31ed607f,0.7168298074195785,0.43365961483915694,0.3149039827330831,2.416082690165178,710.1681345999968,22.364009857177734,6.4377899169921875,0.0,,completed,,,,,
fbv1-027-lendingclub_v2-lr-catboost-shap-s42,fbv1-027-lendingclub_v2-lr-catboost-shap-s42,27,oot,lendingclub_v2,locked_oot,catboost_shap,catboost_native_shap_regular_mean_abs_train_sample_v1,selector,lr,675,unsupported_not_persisted_by_prompt_10,20,exact_budget,20.0,False,completed,42,e38928fd5bd6b4e28dfb1bb2a0b7546e7c5189c4d3e866402525109191262931,58a4c0cae484435637172dabe24671608cf022babfd29425aba0879e68244714,e455f6dae0c55f6bd47aaeefde05ef6ad1468aa1053f9be7013b109c2b94c162,c3aed8821ff0fca6662ebf144c0160336c88766af6efc84e88c28513762ebc27,f03647c376fe834f9bb1c3d6834ed42732ef3e7e1047eeff352af49b31ed607f,0.6965421682537228,0.3930843365074457,0.2815476773157388,2.1360181833456644,710.1681345999968,22.364009857177734,6.4377899169921875,0.0,,completed,,,,,
fbv1-028-lendingclub_v2-catboost-catboost-shap-s42,fbv1-028-lendingclub_v2-catboost-catboost-shap-s42,28,dev_expanding_window_fold,lendingclub_v2,1,catboost_shap,catboost_native_shap_regular_mean_abs_train_sample_v1,selector,catboost,675,unsupported_not_persisted_by_prompt_10,40,exact_budget,40.0,False,completed,42,,,,06afecd253616198e592891bb6c0ad56f4914846271f874873354c992712c44a,f03647c376fe834f9bb1c3d6834ed42732ef3e7e1047eeff352af49b31ed607f,0.7172006635744202,0.4344013271488405,0.3168770448625879,2.3819763421358364,64.64038491249084,23.593677520751953,5.030559539794922,0.0,fold predictions not persisted; stored metrics cannot be prediction-recomputed,completed,1.0,catboost,40.0,24.998793601989743,37.33686065673828
fbv1-028-lendingclub_v2-catboost-catboost-shap-s42,fbv1-028-lendingclub_v2-catboost-catboost-shap-s42,28,dev_expanding_window_fold,lendingclub_v2,2,catboost_shap,catboost_native_shap_regular_mean_abs_train_sample_v1,selector,catboost,675,unsupported_not_persisted_by_prompt_10,40,exact_budget,40.0,False,completed,42,,,,06afecd253616198e592891bb6c0ad56f4914846271f874873354c992712c44a,f03647c376fe834f9bb1c3d6834ed42732ef3e7e1047eeff352af49b31ed607f,0.7239543303495626,0.4479086606991251,0.3218342084841696,2.4298030991494817,102.81867671012878,23.593677520751953,5.030559539794922,0.0,fold predictions not persisted; stored metrics cannot be prediction-recomputed,completed,2.0,catboost,40.0,37.17011618614197,62.77527832984924
fbv1-028-lendingclub_v2-catboost-catboost-shap-s42,fbv1-028-lendingclub_v2-catboost-catboost-shap-s42,28,dev_expanding_window_fold,lendingclub_v2,3,catboost_shap,catboost_native_shap_regular_mean_abs_train_sample_v1,selector,catboost,675,unsupported_not_persisted_by_prompt_10,40,exact_budget,40.0,False,completed,42,,,,06afecd253616198e592891bb6c0ad56f4914846271f874873354c992712c44a,f03647c376fe834f9bb1c3d6834ed42732ef3e7e1047eeff352af49b31ed607f,0.7336474457698241,0.4672948915396482,0.3399390325501544,2.530975971903839,181.89453148841855,23.593677520751953,5.030559539794922,0.0,fold predictions not persisted; stored metrics cannot be prediction-recomputed,completed,3.0,catboost,40.0,55.38324213027954,121.72826266288756
fbv1-028-lendingclub_v2-catboost-catboost-shap-s42,fbv1-028-lendingclub_v2-catboost-catboost-shap-s42,28,dev_expanding_window_fold,lendingclub_v2,4,catboost_shap,catboost_native_shap_regular_mean_abs_train_sample_v1,selector,catboost,675,unsupported_not_persisted_by_prompt_10,40,exact_budget,40.0,False,completed,42,,,,06afecd253616198e592891bb6c0ad56f4914846271f874873354c992712c44a,f03647c376fe834f9bb1c3d6834ed42732ef3e7e1047eeff352af49b31ed607f,0.7417313834876752,0.4834627669753504,0.352683872266708,2.644666052378889,329.3306038379669,23.593677520751953,5.030559539794922,0.0,fold predictions not persisted; stored metrics cannot be prediction-recomputed,completed,4.0,catboost,40.0,72.28009986877441,250.9895293712616
fbv1-028-lendingclub_v2-catboost-catboost-shap-s42,fbv1-028-lendingclub_v2-catboost-catboost-shap-s42,28,dev_expanding_window_fold,lendingclub_v2,5,catboost_shap,catboost_native_shap_regular_mean_abs_train_sample_v1,selector,catboost,675,unsupported_not_persisted_by_prompt_10,40,exact_budget,40.0,False,completed,42,,,,06afecd253616198e592891bb6c0ad56f4914846271f874873354c992712c44a,f03647c376fe834f9bb1c3d6834ed42732ef3e7e1047eeff352af49b31ed607f,0.7436088751992388,0.4872177503984776,0.3537451976130503,2.619417347126932,408.19159507751465,23.593677520751953,5.030559539794922,0.0,fold predictions not persisted; stored metrics cannot be prediction-recomputed,completed,5.0,catboost,40.0,89.71389079093933,311.3363490104676
fbv1-028-lendingclub_v2-catboost-catboost-shap-s42,fbv1-028-lendingclub_v2-catboost-catboost-shap-s42,28,full_dev_refit_diagnostic,lendingclub_v2,full_dev_in_sample,catboost_shap,catboost_native_shap_regular_mean_abs_train_sample_v1,selector,catboost,675,unsupported_not_persisted_by_prompt_10,40,exact_budget,40.0,False,completed,42,e80dd092ca2cf50e517938f94ddbe0c901c5d8a053b5f1cd68e925291f094ff1,adc6858c1ac6c5acb3306b8074fd315e00f99ca06f92e1160a64f7209a5ae79e,5060f17d16fffb4665fbfba4d80331db0b56744cad19516a0913ef91b28032d4,06afecd253616198e592891bb6c0ad56f4914846271f874873354c992712c44a,f03647c376fe834f9bb1c3d6834ed42732ef3e7e1047eeff352af49b31ed607f,0.7793100739337478,0.5586201478674957,0.413985577327059,2.8219264456575384,1860.0032035999902,23.593677520751953,5.030559539794922,0.0,,completed,,,,,
fbv1-028-lendingclub_v2-catboost-catboost-shap-s42,fbv1-028-lendingclub_v2-catboost-catboost-shap-s42,28,oot,lendingclub_v2,locked_oot,catboost_shap,catboost_native_shap_regular_mean_abs_train_sample_v1,selector,catboost,675,unsupported_not_persisted_by_prompt_10,40,exact_budget,40.0,False,completed,42,c3b20fa84ae0c9b20df281f3c4d0b773cd3b6cfc88539210e8f58c0cdd3ad4c9,58a4c0cae484435637172dabe24671608cf022babfd29425aba0879e68244714,e455f6dae0c55f6bd47aaeefde05ef6ad1468aa1053f9be7013b109c2b94c162,06afecd253616198e592891bb6c0ad56f4914846271f874873354c992712c44a,f03647c376fe834f9bb1c3d6834ed42732ef3e7e1047eeff352af49b31ed607f,0.7151490967691265,0.43029819353825305,0.30863984411599943,2.246928792083758,1860.0032035999902,23.593677520751953,5.030559539794922,0.0,,completed,,,,,
fbv1-029-homecredit-lr-boruta-random-forest-s42,fbv1-029-homecredit-lr-boruta-random-forest-s42,29,dev_expanding_window_fold,homecredit,1,boruta_random_forest,boruta_random_forest_confirmed_tentative_v1,selector,lr,529,unsupported_not_persisted_by_prompt_10,20,natural_support_or_cap,20.0,True,completed,42,,,,c008f1cfaabdfa066e512aa100c69861094006df2ea960627a56c0983476e9d2,f03647c376fe834f9bb1c3d6834ed42732ef3e7e1047eeff352af49b31ed607f,0.7148203818889062,0.4296407637778123,0.3206789566724969,2.795125666412795,64.39988303184509,7.9321136474609375,21.01412582397461,0.0,fold predictions not persisted; stored metrics cannot be prediction-recomputed,completed,1.0,lr,20.0,64.1844732761383,0.0989820957183837
fbv1-029-homecredit-lr-boruta-random-forest-s42,fbv1-029-homecredit-lr-boruta-random-forest-s42,29,dev_expanding_window_fold,homecredit,2,boruta_random_forest,boruta_random_forest_confirmed_tentative_v1,selector,lr,529,unsupported_not_persisted_by_prompt_10,20,natural_support_or_cap,20.0,True,completed,42,,,,c008f1cfaabdfa066e512aa100c69861094006df2ea960627a56c0983476e9d2,f03647c376fe834f9bb1c3d6834ed42732ef3e7e1047eeff352af49b31ed607f,0.7222052804793009,0.4444105609586017,0.3303140641670047,2.857956049517284,136.77741146087646,7.9321136474609375,21.01412582397461,0.0,fold predictions not persisted; stored metrics cannot be prediction-recomputed,completed,2.0,lr,20.0,136.48911666870117,0.0887250900268554
fbv1-029-homecredit-lr-boruta-random-forest-s42,fbv1-029-homecredit-lr-boruta-random-forest-s42,29,dev_expanding_window_fold,homecredit,3,boruta_random_forest,boruta_random_forest_confirmed_tentative_v1,selector,lr,529,unsupported_not_persisted_by_prompt_10,20,natural_support_or_cap,20.0,True,completed,42,,,,c008f1cfaabdfa066e512aa100c69861094006df2ea960627a56c0983476e9d2,f03647c376fe834f9bb1c3d6834ed42732ef3e7e1047eeff352af49b31ed607f,0.734744303022488,0.4694886060449761,0.3561257512713823,3.0697440585009144,222.6794791221619,7.9321136474609375,21.01412582397461,0.0,fold predictions not persisted; stored metrics cannot be prediction-recomputed,completed,3.0,lr,20.0,222.1338641643524,0.24603271484375
fbv1-029-homecredit-lr-boruta-random-forest-s42,fbv1-029-homecredit-lr-boruta-random-forest-s42,29,dev_expanding_window_fold,homecredit,4,boruta_random_forest,boruta_random_forest_confirmed_tentative_v1,selector,lr,529,unsupported_not_persisted_by_prompt_10,20,natural_support_or_cap,20.0,True,completed,42,,,,c008f1cfaabdfa066e512aa100c69861094006df2ea960627a56c0983476e9d2,f03647c376fe834f9bb1c3d6834ed42732ef3e7e1047eeff352af49b31ed607f,0.7329032338917069,0.4658064677834137,0.3604061383588756,2.7994474965038862,292.09336256980896,7.9321136474609375,21.01412582397461,0.0,fold predictions not persisted; stored metrics cannot be prediction-recomputed,completed,4.0,lr,20.0,291.46387100219727,0.3007493019104004
fbv1-029-homecredit-lr-boruta-random-forest-s42,fbv1-029-homecredit-lr-boruta-random-forest-s42,29,dev_expanding_window_fold,homecredit,5,boruta_random_forest,boruta_random_forest_confirmed_tentative_v1,selector,lr,529,unsupported_not_persisted_by_prompt_10,20,natural_support_or_cap,20.0,True,completed,42,,,,c008f1cfaabdfa066e512aa100c69861094006df2ea960627a56c0983476e9d2,f03647c376fe834f9bb1c3d6834ed42732ef3e7e1047eeff352af49b31ed607f,0.7289284512457714,0.4578569024915428,0.3360900549966854,2.897406321478836,374.6450910568237,7.9321136474609375,21.01412582397461,0.0,fold predictions not persisted; stored metrics cannot be prediction-recomputed,completed,5.0,lr,20.0,373.8467562198639,0.4211063385009765
fbv1-029-homecredit-lr-boruta-random-forest-s42,fbv1-029-homecredit-lr-boruta-random-forest-s42,29,full_dev_refit_diagnostic,homecredit,full_dev_in_sample,boruta_random_forest,boruta_random_forest_confirmed_tentative_v1,selector,lr,529,unsupported_not_persisted_by_prompt_10,20,natural_support_or_cap,20.0,True,completed,42,2cf197fafe4fd04ab50d99a3ea82cdea5912f962d560bc1cf15af00287ba1523,6b3eaa2e6925ae4386ef9e17c99b444cdc414c9102fbd98d6635c41f777aa3c2,1f68b49d4420e943a3833cb62b917c5e1093562281807d9047a11ffc2626aebc,c008f1cfaabdfa066e512aa100c69861094006df2ea960627a56c0983476e9d2,f03647c376fe834f9bb1c3d6834ed42732ef3e7e1047eeff352af49b31ed607f,0.7360360820121283,0.47207216402425667,0.34949598134461757,3.0179520507060045,1634.0049351000052,7.9321136474609375,21.01412582397461,0.0,,completed,,,,,
fbv1-029-homecredit-lr-boruta-random-forest-s42,fbv1-029-homecredit-lr-boruta-random-forest-s42,29,oot,homecredit,locked_oot,boruta_random_forest,boruta_random_forest_confirmed_tentative_v1,selector,lr,529,unsupported_not_persisted_by_prompt_10,20,natural_support_or_cap,20.0,True,completed,42,7f48947c4fe53b0324ef4f8ae830d3027d7acc511e335fb78444830c0e4f8f3e,44dae0bae662ea5ebb863a1fdfe3f68878235f3117cc11e0409f147ddda36f95,f5045e863d8debb0b80a5f67d62dcc27f62d80660b6395d4a41b1e05b07b07be,c008f1cfaabdfa066e512aa100c69861094006df2ea960627a56c0983476e9d2,f03647c376fe834f9bb1c3d6834ed42732ef3e7e1047eeff352af49b31ed607f,0.7397382371452405,0.4794764742904809,0.3534461568222764,3.034067102863239,1634.0049351000052,7.9321136474609375,21.01412582397461,0.0,,completed,,,,,
fbv1-030-homecredit-catboost-boruta-random-forest-s42,fbv1-030-homecredit-catboost-boruta-random-forest-s42,30,dev_expanding_window_fold,homecredit,1,boruta_random_forest,boruta_random_forest_confirmed_tentative_v1,selector,catboost,529,unsupported_not_persisted_by_prompt_10,26,natural_support_or_cap,40.0,True,infeasible_natural_support,42,,,,f7ea47a61bf3e4eddb937b07e6afde1798bc85daaac7fb4a87a80be4d41f6de1,f03647c376fe834f9bb1c3d6834ed42732ef3e7e1047eeff352af49b31ed607f,0.7282033354340721,0.4564066708681442,0.330914361188629,3.069306930693069,74.12449955940247,7.948005676269531,20.818012237548828,0.0,fold predictions not persisted; stored metrics cannot be prediction-recomputed,completed,1.0,catboost,26.0,64.4470944404602,9.43999171257019
fbv1-030-homecredit-catboost-boruta-random-forest-s42,fbv1-030-homecredit-catboost-boruta-random-forest-s42,30,dev_expanding_window_fold,homecredit,2,boruta_random_forest,boruta_random_forest_confirmed_tentative_v1,selector,catboost,529,unsupported_not_persisted_by_prompt_10,40,natural_support_or_cap,40.0,True,completed,42,,,,f7ea47a61bf3e4eddb937b07e6afde1798bc85daaac7fb4a87a80be4d41f6de1,f03647c376fe834f9bb1c3d6834ed42732ef3e7e1047eeff352af49b31ed607f,0.7280028786652581,0.4560057573305163,0.3369042415366268,2.979398941139832,156.98571705818176,7.948005676269531,20.818012237548828,0.0,fold predictions not persisted; stored metrics cannot be prediction-recomputed,completed,2.0,catboost,40.0,137.0015468597412,19.55701994895935
fbv1-030-homecredit-catboost-boruta-random-forest-s42,fbv1-030-homecredit-catboost-boruta-random-forest-s42,30,dev_expanding_window_fold,homecredit,3,boruta_random_forest,boruta_random_forest_confirmed_tentative_v1,selector,catboost,529,unsupported_not_persisted_by_prompt_10,40,natural_support_or_cap,40.0,True,completed,42,,,,f7ea47a61bf3e4eddb937b07e6afde1798bc85daaac7fb4a87a80be4d41f6de1,f03647c376fe834f9bb1c3d6834ed42732ef3e7e1047eeff352af49b31ed607f,0.7464450042615289,0.4928900085230578,0.3697113796975101,3.2997765590087345,240.1140580177307,7.948005676269531,20.818012237548828,0.0,fold predictions not persisted; stored metrics cannot be prediction-recomputed,completed,3.0,catboost,40.0,213.2537705898285,26.294448852539062
fbv1-030-homecredit-catboost-boruta-random-forest-s42,fbv1-030-homecredit-catboost-boruta-random-forest-s42,30,dev_expanding_window_fold,homecredit,4,boruta_random_forest,boruta_random_forest_confirmed_tentative_v1,selector,catboost,529,unsupported_not_persisted_by_prompt_10,40,natural_support_or_cap,40.0,True,completed,42,,,,f7ea47a61bf3e4eddb937b07e6afde1798bc85daaac7fb4a87a80be4d41f6de1,f03647c376fe834f9bb1c3d6834ed42732ef3e7e1047eeff352af49b31ed607f,0.7363293516238101,0.4726587032476201,0.3574286619475543,3.1611332195664037,322.36392188072205,7.948005676269531,20.818012237548828,0.0,fold predictions not persisted; stored metrics cannot be prediction-recomputed,completed,4.0,catboost,40.0,289.34041714668274,32.31580972671509
fbv1-030-homecredit-catboost-boruta-random-forest-s42,fbv1-030-homecredit-catboost-boruta-random-forest-s42,30,dev_expanding_window_fold,homecredit,5,boruta_random_forest,boruta_random_forest_confirmed_tentative_v1,selector,catboost,529,unsupported_not_persisted_by_prompt_10,40,natural_support_or_cap,40.0,True,completed,42,,,,f7ea47a61bf3e4eddb937b07e6afde1798bc85daaac7fb4a87a80be4d41f6de1,f03647c376fe834f9bb1c3d6834ed42732ef3e7e1047eeff352af49b31ed607f,0.7456412841047496,0.4912825682094992,0.3774330063715834,3.18077124289486,413.0853314399719,7.948005676269531,20.818012237548828,0.0,fold predictions not persisted; stored metrics cannot be prediction-recomputed,completed,5.0,catboost,40.0,372.8654556274414,39.41261577606201
fbv1-030-homecredit-catboost-boruta-random-forest-s42,fbv1-030-homecredit-catboost-boruta-random-forest-s42,30,full_dev_refit_diagnostic,homecredit,full_dev_in_sample,boruta_random_forest,boruta_random_forest_confirmed_tentative_v1,selector,catboost,529,unsupported_not_persisted_by_prompt_10,40,natural_support_or_cap,40.0,True,completed,42,1a33980e927310305518752a40d7e36a0f2410d7d9942150b5f978160cd503ac,6b3eaa2e6925ae4386ef9e17c99b444cdc414c9102fbd98d6635c41f777aa3c2,1f68b49d4420e943a3833cb62b917c5e1093562281807d9047a11ffc2626aebc,f7ea47a61bf3e4eddb937b07e6afde1798bc85daaac7fb4a87a80be4d41f6de1,f03647c376fe834f9bb1c3d6834ed42732ef3e7e1047eeff352af49b31ed607f,0.9149507705749466,0.8299015411498931,0.6849206545560165,5.469720010954938,1792.593071700001,7.948005676269531,20.818012237548828,0.0,,completed,,,,,
fbv1-030-homecredit-catboost-boruta-random-forest-s42,fbv1-030-homecredit-catboost-boruta-random-forest-s42,30,oot,homecredit,locked_oot,boruta_random_forest,boruta_random_forest_confirmed_tentative_v1,selector,catboost,529,unsupported_not_persisted_by_prompt_10,40,natural_support_or_cap,40.0,True,completed,42,216ba2735bec1204a3acaf15da6bd4653da5de8aebdeb75ddbcfe3257158d853,44dae0bae662ea5ebb863a1fdfe3f68878235f3117cc11e0409f147ddda36f95,f5045e863d8debb0b80a5f67d62dcc27f62d80660b6395d4a41b1e05b07b07be,f7ea47a61bf3e4eddb937b07e6afde1798bc85daaac7fb4a87a80be4d41f6de1,f03647c376fe834f9bb1c3d6834ed42732ef3e7e1047eeff352af49b31ed607f,0.7542024954343132,0.5084049908686263,0.37607838259840215,3.253927037853329,1792.593071700001,7.948005676269531,20.818012237548828,0.0,,completed,,,,,
fbv1-031-lendingclub_v2-lr-boruta-random-forest-s42,fbv1-031-lendingclub_v2-lr-boruta-random-forest-s42,31,dev_expanding_window_fold,lendingclub_v2,1,boruta_random_forest,boruta_random_forest_confirmed_tentative_v1,selector,lr,675,unsupported_not_persisted_by_prompt_10,20,natural_support_or_cap,20.0,True,completed,42,,,,74108c5ec9a3c024f31ad940bd27ff09c7b6c8248a94fff04bec117cbecc637b,f03647c376fe834f9bb1c3d6834ed42732ef3e7e1047eeff352af49b31ed607f,0.6554538209115357,0.3109076418230714,0.2262136895226565,1.8622309295510249,330.7922909259796,20.80652618408203,7.971336364746094,0.0,fold predictions not persisted; stored metrics cannot be prediction-recomputed,completed,1.0,lr,20.0,329.83358502388,0.2903246879577636
fbv1-031-lendingclub_v2-lr-boruta-random-forest-s42,fbv1-031-lendingclub_v2-lr-boruta-random-forest-s42,31,dev_expanding_window_fold,lendingclub_v2,2,boruta_random_forest,boruta_random_forest_confirmed_tentative_v1,selector,lr,675,unsupported_not_persisted_by_prompt_10,20,natural_support_or_cap,20.0,True,completed,42,,,,74108c5ec9a3c024f31ad940bd27ff09c7b6c8248a94fff04bec117cbecc637b,f03647c376fe834f9bb1c3d6834ed42732ef3e7e1047eeff352af49b31ed607f,0.6540396841237645,0.3080793682475289,0.2260414647498885,1.8140510311080045,657.6039187908173,20.80652618408203,7.971336364746094,0.0,fold predictions not persisted; stored metrics cannot be prediction-recomputed,completed,2.0,lr,20.0,655.7877616882324,0.9256527423858644
fbv1-031-lendingclub_v2-lr-boruta-random-forest-s42,fbv1-031-lendingclub_v2-lr-boruta-random-forest-s42,31,dev_expanding_window_fold,lendingclub_v2,3,boruta_random_forest,boruta_random_forest_confirmed_tentative_v1,selector,lr,675,unsupported_not_persisted_by_prompt_10,20,natural_support_or_cap,20.0,True,completed,42,,,,74108c5ec9a3c024f31ad940bd27ff09c7b6c8248a94fff04bec117cbecc637b,f03647c376fe834f9bb1c3d6834ed42732ef3e7e1047eeff352af49b31ed607f,0.6601497364591458,0.3202994729182915,0.2304014464491662,1.8856290500728008,1142.269831418991,20.80652618408203,7.971336364746094,0.0,fold predictions not persisted; stored metrics cannot be prediction-recomputed,completed,3.0,lr,20.0,1139.6753869056702,1.210493803024292
fbv1-031-lendingclub_v2-lr-boruta-random-forest-s42,fbv1-031-lendingclub_v2-lr-boruta-random-forest-s42,31,dev_expanding_window_fold,lendingclub_v2,4,boruta_random_forest,boruta_random_forest_confirmed_tentative_v1,selector,lr,675,unsupported_not_persisted_by_prompt_10,20,natural_support_or_cap,20.0,True,completed,42,,,,74108c5ec9a3c024f31ad940bd27ff09c7b6c8248a94fff04bec117cbecc637b,f03647c376fe834f9bb1c3d6834ed42732ef3e7e1047eeff352af49b31ed607f,0.6553773096593917,0.3107546193187833,0.226297806861536,1.8957161112217056,1747.2661046981812,20.80652618408203,7.971336364746094,0.0,fold predictions not persisted; stored metrics cannot be prediction-recomputed,completed,4.0,lr,20.0,1744.0931224822998,1.469503402709961
fbv1-031-lendingclub_v2-lr-boruta-random-forest-s42,fbv1-031-lendingclub_v2-lr-boruta-random-forest-s42,31,dev_expanding_window_fold,lendingclub_v2,5,boruta_random_forest,boruta_random_forest_confirmed_tentative_v1,selector,lr,675,unsupported_not_persisted_by_prompt_10,20,natural_support_or_cap,20.0,True,completed,42,,,,74108c5ec9a3c024f31ad940bd27ff09c7b6c8248a94fff04bec117cbecc637b,f03647c376fe834f9bb1c3d6834ed42732ef3e7e1047eeff352af49b31ed607f,0.6619845507687978,0.3239691015375956,0.2295374317766936,1.9197706330828852,2349.5685591697693,20.80652618408203,7.971336364746094,0.0,fold predictions not persisted; stored metrics cannot be prediction-recomputed,completed,5.0,lr,20.0,2345.147193193436,2.407254457473755
fbv1-031-lendingclub_v2-lr-boruta-random-forest-s42,fbv1-031-lendingclub_v2-lr-boruta-random-forest-s42,31,full_dev_refit_diagnostic,lendingclub_v2,full_dev_in_sample,boruta_random_forest,boruta_random_forest_confirmed_tentative_v1,selector,lr,675,unsupported_not_persisted_by_prompt_10,20,natural_support_or_cap,20.0,True,completed,42,4b76d89e351c6ca535f7964268c0bcbd2fb96ea526a8d4d8bb6e90025af6c213,adc6858c1ac6c5acb3306b8074fd315e00f99ca06f92e1160a64f7209a5ae79e,5060f17d16fffb4665fbfba4d80331db0b56744cad19516a0913ef91b28032d4,74108c5ec9a3c024f31ad940bd27ff09c7b6c8248a94fff04bec117cbecc637b,f03647c376fe834f9bb1c3d6834ed42732ef3e7e1047eeff352af49b31ed607f,0.6557042073752146,0.31140841475042924,0.22447328725767968,1.881398290154809,9776.028963799996,20.80652618408203,7.971336364746094,0.0,,completed,,,,,
fbv1-031-lendingclub_v2-lr-boruta-random-forest-s42,fbv1-031-lendingclub_v2-lr-boruta-random-forest-s42,31,oot,lendingclub_v2,locked_oot,boruta_random_forest,boruta_random_forest_confirmed_tentative_v1,selector,lr,675,unsupported_not_persisted_by_prompt_10,20,natural_support_or_cap,20.0,True,completed,42,2ced6041a6843861a8d79a26888e6095e9b1ea6893d59224d0f509eaffc1633f,58a4c0cae484435637172dabe24671608cf022babfd29425aba0879e68244714,e455f6dae0c55f6bd47aaeefde05ef6ad1468aa1053f9be7013b109c2b94c162,74108c5ec9a3c024f31ad940bd27ff09c7b6c8248a94fff04bec117cbecc637b,f03647c376fe834f9bb1c3d6834ed42732ef3e7e1047eeff352af49b31ed607f,0.6557476745180499,0.3114953490360999,0.2258422405944599,1.7908327220683216,9776.028963799996,20.80652618408203,7.971336364746094,0.0,,completed,,,,,
fbv1-032-lendingclub_v2-catboost-boruta-random-forest-s42,fbv1-032-lendingclub_v2-catboost-boruta-random-forest-s42,32,dev_expanding_window_fold,lendingclub_v2,1,boruta_random_forest,boruta_random_forest_confirmed_tentative_v1,selector,catboost,675,unsupported_not_persisted_by_prompt_10,40,natural_support_or_cap,40.0,True,completed,42,,,,4c57acb4976b6e95ffec9911275f4764e6f8b4af8dfc990d52a589b8318d93ed,f03647c376fe834f9bb1c3d6834ed42732ef3e7e1047eeff352af49b31ed607f,0.7057779652126428,0.4115559304252856,0.2989526663509547,2.319917188394366,361.6530890464783,24.329204559326172,4.931980133056641,0.0,fold predictions not persisted; stored metrics cannot be prediction-recomputed,completed,1.0,catboost,40.0,319.3221387863159,40.8437716960907
fbv1-032-lendingclub_v2-catboost-boruta-random-forest-s42,fbv1-032-lendingclub_v2-catboost-boruta-random-forest-s42,32,dev_expanding_window_fold,lendingclub_v2,2,boruta_random_forest,boruta_random_forest_confirmed_tentative_v1,selector,catboost,675,unsupported_not_persisted_by_prompt_10,40,natural_support_or_cap,40.0,True,completed,42,,,,4c57acb4976b6e95ffec9911275f4764e6f8b4af8dfc990d52a589b8318d93ed,f03647c376fe834f9bb1c3d6834ed42732ef3e7e1047eeff352af49b31ed607f,0.7136736380757001,0.4273472761514001,0.310315946812479,2.342421064895724,724.830228805542,24.329204559326172,4.931980133056641,0.0,fold predictions not persisted; stored metrics cannot be prediction-recomputed,completed,2.0,catboost,40.0,650.5344626903534,72.09727835655212
fbv1-032-lendingclub_v2-catboost-boruta-random-forest-s42,fbv1-032-lendingclub_v2-catboost-boruta-random-forest-s42,32,dev_expanding_window_fold,lendingclub_v2,3,boruta_random_forest,boruta_random_forest_confirmed_tentative_v1,selector,catboost,675,unsupported_not_persisted_by_prompt_10,40,natural_support_or_cap,40.0,True,completed,42,,,,4c57acb4976b6e95ffec9911275f4764e6f8b4af8dfc990d52a589b8318d93ed,f03647c376fe834f9bb1c3d6834ed42732ef3e7e1047eeff352af49b31ed607f,0.6927424134197273,0.3854848268394546,0.2791177150038031,2.1099804248059524,1283.871430158615,24.329204559326172,4.931980133056641,0.0,fold predictions not persisted; stored metrics cannot be prediction-recomputed,completed,3.0,catboost,40.0,1140.6570098400116,139.7901816368103
fbv1-032-lendingclub_v2-catboost-boruta-random-forest-s42,fbv1-032-lendingclub_v2-catboost-boruta-random-forest-s42,32,dev_expanding_window_fold,lendingclub_v2,4,boruta_random_forest,boruta_random_forest_confirmed_tentative_v1,selector,catboost,675,unsupported_not_persisted_by_prompt_10,40,natural_support_or_cap,40.0,True,completed,42,,,,4c57acb4976b6e95ffec9911275f4764e6f8b4af8dfc990d52a589b8318d93ed,f03647c376fe834f9bb1c3d6834ed42732ef3e7e1047eeff352af49b31ed607f,0.6920201683478636,0.3840403366957272,0.2755082094959977,2.179363141781913,2024.8742141723635,24.329204559326172,4.931980133056641,0.0,fold predictions not persisted; stored metrics cannot be prediction-recomputed,completed,4.0,catboost,40.0,1725.6860494613647,295.23498821258545
fbv1-032-lendingclub_v2-catboost-boruta-random-forest-s42,fbv1-032-lendingclub_v2-catboost-boruta-random-forest-s42,32,dev_expanding_window_fold,lendingclub_v2,5,boruta_random_forest,boruta_random_forest_confirmed_tentative_v1,selector,catboost,675,unsupported_not_persisted_by_prompt_10,40,natural_support_or_cap,40.0,True,completed,42,,,,4c57acb4976b6e95ffec9911275f4764e6f8b4af8dfc990d52a589b8318d93ed,f03647c376fe834f9bb1c3d6834ed42732ef3e7e1047eeff352af49b31ed607f,0.6990064876977037,0.3980129753954073,0.2858057654768858,2.199765569277728,2677.8152589797974,24.329204559326172,4.931980133056641,0.0,fold predictions not persisted; stored metrics cannot be prediction-recomputed,completed,5.0,catboost,40.0,2311.609811782837,361.5077571868897
fbv1-032-lendingclub_v2-catboost-boruta-random-forest-s42,fbv1-032-lendingclub_v2-catboost-boruta-random-forest-s42,32,full_dev_refit_diagnostic,lendingclub_v2,full_dev_in_sample,boruta_random_forest,boruta_random_forest_confirmed_tentative_v1,selector,catboost,675,unsupported_not_persisted_by_prompt_10,40,natural_support_or_cap,40.0,True,completed,42,88d9b51864290222899e3a93addb497608763f82e8e682ca7a233837bc0b2915,adc6858c1ac6c5acb3306b8074fd315e00f99ca06f92e1160a64f7209a5ae79e,5060f17d16fffb4665fbfba4d80331db0b56744cad19516a0913ef91b28032d4,4c57acb4976b6e95ffec9911275f4764e6f8b4af8dfc990d52a589b8318d93ed,f03647c376fe834f9bb1c3d6834ed42732ef3e7e1047eeff352af49b31ed607f,0.7585948806840926,0.5171897613681853,0.38109453974296714,2.609984867847224,10925.2643598,24.329204559326172,4.931980133056641,0.0,,completed,,,,,
fbv1-032-lendingclub_v2-catboost-boruta-random-forest-s42,fbv1-032-lendingclub_v2-catboost-boruta-random-forest-s42,32,oot,lendingclub_v2,locked_oot,boruta_random_forest,boruta_random_forest_confirmed_tentative_v1,selector,catboost,675,unsupported_not_persisted_by_prompt_10,40,natural_support_or_cap,40.0,True,completed,42,163fa502c3328b2b0881c66457504b5cb8cc9ab5fbdaa9afcacaf1d19623b021,58a4c0cae484435637172dabe24671608cf022babfd29425aba0879e68244714,e455f6dae0c55f6bd47aaeefde05ef6ad1468aa1053f9be7013b109c2b94c162,4c57acb4976b6e95ffec9911275f4764e6f8b4af8dfc990d52a589b8318d93ed,f03647c376fe834f9bb1c3d6834ed42732ef3e7e1047eeff352af49b31ed607f,0.6857472026449052,0.37149440528981037,0.26734771450786676,2.023788954424423,10925.2643598,24.329204559326172,4.931980133056641,0.0,,completed,,,,,
fbv1-033-homecredit-lr-rfe-catboost-s42,fbv1-033-homecredit-lr-rfe-catboost-s42,33,dev_expanding_window_fold,homecredit,1,rfe_catboost,rfe_catboost_fractional_step_v1,selector,lr,529,unsupported_not_persisted_by_prompt_10,20,exact_budget,20.0,False,completed,42,,,,92f50d2dc6c6da6cfd5aa90aa0f0539503e553fb62f9b205f64452a9928e489a,f03647c376fe834f9bb1c3d6834ed42732ef3e7e1047eeff352af49b31ed607f,0.7250786244627928,0.4501572489255856,0.3383020279750389,2.8408225437928407,157.04710745811462,7.913097381591797,19.93292999267578,0.0,fold predictions not persisted; stored metrics cannot be prediction-recomputed,completed,1.0,lr,20.0,156.86888456344604,0.021533727645874
fbv1-033-homecredit-lr-rfe-catboost-s42,fbv1-033-homecredit-lr-rfe-catboost-s42,33,dev_expanding_window_fold,homecredit,2,rfe_catboost,rfe_catboost_fractional_step_v1,selector,lr,529,unsupported_not_persisted_by_prompt_10,20,exact_budget,20.0,False,completed,42,,,,92f50d2dc6c6da6cfd5aa90aa0f0539503e553fb62f9b205f64452a9928e489a,f03647c376fe834f9bb1c3d6834ed42732ef3e7e1047eeff352af49b31ed607f,0.733160241931944,0.4663204838638879,0.3338552534983852,3.068457061663033,170.7453043460846,7.913097381591797,19.93292999267578,0.0,fold predictions not persisted; stored metrics cannot be prediction-recomputed,completed,2.0,lr,20.0,170.56068181991577,0.0418555736541748
fbv1-033-homecredit-lr-rfe-catboost-s42,fbv1-033-homecredit-lr-rfe-catboost-s42,33,dev_expanding_window_fold,homecredit,3,rfe_catboost,rfe_catboost_fractional_step_v1,selector,lr,529,unsupported_not_persisted_by_prompt_10,20,exact_budget,20.0,False,completed,42,,,,92f50d2dc6c6da6cfd5aa90aa0f0539503e553fb62f9b205f64452a9928e489a,f03647c376fe834f9bb1c3d6834ed42732ef3e7e1047eeff352af49b31ed607f,0.7470324452789283,0.4940648905578566,0.379861523897585,3.196658541539712,158.20662808418274,7.913097381591797,19.93292999267578,0.0,fold predictions not persisted; stored metrics cannot be prediction-recomputed,completed,3.0,lr,20.0,157.95613312721252,0.0824799537658691
fbv1-033-homecredit-lr-rfe-catboost-s42,fbv1-033-homecredit-lr-rfe-catboost-s42,33,dev_expanding_window_fold,homecredit,4,rfe_catboost,rfe_catboost_fractional_step_v1,selector,lr,529,unsupported_not_persisted_by_prompt_10,20,exact_budget,20.0,False,completed,42,,,,92f50d2dc6c6da6cfd5aa90aa0f0539503e553fb62f9b205f64452a9928e489a,f03647c376fe834f9bb1c3d6834ed42732ef3e7e1047eeff352af49b31ed607f,0.7424657357371128,0.4849314714742256,0.3716469508482601,3.001991501418896,181.5745861530304,7.913097381591797,19.93292999267578,0.0,fold predictions not persisted; stored metrics cannot be prediction-recomputed,completed,4.0,lr,20.0,181.15006351470947,0.2282571792602539
fbv1-033-homecredit-lr-rfe-catboost-s42,fbv1-033-homecredit-lr-rfe-catboost-s42,33,dev_expanding_window_fold,homecredit,5,rfe_catboost,rfe_catboost_fractional_step_v1,selector,lr,529,unsupported_not_persisted_by_prompt_10,20,exact_budget,20.0,False,completed,42,,,,92f50d2dc6c6da6cfd5aa90aa0f0539503e553fb62f9b205f64452a9928e489a,f03647c376fe834f9bb1c3d6834ed42732ef3e7e1047eeff352af49b31ed607f,0.7383413344765446,0.4766826689530892,0.3623694728216585,3.046172905222248,200.47262382507324,7.913097381591797,19.93292999267578,0.0,fold predictions not persisted; stored metrics cannot be prediction-recomputed,completed,5.0,lr,20.0,200.03611016273496,0.2165925502777099
fbv1-033-homecredit-lr-rfe-catboost-s42,fbv1-033-homecredit-lr-rfe-catboost-s42,33,full_dev_refit_diagnostic,homecredit,full_dev_in_sample,rfe_catboost,rfe_catboost_fractional_step_v1,selector,lr,529,unsupported_not_persisted_by_prompt_10,20,exact_budget,20.0,False,completed,42,b0203e07008bf58d6523e171d84037f63d7c387e74a6978902e4cb30571b704e,6b3eaa2e6925ae4386ef9e17c99b444cdc414c9102fbd98d6635c41f777aa3c2,1f68b49d4420e943a3833cb62b917c5e1093562281807d9047a11ffc2626aebc,92f50d2dc6c6da6cfd5aa90aa0f0539503e553fb62f9b205f64452a9928e489a,f03647c376fe834f9bb1c3d6834ed42732ef3e7e1047eeff352af49b31ed607f,0.7433819633512573,0.48676392670251456,0.3639269225979671,3.09556380243158,1192.3337299000123,7.913097381591797,19.93292999267578,0.0,,completed,,,,,
fbv1-033-homecredit-lr-rfe-catboost-s42,fbv1-033-homecredit-lr-rfe-catboost-s42,33,oot,homecredit,locked_oot,rfe_catboost,rfe_catboost_fractional_step_v1,selector,lr,529,unsupported_not_persisted_by_prompt_10,20,exact_budget,20.0,False,completed,42,0891fa4ec4bed77875b966f2c4edd8f065fa1663e19da33137047a675ff7871a,44dae0bae662ea5ebb863a1fdfe3f68878235f3117cc11e0409f147ddda36f95,f5045e863d8debb0b80a5f67d62dcc27f62d80660b6395d4a41b1e05b07b07be,92f50d2dc6c6da6cfd5aa90aa0f0539503e553fb62f9b205f64452a9928e489a,f03647c376fe834f9bb1c3d6834ed42732ef3e7e1047eeff352af49b31ed607f,0.74654609311072,0.4930921862214399,0.36561195432478893,3.120139928476381,1192.3337299000123,7.913097381591797,19.93292999267578,0.0,,completed,,,,,
fbv1-034-homecredit-catboost-rfe-catboost-s42,fbv1-034-homecredit-catboost-rfe-catboost-s42,34,dev_expanding_window_fold,homecredit,1,rfe_catboost,rfe_catboost_fractional_step_v1,selector,catboost,529,unsupported_not_persisted_by_prompt_10,40,exact_budget,40.0,False,completed,42,,,,00d834f8623b9fa961c089d74eef7b58ab546a32737f50d026210b59801b93aa,f03647c376fe834f9bb1c3d6834ed42732ef3e7e1047eeff352af49b31ed607f,0.7415754137136408,0.4831508274272815,0.3687246442564682,3.13023610053313,127.82338333129884,7.942543029785156,20.050033569335938,0.0,fold predictions not persisted; stored metrics cannot be prediction-recomputed,completed,1.0,catboost,40.0,115.39220952987672,12.098279237747192
fbv1-034-homecredit-catboost-rfe-catboost-s42,fbv1-034-homecredit-catboost-rfe-catboost-s42,34,dev_expanding_window_fold,homecredit,2,rfe_catboost,rfe_catboost_fractional_step_v1,selector,catboost,529,unsupported_not_persisted_by_prompt_10,40,exact_budget,40.0,False,completed,42,,,,00d834f8623b9fa961c089d74eef7b58ab546a32737f50d026210b59801b93aa,f03647c376fe834f9bb1c3d6834ed42732ef3e7e1047eeff352af49b31ed607f,0.753180317941113,0.5063606358822259,0.3761641680297308,3.3032466521332915,154.01199674606323,7.942543029785156,20.050033569335938,0.0,fold predictions not persisted; stored metrics cannot be prediction-recomputed,completed,2.0,catboost,40.0,132.49850821495056,21.039570331573486
fbv1-034-homecredit-catboost-rfe-catboost-s42,fbv1-034-homecredit-catboost-rfe-catboost-s42,34,dev_expanding_window_fold,homecredit,3,rfe_catboost,rfe_catboost_fractional_step_v1,selector,catboost,529,unsupported_not_persisted_by_prompt_10,40,exact_budget,40.0,False,completed,42,,,,00d834f8623b9fa961c089d74eef7b58ab546a32737f50d026210b59801b93aa,f03647c376fe834f9bb1c3d6834ed42732ef3e7e1047eeff352af49b31ed607f,0.7752487988568828,0.5504975977137656,0.4299352750809061,3.672587852935202,177.96745491027832,7.942543029785156,20.050033569335938,0.0,fold predictions not persisted; stored metrics cannot be prediction-recomputed,completed,3.0,catboost,40.0,149.59009194374084,27.81966781616211
fbv1-034-homecredit-catboost-rfe-catboost-s42,fbv1-034-homecredit-catboost-rfe-catboost-s42,34,dev_expanding_window_fold,homecredit,4,rfe_catboost,rfe_catboost_fractional_step_v1,selector,catboost,529,unsupported_not_persisted_by_prompt_10,40,exact_budget,40.0,False,completed,42,,,,00d834f8623b9fa961c089d74eef7b58ab546a32737f50d026210b59801b93aa,f03647c376fe834f9bb1c3d6834ed42732ef3e7e1047eeff352af49b31ed607f,0.7746357536609292,0.5492715073218584,0.4206180189658834,3.5155852281676707,201.2064049243927,7.942543029785156,20.050033569335938,0.0,fold predictions not persisted; stored metrics cannot be prediction-recomputed,completed,4.0,catboost,40.0,165.35778069496155,35.176594257354736
fbv1-034-homecredit-catboost-rfe-catboost-s42,fbv1-034-homecredit-catboost-rfe-catboost-s42,34,dev_expanding_window_fold,homecredit,5,rfe_catboost,rfe_catboost_fractional_step_v1,selector,catboost,529,unsupported_not_persisted_by_prompt_10,40,exact_budget,40.0,False,completed,42,,,,00d834f8623b9fa961c089d74eef7b58ab546a32737f50d026210b59801b93aa,f03647c376fe834f9bb1c3d6834ed42732ef3e7e1047eeff352af49b31ed607f,0.7701628427176491,0.5403256854352982,0.4055518345621519,3.3932949339568763,229.68241262435916,7.942543029785156,20.050033569335938,0.0,fold predictions not persisted; stored metrics cannot be prediction-recomputed,completed,5.0,catboost,40.0,187.70221138000488,41.18787384033203
fbv1-034-homecredit-catboost-rfe-catboost-s42,fbv1-034-homecredit-catboost-rfe-catboost-s42,34,full_dev_refit_diagnostic,homecredit,full_dev_in_sample,rfe_catboost,rfe_catboost_fractional_step_v1,selector,catboost,529,unsupported_not_persisted_by_prompt_10,40,exact_budget,40.0,False,completed,42,ebef72050b2328c10f465be9c09ded64a3fbe03545d67faef1296be76b55acdb,6b3eaa2e6925ae4386ef9e17c99b444cdc414c9102fbd98d6635c41f777aa3c2,1f68b49d4420e943a3833cb62b917c5e1093562281807d9047a11ffc2626aebc,00d834f8623b9fa961c089d74eef7b58ab546a32737f50d026210b59801b93aa,f03647c376fe834f9bb1c3d6834ed42732ef3e7e1047eeff352af49b31ed607f,0.948042398379034,0.8960847967580681,0.768868216145568,6.637713258234917,1229.1710830999946,7.942543029785156,20.050033569335938,0.0,,completed,,,,,
fbv1-034-homecredit-catboost-rfe-catboost-s42,fbv1-034-homecredit-catboost-rfe-catboost-s42,34,oot,homecredit,locked_oot,rfe_catboost,rfe_catboost_fractional_step_v1,selector,catboost,529,unsupported_not_persisted_by_prompt_10,40,exact_budget,40.0,False,completed,42,ecb537c2d9f95ec9dd46aac0b328755b26b3057d8b4e23944d456d240dcdd641,44dae0bae662ea5ebb863a1fdfe3f68878235f3117cc11e0409f147ddda36f95,f5045e863d8debb0b80a5f67d62dcc27f62d80660b6395d4a41b1e05b07b07be,00d834f8623b9fa961c089d74eef7b58ab546a32737f50d026210b59801b93aa,f03647c376fe834f9bb1c3d6834ed42732ef3e7e1047eeff352af49b31ed607f,0.7814255198969775,0.562851039793955,0.4226165305857904,3.580442430668399,1229.1710830999946,7.942543029785156,20.050033569335938,0.0,,completed,,,,,
fbv1-035-lendingclub_v2-lr-rfe-catboost-s42,fbv1-035-lendingclub_v2-lr-rfe-catboost-s42,35,dev_expanding_window_fold,lendingclub_v2,1,rfe_catboost,rfe_catboost_fractional_step_v1,selector,lr,675,unsupported_not_persisted_by_prompt_10,20,exact_budget,20.0,False,completed,42,,,,855675ab6b4a9eddec76bfad6b094e6eb528ba10b8fd14ff8b45ee30c603b2ea,f03647c376fe834f9bb1c3d6834ed42732ef3e7e1047eeff352af49b31ed607f,0.7113253813841947,0.4226507627683893,0.3087457894219025,2.335888294136656,203.58252453804016,20.93954849243164,6.934268951416016,0.0,fold predictions not persisted; stored metrics cannot be prediction-recomputed,completed,1.0,lr,20.0,201.81727242469788,0.6723980903625488
fbv1-035-lendingclub_v2-lr-rfe-catboost-s42,fbv1-035-lendingclub_v2-lr-rfe-catboost-s42,35,dev_expanding_window_fold,lendingclub_v2,2,rfe_catboost,rfe_catboost_fractional_step_v1,selector,lr,675,unsupported_not_persisted_by_prompt_10,20,exact_budget,20.0,False,completed,42,,,,855675ab6b4a9eddec76bfad6b094e6eb528ba10b8fd14ff8b45ee30c603b2ea,f03647c376fe834f9bb1c3d6834ed42732ef3e7e1047eeff352af49b31ed607f,0.7144914839721461,0.4289829679442922,0.3107555500516789,2.359897471746476,288.9128148555756,20.93954849243164,6.934268951416016,0.0,fold predictions not persisted; stored metrics cannot be prediction-recomputed,completed,2.0,lr,20.0,285.2459018230438,2.1179232597351074
fbv1-035-lendingclub_v2-lr-rfe-catboost-s42,fbv1-035-lendingclub_v2-lr-rfe-catboost-s42,35,dev_expanding_window_fold,lendingclub_v2,3,rfe_catboost,rfe_catboost_fractional_step_v1,selector,lr,675,unsupported_not_persisted_by_prompt_10,20,exact_budget,20.0,False,completed,42,,,,855675ab6b4a9eddec76bfad6b094e6eb528ba10b8fd14ff8b45ee30c603b2ea,f03647c376fe834f9bb1c3d6834ed42732ef3e7e1047eeff352af49b31ed607f,0.7222224369732548,0.4444448739465096,0.3218486836920549,2.402830160949912,405.6783440113068,20.93954849243164,6.934268951416016,0.0,fold predictions not persisted; stored metrics cannot be prediction-recomputed,completed,3.0,lr,20.0,399.2198724746704,3.973033905029297
fbv1-035-lendingclub_v2-lr-rfe-catboost-s42,fbv1-035-lendingclub_v2-lr-rfe-catboost-s42,35,dev_expanding_window_fold,lendingclub_v2,4,rfe_catboost,rfe_catboost_fractional_step_v1,selector,lr,675,unsupported_not_persisted_by_prompt_10,20,exact_budget,20.0,False,completed,42,,,,855675ab6b4a9eddec76bfad6b094e6eb528ba10b8fd14ff8b45ee30c603b2ea,f03647c376fe834f9bb1c3d6834ed42732ef3e7e1047eeff352af49b31ed607f,0.7301184080208222,0.4602368160416443,0.3330865563128055,2.5523158563825428,532.5180354118347,20.93954849243164,6.934268951416016,0.0,fold predictions not persisted; stored metrics cannot be prediction-recomputed,completed,4.0,lr,20.0,523.3719820976257,5.973882675170898
fbv1-035-lendingclub_v2-lr-rfe-catboost-s42,fbv1-035-lendingclub_v2-lr-rfe-catboost-s42,35,dev_expanding_window_fold,lendingclub_v2,5,rfe_catboost,rfe_catboost_fractional_step_v1,selector,lr,675,unsupported_not_persisted_by_prompt_10,20,exact_budget,20.0,False,completed,42,,,,855675ab6b4a9eddec76bfad6b094e6eb528ba10b8fd14ff8b45ee30c603b2ea,f03647c376fe834f9bb1c3d6834ed42732ef3e7e1047eeff352af49b31ed607f,0.7275035753824663,0.4550071507649327,0.33126597311124,2.547885794084454,658.0460057258606,20.93954849243164,6.934268951416016,0.0,fold predictions not persisted; stored metrics cannot be prediction-recomputed,completed,5.0,lr,20.0,644.4467697143555,9.829895973205566
fbv1-035-lendingclub_v2-lr-rfe-catboost-s42,fbv1-035-lendingclub_v2-lr-rfe-catboost-s42,35,full_dev_refit_diagnostic,lendingclub_v2,full_dev_in_sample,rfe_catboost,rfe_catboost_fractional_step_v1,selector,lr,675,unsupported_not_persisted_by_prompt_10,20,exact_budget,20.0,False,completed,42,cb92f9980c554fc7bd489ccee57851bb4c86cc2bce8b1078c2e8be5d2344aea7,adc6858c1ac6c5acb3306b8074fd315e00f99ca06f92e1160a64f7209a5ae79e,5060f17d16fffb4665fbfba4d80331db0b56744cad19516a0913ef91b28032d4,855675ab6b4a9eddec76bfad6b094e6eb528ba10b8fd14ff8b45ee30c603b2ea,f03647c376fe834f9bb1c3d6834ed42732ef3e7e1047eeff352af49b31ed607f,0.7181819321491769,0.43636386429835383,0.3160810072401867,2.4317282362479884,3191.1085504000075,20.93954849243164,6.934268951416016,0.0,,completed,,,,,
fbv1-035-lendingclub_v2-lr-rfe-catboost-s42,fbv1-035-lendingclub_v2-lr-rfe-catboost-s42,35,oot,lendingclub_v2,locked_oot,rfe_catboost,rfe_catboost_fractional_step_v1,selector,lr,675,unsupported_not_persisted_by_prompt_10,20,exact_budget,20.0,False,completed,42,86cbca39ca42f5362b678a645aeec66e07acdbe445767cce2b2d974a6be48ae1,58a4c0cae484435637172dabe24671608cf022babfd29425aba0879e68244714,e455f6dae0c55f6bd47aaeefde05ef6ad1468aa1053f9be7013b109c2b94c162,855675ab6b4a9eddec76bfad6b094e6eb528ba10b8fd14ff8b45ee30c603b2ea,f03647c376fe834f9bb1c3d6834ed42732ef3e7e1047eeff352af49b31ed607f,0.6988805926231895,0.39776118524637893,0.28452416941861475,2.1505230053602897,3191.1085504000075,20.93954849243164,6.934268951416016,0.0,,completed,,,,,
fbv1-036-lendingclub_v2-catboost-rfe-catboost-s42,fbv1-036-lendingclub_v2-catboost-rfe-catboost-s42,36,dev_expanding_window_fold,lendingclub_v2,1,rfe_catboost,rfe_catboost_fractional_step_v1,selector,catboost,675,unsupported_not_persisted_by_prompt_10,40,exact_budget,40.0,False,completed,42,,,,7adeb0939d9383ef235420426b82fa6ff5be0148eba0cea538412f75728135df,f03647c376fe834f9bb1c3d6834ed42732ef3e7e1047eeff352af49b31ed607f,0.7192512612222958,0.4385025224445915,0.3177440705082938,2.395209544036591,228.84945058822632,23.280921936035156,5.8183746337890625,0.0,fold predictions not persisted; stored metrics cannot be prediction-recomputed,completed,1.0,catboost,40.0,187.7618052959442,38.99417471885681
fbv1-036-lendingclub_v2-catboost-rfe-catboost-s42,fbv1-036-lendingclub_v2-catboost-rfe-catboost-s42,36,dev_expanding_window_fold,lendingclub_v2,2,rfe_catboost,rfe_catboost_fractional_step_v1,selector,catboost,675,unsupported_not_persisted_by_prompt_10,40,exact_budget,40.0,False,completed,42,,,,7adeb0939d9383ef235420426b82fa6ff5be0148eba0cea538412f75728135df,f03647c376fe834f9bb1c3d6834ed42732ef3e7e1047eeff352af49b31ed607f,0.7273325476869053,0.4546650953738105,0.3271149651890493,2.444366771525108,348.7070858478546,23.280921936035156,5.8183746337890625,0.0,fold predictions not persisted; stored metrics cannot be prediction-recomputed,completed,2.0,catboost,40.0,279.74212861061096,66.28046011924744
fbv1-036-lendingclub_v2-catboost-rfe-catboost-s42,fbv1-036-lendingclub_v2-catboost-rfe-catboost-s42,36,dev_expanding_window_fold,lendingclub_v2,3,rfe_catboost,rfe_catboost_fractional_step_v1,selector,catboost,675,unsupported_not_persisted_by_prompt_10,40,exact_budget,40.0,False,completed,42,,,,7adeb0939d9383ef235420426b82fa6ff5be0148eba0cea538412f75728135df,f03647c376fe834f9bb1c3d6834ed42732ef3e7e1047eeff352af49b31ed607f,0.7367357516674431,0.4734715033348862,0.3443573381999397,2.528667038373138,531.1795430183411,23.280921936035156,5.8183746337890625,0.0,fold predictions not persisted; stored metrics cannot be prediction-recomputed,completed,3.0,catboost,40.0,407.1608064174652,119.67971682548524
fbv1-036-lendingclub_v2-catboost-rfe-catboost-s42,fbv1-036-lendingclub_v2-catboost-rfe-catboost-s42,36,dev_expanding_window_fold,lendingclub_v2,4,rfe_catboost,rfe_catboost_fractional_step_v1,selector,catboost,675,unsupported_not_persisted_by_prompt_10,40,exact_budget,40.0,False,completed,42,,,,7adeb0939d9383ef235420426b82fa6ff5be0148eba0cea538412f75728135df,f03647c376fe834f9bb1c3d6834ed42732ef3e7e1047eeff352af49b31ed607f,0.7430972672654513,0.4861945345309026,0.3517941854153616,2.652277332268698,760.919807434082,23.280921936035156,5.8183746337890625,0.0,fold predictions not persisted; stored metrics cannot be prediction-recomputed,completed,4.0,catboost,40.0,528.485274553299,226.98241996765137
fbv1-036-lendingclub_v2-catboost-rfe-catboost-s42,fbv1-036-lendingclub_v2-catboost-rfe-catboost-s42,36,dev_expanding_window_fold,lendingclub_v2,5,rfe_catboost,rfe_catboost_fractional_step_v1,selector,catboost,675,unsupported_not_persisted_by_prompt_10,40,exact_budget,40.0,False,completed,42,,,,7adeb0939d9383ef235420426b82fa6ff5be0148eba0cea538412f75728135df,f03647c376fe834f9bb1c3d6834ed42732ef3e7e1047eeff352af49b31ed607f,0.7472948319638393,0.4945896639276785,0.3587585590381719,2.6255486231020018,986.811895608902,23.280921936035156,5.8183746337890625,0.0,fold predictions not persisted; stored metrics cannot be prediction-recomputed,completed,5.0,catboost,40.0,647.7839303016663,331.4407594203949
fbv1-036-lendingclub_v2-catboost-rfe-catboost-s42,fbv1-036-lendingclub_v2-catboost-rfe-catboost-s42,36,full_dev_refit_diagnostic,lendingclub_v2,full_dev_in_sample,rfe_catboost,rfe_catboost_fractional_step_v1,selector,catboost,675,unsupported_not_persisted_by_prompt_10,40,exact_budget,40.0,False,completed,42,a1081f80603391cc2d7334f04768b24340f3e55ba906e91d3c67285d868106e3,adc6858c1ac6c5acb3306b8074fd315e00f99ca06f92e1160a64f7209a5ae79e,5060f17d16fffb4665fbfba4d80331db0b56744cad19516a0913ef91b28032d4,7adeb0939d9383ef235420426b82fa6ff5be0148eba0cea538412f75728135df,f03647c376fe834f9bb1c3d6834ed42732ef3e7e1047eeff352af49b31ed607f,0.7839253608251465,0.567850721650293,0.42315838642816483,2.8557823814432926,4420.073640199989,23.280921936035156,5.8183746337890625,0.0,,completed,,,,,
fbv1-036-lendingclub_v2-catboost-rfe-catboost-s42,fbv1-036-lendingclub_v2-catboost-rfe-catboost-s42,36,oot,lendingclub_v2,locked_oot,rfe_catboost,rfe_catboost_fractional_step_v1,selector,catboost,675,unsupported_not_persisted_by_prompt_10,40,exact_budget,40.0,False,completed,42,296051843bac7c43ff2032e8861a3769868f4923bf16e6a0b1c4013efb88bb42,58a4c0cae484435637172dabe24671608cf022babfd29425aba0879e68244714,e455f6dae0c55f6bd47aaeefde05ef6ad1468aa1053f9be7013b109c2b94c162,7adeb0939d9383ef235420426b82fa6ff5be0148eba0cea538412f75728135df,f03647c376fe834f9bb1c3d6834ed42732ef3e7e1047eeff352af49b31ed607f,0.7189617673749171,0.43792353474983425,0.31528765743549764,2.2564521600731586,4420.073640199989,23.280921936035156,5.8183746337890625,0.0,,completed,,,,,
