run_id,dataset,model,method_id,feature_name,psi,drift_level,source,raw_feature_matrix_opened
fbv1-001-homecredit-lr-full-features-s42,homecredit,lr,full_features,PREV_DAYS_DECISION_MAX,12.511347253236298,high,authenticated_saved_feature_psi,False
fbv1-001-homecredit-lr-full-features-s42,homecredit,lr,full_features,PREV_DAYS_FIRST_DUE_MAX,1.1957239553239194,high,authenticated_saved_feature_psi,False
fbv1-001-homecredit-lr-full-features-s42,homecredit,lr,full_features,PREV_AMT_CREDIT_MIN,0.6072582341186968,high,authenticated_saved_feature_psi,False
fbv1-001-homecredit-lr-full-features-s42,homecredit,lr,full_features,PREV_AMT_APPLICATION_MIN,0.54205306000712,high,authenticated_saved_feature_psi,False
fbv1-001-homecredit-lr-full-features-s42,homecredit,lr,full_features,PREV_NFLAG_LAST_APPL_IN_DAY_SUM,0.4895476368263365,high,authenticated_saved_feature_psi,False
fbv1-001-homecredit-lr-full-features-s42,homecredit,lr,full_features,PREV_ASK_GRANT_RATIO_MIN,0.4730896319700171,high,authenticated_saved_feature_psi,False
fbv1-001-homecredit-lr-full-features-s42,homecredit,lr,full_features,PREV_ASK_GRANT_RATIO_VAR,0.441257009344121,high,authenticated_saved_feature_psi,False
fbv1-001-homecredit-lr-full-features-s42,homecredit,lr,full_features,PREV_HOUR_APPR_PROCESS_START_SUM,0.4237284695567538,high,authenticated_saved_feature_psi,False
fbv1-001-homecredit-lr-full-features-s42,homecredit,lr,full_features,PREV_ASK_GRANT_RATIO_MEAN,0.4171956274381661,high,authenticated_saved_feature_psi,False
fbv1-001-homecredit-lr-full-features-s42,homecredit,lr,full_features,PREV_DAYS_LAST_DUE_1ST_VERSION_MAX,0.3254230120809057,high,authenticated_saved_feature_psi,False
fbv1-001-homecredit-lr-full-features-s42,homecredit,lr,full_features,PREV_AMT_CREDIT_VAR,0.3163548703000309,high,authenticated_saved_feature_psi,False
fbv1-001-homecredit-lr-full-features-s42,homecredit,lr,full_features,AMT_REQ_CREDIT_BUREAU_QRT,0.2864298456580416,high,authenticated_saved_feature_psi,False
fbv1-001-homecredit-lr-full-features-s42,homecredit,lr,full_features,PREV_AMT_APPLICATION_VAR,0.2797697083562249,high,authenticated_saved_feature_psi,False
fbv1-001-homecredit-lr-full-features-s42,homecredit,lr,full_features,INSTAL_DAYS_INSTALMENT_MAX,0.2585058217890207,high,authenticated_saved_feature_psi,False
fbv1-001-homecredit-lr-full-features-s42,homecredit,lr,full_features,POS_MONTHS_BALANCE_MAX,0.2539442077609402,high,authenticated_saved_feature_psi,False
fbv1-001-homecredit-lr-full-features-s42,homecredit,lr,full_features,INSTAL_DAYS_ENTRY_PAYMENT_MAX,0.2452093604370525,moderate,authenticated_saved_feature_psi,False
fbv1-001-homecredit-lr-full-features-s42,homecredit,lr,full_features,PREV_SELLERPLACE_AREA_MIN,0.242741437852579,moderate,authenticated_saved_feature_psi,False
fbv1-001-homecredit-lr-full-features-s42,homecredit,lr,full_features,PREV_DAYS_DECISION_MEAN,0.2411071020205505,moderate,authenticated_saved_feature_psi,False
fbv1-001-homecredit-lr-full-features-s42,homecredit,lr,full_features,PREV_recent_decision_MEAN,0.2411071020205505,moderate,authenticated_saved_feature_psi,False
fbv1-001-homecredit-lr-full-features-s42,homecredit,lr,full_features,AMT_REQ_CREDIT_BUREAU_YEAR,0.2124196914084513,moderate,authenticated_saved_feature_psi,False
fbv1-001-homecredit-lr-full-features-s42,homecredit,lr,full_features,PREV_ASK_GRANT_RATIO_SUM,0.1951868120381688,moderate,authenticated_saved_feature_psi,False
fbv1-001-homecredit-lr-full-features-s42,homecredit,lr,full_features,PREV_SELLERPLACE_AREA_VAR,0.1849350956852503,moderate,authenticated_saved_feature_psi,False
fbv1-001-homecredit-lr-full-features-s42,homecredit,lr,full_features,PREV_PAYMENT_TERM_SUM,0.1781768747108492,moderate,authenticated_saved_feature_psi,False
fbv1-001-homecredit-lr-full-features-s42,homecredit,lr,full_features,PREV_APPLICATION_DIFF_MAX,0.1669684429577178,moderate,authenticated_saved_feature_psi,False
fbv1-001-homecredit-lr-full-features-s42,homecredit,lr,full_features,PREV_recent_decision_VAR,0.1565760419356547,moderate,authenticated_saved_feature_psi,False
fbv1-001-homecredit-lr-full-features-s42,homecredit,lr,full_features,PREV_DAYS_DECISION_VAR,0.1565760419356547,moderate,authenticated_saved_feature_psi,False
fbv1-001-homecredit-lr-full-features-s42,homecredit,lr,full_features,PREV_CNT_PAYMENT_SUM,0.1497693833785329,moderate,authenticated_saved_feature_psi,False
fbv1-001-homecredit-lr-full-features-s42,homecredit,lr,full_features,PREV_CNT_PAYMENT_VAR,0.1435764735999191,moderate,authenticated_saved_feature_psi,False
fbv1-001-homecredit-lr-full-features-s42,homecredit,lr,full_features,PREV_HOUR_APPR_PROCESS_START_VAR,0.1339443119074082,moderate,authenticated_saved_feature_psi,False
fbv1-001-homecredit-lr-full-features-s42,homecredit,lr,full_features,PREV_recent_decision_SUM,0.1170914735361598,moderate,authenticated_saved_feature_psi,False
fbv1-001-homecredit-lr-full-features-s42,homecredit,lr,full_features,PREV_DAYS_DECISION_SUM,0.1170914735361598,moderate,authenticated_saved_feature_psi,False
fbv1-001-homecredit-lr-full-features-s42,homecredit,lr,full_features,PREV_APPLICATION_DIFF_VAR,0.1154563288211261,moderate,authenticated_saved_feature_psi,False
fbv1-001-homecredit-lr-full-features-s42,homecredit,lr,full_features,PREV_AMT_GOODS_PRICE_SUM,0.1136976368589566,moderate,authenticated_saved_feature_psi,False
fbv1-001-homecredit-lr-full-features-s42,homecredit,lr,full_features,PREV_AMT_APPLICATION_SUM,0.1136510116112494,moderate,authenticated_saved_feature_psi,False
fbv1-001-homecredit-lr-full-features-s42,homecredit,lr,full_features,PREV_PAYMENT_TERM_MAX,0.111637335324288,moderate,authenticated_saved_feature_psi,False
fbv1-001-homecredit-lr-full-features-s42,homecredit,lr,full_features,PREV_AMT_ANNUITY_SUM,0.1075641817410228,moderate,authenticated_saved_feature_psi,False
fbv1-001-homecredit-lr-full-features-s42,homecredit,lr,full_features,PREV_AMT_CREDIT_SUM,0.1070467341981605,moderate,authenticated_saved_feature_psi,False
fbv1-001-homecredit-lr-full-features-s42,homecredit,lr,full_features,PREV_HOUR_APPR_PROCESS_START_MIN,0.0995841280335632,low,authenticated_saved_feature_psi,False
fbv1-001-homecredit-lr-full-features-s42,homecredit,lr,full_features,PREV_INTEREST_ESTIMATE_SUM,0.0934769330009382,low,authenticated_saved_feature_psi,False
fbv1-001-homecredit-lr-full-features-s42,homecredit,lr,full_features,PREV_APPLICATION_DIFF_MIN,0.0897283067955764,low,authenticated_saved_feature_psi,False
fbv1-001-homecredit-lr-full-features-s42,homecredit,lr,full_features,DAYS_LAST_PHONE_CHANGE,0.082223212490693,low,authenticated_saved_feature_psi,False
fbv1-001-homecredit-lr-full-features-s42,homecredit,lr,full_features,PREV_DAYS_LAST_DUE_MAX,0.0812576509829495,low,authenticated_saved_feature_psi,False
fbv1-001-homecredit-lr-full-features-s42,homecredit,lr,full_features,PREV_DAYS_TERMINATION_MAX,0.0809514163094178,low,authenticated_saved_feature_psi,False
fbv1-001-homecredit-lr-full-features-s42,homecredit,lr,full_features,PREV_AMT_ANNUITY_VAR,0.0807907289459423,low,authenticated_saved_feature_psi,False
fbv1-001-homecredit-lr-full-features-s42,homecredit,lr,full_features,PREV_CNT_PAYMENT_MAX,0.0785677629203051,low,authenticated_saved_feature_psi,False
fbv1-001-homecredit-lr-full-features-s42,homecredit,lr,full_features,PREV_INTEREST_ESTIMATE_VAR,0.0774384249230514,low,authenticated_saved_feature_psi,False
fbv1-001-homecredit-lr-full-features-s42,homecredit,lr,full_features,PREV_DAYS_FIRST_DUE_VAR,0.076767244272892,low,authenticated_saved_feature_psi,False
fbv1-001-homecredit-lr-full-features-s42,homecredit,lr,full_features,PREV_DAYS_LAST_DUE_1ST_VERSION_VAR,0.0708195439129524,low,authenticated_saved_feature_psi,False
fbv1-001-homecredit-lr-full-features-s42,homecredit,lr,full_features,PREV_INTEREST_ESTIMATE_MIN,0.0674674675729791,low,authenticated_saved_feature_psi,False
fbv1-001-homecredit-lr-full-features-s42,homecredit,lr,full_features,PREV_AMT_GOODS_PRICE_VAR,0.0660806121669493,low,authenticated_saved_feature_psi,False
fbv1-001-homecredit-lr-full-features-s42,homecredit,lr,full_features,PREV_CNT_PAYMENT_MIN,0.0639352602021239,low,authenticated_saved_feature_psi,False
fbv1-001-homecredit-lr-full-features-s42,homecredit,lr,full_features,PREV_INTEREST_ESTIMATE_MAX,0.0639268824804577,low,authenticated_saved_feature_psi,False
fbv1-001-homecredit-lr-full-features-s42,homecredit,lr,full_features,PREV_RATE_DOWN_PAYMENT_VAR,0.0620240630877371,low,authenticated_saved_feature_psi,False
fbv1-001-homecredit-lr-full-features-s42,homecredit,lr,full_features,PREV_DAYS_LAST_DUE_1ST_VERSION_SUM,0.0611929822458547,low,authenticated_saved_feature_psi,False
fbv1-001-homecredit-lr-full-features-s42,homecredit,lr,full_features,PREV_DAYS_FIRST_DUE_SUM,0.0591799216186158,low,authenticated_saved_feature_psi,False
fbv1-001-homecredit-lr-full-features-s42,homecredit,lr,full_features,INSTAL_DAYS_INSTALMENT_VAR,0.0578650904526889,low,authenticated_saved_feature_psi,False
fbv1-001-homecredit-lr-full-features-s42,homecredit,lr,full_features,CC_CNT_INSTALMENT_MATURE_CUM_SUM,0.0572422633874227,low,authenticated_saved_feature_psi,False
fbv1-001-homecredit-lr-full-features-s42,homecredit,lr,full_features,POS_MONTHS_BALANCE_VAR,0.0571736292328748,low,authenticated_saved_feature_psi,False
fbv1-001-homecredit-lr-full-features-s42,homecredit,lr,full_features,PREV_AMT_ANNUITY_MIN,0.0567295453169564,low,authenticated_saved_feature_psi,False
fbv1-001-homecredit-lr-full-features-s42,homecredit,lr,full_features,PREV_DAYS_FIRST_DUE_MEAN,0.0564389580196758,low,authenticated_saved_feature_psi,False
fbv1-001-homecredit-lr-full-features-s42,homecredit,lr,full_features,PREV_CNT_PAYMENT_MEAN,0.055624048912364,low,authenticated_saved_feature_psi,False
fbv1-001-homecredit-lr-full-features-s42,homecredit,lr,full_features,PREV_recent_decision_MIN,0.0554908670213462,low,authenticated_saved_feature_psi,False
fbv1-001-homecredit-lr-full-features-s42,homecredit,lr,full_features,PREV_DAYS_DECISION_MIN,0.0554908670213462,low,authenticated_saved_feature_psi,False
fbv1-001-homecredit-lr-full-features-s42,homecredit,lr,full_features,PREV_NFLAG_INSURED_ON_APPROVAL_MEAN,0.0551769783330002,low,authenticated_saved_feature_psi,False
fbv1-001-homecredit-lr-full-features-s42,homecredit,lr,full_features,INSTAL_DAYS_ENTRY_PAYMENT_VAR,0.054843731054879,low,authenticated_saved_feature_psi,False
fbv1-001-homecredit-lr-full-features-s42,homecredit,lr,full_features,PREV_DAYS_FIRST_DUE_MIN,0.0547459648200915,low,authenticated_saved_feature_psi,False
fbv1-001-homecredit-lr-full-features-s42,homecredit,lr,full_features,POS_MONTHS_BALANCE_MIN,0.0538407953962355,low,authenticated_saved_feature_psi,False
fbv1-001-homecredit-lr-full-features-s42,homecredit,lr,full_features,PREV_AMT_GOODS_PRICE_MAX,0.0521592516484765,low,authenticated_saved_feature_psi,False
fbv1-001-homecredit-lr-full-features-s42,homecredit,lr,full_features,PREV_AMT_APPLICATION_MAX,0.050549482319135,low,authenticated_saved_feature_psi,False
fbv1-001-homecredit-lr-full-features-s42,homecredit,lr,full_features,PREV_AMT_CREDIT_MAX,0.050191795898094,low,authenticated_saved_feature_psi,False
fbv1-001-homecredit-lr-full-features-s42,homecredit,lr,full_features,CC_AMT_CREDIT_LIMIT_ACTUAL_SUM,0.0501254193027939,low,authenticated_saved_feature_psi,False
fbv1-001-homecredit-lr-full-features-s42,homecredit,lr,full_features,CC_MONTHS_BALANCE_MIN,0.0495580133590924,low,authenticated_saved_feature_psi,False
fbv1-001-homecredit-lr-full-features-s42,homecredit,lr,full_features,CC_MONTHS_BALANCE_MEAN,0.0493618710084771,low,authenticated_saved_feature_psi,False
fbv1-001-homecredit-lr-full-features-s42,homecredit,lr,full_features,INSTAL_DAYS_ENTRY_PAYMENT_MIN,0.0489279584526063,low,authenticated_saved_feature_psi,False
fbv1-001-homecredit-lr-full-features-s42,homecredit,lr,full_features,INSTAL_AMT_INSTALMENT_VAR,0.0483390097390382,low,authenticated_saved_feature_psi,False
fbv1-001-homecredit-lr-full-features-s42,homecredit,lr,full_features,INSTAL_DAYS_INSTALMENT_MIN,0.0481978602745028,low,authenticated_saved_feature_psi,False
fbv1-001-homecredit-lr-full-features-s42,homecredit,lr,full_features,CC_MONTHS_BALANCE_SUM,0.0464757877869737,low,authenticated_saved_feature_psi,False
fbv1-001-homecredit-lr-full-features-s42,homecredit,lr,full_features,PREV_AMT_DOWN_PAYMENT_VAR,0.0453246693100185,low,authenticated_saved_feature_psi,False
fbv1-001-homecredit-lr-full-features-s42,homecredit,lr,full_features,CC_CNT_INSTALMENT_MATURE_CUM_MAX,0.0443488305071021,low,authenticated_saved_feature_psi,False
fbv1-001-homecredit-lr-full-features-s42,homecredit,lr,full_features,PREV_AMT_GOODS_PRICE_MIN,0.0437507370017402,low,authenticated_saved_feature_psi,False
fbv1-001-homecredit-lr-full-features-s42,homecredit,lr,full_features,PREV_APPLICATION_DIFF_SUM,0.0434656889318661,low,authenticated_saved_feature_psi,False
fbv1-001-homecredit-lr-full-features-s42,homecredit,lr,full_features,POS_MONTHS_BALANCE_SUM,0.0433419926721698,low,authenticated_saved_feature_psi,False
fbv1-001-homecredit-lr-full-features-s42,homecredit,lr,full_features,PREV_HOUR_APPR_PROCESS_START_MAX,0.0428715882180009,low,authenticated_saved_feature_psi,False
fbv1-001-homecredit-lr-full-features-s42,homecredit,lr,full_features,CC_CNT_INSTALMENT_MATURE_CUM_MEAN,0.0416771220203692,low,authenticated_saved_feature_psi,False
fbv1-001-homecredit-lr-full-features-s42,homecredit,lr,full_features,CC_MONTHS_BALANCE_VAR,0.0404201193877366,low,authenticated_saved_feature_psi,False
fbv1-001-homecredit-lr-full-features-s42,homecredit,lr,full_features,PREV_ASK_GRANT_RATIO_MAX,0.0393957189639692,low,authenticated_saved_feature_psi,False
fbv1-001-homecredit-lr-full-features-s42,homecredit,lr,full_features,INSTAL_DAYS_INSTALMENT_SUM,0.0373927517226686,low,authenticated_saved_feature_psi,False
fbv1-001-homecredit-lr-full-features-s42,homecredit,lr,full_features,INSTAL_DAYS_ENTRY_PAYMENT_SUM,0.0372421140629199,low,authenticated_saved_feature_psi,False
fbv1-001-homecredit-lr-full-features-s42,homecredit,lr,full_features,INSTAL_DAYS_INSTALMENT_MEAN,0.0371395313098386,low,authenticated_saved_feature_psi,False
fbv1-001-homecredit-lr-full-features-s42,homecredit,lr,full_features,CC_AMT_CREDIT_LIMIT_ACTUAL_MAX,0.0370026829366241,low,authenticated_saved_feature_psi,False
fbv1-001-homecredit-lr-full-features-s42,homecredit,lr,full_features,PREV_PAYMENT_TERM_MEAN,0.0367615563451801,low,authenticated_saved_feature_psi,False
fbv1-001-homecredit-lr-full-features-s42,homecredit,lr,full_features,INSTAL_DAYS_ENTRY_PAYMENT_MEAN,0.0367338021594756,low,authenticated_saved_feature_psi,False
fbv1-001-homecredit-lr-full-features-s42,homecredit,lr,full_features,POS_MONTHS_BALANCE_MEAN,0.0358980296722629,low,authenticated_saved_feature_psi,False
fbv1-001-homecredit-lr-full-features-s42,homecredit,lr,full_features,POS_TOTAL_INSTALMENT_PROG_SUM,0.0358892785550117,low,authenticated_saved_feature_psi,False
fbv1-001-homecredit-lr-full-features-s42,homecredit,lr,full_features,PREV_AMT_ANNUITY_MAX,0.0353464527922435,low,authenticated_saved_feature_psi,False
fbv1-001-homecredit-lr-full-features-s42,homecredit,lr,full_features,CC_MONTHS_BALANCE_MAX,0.0350972882328004,low,authenticated_saved_feature_psi,False
fbv1-001-homecredit-lr-full-features-s42,homecredit,lr,full_features,CC_AMT_PAYMENT_TOTAL_CURRENT_MAX,0.0344223287986203,low,authenticated_saved_feature_psi,False
fbv1-001-homecredit-lr-full-features-s42,homecredit,lr,full_features,POS_CNT_INSTALMENT_FUTURE_SUM,0.0339809817533801,low,authenticated_saved_feature_psi,False
fbv1-001-homecredit-lr-full-features-s42,homecredit,lr,full_features,POS_TOTAL_INSTALMENT_PROG_MEAN,0.0334401648316066,low,authenticated_saved_feature_psi,False
fbv1-001-homecredit-lr-full-features-s42,homecredit,lr,full_features,CC_AMT_PAYMENT_TOTAL_CURRENT_MEAN,0.033412560644331,low,authenticated_saved_feature_psi,False
fbv1-001-homecredit-lr-full-features-s42,homecredit,lr,full_features,INSTAL_PAYMENT_RATIO_SUM,0.0333048133111777,low,authenticated_saved_feature_psi,False
fbv1-001-homecredit-lr-full-features-s42,homecredit,lr,full_features,PREV_PAYMENT_TERM_MIN,0.0332716674231616,low,authenticated_saved_feature_psi,False
fbv1-001-homecredit-lr-full-features-s42,homecredit,lr,full_features,CC_CNT_DRAWINGS_CURRENT_SUM,0.033221387464827,low,authenticated_saved_feature_psi,False
fbv1-001-homecredit-lr-full-features-s42,homecredit,lr,full_features,CC_CNT_DRAWINGS_CURRENT_MAX,0.0331205880045567,low,authenticated_saved_feature_psi,False
fbv1-001-homecredit-lr-full-features-s42,homecredit,lr,full_features,CC_CNT_DRAWINGS_CURRENT_MEAN,0.0327300469646266,low,authenticated_saved_feature_psi,False
fbv1-001-homecredit-lr-full-features-s42,homecredit,lr,full_features,INSTAL_AMT_INSTALMENT_MIN,0.0325558148080322,low,authenticated_saved_feature_psi,False
fbv1-001-homecredit-lr-full-features-s42,homecredit,lr,full_features,CC_LIMIT_USE_MIN,0.0319935366161149,low,authenticated_saved_feature_psi,False
fbv1-001-homecredit-lr-full-features-s42,homecredit,lr,full_features,CC_CNT_INSTALMENT_MATURE_CUM_VAR,0.0310245054566897,low,authenticated_saved_feature_psi,False
fbv1-001-homecredit-lr-full-features-s42,homecredit,lr,full_features,POS_CNT_INSTALMENT_VAR,0.0308718908882938,low,authenticated_saved_feature_psi,False
fbv1-001-homecredit-lr-full-features-s42,homecredit,lr,full_features,CC_AMT_PAYMENT_CURRENT_SUM,0.0305899184247212,low,authenticated_saved_feature_psi,False
fbv1-001-homecredit-lr-full-features-s42,homecredit,lr,full_features,CC_AMT_TOTAL_RECEIVABLE_MIN,0.0303086857310356,low,authenticated_saved_feature_psi,False
fbv1-001-homecredit-lr-full-features-s42,homecredit,lr,full_features,CC_AMT_RECIVABLE_MIN,0.0303086857310356,low,authenticated_saved_feature_psi,False
fbv1-001-homecredit-lr-full-features-s42,homecredit,lr,full_features,CC_AMT_RECEIVABLE_PRINCIPAL_MIN,0.0301920093370043,low,authenticated_saved_feature_psi,False
fbv1-001-homecredit-lr-full-features-s42,homecredit,lr,full_features,PREV_NFLAG_INSURED_ON_APPROVAL_SUM,0.029765318893423,low,authenticated_saved_feature_psi,False
fbv1-001-homecredit-lr-full-features-s42,homecredit,lr,full_features,CC_LIMIT_USE_MEAN,0.0297540591198756,low,authenticated_saved_feature_psi,False
fbv1-001-homecredit-lr-full-features-s42,homecredit,lr,full_features,CC_LIMIT_USE_SUM,0.0295885713608567,low,authenticated_saved_feature_psi,False
fbv1-001-homecredit-lr-full-features-s42,homecredit,lr,full_features,CC_AMT_BALANCE_MIN,0.0292539748685236,low,authenticated_saved_feature_psi,False
fbv1-001-homecredit-lr-full-features-s42,homecredit,lr,full_features,CC_AMT_PAYMENT_TOTAL_CURRENT_SUM,0.02899916733045,low,authenticated_saved_feature_psi,False
fbv1-001-homecredit-lr-full-features-s42,homecredit,lr,full_features,CC_AMT_RECEIVABLE_PRINCIPAL_VAR,0.0287985367040759,low,authenticated_saved_feature_psi,False
fbv1-001-homecredit-lr-full-features-s42,homecredit,lr,full_features,CC_AMT_INST_MIN_REGULARITY_SUM,0.0287800639202198,low,authenticated_saved_feature_psi,False
fbv1-001-homecredit-lr-full-features-s42,homecredit,lr,full_features,CC_AMT_RECIVABLE_VAR,0.0287287671844708,low,authenticated_saved_feature_psi,False
fbv1-001-homecredit-lr-full-features-s42,homecredit,lr,full_features,CC_AMT_TOTAL_RECEIVABLE_VAR,0.0287255798960271,low,authenticated_saved_feature_psi,False
fbv1-001-homecredit-lr-full-features-s42,homecredit,lr,full_features,CC_AMT_BALANCE_VAR,0.0286508191203765,low,authenticated_saved_feature_psi,False
fbv1-001-homecredit-lr-full-features-s42,homecredit,lr,full_features,CC_CNT_DRAWINGS_POS_CURRENT_SUM,0.0279966239087855,low,authenticated_saved_feature_psi,False
fbv1-001-homecredit-lr-full-features-s42,homecredit,lr,full_features,CC_AMT_INST_MIN_REGULARITY_VAR,0.0277257975263056,low,authenticated_saved_feature_psi,False
fbv1-001-homecredit-lr-full-features-s42,homecredit,lr,full_features,CC_AMT_DRAWINGS_POS_CURRENT_SUM,0.0274985765234566,low,authenticated_saved_feature_psi,False
fbv1-001-homecredit-lr-full-features-s42,homecredit,lr,full_features,CC_AMT_INST_MIN_REGULARITY_MAX,0.0267923281985076,low,authenticated_saved_feature_psi,False
fbv1-001-homecredit-lr-full-features-s42,homecredit,lr,full_features,PREV_DAYS_LAST_DUE_SUM,0.0262407163258764,low,authenticated_saved_feature_psi,False
fbv1-001-homecredit-lr-full-features-s42,homecredit,lr,full_features,CC_PAYMENT_DIV_MIN_SUM,0.0260077476301973,low,authenticated_saved_feature_psi,False
fbv1-001-homecredit-lr-full-features-s42,homecredit,lr,full_features,CC_CNT_DRAWINGS_CURRENT_VAR,0.0259678612303508,low,authenticated_saved_feature_psi,False
fbv1-001-homecredit-lr-full-features-s42,homecredit,lr,full_features,PREV_DAYS_LAST_DUE_1ST_VERSION_MIN,0.0259119022033358,low,authenticated_saved_feature_psi,False
fbv1-001-homecredit-lr-full-features-s42,homecredit,lr,full_features,CC_AMT_DRAWINGS_CURRENT_MEAN,0.0258944844413911,low,authenticated_saved_feature_psi,False
fbv1-001-homecredit-lr-full-features-s42,homecredit,lr,full_features,CC_AMT_CREDIT_LIMIT_ACTUAL_VAR,0.0258480444763858,low,authenticated_saved_feature_psi,False
fbv1-001-homecredit-lr-full-features-s42,homecredit,lr,full_features,INSTAL_NUM_INSTALMENT_VERSION_SUM,0.025674267791886,low,authenticated_saved_feature_psi,False
fbv1-001-homecredit-lr-full-features-s42,homecredit,lr,full_features,PREV_DAYS_LAST_DUE_1ST_VERSION_MEAN,0.0254462711185238,low,authenticated_saved_feature_psi,False
fbv1-001-homecredit-lr-full-features-s42,homecredit,lr,full_features,CC_AMT_DRAWINGS_CURRENT_VAR,0.0253150734072391,low,authenticated_saved_feature_psi,False
fbv1-001-homecredit-lr-full-features-s42,homecredit,lr,full_features,CC_AMT_PAYMENT_TOTAL_CURRENT_VAR,0.0246536696651434,low,authenticated_saved_feature_psi,False
fbv1-001-homecredit-lr-full-features-s42,homecredit,lr,full_features,PREV_HOUR_APPR_PROCESS_START_MEAN,0.0245118011544351,low,authenticated_saved_feature_psi,False
fbv1-001-homecredit-lr-full-features-s42,homecredit,lr,full_features,PREV_SELLERPLACE_AREA_SUM,0.0242969777656858,low,authenticated_saved_feature_psi,False
fbv1-001-homecredit-lr-full-features-s42,homecredit,lr,full_features,PREV_DAYS_TERMINATION_SUM,0.0238569944757502,low,authenticated_saved_feature_psi,False
fbv1-001-homecredit-lr-full-features-s42,homecredit,lr,full_features,CC_AMT_INST_MIN_REGULARITY_MEAN,0.0235426352231144,low,authenticated_saved_feature_psi,False
fbv1-001-homecredit-lr-full-features-s42,homecredit,lr,full_features,PREV_SELLERPLACE_AREA_MEAN,0.0235275314730725,low,authenticated_saved_feature_psi,False
fbv1-001-homecredit-lr-full-features-s42,homecredit,lr,full_features,CC_AMT_DRAWINGS_CURRENT_MAX,0.0234425661873899,low,authenticated_saved_feature_psi,False
fbv1-001-homecredit-lr-full-features-s42,homecredit,lr,full_features,CC_AMT_RECIVABLE_MAX,0.0232102186089347,low,authenticated_saved_feature_psi,False
fbv1-001-homecredit-lr-full-features-s42,homecredit,lr,full_features,CC_AMT_TOTAL_RECEIVABLE_MAX,0.0232069368533203,low,authenticated_saved_feature_psi,False
fbv1-001-homecredit-lr-full-features-s42,homecredit,lr,full_features,CC_AMT_BALANCE_MAX,0.0232023019610735,low,authenticated_saved_feature_psi,False
fbv1-001-homecredit-lr-full-features-s42,homecredit,lr,full_features,CC_AMT_RECEIVABLE_PRINCIPAL_MAX,0.0230355926137248,low,authenticated_saved_feature_psi,False
fbv1-001-homecredit-lr-full-features-s42,homecredit,lr,full_features,CC_AMT_TOTAL_RECEIVABLE_SUM,0.0227106717832699,low,authenticated_saved_feature_psi,False
fbv1-001-homecredit-lr-full-features-s42,homecredit,lr,full_features,CC_AMT_RECIVABLE_SUM,0.0227055183073233,low,authenticated_saved_feature_psi,False
fbv1-001-homecredit-lr-full-features-s42,homecredit,lr,full_features,CC_AMT_BALANCE_SUM,0.0226735400617863,low,authenticated_saved_feature_psi,False
fbv1-001-homecredit-lr-full-features-s42,homecredit,lr,full_features,CC_AMT_RECEIVABLE_PRINCIPAL_SUM,0.0225426325465706,low,authenticated_saved_feature_psi,False
fbv1-001-homecredit-lr-full-features-s42,homecredit,lr,full_features,PREV_DAYS_LAST_DUE_MIN,0.0225204313101289,low,authenticated_saved_feature_psi,False
fbv1-001-homecredit-lr-full-features-s42,homecredit,lr,full_features,CC_AMT_RECEIVABLE_PRINCIPAL_MEAN,0.0222507773906048,low,authenticated_saved_feature_psi,False
fbv1-001-homecredit-lr-full-features-s42,homecredit,lr,full_features,CC_AMT_BALANCE_MEAN,0.0222226104565354,low,authenticated_saved_feature_psi,False
fbv1-001-homecredit-lr-full-features-s42,homecredit,lr,full_features,CC_AMT_RECIVABLE_MEAN,0.0222225613758132,low,authenticated_saved_feature_psi,False
fbv1-001-homecredit-lr-full-features-s42,homecredit,lr,full_features,CC_AMT_TOTAL_RECEIVABLE_MEAN,0.0222020023244121,low,authenticated_saved_feature_psi,False
fbv1-001-homecredit-lr-full-features-s42,homecredit,lr,full_features,INSTAL_NUM_INSTALMENT_NUMBER_MEAN,0.0221826354999094,low,authenticated_saved_feature_psi,False
fbv1-001-homecredit-lr-full-features-s42,homecredit,lr,full_features,POS_CNT_INSTALMENT_MIN,0.0218614168516067,low,authenticated_saved_feature_psi,False
fbv1-001-homecredit-lr-full-features-s42,homecredit,lr,full_features,PREV_DAYS_TERMINATION_MIN,0.0218140375085498,low,authenticated_saved_feature_psi,False
fbv1-001-homecredit-lr-full-features-s42,homecredit,lr,full_features,PREV_RATE_DOWN_PAYMENT_MEAN,0.0212667940472465,low,authenticated_saved_feature_psi,False
fbv1-001-homecredit-lr-full-features-s42,homecredit,lr,full_features,CC_AMT_DRAWINGS_CURRENT_SUM,0.0209226067476432,low,authenticated_saved_feature_psi,False
fbv1-001-homecredit-lr-full-features-s42,homecredit,lr,full_features,EXT_SOURCE_3,0.020728354694539,low,authenticated_saved_feature_psi,False
fbv1-001-homecredit-lr-full-features-s42,homecredit,lr,full_features,INSTAL_AMT_PAYMENT_MIN,0.0204875407269827,low,authenticated_saved_feature_psi,False
fbv1-001-homecredit-lr-full-features-s42,homecredit,lr,full_features,POS_CNT_INSTALMENT_FUTURE_VAR,0.020290354748662,low,authenticated_saved_feature_psi,False
fbv1-001-homecredit-lr-full-features-s42,homecredit,lr,full_features,INSTAL_DAYS_DIFF_MAX,0.0201253097674174,low,authenticated_saved_feature_psi,False
fbv1-001-homecredit-lr-full-features-s42,homecredit,lr,full_features,CC_AMT_CREDIT_LIMIT_ACTUAL_MIN,0.0200840721314056,low,authenticated_saved_feature_psi,False
fbv1-001-homecredit-lr-full-features-s42,homecredit,lr,full_features,PREV_RATE_INTEREST_PRIVILEGED_MAX,0.0199152551819375,low,authenticated_saved_feature_psi,False
fbv1-001-homecredit-lr-full-features-s42,homecredit,lr,full_features,PREV_RATE_INTEREST_PRIVILEGED_MEAN,0.0198430864075054,low,authenticated_saved_feature_psi,False
fbv1-001-homecredit-lr-full-features-s42,homecredit,lr,full_features,POS_CNT_INSTALMENT_MEAN,0.0192124344962385,low,authenticated_saved_feature_psi,False
fbv1-001-homecredit-lr-full-features-s42,homecredit,lr,full_features,PREV_RATE_INTEREST_PRIVILEGED_MIN,0.0191919494803058,low,authenticated_saved_feature_psi,False
fbv1-001-homecredit-lr-full-features-s42,homecredit,lr,full_features,PREV_RATE_DOWN_PAYMENT_SUM,0.0187215504404803,low,authenticated_saved_feature_psi,False
fbv1-001-homecredit-lr-full-features-s42,homecredit,lr,full_features,POS_CNT_INSTALMENT_FUTURE_MEAN,0.01820462491726,low,authenticated_saved_feature_psi,False
fbv1-001-homecredit-lr-full-features-s42,homecredit,lr,full_features,PREV_INTEREST_ESTIMATE_MEAN,0.0180194375097055,low,authenticated_saved_feature_psi,False
fbv1-001-homecredit-lr-full-features-s42,homecredit,lr,full_features,PREV_DAYS_LAST_DUE_MEAN,0.0174444646060645,low,authenticated_saved_feature_psi,False
fbv1-001-homecredit-lr-full-features-s42,homecredit,lr,full_features,CC_AMT_CREDIT_LIMIT_ACTUAL_MEAN,0.0171998728680103,low,authenticated_saved_feature_psi,False
fbv1-001-homecredit-lr-full-features-s42,homecredit,lr,full_features,CC_AMT_DRAWINGS_ATM_CURRENT_MIN,0.017130990542785,low,authenticated_saved_feature_psi,False
fbv1-001-homecredit-lr-full-features-s42,homecredit,lr,full_features,PREV_DAYS_TERMINATION_MEAN,0.016383247526785,low,authenticated_saved_feature_psi,False
fbv1-001-homecredit-lr-full-features-s42,homecredit,lr,full_features,PREV_AMT_DOWN_PAYMENT_MEAN,0.015640439500309,low,authenticated_saved_feature_psi,False
fbv1-001-homecredit-lr-full-features-s42,homecredit,lr,full_features,PREV_AMT_GOODS_PRICE_MEAN,0.015451080668122,low,authenticated_saved_feature_psi,False
fbv1-001-homecredit-lr-full-features-s42,homecredit,lr,full_features,PREV_APPLICATION_DIFF_MEAN,0.0154106247437027,low,authenticated_saved_feature_psi,False
fbv1-001-homecredit-lr-full-features-s42,homecredit,lr,full_features,BURO_BB_MONTHS_BALANCE_VAR_MIN,0.0150431112123435,low,authenticated_saved_feature_psi,False
fbv1-001-homecredit-lr-full-features-s42,homecredit,lr,full_features,PREV_AMT_APPLICATION_MEAN,0.0147998443765298,low,authenticated_saved_feature_psi,False
fbv1-001-homecredit-lr-full-features-s42,homecredit,lr,full_features,INSTAL_AMT_PAYMENT_VAR,0.0146192770998126,low,authenticated_saved_feature_psi,False
fbv1-001-homecredit-lr-full-features-s42,homecredit,lr,full_features,PREV_AMT_DOWN_PAYMENT_MIN,0.0140548967797563,low,authenticated_saved_feature_psi,False
fbv1-001-homecredit-lr-full-features-s42,homecredit,lr,full_features,POS_CNT_INSTALMENT_SUM,0.0139985710983313,low,authenticated_saved_feature_psi,False
fbv1-001-homecredit-lr-full-features-s42,homecredit,lr,full_features,PREV_AMT_CREDIT_MEAN,0.0138223834937012,low,authenticated_saved_feature_psi,False
fbv1-001-homecredit-lr-full-features-s42,homecredit,lr,full_features,INSTAL_AMT_PAYMENT_SUM,0.0137606775208418,low,authenticated_saved_feature_psi,False
fbv1-001-homecredit-lr-full-features-s42,homecredit,lr,full_features,PREV_DAYS_LAST_DUE_VAR,0.0137389622395306,low,authenticated_saved_feature_psi,False
fbv1-001-homecredit-lr-full-features-s42,homecredit,lr,full_features,PREV_AMT_DOWN_PAYMENT_SUM,0.0134603656668472,low,authenticated_saved_feature_psi,False
fbv1-001-homecredit-lr-full-features-s42,homecredit,lr,full_features,INSTAL_DAYS_DIFF_SUM,0.0134194546366867,low,authenticated_saved_feature_psi,False
fbv1-001-homecredit-lr-full-features-s42,homecredit,lr,full_features,PREV_DAYS_TERMINATION_VAR,0.013375774415881,low,authenticated_saved_feature_psi,False
fbv1-001-homecredit-lr-full-features-s42,homecredit,lr,full_features,INSTAL_NUM_INSTALMENT_VERSION_VAR,0.013208386722115,low,authenticated_saved_feature_psi,False
fbv1-001-homecredit-lr-full-features-s42,homecredit,lr,full_features,PREV_RATE_INTEREST_PRIMARY_MAX,0.0128141652334924,low,authenticated_saved_feature_psi,False
fbv1-001-homecredit-lr-full-features-s42,homecredit,lr,full_features,POS_CNT_INSTALMENT_MAX,0.0127999204259104,low,authenticated_saved_feature_psi,False
fbv1-001-homecredit-lr-full-features-s42,homecredit,lr,full_features,INSTAL_DAYS_DIFF_VAR,0.0127669416232057,low,authenticated_saved_feature_psi,False
fbv1-001-homecredit-lr-full-features-s42,homecredit,lr,full_features,CC_PAYMENT_DIV_MIN_MIN,0.0127343368046894,low,authenticated_saved_feature_psi,False
fbv1-001-homecredit-lr-full-features-s42,homecredit,lr,full_features,POS_TOTAL_INSTALMENT_PROG_VAR,0.0126664025260764,low,authenticated_saved_feature_psi,False
fbv1-001-homecredit-lr-full-features-s42,homecredit,lr,full_features,INSTAL_AMT_INSTALMENT_SUM,0.0126614219439091,low,authenticated_saved_feature_psi,False
fbv1-001-homecredit-lr-full-features-s42,homecredit,lr,full_features,POS_TOTAL_INSTALMENT_PROG_MAX,0.012558029157162,low,authenticated_saved_feature_psi,False
fbv1-001-homecredit-lr-full-features-s42,homecredit,lr,full_features,POS_CNT_INSTALMENT_FUTURE_MAX,0.0125356878652321,low,authenticated_saved_feature_psi,False
fbv1-001-homecredit-lr-full-features-s42,homecredit,lr,full_features,PREV_RATE_INTEREST_PRIMARY_MEAN,0.0123270319113801,low,authenticated_saved_feature_psi,False
fbv1-001-homecredit-lr-full-features-s42,homecredit,lr,full_features,BURO_DAYS_CREDIT_UPDATE_MAX,0.0122852875785272,low,authenticated_saved_feature_psi,False
fbv1-001-homecredit-lr-full-features-s42,homecredit,lr,full_features,PREV_RATE_INTEREST_PRIMARY_MIN,0.0122229817347343,low,authenticated_saved_feature_psi,False
fbv1-001-homecredit-lr-full-features-s42,homecredit,lr,full_features,CC_AMT_DRAWINGS_ATM_CURRENT_MAX,0.0120398861725765,low,authenticated_saved_feature_psi,False
fbv1-001-homecredit-lr-full-features-s42,homecredit,lr,full_features,INSTAL_NUM_INSTALMENT_NUMBER_VAR,0.0119984782235065,low,authenticated_saved_feature_psi,False
fbv1-001-homecredit-lr-full-features-s42,homecredit,lr,full_features,INSTAL_NUM_INSTALMENT_NUMBER_MAX,0.011871751624793,low,authenticated_saved_feature_psi,False
fbv1-001-homecredit-lr-full-features-s42,homecredit,lr,full_features,BURO_DAYS_CREDIT_MAX,0.0118606546540912,low,authenticated_saved_feature_psi,False
fbv1-001-homecredit-lr-full-features-s42,homecredit,lr,full_features,PREV_RATE_DOWN_PAYMENT_MAX,0.0117719118267149,low,authenticated_saved_feature_psi,False
fbv1-001-homecredit-lr-full-features-s42,homecredit,lr,full_features,PREV_RATE_DOWN_PAYMENT_MIN,0.0116838375739922,low,authenticated_saved_feature_psi,False
fbv1-001-homecredit-lr-full-features-s42,homecredit,lr,full_features,CC_CNT_DRAWINGS_POS_CURRENT_MEAN,0.0113927750595814,low,authenticated_saved_feature_psi,False
fbv1-001-homecredit-lr-full-features-s42,homecredit,lr,full_features,PREV_SELLERPLACE_AREA_MAX,0.0113657154711909,low,authenticated_saved_feature_psi,False
fbv1-001-homecredit-lr-full-features-s42,homecredit,lr,full_features,CC_CNT_DRAWINGS_ATM_CURRENT_MAX,0.0108590583779621,low,authenticated_saved_feature_psi,False
fbv1-001-homecredit-lr-full-features-s42,homecredit,lr,full_features,INSTAL_AMT_PAYMENT_MAX,0.0108389485684451,low,authenticated_saved_feature_psi,False
fbv1-001-homecredit-lr-full-features-s42,homecredit,lr,full_features,INSTAL_AMT_INSTALMENT_MAX,0.0107861689127812,low,authenticated_saved_feature_psi,False
fbv1-001-homecredit-lr-full-features-s42,homecredit,lr,full_features,CC_CNT_DRAWINGS_ATM_CURRENT_MEAN,0.0107650910750107,low,authenticated_saved_feature_psi,False
fbv1-001-homecredit-lr-full-features-s42,homecredit,lr,full_features,INSTAL_NUM_INSTALMENT_VERSION_MAX,0.0106261725784387,low,authenticated_saved_feature_psi,False
fbv1-001-homecredit-lr-full-features-s42,homecredit,lr,full_features,BURO_BB_MONTHS_BALANCE_MIN_MAX,0.0104179597299771,low,authenticated_saved_feature_psi,False
fbv1-001-homecredit-lr-full-features-s42,homecredit,lr,full_features,INSTAL_NUM_INSTALMENT_NUMBER_SUM,0.0103997540233836,low,authenticated_saved_feature_psi,False
fbv1-001-homecredit-lr-full-features-s42,homecredit,lr,full_features,CC_AMT_DRAWINGS_POS_CURRENT_MEAN,0.0103027158237301,low,authenticated_saved_feature_psi,False
fbv1-001-homecredit-lr-full-features-s42,homecredit,lr,full_features,CC_AMT_DRAWINGS_ATM_CURRENT_MEAN,0.0101638697511904,low,authenticated_saved_feature_psi,False
fbv1-001-homecredit-lr-full-features-s42,homecredit,lr,full_features,CC_CNT_DRAWINGS_POS_CURRENT_MAX,0.0100064527840445,low,authenticated_saved_feature_psi,False
fbv1-001-homecredit-lr-full-features-s42,homecredit,lr,full_features,CC_DRAWING_RATIO_MIN,0.0093779927499179,low,authenticated_saved_feature_psi,False
fbv1-001-homecredit-lr-full-features-s42,homecredit,lr,full_features,INSTAL_PAYMENT_DIFF_MEAN,0.0093498998202679,low,authenticated_saved_feature_psi,False
fbv1-001-homecredit-lr-full-features-s42,homecredit,lr,full_features,CC_AMT_DRAWINGS_CURRENT_MIN,0.0092567233188499,low,authenticated_saved_feature_psi,False
fbv1-001-homecredit-lr-full-features-s42,homecredit,lr,full_features,CC_CNT_DRAWINGS_CURRENT_MIN,0.009229219922588,low,authenticated_saved_feature_psi,False
fbv1-001-homecredit-lr-full-features-s42,homecredit,lr,full_features,CC_AMT_PAYMENT_CURRENT_MAX,0.0089813699891487,low,authenticated_saved_feature_psi,False
fbv1-001-homecredit-lr-full-features-s42,homecredit,lr,full_features,INSTAL_PAYMENT_RATIO_MEAN,0.0087337049791449,low,authenticated_saved_feature_psi,False
fbv1-001-homecredit-lr-full-features-s42,homecredit,lr,full_features,CC_CNT_DRAWINGS_POS_CURRENT_MIN,0.0087002350428879,low,authenticated_saved_feature_psi,False
fbv1-001-homecredit-lr-full-features-s42,homecredit,lr,full_features,BURO_DAYS_ENDDATE_FACT_MAX,0.008624640039331,low,authenticated_saved_feature_psi,False
fbv1-001-homecredit-lr-full-features-s42,homecredit,lr,full_features,CC_AMT_PAYMENT_CURRENT_MEAN,0.0086200477975051,low,authenticated_saved_feature_psi,False
fbv1-001-homecredit-lr-full-features-s42,homecredit,lr,full_features,BURO_AMT_CREDIT_SUM_MEAN,0.0084608237773705,low,authenticated_saved_feature_psi,False
fbv1-001-homecredit-lr-full-features-s42,homecredit,lr,full_features,CC_AMT_DRAWINGS_POS_CURRENT_MIN,0.0084145217450728,low,authenticated_saved_feature_psi,False
fbv1-001-homecredit-lr-full-features-s42,homecredit,lr,full_features,PREV_DAYS_FIRST_DRAWING_MAX,0.0084007947109944,low,authenticated_saved_feature_psi,False
fbv1-001-homecredit-lr-full-features-s42,homecredit,lr,full_features,PREV_DAYS_FIRST_DRAWING_MEAN,0.0083712185023955,low,authenticated_saved_feature_psi,False
fbv1-001-homecredit-lr-full-features-s42,homecredit,lr,full_features,PREV_DAYS_FIRST_DRAWING_MIN,0.008304253945844,low,authenticated_saved_feature_psi,False
fbv1-001-homecredit-lr-full-features-s42,homecredit,lr,full_features,BURO_AMT_CREDIT_SUM_DEBT_MEAN,0.0082909020674199,low,authenticated_saved_feature_psi,False
fbv1-001-homecredit-lr-full-features-s42,homecredit,lr,full_features,CC_PAYMENT_DIV_MIN_MEAN,0.0080733967215193,low,authenticated_saved_feature_psi,False
fbv1-001-homecredit-lr-full-features-s42,homecredit,lr,full_features,BURO_BB_MONTHS_BALANCE_VAR_SUM,0.0080302390310312,low,authenticated_saved_feature_psi,False
fbv1-001-homecredit-lr-full-features-s42,homecredit,lr,full_features,BURO_AMT_CREDIT_SUM_MIN,0.0079920179235141,low,authenticated_saved_feature_psi,False
fbv1-001-homecredit-lr-full-features-s42,homecredit,lr,full_features,CC_CNT_DRAWINGS_POS_CURRENT_VAR,0.0078156442330335,low,authenticated_saved_feature_psi,False
fbv1-001-homecredit-lr-full-features-s42,homecredit,lr,full_features,BURO_BB_MONTHS_BALANCE_SUM_SUM,0.0078062158090329,low,authenticated_saved_feature_psi,False
fbv1-001-homecredit-lr-full-features-s42,homecredit,lr,full_features,CC_AMT_DRAWINGS_POS_CURRENT_MAX,0.0077693939329425,low,authenticated_saved_feature_psi,False
fbv1-001-homecredit-lr-full-features-s42,homecredit,lr,full_features,BURO_DEBT_CREDIT_DIFF_MIN,0.0077218216755122,low,authenticated_saved_feature_psi,False
fbv1-001-homecredit-lr-full-features-s42,homecredit,lr,full_features,CC_CNT_DRAWINGS_ATM_CURRENT_VAR,0.0075424793294599,low,authenticated_saved_feature_psi,False
fbv1-001-homecredit-lr-full-features-s42,homecredit,lr,full_features,PREV_AMT_DOWN_PAYMENT_MAX,0.0075138062143947,low,authenticated_saved_feature_psi,False
fbv1-001-homecredit-lr-full-features-s42,homecredit,lr,full_features,INSTAL_PAYMENT_RATIO_MAX,0.0074677812875934,low,authenticated_saved_feature_psi,False
fbv1-001-homecredit-lr-full-features-s42,homecredit,lr,full_features,CC_AMT_DRAWINGS_ATM_CURRENT_VAR,0.0074415752519872,low,authenticated_saved_feature_psi,False
fbv1-001-homecredit-lr-full-features-s42,homecredit,lr,full_features,BURO_AMT_CREDIT_MAX_OVERDUE_VAR,0.0073879539667206,low,authenticated_saved_feature_psi,False
fbv1-001-homecredit-lr-full-features-s42,homecredit,lr,full_features,BURO_CREDIT_DURATION_MIN,0.0073470985317439,low,authenticated_saved_feature_psi,False
fbv1-001-homecredit-lr-full-features-s42,homecredit,lr,full_features,BURO_AMT_CREDIT_SUM_DEBT_VAR,0.0072719366447107,low,authenticated_saved_feature_psi,False
fbv1-001-homecredit-lr-full-features-s42,homecredit,lr,full_features,INSTAL_PAYMENT_DIFF_SUM,0.0071454090885004,low,authenticated_saved_feature_psi,False
fbv1-001-homecredit-lr-full-features-s42,homecredit,lr,full_features,BURO_AMT_CREDIT_SUM_VAR,0.00696982810702,low,authenticated_saved_feature_psi,False
fbv1-001-homecredit-lr-full-features-s42,homecredit,lr,full_features,BURO_BB_MONTHS_BALANCE_MIN_SUM,0.0067348731809357,low,authenticated_saved_feature_psi,False
fbv1-001-homecredit-lr-full-features-s42,homecredit,lr,full_features,CC_PAYMENT_DIV_MIN_MAX,0.0067212194518743,low,authenticated_saved_feature_psi,False
fbv1-001-homecredit-lr-full-features-s42,homecredit,lr,full_features,CC_CNT_DRAWINGS_ATM_CURRENT_MIN,0.0066945887448202,low,authenticated_saved_feature_psi,False
fbv1-001-homecredit-lr-full-features-s42,homecredit,lr,full_features,PREV_AMT_ANNUITY_MEAN,0.0065192715992804,low,authenticated_saved_feature_psi,False
fbv1-001-homecredit-lr-full-features-s42,homecredit,lr,full_features,BURO_DAYS_CREDIT_UPDATE_SUM,0.0064655367759714,low,authenticated_saved_feature_psi,False
fbv1-001-homecredit-lr-full-features-s42,homecredit,lr,full_features,BURO_BB_MONTHS_BALANCE_MEAN_SUM,0.006386169646379,low,authenticated_saved_feature_psi,False
fbv1-001-homecredit-lr-full-features-s42,homecredit,lr,full_features,AMT_ANNUITY,0.0061668376515196,low,authenticated_saved_feature_psi,False
fbv1-001-homecredit-lr-full-features-s42,homecredit,lr,full_features,BURO_DEBT_CREDIT_DIFF_MEAN,0.0061123564502056,low,authenticated_saved_feature_psi,False
fbv1-001-homecredit-lr-full-features-s42,homecredit,lr,full_features,CC_AMT_PAYMENT_CURRENT_VAR,0.0060610188758221,low,authenticated_saved_feature_psi,False
fbv1-001-homecredit-lr-full-features-s42,homecredit,lr,full_features,DAYS_BIRTH,0.0058051531867432,low,authenticated_saved_feature_psi,False
fbv1-001-homecredit-lr-full-features-s42,homecredit,lr,full_features,BURO_DEBT_CREDIT_DIFF_VAR,0.0057568806710612,low,authenticated_saved_feature_psi,False
fbv1-001-homecredit-lr-full-features-s42,homecredit,lr,full_features,INSTAL_PAYMENT_DIFF_MIN,0.0056861004693058,low,authenticated_saved_feature_psi,False
fbv1-001-homecredit-lr-full-features-s42,homecredit,lr,full_features,CC_AMT_PAYMENT_CURRENT_MIN,0.0055935919176392,low,authenticated_saved_feature_psi,False
fbv1-001-homecredit-lr-full-features-s42,homecredit,lr,full_features,CC_AMT_DRAWINGS_POS_CURRENT_VAR,0.0055320873741524,low,authenticated_saved_feature_psi,False
fbv1-001-homecredit-lr-full-features-s42,homecredit,lr,full_features,BURO_DAYS_CREDIT_ENDDATE_SUM,0.0053727892790047,low,authenticated_saved_feature_psi,False
fbv1-001-homecredit-lr-full-features-s42,homecredit,lr,full_features,CC_PAYMENT_DIV_MIN_VAR,0.0053274033187256,low,authenticated_saved_feature_psi,False
fbv1-001-homecredit-lr-full-features-s42,homecredit,lr,full_features,BURO_DAYS_ENDDATE_FACT_SUM,0.0053138412735834,low,authenticated_saved_feature_psi,False
fbv1-001-homecredit-lr-full-features-s42,homecredit,lr,full_features,BURO_CREDIT_DURATION_MEAN,0.0052632699261027,low,authenticated_saved_feature_psi,False
fbv1-001-homecredit-lr-full-features-s42,homecredit,lr,full_features,BURO_BB_MONTHS_BALANCE_VAR_MEAN,0.0049920039989371,low,authenticated_saved_feature_psi,False
fbv1-001-homecredit-lr-full-features-s42,homecredit,lr,full_features,BURO_BB_MONTHS_BALANCE_MAX_MIN,0.0049448757602951,low,authenticated_saved_feature_psi,False
fbv1-001-homecredit-lr-full-features-s42,homecredit,lr,full_features,AMT_INCOME_TOTAL,0.0048013628770664,low,authenticated_saved_feature_psi,False
fbv1-001-homecredit-lr-full-features-s42,homecredit,lr,full_features,AMT_GOODS_PRICE,0.0047675755087858,low,authenticated_saved_feature_psi,False
fbv1-001-homecredit-lr-full-features-s42,homecredit,lr,full_features,BURO_CREDIT_DURATION_VAR,0.004755644250423,low,authenticated_saved_feature_psi,False
fbv1-001-homecredit-lr-full-features-s42,homecredit,lr,full_features,BURO_BB_MONTHS_BALANCE_SUM_MEAN,0.0047331201276637,low,authenticated_saved_feature_psi,False
fbv1-001-homecredit-lr-full-features-s42,homecredit,lr,full_features,BURO_AMT_CREDIT_SUM_DEBT_MAX,0.0045985479673176,low,authenticated_saved_feature_psi,False
fbv1-001-homecredit-lr-full-features-s42,homecredit,lr,full_features,BURO_AMT_CREDIT_SUM_MAX,0.0045555897604201,low,authenticated_saved_feature_psi,False
fbv1-001-homecredit-lr-full-features-s42,homecredit,lr,full_features,BURO_DAYS_CREDIT_SUM,0.0044827144652902,low,authenticated_saved_feature_psi,False
fbv1-001-homecredit-lr-full-features-s42,homecredit,lr,full_features,BURO_DAYS_CREDIT_ENDDATE_VAR,0.0043193956966781,low,authenticated_saved_feature_psi,False
fbv1-001-homecredit-lr-full-features-s42,homecredit,lr,full_features,INSTAL_DAYS_DIFF_MIN,0.0042643887070362,low,authenticated_saved_feature_psi,False
fbv1-001-homecredit-lr-full-features-s42,homecredit,lr,full_features,BURO_BB_MONTHS_BALANCE_MAX_MEAN,0.0041938722398786,low,authenticated_saved_feature_psi,False
fbv1-001-homecredit-lr-full-features-s42,homecredit,lr,full_features,INSTAL_DAYS_DIFF_MEAN,0.004162472410747,low,authenticated_saved_feature_psi,False
fbv1-001-homecredit-lr-full-features-s42,homecredit,lr,full_features,BURO_BB_MONTHS_BALANCE_SUM_MAX,0.0041596257634389,low,authenticated_saved_feature_psi,False
fbv1-001-homecredit-lr-full-features-s42,homecredit,lr,full_features,BURO_AMT_ANNUITY_MEAN,0.0041457530665959,low,authenticated_saved_feature_psi,False
fbv1-001-homecredit-lr-full-features-s42,homecredit,lr,full_features,BURO_DAYS_CREDIT_UPDATE_MIN,0.0039347080258073,low,authenticated_saved_feature_psi,False
fbv1-001-homecredit-lr-full-features-s42,homecredit,lr,full_features,DAYS_EMPLOYED,0.0039292888885869,low,authenticated_saved_feature_psi,False
fbv1-001-homecredit-lr-full-features-s42,homecredit,lr,full_features,BURO_BB_MONTHS_BALANCE_MAX_MAX,0.0038986162044769,low,authenticated_saved_feature_psi,False
fbv1-001-homecredit-lr-full-features-s42,homecredit,lr,full_features,INSTAL_PAYMENT_DIFF_VAR,0.0038846949231408,low,authenticated_saved_feature_psi,False
fbv1-001-homecredit-lr-full-features-s42,homecredit,lr,full_features,BURO_DAYS_CREDIT_ENDDATE_MAX,0.0038829799795105,low,authenticated_saved_feature_psi,False
fbv1-001-homecredit-lr-full-features-s42,homecredit,lr,full_features,BURO_BB_MONTHS_BALANCE_SUM_MIN,0.0038574045555193,low,authenticated_saved_feature_psi,False
fbv1-001-homecredit-lr-full-features-s42,homecredit,lr,full_features,CC_CNT_INSTALMENT_MATURE_CUM_MIN,0.0038129043057867,low,authenticated_saved_feature_psi,False
fbv1-001-homecredit-lr-full-features-s42,homecredit,lr,full_features,INSTAL_IS_LATE_MEAN,0.0037967812601098,low,authenticated_saved_feature_psi,False
fbv1-001-homecredit-lr-full-features-s42,homecredit,lr,full_features,BURO_AMT_CREDIT_SUM_DEBT_SUM,0.0036864963790013,low,authenticated_saved_feature_psi,False
fbv1-001-homecredit-lr-full-features-s42,homecredit,lr,full_features,BURO_BB_MONTHS_BALANCE_MEAN_MAX,0.003672875572756,low,authenticated_saved_feature_psi,False
fbv1-001-homecredit-lr-full-features-s42,homecredit,lr,full_features,BURO_CREDIT_DURATION_MAX,0.0036613682995129,low,authenticated_saved_feature_psi,False
fbv1-001-homecredit-lr-full-features-s42,homecredit,lr,full_features,BURO_BB_MONTHS_BALANCE_MIN_MEAN,0.0035972029368873,low,authenticated_saved_feature_psi,False
fbv1-001-homecredit-lr-full-features-s42,homecredit,lr,full_features,BURO_DAYS_CREDIT_UPDATE_VAR,0.0035711723562618,low,authenticated_saved_feature_psi,False
fbv1-001-homecredit-lr-full-features-s42,homecredit,lr,full_features,AMT_CREDIT,0.0035368145621176,low,authenticated_saved_feature_psi,False
fbv1-001-homecredit-lr-full-features-s42,homecredit,lr,full_features,BURO_DAYS_CREDIT_ENDDATE_MIN,0.0035358409039616,low,authenticated_saved_feature_psi,False
fbv1-001-homecredit-lr-full-features-s42,homecredit,lr,full_features,BURO_DEBT_CREDIT_DIFF_MAX,0.0034853530656063,low,authenticated_saved_feature_psi,False
fbv1-001-homecredit-lr-full-features-s42,homecredit,lr,full_features,INSTAL_IS_UNDERPAID_MEAN,0.0032876441593319,low,authenticated_saved_feature_psi,False
fbv1-001-homecredit-lr-full-features-s42,homecredit,lr,full_features,BURO_BB_MONTHS_BALANCE_MEAN_MEAN,0.0032811125030259,low,authenticated_saved_feature_psi,False
fbv1-001-homecredit-lr-full-features-s42,homecredit,lr,full_features,BURO_DAYS_CREDIT_VAR,0.0032529081056908,low,authenticated_saved_feature_psi,False
fbv1-001-homecredit-lr-full-features-s42,homecredit,lr,full_features,BURO_AMT_CREDIT_MAX_OVERDUE_MAX,0.0032401461799058,low,authenticated_saved_feature_psi,False
fbv1-001-homecredit-lr-full-features-s42,homecredit,lr,full_features,BURO_AMT_ANNUITY_SUM,0.0032275758659977,low,authenticated_saved_feature_psi,False
fbv1-001-homecredit-lr-full-features-s42,homecredit,lr,full_features,BURO_BB_MONTHS_BALANCE_MAX_SUM,0.0032120989346624,low,authenticated_saved_feature_psi,False
fbv1-001-homecredit-lr-full-features-s42,homecredit,lr,full_features,POS_CNT_INSTALMENT_FUTURE_MIN,0.0031446164082527,low,authenticated_saved_feature_psi,False
fbv1-001-homecredit-lr-full-features-s42,homecredit,lr,full_features,BURO_DAYS_CREDIT_MEAN,0.003142309958593,low,authenticated_saved_feature_psi,False
fbv1-001-homecredit-lr-full-features-s42,homecredit,lr,full_features,BURO_DAYS_ENDDATE_FACT_VAR,0.003132409413828,low,authenticated_saved_feature_psi,False
fbv1-001-homecredit-lr-full-features-s42,homecredit,lr,full_features,BURO_AMT_CREDIT_MAX_OVERDUE_MEAN,0.0030797842745568,low,authenticated_saved_feature_psi,False
fbv1-001-homecredit-lr-full-features-s42,homecredit,lr,full_features,BURO_DAYS_CREDIT_MIN,0.0030791818890453,low,authenticated_saved_feature_psi,False
fbv1-001-homecredit-lr-full-features-s42,homecredit,lr,full_features,BURO_DAYS_ENDDATE_FACT_MIN,0.0030677857183815,low,authenticated_saved_feature_psi,False
fbv1-001-homecredit-lr-full-features-s42,homecredit,lr,full_features,BURO_AMT_ANNUITY_MAX,0.0030383702263109,low,authenticated_saved_feature_psi,False
fbv1-001-homecredit-lr-full-features-s42,homecredit,lr,full_features,BURO_BB_MONTHS_BALANCE_MEAN_MIN,0.0029323853763404,low,authenticated_saved_feature_psi,False
fbv1-001-homecredit-lr-full-features-s42,homecredit,lr,full_features,BURO_DEBT_CREDIT_DIFF_SUM,0.0028768408379473,low,authenticated_saved_feature_psi,False
fbv1-001-homecredit-lr-full-features-s42,homecredit,lr,full_features,BURO_AMT_CREDIT_SUM_DEBT_MIN,0.0028699952755609,low,authenticated_saved_feature_psi,False
fbv1-001-homecredit-lr-full-features-s42,homecredit,lr,full_features,BURO_AMT_ANNUITY_MIN,0.0028262886122321,low,authenticated_saved_feature_psi,False
fbv1-001-homecredit-lr-full-features-s42,homecredit,lr,full_features,BURO_DAYS_CREDIT_ENDDATE_MEAN,0.0028189839882717,low,authenticated_saved_feature_psi,False
fbv1-001-homecredit-lr-full-features-s42,homecredit,lr,full_features,BURO_BB_MONTHS_BALANCE_MIN_MIN,0.0027973191433923,low,authenticated_saved_feature_psi,False
fbv1-001-homecredit-lr-full-features-s42,homecredit,lr,full_features,BURO_DAYS_ENDDATE_FACT_MEAN,0.0027253972144929,low,authenticated_saved_feature_psi,False
fbv1-001-homecredit-lr-full-features-s42,homecredit,lr,full_features,BURO_AMT_CREDIT_SUM_LIMIT_VAR,0.0027240417877931,low,authenticated_saved_feature_psi,False
fbv1-001-homecredit-lr-full-features-s42,homecredit,lr,full_features,BURO_DAYS_CREDIT_UPDATE_MEAN,0.002720471907992,low,authenticated_saved_feature_psi,False
fbv1-001-homecredit-lr-full-features-s42,homecredit,lr,full_features,INSTAL_NUM_INSTALMENT_VERSION_MEAN,0.0026903336135231,low,authenticated_saved_feature_psi,False
fbv1-001-homecredit-lr-full-features-s42,homecredit,lr,full_features,BURO_AMT_CREDIT_SUM_LIMIT_MIN,0.0026754315940814,low,authenticated_saved_feature_psi,False
fbv1-001-homecredit-lr-full-features-s42,homecredit,lr,full_features,BURO_CREDIT_DURATION_SUM,0.0025172568516462,low,authenticated_saved_feature_psi,False
fbv1-001-homecredit-lr-full-features-s42,homecredit,lr,full_features,BURO_DEBT_RATIO_SUM,0.002503431590032,low,authenticated_saved_feature_psi,False
fbv1-001-homecredit-lr-full-features-s42,homecredit,lr,full_features,INSTAL_PAYMENT_DIFF_MAX,0.0024930222428665,low,authenticated_saved_feature_psi,False
fbv1-001-homecredit-lr-full-features-s42,homecredit,lr,full_features,BURO_DEBT_RATIO_MEAN,0.0024467405713515,low,authenticated_saved_feature_psi,False
fbv1-001-homecredit-lr-full-features-s42,homecredit,lr,full_features,BURO_DEBT_RATIO_MAX,0.002445262426434,low,authenticated_saved_feature_psi,False
fbv1-001-homecredit-lr-full-features-s42,homecredit,lr,full_features,BURO_AMT_CREDIT_MAX_OVERDUE_SUM,0.0023354291997808,low,authenticated_saved_feature_psi,False
fbv1-001-homecredit-lr-full-features-s42,homecredit,lr,full_features,BURO_BB_MONTHS_BALANCE_VAR_MAX,0.002320980792812,low,authenticated_saved_feature_psi,False
fbv1-001-homecredit-lr-full-features-s42,homecredit,lr,full_features,BURO_BB_MONTHS_BALANCE_VAR_VAR,0.0021882972170468,low,authenticated_saved_feature_psi,False
fbv1-001-homecredit-lr-full-features-s42,homecredit,lr,full_features,PREV_DAYS_FIRST_DRAWING_SUM,0.0021470304025928,low,authenticated_saved_feature_psi,False
fbv1-001-homecredit-lr-full-features-s42,homecredit,lr,full_features,BURO_AMT_CREDIT_SUM_LIMIT_SUM,0.0020269581501374,low,authenticated_saved_feature_psi,False
fbv1-001-homecredit-lr-full-features-s42,homecredit,lr,full_features,BURO_DEBT_RATIO_MIN,0.0020144137295928,low,authenticated_saved_feature_psi,False
fbv1-001-homecredit-lr-full-features-s42,homecredit,lr,full_features,BURO_BB_MONTHS_BALANCE_MAX_VAR,0.0019376975808048,low,authenticated_saved_feature_psi,False
fbv1-001-homecredit-lr-full-features-s42,homecredit,lr,full_features,BURO_AMT_CREDIT_SUM_SUM,0.0018932247274941,low,authenticated_saved_feature_psi,False
fbv1-001-homecredit-lr-full-features-s42,homecredit,lr,full_features,EXT_SOURCE_2,0.0017907560370425,low,authenticated_saved_feature_psi,False
fbv1-001-homecredit-lr-full-features-s42,homecredit,lr,full_features,REGION_POPULATION_RELATIVE,0.0017846915519307,low,authenticated_saved_feature_psi,False
fbv1-001-homecredit-lr-full-features-s42,homecredit,lr,full_features,BURO_BB_MONTHS_BALANCE_MIN_VAR,0.0017173088038542,low,authenticated_saved_feature_psi,False
fbv1-001-homecredit-lr-full-features-s42,homecredit,lr,full_features,CC_AMT_PAYMENT_TOTAL_CURRENT_MIN,0.0016869880117207,low,authenticated_saved_feature_psi,False
fbv1-001-homecredit-lr-full-features-s42,homecredit,lr,full_features,OWN_CAR_AGE,0.0016516972017936,low,authenticated_saved_feature_psi,False
fbv1-001-homecredit-lr-full-features-s42,homecredit,lr,full_features,BURO_AMT_ANNUITY_VAR,0.0016355282004006,low,authenticated_saved_feature_psi,False
fbv1-001-homecredit-lr-full-features-s42,homecredit,lr,full_features,CC_AMT_DRAWINGS_ATM_CURRENT_SUM,0.0014588240623636,low,authenticated_saved_feature_psi,False
fbv1-001-homecredit-lr-full-features-s42,homecredit,lr,full_features,BURO_BB_MONTHS_BALANCE_MEAN_VAR,0.0014443065068382,low,authenticated_saved_feature_psi,False
fbv1-001-homecredit-lr-full-features-s42,homecredit,lr,full_features,CC_DRAWING_RATIO_MAX,0.0014109254222857,low,authenticated_saved_feature_psi,False
fbv1-001-homecredit-lr-full-features-s42,homecredit,lr,full_features,CC_CNT_DRAWINGS_ATM_CURRENT_SUM,0.0013556541661191,low,authenticated_saved_feature_psi,False
fbv1-001-homecredit-lr-full-features-s42,homecredit,lr,full_features,CC_DRAWING_RATIO_SUM,0.0013482360584888,low,authenticated_saved_feature_psi,False
fbv1-001-homecredit-lr-full-features-s42,homecredit,lr,full_features,POS_TOTAL_INSTALMENT_PROG_MIN,0.0013388601137927,low,authenticated_saved_feature_psi,False
fbv1-001-homecredit-lr-full-features-s42,homecredit,lr,full_features,CC_DRAWING_RATIO_MEAN,0.0013325113623032,low,authenticated_saved_feature_psi,False
fbv1-001-homecredit-lr-full-features-s42,homecredit,lr,full_features,INSTAL_IS_LATE_SUM,0.001329933176416,low,authenticated_saved_feature_psi,False
fbv1-001-homecredit-lr-full-features-s42,homecredit,lr,full_features,CC_DRAWING_RATIO_VAR,0.0012370806198728,low,authenticated_saved_feature_psi,False
fbv1-001-homecredit-lr-full-features-s42,homecredit,lr,full_features,POS_SK_DPD_SUM,0.0011900120948934,low,authenticated_saved_feature_psi,False
fbv1-001-homecredit-lr-full-features-s42,homecredit,lr,full_features,BURO_BB_MONTHS_BALANCE_SUM_VAR,0.0011447760950697,low,authenticated_saved_feature_psi,False
fbv1-001-homecredit-lr-full-features-s42,homecredit,lr,full_features,CC_SK_DPD_DEF_MAX,0.0011382138074332,low,authenticated_saved_feature_psi,False
fbv1-001-homecredit-lr-full-features-s42,homecredit,lr,full_features,POS_SK_DPD_MAX,0.0011134228799238,low,authenticated_saved_feature_psi,False
fbv1-001-homecredit-lr-full-features-s42,homecredit,lr,full_features,POS_SK_DPD_VAR,0.0010843018387787,low,authenticated_saved_feature_psi,False
fbv1-001-homecredit-lr-full-features-s42,homecredit,lr,full_features,INSTAL_PAYMENT_RATIO_MIN,0.0010392394867373,low,authenticated_saved_feature_psi,False
fbv1-001-homecredit-lr-full-features-s42,homecredit,lr,full_features,BURO_AMT_CREDIT_SUM_LIMIT_MEAN,0.0010063866601088,low,authenticated_saved_feature_psi,False
fbv1-001-homecredit-lr-full-features-s42,homecredit,lr,full_features,BURO_AMT_CREDIT_SUM_LIMIT_MAX,0.0009913919066115,low,authenticated_saved_feature_psi,False
fbv1-001-homecredit-lr-full-features-s42,homecredit,lr,full_features,DAYS_ID_PUBLISH,0.0009913686441323,low,authenticated_saved_feature_psi,False
fbv1-001-homecredit-lr-full-features-s42,homecredit,lr,full_features,INSTAL_IS_UNDERPAID_SUM,0.0008660555602863,low,authenticated_saved_feature_psi,False
fbv1-001-homecredit-lr-full-features-s42,homecredit,lr,full_features,INSTAL_AMT_INSTALMENT_MEAN,0.0008367351218775,low,authenticated_saved_feature_psi,False
fbv1-001-homecredit-lr-full-features-s42,homecredit,lr,full_features,DAYS_REGISTRATION,0.0008141816578874,low,authenticated_saved_feature_psi,False
fbv1-001-homecredit-lr-full-features-s42,homecredit,lr,full_features,PREV_RATE_INTEREST_PRIVILEGED_VAR,0.0007990931916174,low,authenticated_saved_feature_psi,False
fbv1-001-homecredit-lr-full-features-s42,homecredit,lr,full_features,INSTAL_AMT_PAYMENT_MEAN,0.0007984235908912,low,authenticated_saved_feature_psi,False
fbv1-001-homecredit-lr-full-features-s42,homecredit,lr,full_features,CC_CNT_DRAWINGS_OTHER_CURRENT_SUM,0.0007510395778077,low,authenticated_saved_feature_psi,False
fbv1-001-homecredit-lr-full-features-s42,homecredit,lr,full_features,CC_CNT_DRAWINGS_OTHER_CURRENT_MEAN,0.0007510395778077,low,authenticated_saved_feature_psi,False
fbv1-001-homecredit-lr-full-features-s42,homecredit,lr,full_features,CC_CNT_DRAWINGS_OTHER_CURRENT_MAX,0.0007510395778077,low,authenticated_saved_feature_psi,False
fbv1-001-homecredit-lr-full-features-s42,homecredit,lr,full_features,CC_AMT_DRAWINGS_OTHER_CURRENT_SUM,0.0007436783038038,low,authenticated_saved_feature_psi,False
fbv1-001-homecredit-lr-full-features-s42,homecredit,lr,full_features,CC_AMT_DRAWINGS_OTHER_CURRENT_MAX,0.0006193183498367,low,authenticated_saved_feature_psi,False
fbv1-001-homecredit-lr-full-features-s42,homecredit,lr,full_features,CC_CNT_DRAWINGS_OTHER_CURRENT_VAR,0.000588242598215,low,authenticated_saved_feature_psi,False
fbv1-001-homecredit-lr-full-features-s42,homecredit,lr,full_features,POS_SK_DPD_DEF_SUM,0.000542540801953,low,authenticated_saved_feature_psi,False
fbv1-001-homecredit-lr-full-features-s42,homecredit,lr,full_features,EXT_SOURCE_1,0.0005418708919522,low,authenticated_saved_feature_psi,False
fbv1-001-homecredit-lr-full-features-s42,homecredit,lr,full_features,CC_AMT_DRAWINGS_OTHER_CURRENT_MEAN,0.0005251399412646,low,authenticated_saved_feature_psi,False
fbv1-001-homecredit-lr-full-features-s42,homecredit,lr,full_features,POS_LATE_PAYMENT_SUM,0.0004636007447433,low,authenticated_saved_feature_psi,False
fbv1-001-homecredit-lr-full-features-s42,homecredit,lr,full_features,POS_SK_DPD_MEAN,0.0004531019117316,low,authenticated_saved_feature_psi,False
fbv1-001-homecredit-lr-full-features-s42,homecredit,lr,full_features,POS_SK_DPD_DEF_VAR,0.0004507846184714,low,authenticated_saved_feature_psi,False
fbv1-001-homecredit-lr-full-features-s42,homecredit,lr,full_features,OBS_30_CNT_SOCIAL_CIRCLE,0.0004308417547768,low,authenticated_saved_feature_psi,False
fbv1-001-homecredit-lr-full-features-s42,homecredit,lr,full_features,FLOORSMIN_AVG,0.0004230635100227,low,authenticated_saved_feature_psi,False
fbv1-001-homecredit-lr-full-features-s42,homecredit,lr,full_features,FLOORSMAX_AVG,0.0004185061538117,low,authenticated_saved_feature_psi,False
fbv1-001-homecredit-lr-full-features-s42,homecredit,lr,full_features,CC_AMT_INST_MIN_REGULARITY_MIN,0.0004175572256054,low,authenticated_saved_feature_psi,False
fbv1-001-homecredit-lr-full-features-s42,homecredit,lr,full_features,OBS_60_CNT_SOCIAL_CIRCLE,0.0004030922385129,low,authenticated_saved_feature_psi,False
fbv1-001-homecredit-lr-full-features-s42,homecredit,lr,full_features,APARTMENTS_AVG,0.0003991491190509,low,authenticated_saved_feature_psi,False
fbv1-001-homecredit-lr-full-features-s42,homecredit,lr,full_features,FLOORSMIN_MEDI,0.0003838491922109,low,authenticated_saved_feature_psi,False
fbv1-001-homecredit-lr-full-features-s42,homecredit,lr,full_features,APARTMENTS_MEDI,0.0003824098895849,low,authenticated_saved_feature_psi,False
fbv1-001-homecredit-lr-full-features-s42,homecredit,lr,full_features,TOTALAREA_MODE,0.0003721916543164,low,authenticated_saved_feature_psi,False
fbv1-001-homecredit-lr-full-features-s42,homecredit,lr,full_features,FLOORSMAX_MEDI,0.000371643294995,low,authenticated_saved_feature_psi,False
fbv1-001-homecredit-lr-full-features-s42,homecredit,lr,full_features,FLOORSMIN_MODE,0.0003676612790393,low,authenticated_saved_feature_psi,False
fbv1-001-homecredit-lr-full-features-s42,homecredit,lr,full_features,FLOORSMAX_MODE,0.0003542607304895,low,authenticated_saved_feature_psi,False
fbv1-001-homecredit-lr-full-features-s42,homecredit,lr,full_features,HOUR_APPR_PROCESS_START,0.0003114803392052,low,authenticated_saved_feature_psi,False
fbv1-001-homecredit-lr-full-features-s42,homecredit,lr,full_features,YEARS_BEGINEXPLUATATION_MEDI,0.0002914006583802,low,authenticated_saved_feature_psi,False
fbv1-001-homecredit-lr-full-features-s42,homecredit,lr,full_features,YEARS_BEGINEXPLUATATION_MODE,0.0002902244864785,low,authenticated_saved_feature_psi,False
fbv1-001-homecredit-lr-full-features-s42,homecredit,lr,full_features,ELEVATORS_MODE,0.0002867605241721,low,authenticated_saved_feature_psi,False
fbv1-001-homecredit-lr-full-features-s42,homecredit,lr,full_features,LIVINGAREA_MEDI,0.0002833014499903,low,authenticated_saved_feature_psi,False
fbv1-001-homecredit-lr-full-features-s42,homecredit,lr,full_features,LIVINGAREA_AVG,0.0002749724355726,low,authenticated_saved_feature_psi,False
fbv1-001-homecredit-lr-full-features-s42,homecredit,lr,full_features,YEARS_BEGINEXPLUATATION_AVG,0.0002598883444546,low,authenticated_saved_feature_psi,False
fbv1-001-homecredit-lr-full-features-s42,homecredit,lr,full_features,APARTMENTS_MODE,0.0002487536673098,low,authenticated_saved_feature_psi,False
fbv1-001-homecredit-lr-full-features-s42,homecredit,lr,full_features,ENTRANCES_AVG,0.0002298292832143,low,authenticated_saved_feature_psi,False
fbv1-001-homecredit-lr-full-features-s42,homecredit,lr,full_features,BASEMENTAREA_AVG,0.0002089211338356,low,authenticated_saved_feature_psi,False
fbv1-001-homecredit-lr-full-features-s42,homecredit,lr,full_features,BURO_DEBT_RATIO_VAR,0.0002011570637143,low,authenticated_saved_feature_psi,False
fbv1-001-homecredit-lr-full-features-s42,homecredit,lr,full_features,BASEMENTAREA_MODE,0.0002008142235568,low,authenticated_saved_feature_psi,False
fbv1-001-homecredit-lr-full-features-s42,homecredit,lr,full_features,ENTRANCES_MEDI,0.0001944564667273,low,authenticated_saved_feature_psi,False
fbv1-001-homecredit-lr-full-features-s42,homecredit,lr,full_features,AMT_REQ_CREDIT_BUREAU_HOUR,0.0001905941901003,low,authenticated_saved_feature_psi,False
fbv1-001-homecredit-lr-full-features-s42,homecredit,lr,full_features,BASEMENTAREA_MEDI,0.0001897757370926,low,authenticated_saved_feature_psi,False
fbv1-001-homecredit-lr-full-features-s42,homecredit,lr,full_features,COMMONAREA_MEDI,0.0001878239136157,low,authenticated_saved_feature_psi,False
fbv1-001-homecredit-lr-full-features-s42,homecredit,lr,full_features,COMMONAREA_AVG,0.0001837612802809,low,authenticated_saved_feature_psi,False
fbv1-001-homecredit-lr-full-features-s42,homecredit,lr,full_features,LIVINGAREA_MODE,0.0001632421248548,low,authenticated_saved_feature_psi,False
fbv1-001-homecredit-lr-full-features-s42,homecredit,lr,full_features,POS_SK_DPD_DEF_MEAN,0.0001578525383809,low,authenticated_saved_feature_psi,False
fbv1-001-homecredit-lr-full-features-s42,homecredit,lr,full_features,CC_LIMIT_USE_MAX,0.0001565874374448,low,authenticated_saved_feature_psi,False
fbv1-001-homecredit-lr-full-features-s42,homecredit,lr,full_features,CC_AMT_DRAWINGS_OTHER_CURRENT_VAR,0.0001547492625713,low,authenticated_saved_feature_psi,False
fbv1-001-homecredit-lr-full-features-s42,homecredit,lr,full_features,LIVINGAPARTMENTS_AVG,0.0001520963436578,low,authenticated_saved_feature_psi,False
fbv1-001-homecredit-lr-full-features-s42,homecredit,lr,full_features,CNT_FAM_MEMBERS,0.0001519851228183,low,authenticated_saved_feature_psi,False
fbv1-001-homecredit-lr-full-features-s42,homecredit,lr,full_features,POS_SK_DPD_DEF_MAX,0.000149789814123,low,authenticated_saved_feature_psi,False
fbv1-001-homecredit-lr-full-features-s42,homecredit,lr,full_features,ENTRANCES_MODE,0.0001497357318896,low,authenticated_saved_feature_psi,False
fbv1-001-homecredit-lr-full-features-s42,homecredit,lr,full_features,CC_SK_DPD_VAR,0.0001451377545818,low,authenticated_saved_feature_psi,False
fbv1-001-homecredit-lr-full-features-s42,homecredit,lr,full_features,COMMONAREA_MODE,0.0001351966550309,low,authenticated_saved_feature_psi,False
fbv1-001-homecredit-lr-full-features-s42,homecredit,lr,full_features,CC_SK_DPD_MEAN,0.0001343857678038,low,authenticated_saved_feature_psi,False
fbv1-001-homecredit-lr-full-features-s42,homecredit,lr,full_features,LIVINGAPARTMENTS_MEDI,0.0001216154748341,low,authenticated_saved_feature_psi,False
fbv1-001-homecredit-lr-full-features-s42,homecredit,lr,full_features,CC_SK_DPD_SUM,0.0001209208378934,low,authenticated_saved_feature_psi,False
fbv1-001-homecredit-lr-full-features-s42,homecredit,lr,full_features,LIVINGAPARTMENTS_MODE,0.0001141127619927,low,authenticated_saved_feature_psi,False
fbv1-001-homecredit-lr-full-features-s42,homecredit,lr,full_features,ELEVATORS_MEDI,0.0001120838069405,low,authenticated_saved_feature_psi,False
fbv1-001-homecredit-lr-full-features-s42,homecredit,lr,full_features,ELEVATORS_AVG,0.0001111360704152,low,authenticated_saved_feature_psi,False
fbv1-001-homecredit-lr-full-features-s42,homecredit,lr,full_features,BURO_AMT_CREDIT_SUM_OVERDUE_MEAN,0.0001061242732188,low,authenticated_saved_feature_psi,False
fbv1-001-homecredit-lr-full-features-s42,homecredit,lr,full_features,LANDAREA_MEDI,0.0001056775871282,low,authenticated_saved_feature_psi,False
fbv1-001-homecredit-lr-full-features-s42,homecredit,lr,full_features,INSTAL_NUM_INSTALMENT_VERSION_MIN,9.189725531464314e-05,low,authenticated_saved_feature_psi,False
fbv1-001-homecredit-lr-full-features-s42,homecredit,lr,full_features,LANDAREA_MODE,9.125542916701273e-05,low,authenticated_saved_feature_psi,False
fbv1-001-homecredit-lr-full-features-s42,homecredit,lr,full_features,LANDAREA_AVG,8.798989750236645e-05,low,authenticated_saved_feature_psi,False
fbv1-001-homecredit-lr-full-features-s42,homecredit,lr,full_features,CC_SK_DPD_DEF_MEAN,8.527406911154976e-05,low,authenticated_saved_feature_psi,False
fbv1-001-homecredit-lr-full-features-s42,homecredit,lr,full_features,NONLIVINGAPARTMENTS_AVG,7.866895442278966e-05,low,authenticated_saved_feature_psi,False
fbv1-001-homecredit-lr-full-features-s42,homecredit,lr,full_features,AMT_REQ_CREDIT_BUREAU_MON,7.762172103536723e-05,low,authenticated_saved_feature_psi,False
fbv1-001-homecredit-lr-full-features-s42,homecredit,lr,full_features,NONLIVINGAPARTMENTS_MEDI,6.365258682923524e-05,low,authenticated_saved_feature_psi,False
fbv1-001-homecredit-lr-full-features-s42,homecredit,lr,full_features,NONLIVINGAPARTMENTS_MODE,6.340538269738612e-05,low,authenticated_saved_feature_psi,False
fbv1-001-homecredit-lr-full-features-s42,homecredit,lr,full_features,NONLIVINGAREA_AVG,6.056358070541906e-05,low,authenticated_saved_feature_psi,False
fbv1-001-homecredit-lr-full-features-s42,homecredit,lr,full_features,BURO_AMT_CREDIT_SUM_OVERDUE_MAX,5.515473813029073e-05,low,authenticated_saved_feature_psi,False
fbv1-001-homecredit-lr-full-features-s42,homecredit,lr,full_features,NONLIVINGAREA_MEDI,5.384893230805044e-05,low,authenticated_saved_feature_psi,False
fbv1-001-homecredit-lr-full-features-s42,homecredit,lr,full_features,YEARS_BUILD_AVG,5.048516611358992e-05,low,authenticated_saved_feature_psi,False
fbv1-001-homecredit-lr-full-features-s42,homecredit,lr,full_features,AMT_REQ_CREDIT_BUREAU_WEEK,4.761495765749508e-05,low,authenticated_saved_feature_psi,False
fbv1-001-homecredit-lr-full-features-s42,homecredit,lr,full_features,YEARS_BUILD_MEDI,4.6890920572625216e-05,low,authenticated_saved_feature_psi,False
fbv1-001-homecredit-lr-full-features-s42,homecredit,lr,full_features,BURO_CREDIT_DAY_OVERDUE_MEAN,4.65317178019033e-05,low,authenticated_saved_feature_psi,False
fbv1-001-homecredit-lr-full-features-s42,homecredit,lr,full_features,BURO_CNT_CREDIT_PROLONG_MEAN,4.62488126523818e-05,low,authenticated_saved_feature_psi,False
fbv1-001-homecredit-lr-full-features-s42,homecredit,lr,full_features,BURO_CNT_CREDIT_PROLONG_MAX,4.62488126523818e-05,low,authenticated_saved_feature_psi,False
fbv1-001-homecredit-lr-full-features-s42,homecredit,lr,full_features,BURO_CNT_CREDIT_PROLONG_SUM,4.62488126523818e-05,low,authenticated_saved_feature_psi,False
fbv1-001-homecredit-lr-full-features-s42,homecredit,lr,full_features,BURO_AMT_CREDIT_SUM_OVERDUE_SUM,4.6108414179631e-05,low,authenticated_saved_feature_psi,False
fbv1-001-homecredit-lr-full-features-s42,homecredit,lr,full_features,BURO_CNT_CREDIT_PROLONG_VAR,4.210233589003199e-05,low,authenticated_saved_feature_psi,False
fbv1-001-homecredit-lr-full-features-s42,homecredit,lr,full_features,CC_SK_DPD_MAX,4.023638847858911e-05,low,authenticated_saved_feature_psi,False
fbv1-001-homecredit-lr-full-features-s42,homecredit,lr,full_features,BURO_AMT_CREDIT_SUM_OVERDUE_VAR,3.898618879724437e-05,low,authenticated_saved_feature_psi,False
fbv1-001-homecredit-lr-full-features-s42,homecredit,lr,full_features,YEARS_BUILD_MODE,3.782939572998132e-05,low,authenticated_saved_feature_psi,False
fbv1-001-homecredit-lr-full-features-s42,homecredit,lr,full_features,CNT_CHILDREN,3.7257202702192494e-05,low,authenticated_saved_feature_psi,False
fbv1-001-homecredit-lr-full-features-s42,homecredit,lr,full_features,NONLIVINGAREA_MODE,3.09977983841771e-05,low,authenticated_saved_feature_psi,False
fbv1-001-homecredit-lr-full-features-s42,homecredit,lr,full_features,BURO_CREDIT_DAY_OVERDUE_MAX,3.0895932782005846e-05,low,authenticated_saved_feature_psi,False
fbv1-001-homecredit-lr-full-features-s42,homecredit,lr,full_features,BURO_CREDIT_DAY_OVERDUE_SUM,3.0005131016468777e-05,low,authenticated_saved_feature_psi,False
fbv1-001-homecredit-lr-full-features-s42,homecredit,lr,full_features,BURO_AMT_CREDIT_MAX_OVERDUE_MIN,2.8681266860165048e-05,low,authenticated_saved_feature_psi,False
fbv1-001-homecredit-lr-full-features-s42,homecredit,lr,full_features,REGION_RATING_CLIENT_W_CITY,2.095588355133655e-05,low,authenticated_saved_feature_psi,False
fbv1-001-homecredit-lr-full-features-s42,homecredit,lr,full_features,CC_LIMIT_USE_VAR,1.6999069666740534e-05,low,authenticated_saved_feature_psi,False
fbv1-001-homecredit-lr-full-features-s42,homecredit,lr,full_features,BURO_CREDIT_DAY_OVERDUE_VAR,1.527053485611072e-05,low,authenticated_saved_feature_psi,False
fbv1-001-homecredit-lr-full-features-s42,homecredit,lr,full_features,REGION_RATING_CLIENT,9.43218782502696e-06,low,authenticated_saved_feature_psi,False
fbv1-001-homecredit-lr-full-features-s42,homecredit,lr,full_features,PREV_DAYS_FIRST_DRAWING_VAR,6.581476079991338e-06,low,authenticated_saved_feature_psi,False
fbv1-001-homecredit-lr-full-features-s42,homecredit,lr,full_features,BURO_CNT_CREDIT_PROLONG_MIN,4.94600707348902e-06,low,authenticated_saved_feature_psi,False
fbv1-001-homecredit-lr-full-features-s42,homecredit,lr,full_features,DEF_30_CNT_SOCIAL_CIRCLE,4.109553859523336e-06,low,authenticated_saved_feature_psi,False
fbv1-001-homecredit-lr-full-features-s42,homecredit,lr,full_features,PREV_RATE_INTEREST_PRIMARY_VAR,3.054486393688976e-06,low,authenticated_saved_feature_psi,False
fbv1-001-homecredit-lr-full-features-s42,homecredit,lr,full_features,AMT_REQ_CREDIT_BUREAU_DAY,2.691650405123392e-06,low,authenticated_saved_feature_psi,False
fbv1-001-homecredit-lr-full-features-s42,homecredit,lr,full_features,BURO_AMT_CREDIT_SUM_OVERDUE_MIN,2.14898598066187e-06,low,authenticated_saved_feature_psi,False
fbv1-001-homecredit-lr-full-features-s42,homecredit,lr,full_features,PREV_PAYMENT_TERM_VAR,1.992419520509732e-06,low,authenticated_saved_feature_psi,False
fbv1-001-homecredit-lr-full-features-s42,homecredit,lr,full_features,POS_LATE_PAYMENT_MEAN,1.8890583453949169e-06,low,authenticated_saved_feature_psi,False
fbv1-001-homecredit-lr-full-features-s42,homecredit,lr,full_features,BURO_CREDIT_DAY_OVERDUE_MIN,1.1404923913342887e-06,low,authenticated_saved_feature_psi,False
fbv1-001-homecredit-lr-full-features-s42,homecredit,lr,full_features,CC_SK_DPD_DEF_SUM,1.3049708500191842e-07,low,authenticated_saved_feature_psi,False
fbv1-001-homecredit-lr-full-features-s42,homecredit,lr,full_features,CC_SK_DPD_DEF_VAR,1.8282673676149983e-08,low,authenticated_saved_feature_psi,False
fbv1-001-homecredit-lr-full-features-s42,homecredit,lr,full_features,ORGANIZATION_TYPE_Transport: type 3,0.0,low,authenticated_saved_feature_psi,False
fbv1-001-homecredit-lr-full-features-s42,homecredit,lr,full_features,ORGANIZATION_TYPE_Transport: type 2,0.0,low,authenticated_saved_feature_psi,False
fbv1-001-homecredit-lr-full-features-s42,homecredit,lr,full_features,FLAG_EMAIL,0.0,low,authenticated_saved_feature_psi,False
fbv1-001-homecredit-lr-full-features-s42,homecredit,lr,full_features,FLAG_PHONE,0.0,low,authenticated_saved_feature_psi,False
fbv1-001-homecredit-lr-full-features-s42,homecredit,lr,full_features,WALLSMATERIAL_MODE_Monolithic,0.0,low,authenticated_saved_feature_psi,False
fbv1-001-homecredit-lr-full-features-s42,homecredit,lr,full_features,WALLSMATERIAL_MODE_Mixed,0.0,low,authenticated_saved_feature_psi,False
fbv1-001-homecredit-lr-full-features-s42,homecredit,lr,full_features,"WALLSMATERIAL_MODE_Stone, brick",0.0,low,authenticated_saved_feature_psi,False
fbv1-001-homecredit-lr-full-features-s42,homecredit,lr,full_features,ORGANIZATION_TYPE_University,0.0,low,authenticated_saved_feature_psi,False
fbv1-001-homecredit-lr-full-features-s42,homecredit,lr,full_features,FONDKAPREMONT_MODE_not specified,0.0,low,authenticated_saved_feature_psi,False
fbv1-001-homecredit-lr-full-features-s42,homecredit,lr,full_features,FONDKAPREMONT_MODE_org spec account,0.0,low,authenticated_saved_feature_psi,False
fbv1-001-homecredit-lr-full-features-s42,homecredit,lr,full_features,ORGANIZATION_TYPE_XNA,0.0,low,authenticated_saved_feature_psi,False
fbv1-001-homecredit-lr-full-features-s42,homecredit,lr,full_features,FONDKAPREMONT_MODE_Missing,0.0,low,authenticated_saved_feature_psi,False
fbv1-001-homecredit-lr-full-features-s42,homecredit,lr,full_features,ORGANIZATION_TYPE_Trade: type 3,0.0,low,authenticated_saved_feature_psi,False
fbv1-001-homecredit-lr-full-features-s42,homecredit,lr,full_features,ORGANIZATION_TYPE_Trade: type 4,0.0,low,authenticated_saved_feature_psi,False
fbv1-001-homecredit-lr-full-features-s42,homecredit,lr,full_features,ORGANIZATION_TYPE_Trade: type 5,0.0,low,authenticated_saved_feature_psi,False
fbv1-001-homecredit-lr-full-features-s42,homecredit,lr,full_features,ORGANIZATION_TYPE_Trade: type 6,0.0,low,authenticated_saved_feature_psi,False
fbv1-001-homecredit-lr-full-features-s42,homecredit,lr,full_features,FLAG_CONT_MOBILE,0.0,low,authenticated_saved_feature_psi,False
fbv1-001-homecredit-lr-full-features-s42,homecredit,lr,full_features,FLAG_WORK_PHONE,0.0,low,authenticated_saved_feature_psi,False
fbv1-001-homecredit-lr-full-features-s42,homecredit,lr,full_features,FLAG_EMP_PHONE,0.0,low,authenticated_saved_feature_psi,False
fbv1-001-homecredit-lr-full-features-s42,homecredit,lr,full_features,ORGANIZATION_TYPE_Transport: type 4,0.0,low,authenticated_saved_feature_psi,False
fbv1-001-homecredit-lr-full-features-s42,homecredit,lr,full_features,FLAG_DOCUMENT_10,0.0,low,authenticated_saved_feature_psi,False
fbv1-001-homecredit-lr-full-features-s42,homecredit,lr,full_features,FLAG_DOCUMENT_9,0.0,low,authenticated_saved_feature_psi,False
fbv1-001-homecredit-lr-full-features-s42,homecredit,lr,full_features,FLAG_DOCUMENT_8,0.0,low,authenticated_saved_feature_psi,False
fbv1-001-homecredit-lr-full-features-s42,homecredit,lr,full_features,FLAG_DOCUMENT_7,0.0,low,authenticated_saved_feature_psi,False
fbv1-001-homecredit-lr-full-features-s42,homecredit,lr,full_features,FLAG_DOCUMENT_4,0.0,low,authenticated_saved_feature_psi,False
fbv1-001-homecredit-lr-full-features-s42,homecredit,lr,full_features,FLAG_DOCUMENT_3,0.0,low,authenticated_saved_feature_psi,False
fbv1-001-homecredit-lr-full-features-s42,homecredit,lr,full_features,FLAG_DOCUMENT_2,0.0,low,authenticated_saved_feature_psi,False
fbv1-001-homecredit-lr-full-features-s42,homecredit,lr,full_features,DEF_60_CNT_SOCIAL_CIRCLE,0.0,low,authenticated_saved_feature_psi,False
fbv1-001-homecredit-lr-full-features-s42,homecredit,lr,full_features,WALLSMATERIAL_MODE_Panel,0.0,low,authenticated_saved_feature_psi,False
fbv1-001-homecredit-lr-full-features-s42,homecredit,lr,full_features,EMERGENCYSTATE_MODE_No,0.0,low,authenticated_saved_feature_psi,False
fbv1-001-homecredit-lr-full-features-s42,homecredit,lr,full_features,EMERGENCYSTATE_MODE_Missing,0.0,low,authenticated_saved_feature_psi,False
fbv1-001-homecredit-lr-full-features-s42,homecredit,lr,full_features,WALLSMATERIAL_MODE_Wooden,0.0,low,authenticated_saved_feature_psi,False
fbv1-001-homecredit-lr-full-features-s42,homecredit,lr,full_features,WALLSMATERIAL_MODE_Others,0.0,low,authenticated_saved_feature_psi,False
fbv1-001-homecredit-lr-full-features-s42,homecredit,lr,full_features,FLAG_DOCUMENT_11,0.0,low,authenticated_saved_feature_psi,False
fbv1-001-homecredit-lr-full-features-s42,homecredit,lr,full_features,FLAG_DOCUMENT_13,0.0,low,authenticated_saved_feature_psi,False
fbv1-001-homecredit-lr-full-features-s42,homecredit,lr,full_features,FLAG_DOCUMENT_12,0.0,low,authenticated_saved_feature_psi,False
fbv1-001-homecredit-lr-full-features-s42,homecredit,lr,full_features,FLAG_DOCUMENT_21,0.0,low,authenticated_saved_feature_psi,False
fbv1-001-homecredit-lr-full-features-s42,homecredit,lr,full_features,FLAG_DOCUMENT_19,0.0,low,authenticated_saved_feature_psi,False
fbv1-001-homecredit-lr-full-features-s42,homecredit,lr,full_features,FLAG_DOCUMENT_20,0.0,low,authenticated_saved_feature_psi,False
fbv1-001-homecredit-lr-full-features-s42,homecredit,lr,full_features,INSTAL_PAYMENT_RATIO_VAR,0.0,low,authenticated_saved_feature_psi,False
fbv1-001-homecredit-lr-full-features-s42,homecredit,lr,full_features,FLAG_DOCUMENT_15,0.0,low,authenticated_saved_feature_psi,False
fbv1-001-homecredit-lr-full-features-s42,homecredit,lr,full_features,FLAG_DOCUMENT_16,0.0,low,authenticated_saved_feature_psi,False
fbv1-001-homecredit-lr-full-features-s42,homecredit,lr,full_features,FLAG_DOCUMENT_17,0.0,low,authenticated_saved_feature_psi,False
fbv1-001-homecredit-lr-full-features-s42,homecredit,lr,full_features,FLAG_DOCUMENT_18,0.0,low,authenticated_saved_feature_psi,False
fbv1-001-homecredit-lr-full-features-s42,homecredit,lr,full_features,FLAG_DOCUMENT_14,0.0,low,authenticated_saved_feature_psi,False
fbv1-001-homecredit-lr-full-features-s42,homecredit,lr,full_features,FLAG_DOCUMENT_6,0.0,low,authenticated_saved_feature_psi,False
fbv1-001-homecredit-lr-full-features-s42,homecredit,lr,full_features,FLAG_DOCUMENT_5,0.0,low,authenticated_saved_feature_psi,False
fbv1-001-homecredit-lr-full-features-s42,homecredit,lr,full_features,POS_SK_DPD_MIN,0.0,low,authenticated_saved_feature_psi,False
fbv1-001-homecredit-lr-full-features-s42,homecredit,lr,full_features,ORGANIZATION_TYPE_Trade: type 7,0.0,low,authenticated_saved_feature_psi,False
fbv1-001-homecredit-lr-full-features-s42,homecredit,lr,full_features,ORGANIZATION_TYPE_Transport: type 1,0.0,low,authenticated_saved_feature_psi,False
fbv1-001-homecredit-lr-full-features-s42,homecredit,lr,full_features,ORGANIZATION_TYPE_Trade: type 1,0.0,low,authenticated_saved_feature_psi,False
fbv1-001-homecredit-lr-full-features-s42,homecredit,lr,full_features,ORGANIZATION_TYPE_Trade: type 2,0.0,low,authenticated_saved_feature_psi,False
fbv1-001-homecredit-lr-full-features-s42,homecredit,lr,full_features,PREV_NFLAG_LAST_APPL_IN_DAY_MEAN,0.0,low,authenticated_saved_feature_psi,False
fbv1-001-homecredit-lr-full-features-s42,homecredit,lr,full_features,PREV_RATE_INTEREST_PRIVILEGED_SUM,0.0,low,authenticated_saved_feature_psi,False
fbv1-001-homecredit-lr-full-features-s42,homecredit,lr,full_features,PREV_RATE_INTEREST_PRIMARY_SUM,0.0,low,authenticated_saved_feature_psi,False
fbv1-001-homecredit-lr-full-features-s42,homecredit,lr,full_features,INSTAL_NUM_INSTALMENT_NUMBER_MIN,0.0,low,authenticated_saved_feature_psi,False
fbv1-001-homecredit-lr-full-features-s42,homecredit,lr,full_features,LIVE_REGION_NOT_WORK_REGION,0.0,low,authenticated_saved_feature_psi,False
fbv1-001-homecredit-lr-full-features-s42,homecredit,lr,full_features,REG_CITY_NOT_LIVE_CITY,0.0,low,authenticated_saved_feature_psi,False
fbv1-001-homecredit-lr-full-features-s42,homecredit,lr,full_features,REG_CITY_NOT_WORK_CITY,0.0,low,authenticated_saved_feature_psi,False
fbv1-001-homecredit-lr-full-features-s42,homecredit,lr,full_features,REG_REGION_NOT_LIVE_REGION,0.0,low,authenticated_saved_feature_psi,False
fbv1-001-homecredit-lr-full-features-s42,homecredit,lr,full_features,LIVE_CITY_NOT_WORK_CITY,0.0,low,authenticated_saved_feature_psi,False
fbv1-001-homecredit-lr-full-features-s42,homecredit,lr,full_features,FONDKAPREMONT_MODE_reg oper account,0.0,low,authenticated_saved_feature_psi,False
fbv1-001-homecredit-lr-full-features-s42,homecredit,lr,full_features,FONDKAPREMONT_MODE_reg oper spec account,0.0,low,authenticated_saved_feature_psi,False
fbv1-001-homecredit-lr-full-features-s42,homecredit,lr,full_features,HOUSETYPE_MODE_Missing,0.0,low,authenticated_saved_feature_psi,False
fbv1-001-homecredit-lr-full-features-s42,homecredit,lr,full_features,HOUSETYPE_MODE_block of flats,0.0,low,authenticated_saved_feature_psi,False
fbv1-001-homecredit-lr-full-features-s42,homecredit,lr,full_features,HOUSETYPE_MODE_specific housing,0.0,low,authenticated_saved_feature_psi,False
fbv1-001-homecredit-lr-full-features-s42,homecredit,lr,full_features,HOUSETYPE_MODE_terraced house,0.0,low,authenticated_saved_feature_psi,False
fbv1-001-homecredit-lr-full-features-s42,homecredit,lr,full_features,REG_REGION_NOT_WORK_REGION,0.0,low,authenticated_saved_feature_psi,False
fbv1-001-homecredit-lr-full-features-s42,homecredit,lr,full_features,WALLSMATERIAL_MODE_Block,0.0,low,authenticated_saved_feature_psi,False
fbv1-001-homecredit-lr-full-features-s42,homecredit,lr,full_features,WALLSMATERIAL_MODE_Missing,0.0,low,authenticated_saved_feature_psi,False
fbv1-001-homecredit-lr-full-features-s42,homecredit,lr,full_features,NAME_CONTRACT_TYPE_Cash loans,0.0,low,authenticated_saved_feature_psi,False
fbv1-001-homecredit-lr-full-features-s42,homecredit,lr,full_features,NAME_CONTRACT_TYPE_Revolving loans,0.0,low,authenticated_saved_feature_psi,False
fbv1-001-homecredit-lr-full-features-s42,homecredit,lr,full_features,CODE_GENDER_F,0.0,low,authenticated_saved_feature_psi,False
fbv1-001-homecredit-lr-full-features-s42,homecredit,lr,full_features,CODE_GENDER_M,0.0,low,authenticated_saved_feature_psi,False
fbv1-001-homecredit-lr-full-features-s42,homecredit,lr,full_features,CODE_GENDER_infrequent_sklearn,0.0,low,authenticated_saved_feature_psi,False
fbv1-001-homecredit-lr-full-features-s42,homecredit,lr,full_features,FLAG_OWN_CAR_N,0.0,low,authenticated_saved_feature_psi,False
fbv1-001-homecredit-lr-full-features-s42,homecredit,lr,full_features,FLAG_OWN_CAR_Y,0.0,low,authenticated_saved_feature_psi,False
fbv1-001-homecredit-lr-full-features-s42,homecredit,lr,full_features,FLAG_OWN_REALTY_N,0.0,low,authenticated_saved_feature_psi,False
fbv1-001-homecredit-lr-full-features-s42,homecredit,lr,full_features,FLAG_OWN_REALTY_Y,0.0,low,authenticated_saved_feature_psi,False
fbv1-001-homecredit-lr-full-features-s42,homecredit,lr,full_features,NAME_TYPE_SUITE_Children,0.0,low,authenticated_saved_feature_psi,False
fbv1-001-homecredit-lr-full-features-s42,homecredit,lr,full_features,NAME_TYPE_SUITE_Family,0.0,low,authenticated_saved_feature_psi,False
fbv1-001-homecredit-lr-full-features-s42,homecredit,lr,full_features,NAME_TYPE_SUITE_Group of people,0.0,low,authenticated_saved_feature_psi,False
fbv1-001-homecredit-lr-full-features-s42,homecredit,lr,full_features,NAME_TYPE_SUITE_Missing,0.0,low,authenticated_saved_feature_psi,False
fbv1-001-homecredit-lr-full-features-s42,homecredit,lr,full_features,NAME_TYPE_SUITE_Other_A,0.0,low,authenticated_saved_feature_psi,False
fbv1-001-homecredit-lr-full-features-s42,homecredit,lr,full_features,NAME_TYPE_SUITE_Other_B,0.0,low,authenticated_saved_feature_psi,False
fbv1-001-homecredit-lr-full-features-s42,homecredit,lr,full_features,"NAME_TYPE_SUITE_Spouse, partner",0.0,low,authenticated_saved_feature_psi,False
fbv1-001-homecredit-lr-full-features-s42,homecredit,lr,full_features,NAME_TYPE_SUITE_Unaccompanied,0.0,low,authenticated_saved_feature_psi,False
fbv1-001-homecredit-lr-full-features-s42,homecredit,lr,full_features,NAME_INCOME_TYPE_Commercial associate,0.0,low,authenticated_saved_feature_psi,False
fbv1-001-homecredit-lr-full-features-s42,homecredit,lr,full_features,NAME_INCOME_TYPE_Pensioner,0.0,low,authenticated_saved_feature_psi,False
fbv1-001-homecredit-lr-full-features-s42,homecredit,lr,full_features,NAME_INCOME_TYPE_State servant,0.0,low,authenticated_saved_feature_psi,False
fbv1-001-homecredit-lr-full-features-s42,homecredit,lr,full_features,NAME_INCOME_TYPE_Working,0.0,low,authenticated_saved_feature_psi,False
fbv1-001-homecredit-lr-full-features-s42,homecredit,lr,full_features,NAME_INCOME_TYPE_infrequent_sklearn,0.0,low,authenticated_saved_feature_psi,False
fbv1-001-homecredit-lr-full-features-s42,homecredit,lr,full_features,NAME_EDUCATION_TYPE_Academic degree,0.0,low,authenticated_saved_feature_psi,False
fbv1-001-homecredit-lr-full-features-s42,homecredit,lr,full_features,NAME_EDUCATION_TYPE_Higher education,0.0,low,authenticated_saved_feature_psi,False
fbv1-001-homecredit-lr-full-features-s42,homecredit,lr,full_features,NAME_EDUCATION_TYPE_Incomplete higher,0.0,low,authenticated_saved_feature_psi,False
fbv1-001-homecredit-lr-full-features-s42,homecredit,lr,full_features,NAME_EDUCATION_TYPE_Lower secondary,0.0,low,authenticated_saved_feature_psi,False
fbv1-001-homecredit-lr-full-features-s42,homecredit,lr,full_features,NAME_EDUCATION_TYPE_Secondary / secondary special,0.0,low,authenticated_saved_feature_psi,False
fbv1-001-homecredit-lr-full-features-s42,homecredit,lr,full_features,NAME_FAMILY_STATUS_Civil marriage,0.0,low,authenticated_saved_feature_psi,False
fbv1-001-homecredit-lr-full-features-s42,homecredit,lr,full_features,NAME_FAMILY_STATUS_Married,0.0,low,authenticated_saved_feature_psi,False
fbv1-001-homecredit-lr-full-features-s42,homecredit,lr,full_features,NAME_FAMILY_STATUS_Separated,0.0,low,authenticated_saved_feature_psi,False
fbv1-001-homecredit-lr-full-features-s42,homecredit,lr,full_features,NAME_FAMILY_STATUS_Single / not married,0.0,low,authenticated_saved_feature_psi,False
fbv1-001-homecredit-lr-full-features-s42,homecredit,lr,full_features,NAME_FAMILY_STATUS_Widow,0.0,low,authenticated_saved_feature_psi,False
fbv1-001-homecredit-lr-full-features-s42,homecredit,lr,full_features,NAME_HOUSING_TYPE_Co-op apartment,0.0,low,authenticated_saved_feature_psi,False
fbv1-001-homecredit-lr-full-features-s42,homecredit,lr,full_features,NAME_HOUSING_TYPE_House / apartment,0.0,low,authenticated_saved_feature_psi,False
fbv1-001-homecredit-lr-full-features-s42,homecredit,lr,full_features,NAME_HOUSING_TYPE_Municipal apartment,0.0,low,authenticated_saved_feature_psi,False
fbv1-001-homecredit-lr-full-features-s42,homecredit,lr,full_features,NAME_HOUSING_TYPE_Office apartment,0.0,low,authenticated_saved_feature_psi,False
fbv1-001-homecredit-lr-full-features-s42,homecredit,lr,full_features,NAME_HOUSING_TYPE_Rented apartment,0.0,low,authenticated_saved_feature_psi,False
fbv1-001-homecredit-lr-full-features-s42,homecredit,lr,full_features,NAME_HOUSING_TYPE_With parents,0.0,low,authenticated_saved_feature_psi,False
fbv1-001-homecredit-lr-full-features-s42,homecredit,lr,full_features,OCCUPATION_TYPE_Accountants,0.0,low,authenticated_saved_feature_psi,False
fbv1-001-homecredit-lr-full-features-s42,homecredit,lr,full_features,OCCUPATION_TYPE_Cleaning staff,0.0,low,authenticated_saved_feature_psi,False
fbv1-001-homecredit-lr-full-features-s42,homecredit,lr,full_features,OCCUPATION_TYPE_Cooking staff,0.0,low,authenticated_saved_feature_psi,False
fbv1-001-homecredit-lr-full-features-s42,homecredit,lr,full_features,OCCUPATION_TYPE_Core staff,0.0,low,authenticated_saved_feature_psi,False
fbv1-001-homecredit-lr-full-features-s42,homecredit,lr,full_features,OCCUPATION_TYPE_Drivers,0.0,low,authenticated_saved_feature_psi,False
fbv1-001-homecredit-lr-full-features-s42,homecredit,lr,full_features,OCCUPATION_TYPE_HR staff,0.0,low,authenticated_saved_feature_psi,False
fbv1-001-homecredit-lr-full-features-s42,homecredit,lr,full_features,OCCUPATION_TYPE_High skill tech staff,0.0,low,authenticated_saved_feature_psi,False
fbv1-001-homecredit-lr-full-features-s42,homecredit,lr,full_features,OCCUPATION_TYPE_IT staff,0.0,low,authenticated_saved_feature_psi,False
fbv1-001-homecredit-lr-full-features-s42,homecredit,lr,full_features,OCCUPATION_TYPE_Laborers,0.0,low,authenticated_saved_feature_psi,False
fbv1-001-homecredit-lr-full-features-s42,homecredit,lr,full_features,OCCUPATION_TYPE_Low-skill Laborers,0.0,low,authenticated_saved_feature_psi,False
fbv1-001-homecredit-lr-full-features-s42,homecredit,lr,full_features,OCCUPATION_TYPE_Managers,0.0,low,authenticated_saved_feature_psi,False
fbv1-001-homecredit-lr-full-features-s42,homecredit,lr,full_features,OCCUPATION_TYPE_Medicine staff,0.0,low,authenticated_saved_feature_psi,False
fbv1-001-homecredit-lr-full-features-s42,homecredit,lr,full_features,OCCUPATION_TYPE_Missing,0.0,low,authenticated_saved_feature_psi,False
fbv1-001-homecredit-lr-full-features-s42,homecredit,lr,full_features,OCCUPATION_TYPE_Private service staff,0.0,low,authenticated_saved_feature_psi,False
fbv1-001-homecredit-lr-full-features-s42,homecredit,lr,full_features,OCCUPATION_TYPE_Realty agents,0.0,low,authenticated_saved_feature_psi,False
fbv1-001-homecredit-lr-full-features-s42,homecredit,lr,full_features,OCCUPATION_TYPE_Sales staff,0.0,low,authenticated_saved_feature_psi,False
fbv1-001-homecredit-lr-full-features-s42,homecredit,lr,full_features,OCCUPATION_TYPE_Secretaries,0.0,low,authenticated_saved_feature_psi,False
fbv1-001-homecredit-lr-full-features-s42,homecredit,lr,full_features,OCCUPATION_TYPE_Security staff,0.0,low,authenticated_saved_feature_psi,False
fbv1-001-homecredit-lr-full-features-s42,homecredit,lr,full_features,OCCUPATION_TYPE_Waiters/barmen staff,0.0,low,authenticated_saved_feature_psi,False
fbv1-001-homecredit-lr-full-features-s42,homecredit,lr,full_features,WEEKDAY_APPR_PROCESS_START_FRIDAY,0.0,low,authenticated_saved_feature_psi,False
fbv1-001-homecredit-lr-full-features-s42,homecredit,lr,full_features,WEEKDAY_APPR_PROCESS_START_MONDAY,0.0,low,authenticated_saved_feature_psi,False
fbv1-001-homecredit-lr-full-features-s42,homecredit,lr,full_features,WEEKDAY_APPR_PROCESS_START_SATURDAY,0.0,low,authenticated_saved_feature_psi,False
fbv1-001-homecredit-lr-full-features-s42,homecredit,lr,full_features,WEEKDAY_APPR_PROCESS_START_SUNDAY,0.0,low,authenticated_saved_feature_psi,False
fbv1-001-homecredit-lr-full-features-s42,homecredit,lr,full_features,WEEKDAY_APPR_PROCESS_START_THURSDAY,0.0,low,authenticated_saved_feature_psi,False
fbv1-001-homecredit-lr-full-features-s42,homecredit,lr,full_features,WEEKDAY_APPR_PROCESS_START_TUESDAY,0.0,low,authenticated_saved_feature_psi,False
fbv1-001-homecredit-lr-full-features-s42,homecredit,lr,full_features,WEEKDAY_APPR_PROCESS_START_WEDNESDAY,0.0,low,authenticated_saved_feature_psi,False
fbv1-001-homecredit-lr-full-features-s42,homecredit,lr,full_features,ORGANIZATION_TYPE_Advertising,0.0,low,authenticated_saved_feature_psi,False
fbv1-001-homecredit-lr-full-features-s42,homecredit,lr,full_features,ORGANIZATION_TYPE_Agriculture,0.0,low,authenticated_saved_feature_psi,False
fbv1-001-homecredit-lr-full-features-s42,homecredit,lr,full_features,ORGANIZATION_TYPE_Bank,0.0,low,authenticated_saved_feature_psi,False
fbv1-001-homecredit-lr-full-features-s42,homecredit,lr,full_features,ORGANIZATION_TYPE_Business Entity Type 1,0.0,low,authenticated_saved_feature_psi,False
fbv1-001-homecredit-lr-full-features-s42,homecredit,lr,full_features,ORGANIZATION_TYPE_Business Entity Type 2,0.0,low,authenticated_saved_feature_psi,False
fbv1-001-homecredit-lr-full-features-s42,homecredit,lr,full_features,ORGANIZATION_TYPE_Business Entity Type 3,0.0,low,authenticated_saved_feature_psi,False
fbv1-001-homecredit-lr-full-features-s42,homecredit,lr,full_features,ORGANIZATION_TYPE_Cleaning,0.0,low,authenticated_saved_feature_psi,False
fbv1-001-homecredit-lr-full-features-s42,homecredit,lr,full_features,ORGANIZATION_TYPE_Construction,0.0,low,authenticated_saved_feature_psi,False
fbv1-001-homecredit-lr-full-features-s42,homecredit,lr,full_features,ORGANIZATION_TYPE_Culture,0.0,low,authenticated_saved_feature_psi,False
fbv1-001-homecredit-lr-full-features-s42,homecredit,lr,full_features,ORGANIZATION_TYPE_Electricity,0.0,low,authenticated_saved_feature_psi,False
fbv1-001-homecredit-lr-full-features-s42,homecredit,lr,full_features,ORGANIZATION_TYPE_Emergency,0.0,low,authenticated_saved_feature_psi,False
fbv1-001-homecredit-lr-full-features-s42,homecredit,lr,full_features,ORGANIZATION_TYPE_Government,0.0,low,authenticated_saved_feature_psi,False
fbv1-001-homecredit-lr-full-features-s42,homecredit,lr,full_features,ORGANIZATION_TYPE_Hotel,0.0,low,authenticated_saved_feature_psi,False
fbv1-001-homecredit-lr-full-features-s42,homecredit,lr,full_features,ORGANIZATION_TYPE_Housing,0.0,low,authenticated_saved_feature_psi,False
fbv1-001-homecredit-lr-full-features-s42,homecredit,lr,full_features,ORGANIZATION_TYPE_Industry: type 1,0.0,low,authenticated_saved_feature_psi,False
fbv1-001-homecredit-lr-full-features-s42,homecredit,lr,full_features,ORGANIZATION_TYPE_Industry: type 10,0.0,low,authenticated_saved_feature_psi,False
fbv1-001-homecredit-lr-full-features-s42,homecredit,lr,full_features,ORGANIZATION_TYPE_Industry: type 11,0.0,low,authenticated_saved_feature_psi,False
fbv1-001-homecredit-lr-full-features-s42,homecredit,lr,full_features,ORGANIZATION_TYPE_Industry: type 12,0.0,low,authenticated_saved_feature_psi,False
fbv1-001-homecredit-lr-full-features-s42,homecredit,lr,full_features,ORGANIZATION_TYPE_Industry: type 13,0.0,low,authenticated_saved_feature_psi,False
fbv1-001-homecredit-lr-full-features-s42,homecredit,lr,full_features,ORGANIZATION_TYPE_Industry: type 2,0.0,low,authenticated_saved_feature_psi,False
fbv1-001-homecredit-lr-full-features-s42,homecredit,lr,full_features,ORGANIZATION_TYPE_Industry: type 3,0.0,low,authenticated_saved_feature_psi,False
fbv1-001-homecredit-lr-full-features-s42,homecredit,lr,full_features,ORGANIZATION_TYPE_Industry: type 4,0.0,low,authenticated_saved_feature_psi,False
fbv1-001-homecredit-lr-full-features-s42,homecredit,lr,full_features,ORGANIZATION_TYPE_Industry: type 5,0.0,low,authenticated_saved_feature_psi,False
fbv1-001-homecredit-lr-full-features-s42,homecredit,lr,full_features,ORGANIZATION_TYPE_Industry: type 6,0.0,low,authenticated_saved_feature_psi,False
fbv1-001-homecredit-lr-full-features-s42,homecredit,lr,full_features,ORGANIZATION_TYPE_Industry: type 7,0.0,low,authenticated_saved_feature_psi,False
fbv1-001-homecredit-lr-full-features-s42,homecredit,lr,full_features,ORGANIZATION_TYPE_Industry: type 8,0.0,low,authenticated_saved_feature_psi,False
fbv1-001-homecredit-lr-full-features-s42,homecredit,lr,full_features,ORGANIZATION_TYPE_Industry: type 9,0.0,low,authenticated_saved_feature_psi,False
fbv1-001-homecredit-lr-full-features-s42,homecredit,lr,full_features,ORGANIZATION_TYPE_Insurance,0.0,low,authenticated_saved_feature_psi,False
fbv1-001-homecredit-lr-full-features-s42,homecredit,lr,full_features,ORGANIZATION_TYPE_Kindergarten,0.0,low,authenticated_saved_feature_psi,False
fbv1-001-homecredit-lr-full-features-s42,homecredit,lr,full_features,ORGANIZATION_TYPE_Legal Services,0.0,low,authenticated_saved_feature_psi,False
fbv1-001-homecredit-lr-full-features-s42,homecredit,lr,full_features,ORGANIZATION_TYPE_Medicine,0.0,low,authenticated_saved_feature_psi,False
fbv1-001-homecredit-lr-full-features-s42,homecredit,lr,full_features,ORGANIZATION_TYPE_Military,0.0,low,authenticated_saved_feature_psi,False
fbv1-001-homecredit-lr-full-features-s42,homecredit,lr,full_features,ORGANIZATION_TYPE_Mobile,0.0,low,authenticated_saved_feature_psi,False
fbv1-001-homecredit-lr-full-features-s42,homecredit,lr,full_features,ORGANIZATION_TYPE_Other,0.0,low,authenticated_saved_feature_psi,False
fbv1-001-homecredit-lr-full-features-s42,homecredit,lr,full_features,ORGANIZATION_TYPE_Police,0.0,low,authenticated_saved_feature_psi,False
fbv1-001-homecredit-lr-full-features-s42,homecredit,lr,full_features,ORGANIZATION_TYPE_Postal,0.0,low,authenticated_saved_feature_psi,False
fbv1-001-homecredit-lr-full-features-s42,homecredit,lr,full_features,ORGANIZATION_TYPE_Realtor,0.0,low,authenticated_saved_feature_psi,False
fbv1-001-homecredit-lr-full-features-s42,homecredit,lr,full_features,ORGANIZATION_TYPE_Religion,0.0,low,authenticated_saved_feature_psi,False
fbv1-001-homecredit-lr-full-features-s42,homecredit,lr,full_features,ORGANIZATION_TYPE_Restaurant,0.0,low,authenticated_saved_feature_psi,False
fbv1-001-homecredit-lr-full-features-s42,homecredit,lr,full_features,ORGANIZATION_TYPE_School,0.0,low,authenticated_saved_feature_psi,False
fbv1-001-homecredit-lr-full-features-s42,homecredit,lr,full_features,ORGANIZATION_TYPE_Security,0.0,low,authenticated_saved_feature_psi,False
fbv1-001-homecredit-lr-full-features-s42,homecredit,lr,full_features,ORGANIZATION_TYPE_Security Ministries,0.0,low,authenticated_saved_feature_psi,False
fbv1-001-homecredit-lr-full-features-s42,homecredit,lr,full_features,ORGANIZATION_TYPE_Self-employed,0.0,low,authenticated_saved_feature_psi,False
fbv1-001-homecredit-lr-full-features-s42,homecredit,lr,full_features,ORGANIZATION_TYPE_Services,0.0,low,authenticated_saved_feature_psi,False
fbv1-001-homecredit-lr-full-features-s42,homecredit,lr,full_features,ORGANIZATION_TYPE_Telecom,0.0,low,authenticated_saved_feature_psi,False
fbv1-001-homecredit-lr-full-features-s42,homecredit,lr,full_features,EMERGENCYSTATE_MODE_Yes,0.0,low,authenticated_saved_feature_psi,False
fbv1-001-homecredit-lr-full-features-s42,homecredit,lr,full_features,FLAG_MOBIL,,unknown,authenticated_saved_feature_psi,False
fbv1-001-homecredit-lr-full-features-s42,homecredit,lr,full_features,POS_SK_DPD_DEF_MIN,,unknown,authenticated_saved_feature_psi,False
fbv1-001-homecredit-lr-full-features-s42,homecredit,lr,full_features,CC_AMT_DRAWINGS_OTHER_CURRENT_MIN,,unknown,authenticated_saved_feature_psi,False
fbv1-001-homecredit-lr-full-features-s42,homecredit,lr,full_features,CC_CNT_DRAWINGS_OTHER_CURRENT_MIN,,unknown,authenticated_saved_feature_psi,False
fbv1-001-homecredit-lr-full-features-s42,homecredit,lr,full_features,CC_SK_DPD_MIN,,unknown,authenticated_saved_feature_psi,False
fbv1-001-homecredit-lr-full-features-s42,homecredit,lr,full_features,CC_SK_DPD_DEF_MIN,,unknown,authenticated_saved_feature_psi,False
fbv1-002-homecredit-catboost-full-features-s42,homecredit,catboost,full_features,PREV_DAYS_DECISION_MAX,12.511347253236298,high,authenticated_saved_feature_psi,False
fbv1-002-homecredit-catboost-full-features-s42,homecredit,catboost,full_features,PREV_DAYS_FIRST_DUE_MAX,1.1957239553239194,high,authenticated_saved_feature_psi,False
fbv1-002-homecredit-catboost-full-features-s42,homecredit,catboost,full_features,PREV_AMT_CREDIT_MIN,0.6072582341186968,high,authenticated_saved_feature_psi,False
fbv1-002-homecredit-catboost-full-features-s42,homecredit,catboost,full_features,PREV_AMT_APPLICATION_MIN,0.54205306000712,high,authenticated_saved_feature_psi,False
fbv1-002-homecredit-catboost-full-features-s42,homecredit,catboost,full_features,PREV_NFLAG_LAST_APPL_IN_DAY_SUM,0.4895476368263365,high,authenticated_saved_feature_psi,False
fbv1-002-homecredit-catboost-full-features-s42,homecredit,catboost,full_features,PREV_ASK_GRANT_RATIO_MIN,0.4730896319700171,high,authenticated_saved_feature_psi,False
fbv1-002-homecredit-catboost-full-features-s42,homecredit,catboost,full_features,PREV_ASK_GRANT_RATIO_VAR,0.441257009344121,high,authenticated_saved_feature_psi,False
fbv1-002-homecredit-catboost-full-features-s42,homecredit,catboost,full_features,PREV_HOUR_APPR_PROCESS_START_SUM,0.4237284695567538,high,authenticated_saved_feature_psi,False
fbv1-002-homecredit-catboost-full-features-s42,homecredit,catboost,full_features,PREV_ASK_GRANT_RATIO_MEAN,0.4171956274381661,high,authenticated_saved_feature_psi,False
fbv1-002-homecredit-catboost-full-features-s42,homecredit,catboost,full_features,PREV_DAYS_LAST_DUE_1ST_VERSION_MAX,0.3254230120809057,high,authenticated_saved_feature_psi,False
fbv1-002-homecredit-catboost-full-features-s42,homecredit,catboost,full_features,PREV_AMT_CREDIT_VAR,0.3163548703000309,high,authenticated_saved_feature_psi,False
fbv1-002-homecredit-catboost-full-features-s42,homecredit,catboost,full_features,AMT_REQ_CREDIT_BUREAU_QRT,0.2864298456580416,high,authenticated_saved_feature_psi,False
fbv1-002-homecredit-catboost-full-features-s42,homecredit,catboost,full_features,PREV_AMT_APPLICATION_VAR,0.2797697083562249,high,authenticated_saved_feature_psi,False
fbv1-002-homecredit-catboost-full-features-s42,homecredit,catboost,full_features,INSTAL_DAYS_INSTALMENT_MAX,0.2585058217890207,high,authenticated_saved_feature_psi,False
fbv1-002-homecredit-catboost-full-features-s42,homecredit,catboost,full_features,POS_MONTHS_BALANCE_MAX,0.2539442077609402,high,authenticated_saved_feature_psi,False
fbv1-002-homecredit-catboost-full-features-s42,homecredit,catboost,full_features,INSTAL_DAYS_ENTRY_PAYMENT_MAX,0.2452093604370525,moderate,authenticated_saved_feature_psi,False
fbv1-002-homecredit-catboost-full-features-s42,homecredit,catboost,full_features,PREV_SELLERPLACE_AREA_MIN,0.242741437852579,moderate,authenticated_saved_feature_psi,False
fbv1-002-homecredit-catboost-full-features-s42,homecredit,catboost,full_features,PREV_DAYS_DECISION_MEAN,0.2411071020205505,moderate,authenticated_saved_feature_psi,False
fbv1-002-homecredit-catboost-full-features-s42,homecredit,catboost,full_features,PREV_recent_decision_MEAN,0.2411071020205505,moderate,authenticated_saved_feature_psi,False
fbv1-002-homecredit-catboost-full-features-s42,homecredit,catboost,full_features,AMT_REQ_CREDIT_BUREAU_YEAR,0.2124196914084513,moderate,authenticated_saved_feature_psi,False
fbv1-002-homecredit-catboost-full-features-s42,homecredit,catboost,full_features,PREV_ASK_GRANT_RATIO_SUM,0.1951868120381688,moderate,authenticated_saved_feature_psi,False
fbv1-002-homecredit-catboost-full-features-s42,homecredit,catboost,full_features,PREV_SELLERPLACE_AREA_VAR,0.1849350956852503,moderate,authenticated_saved_feature_psi,False
fbv1-002-homecredit-catboost-full-features-s42,homecredit,catboost,full_features,PREV_PAYMENT_TERM_SUM,0.1781768747108492,moderate,authenticated_saved_feature_psi,False
fbv1-002-homecredit-catboost-full-features-s42,homecredit,catboost,full_features,PREV_APPLICATION_DIFF_MAX,0.1669684429577178,moderate,authenticated_saved_feature_psi,False
fbv1-002-homecredit-catboost-full-features-s42,homecredit,catboost,full_features,PREV_recent_decision_VAR,0.1565760419356547,moderate,authenticated_saved_feature_psi,False
fbv1-002-homecredit-catboost-full-features-s42,homecredit,catboost,full_features,PREV_DAYS_DECISION_VAR,0.1565760419356547,moderate,authenticated_saved_feature_psi,False
fbv1-002-homecredit-catboost-full-features-s42,homecredit,catboost,full_features,PREV_CNT_PAYMENT_SUM,0.1497693833785329,moderate,authenticated_saved_feature_psi,False
fbv1-002-homecredit-catboost-full-features-s42,homecredit,catboost,full_features,PREV_CNT_PAYMENT_VAR,0.1435764735999191,moderate,authenticated_saved_feature_psi,False
fbv1-002-homecredit-catboost-full-features-s42,homecredit,catboost,full_features,PREV_HOUR_APPR_PROCESS_START_VAR,0.1339443119074082,moderate,authenticated_saved_feature_psi,False
fbv1-002-homecredit-catboost-full-features-s42,homecredit,catboost,full_features,PREV_recent_decision_SUM,0.1170914735361598,moderate,authenticated_saved_feature_psi,False
fbv1-002-homecredit-catboost-full-features-s42,homecredit,catboost,full_features,PREV_DAYS_DECISION_SUM,0.1170914735361598,moderate,authenticated_saved_feature_psi,False
fbv1-002-homecredit-catboost-full-features-s42,homecredit,catboost,full_features,PREV_APPLICATION_DIFF_VAR,0.1154563288211261,moderate,authenticated_saved_feature_psi,False
fbv1-002-homecredit-catboost-full-features-s42,homecredit,catboost,full_features,PREV_AMT_GOODS_PRICE_SUM,0.1136976368589566,moderate,authenticated_saved_feature_psi,False
fbv1-002-homecredit-catboost-full-features-s42,homecredit,catboost,full_features,PREV_AMT_APPLICATION_SUM,0.1136510116112494,moderate,authenticated_saved_feature_psi,False
fbv1-002-homecredit-catboost-full-features-s42,homecredit,catboost,full_features,PREV_PAYMENT_TERM_MAX,0.111637335324288,moderate,authenticated_saved_feature_psi,False
fbv1-002-homecredit-catboost-full-features-s42,homecredit,catboost,full_features,PREV_AMT_ANNUITY_SUM,0.1075641817410228,moderate,authenticated_saved_feature_psi,False
fbv1-002-homecredit-catboost-full-features-s42,homecredit,catboost,full_features,PREV_AMT_CREDIT_SUM,0.1070467341981605,moderate,authenticated_saved_feature_psi,False
fbv1-002-homecredit-catboost-full-features-s42,homecredit,catboost,full_features,PREV_HOUR_APPR_PROCESS_START_MIN,0.0995841280335632,low,authenticated_saved_feature_psi,False
fbv1-002-homecredit-catboost-full-features-s42,homecredit,catboost,full_features,PREV_INTEREST_ESTIMATE_SUM,0.0934769330009382,low,authenticated_saved_feature_psi,False
fbv1-002-homecredit-catboost-full-features-s42,homecredit,catboost,full_features,PREV_APPLICATION_DIFF_MIN,0.0897283067955764,low,authenticated_saved_feature_psi,False
fbv1-002-homecredit-catboost-full-features-s42,homecredit,catboost,full_features,DAYS_LAST_PHONE_CHANGE,0.082223212490693,low,authenticated_saved_feature_psi,False
fbv1-002-homecredit-catboost-full-features-s42,homecredit,catboost,full_features,PREV_DAYS_LAST_DUE_MAX,0.0812576509829495,low,authenticated_saved_feature_psi,False
fbv1-002-homecredit-catboost-full-features-s42,homecredit,catboost,full_features,PREV_DAYS_TERMINATION_MAX,0.0809514163094178,low,authenticated_saved_feature_psi,False
fbv1-002-homecredit-catboost-full-features-s42,homecredit,catboost,full_features,PREV_AMT_ANNUITY_VAR,0.0807907289459423,low,authenticated_saved_feature_psi,False
fbv1-002-homecredit-catboost-full-features-s42,homecredit,catboost,full_features,PREV_CNT_PAYMENT_MAX,0.0785677629203051,low,authenticated_saved_feature_psi,False
fbv1-002-homecredit-catboost-full-features-s42,homecredit,catboost,full_features,PREV_INTEREST_ESTIMATE_VAR,0.0774384249230514,low,authenticated_saved_feature_psi,False
fbv1-002-homecredit-catboost-full-features-s42,homecredit,catboost,full_features,PREV_DAYS_FIRST_DUE_VAR,0.076767244272892,low,authenticated_saved_feature_psi,False
fbv1-002-homecredit-catboost-full-features-s42,homecredit,catboost,full_features,PREV_DAYS_LAST_DUE_1ST_VERSION_VAR,0.0708195439129524,low,authenticated_saved_feature_psi,False
fbv1-002-homecredit-catboost-full-features-s42,homecredit,catboost,full_features,PREV_INTEREST_ESTIMATE_MIN,0.0674674675729791,low,authenticated_saved_feature_psi,False
fbv1-002-homecredit-catboost-full-features-s42,homecredit,catboost,full_features,PREV_AMT_GOODS_PRICE_VAR,0.0660806121669493,low,authenticated_saved_feature_psi,False
fbv1-002-homecredit-catboost-full-features-s42,homecredit,catboost,full_features,PREV_CNT_PAYMENT_MIN,0.0639352602021239,low,authenticated_saved_feature_psi,False
fbv1-002-homecredit-catboost-full-features-s42,homecredit,catboost,full_features,PREV_INTEREST_ESTIMATE_MAX,0.0639268824804577,low,authenticated_saved_feature_psi,False
fbv1-002-homecredit-catboost-full-features-s42,homecredit,catboost,full_features,PREV_RATE_DOWN_PAYMENT_VAR,0.0620240630877371,low,authenticated_saved_feature_psi,False
fbv1-002-homecredit-catboost-full-features-s42,homecredit,catboost,full_features,PREV_DAYS_LAST_DUE_1ST_VERSION_SUM,0.0611929822458547,low,authenticated_saved_feature_psi,False
fbv1-002-homecredit-catboost-full-features-s42,homecredit,catboost,full_features,PREV_DAYS_FIRST_DUE_SUM,0.0591799216186158,low,authenticated_saved_feature_psi,False
fbv1-002-homecredit-catboost-full-features-s42,homecredit,catboost,full_features,INSTAL_DAYS_INSTALMENT_VAR,0.0578650904526889,low,authenticated_saved_feature_psi,False
fbv1-002-homecredit-catboost-full-features-s42,homecredit,catboost,full_features,CC_CNT_INSTALMENT_MATURE_CUM_SUM,0.0572422633874227,low,authenticated_saved_feature_psi,False
fbv1-002-homecredit-catboost-full-features-s42,homecredit,catboost,full_features,POS_MONTHS_BALANCE_VAR,0.0571736292328748,low,authenticated_saved_feature_psi,False
fbv1-002-homecredit-catboost-full-features-s42,homecredit,catboost,full_features,PREV_AMT_ANNUITY_MIN,0.0567295453169564,low,authenticated_saved_feature_psi,False
fbv1-002-homecredit-catboost-full-features-s42,homecredit,catboost,full_features,PREV_DAYS_FIRST_DUE_MEAN,0.0564389580196758,low,authenticated_saved_feature_psi,False
fbv1-002-homecredit-catboost-full-features-s42,homecredit,catboost,full_features,PREV_CNT_PAYMENT_MEAN,0.055624048912364,low,authenticated_saved_feature_psi,False
fbv1-002-homecredit-catboost-full-features-s42,homecredit,catboost,full_features,PREV_recent_decision_MIN,0.0554908670213462,low,authenticated_saved_feature_psi,False
fbv1-002-homecredit-catboost-full-features-s42,homecredit,catboost,full_features,PREV_DAYS_DECISION_MIN,0.0554908670213462,low,authenticated_saved_feature_psi,False
fbv1-002-homecredit-catboost-full-features-s42,homecredit,catboost,full_features,PREV_NFLAG_INSURED_ON_APPROVAL_MEAN,0.0551769783330002,low,authenticated_saved_feature_psi,False
fbv1-002-homecredit-catboost-full-features-s42,homecredit,catboost,full_features,INSTAL_DAYS_ENTRY_PAYMENT_VAR,0.054843731054879,low,authenticated_saved_feature_psi,False
fbv1-002-homecredit-catboost-full-features-s42,homecredit,catboost,full_features,PREV_DAYS_FIRST_DUE_MIN,0.0547459648200915,low,authenticated_saved_feature_psi,False
fbv1-002-homecredit-catboost-full-features-s42,homecredit,catboost,full_features,POS_MONTHS_BALANCE_MIN,0.0538407953962355,low,authenticated_saved_feature_psi,False
fbv1-002-homecredit-catboost-full-features-s42,homecredit,catboost,full_features,PREV_AMT_GOODS_PRICE_MAX,0.0521592516484765,low,authenticated_saved_feature_psi,False
fbv1-002-homecredit-catboost-full-features-s42,homecredit,catboost,full_features,PREV_AMT_APPLICATION_MAX,0.050549482319135,low,authenticated_saved_feature_psi,False
fbv1-002-homecredit-catboost-full-features-s42,homecredit,catboost,full_features,PREV_AMT_CREDIT_MAX,0.050191795898094,low,authenticated_saved_feature_psi,False
fbv1-002-homecredit-catboost-full-features-s42,homecredit,catboost,full_features,CC_AMT_CREDIT_LIMIT_ACTUAL_SUM,0.0501254193027939,low,authenticated_saved_feature_psi,False
fbv1-002-homecredit-catboost-full-features-s42,homecredit,catboost,full_features,CC_MONTHS_BALANCE_MIN,0.0495580133590924,low,authenticated_saved_feature_psi,False
fbv1-002-homecredit-catboost-full-features-s42,homecredit,catboost,full_features,CC_MONTHS_BALANCE_MEAN,0.0493618710084771,low,authenticated_saved_feature_psi,False
fbv1-002-homecredit-catboost-full-features-s42,homecredit,catboost,full_features,INSTAL_DAYS_ENTRY_PAYMENT_MIN,0.0489279584526063,low,authenticated_saved_feature_psi,False
fbv1-002-homecredit-catboost-full-features-s42,homecredit,catboost,full_features,INSTAL_AMT_INSTALMENT_VAR,0.0483390097390382,low,authenticated_saved_feature_psi,False
fbv1-002-homecredit-catboost-full-features-s42,homecredit,catboost,full_features,INSTAL_DAYS_INSTALMENT_MIN,0.0481978602745028,low,authenticated_saved_feature_psi,False
fbv1-002-homecredit-catboost-full-features-s42,homecredit,catboost,full_features,CC_MONTHS_BALANCE_SUM,0.0464757877869737,low,authenticated_saved_feature_psi,False
fbv1-002-homecredit-catboost-full-features-s42,homecredit,catboost,full_features,PREV_AMT_DOWN_PAYMENT_VAR,0.0453246693100185,low,authenticated_saved_feature_psi,False
fbv1-002-homecredit-catboost-full-features-s42,homecredit,catboost,full_features,CC_CNT_INSTALMENT_MATURE_CUM_MAX,0.0443488305071021,low,authenticated_saved_feature_psi,False
fbv1-002-homecredit-catboost-full-features-s42,homecredit,catboost,full_features,PREV_AMT_GOODS_PRICE_MIN,0.0437507370017402,low,authenticated_saved_feature_psi,False
fbv1-002-homecredit-catboost-full-features-s42,homecredit,catboost,full_features,PREV_APPLICATION_DIFF_SUM,0.0434656889318661,low,authenticated_saved_feature_psi,False
fbv1-002-homecredit-catboost-full-features-s42,homecredit,catboost,full_features,POS_MONTHS_BALANCE_SUM,0.0433419926721698,low,authenticated_saved_feature_psi,False
fbv1-002-homecredit-catboost-full-features-s42,homecredit,catboost,full_features,PREV_HOUR_APPR_PROCESS_START_MAX,0.0428715882180009,low,authenticated_saved_feature_psi,False
fbv1-002-homecredit-catboost-full-features-s42,homecredit,catboost,full_features,CC_CNT_INSTALMENT_MATURE_CUM_MEAN,0.0416771220203692,low,authenticated_saved_feature_psi,False
fbv1-002-homecredit-catboost-full-features-s42,homecredit,catboost,full_features,CC_MONTHS_BALANCE_VAR,0.0404201193877366,low,authenticated_saved_feature_psi,False
fbv1-002-homecredit-catboost-full-features-s42,homecredit,catboost,full_features,PREV_ASK_GRANT_RATIO_MAX,0.0393957189639692,low,authenticated_saved_feature_psi,False
fbv1-002-homecredit-catboost-full-features-s42,homecredit,catboost,full_features,INSTAL_DAYS_INSTALMENT_SUM,0.0373927517226686,low,authenticated_saved_feature_psi,False
fbv1-002-homecredit-catboost-full-features-s42,homecredit,catboost,full_features,INSTAL_DAYS_ENTRY_PAYMENT_SUM,0.0372421140629199,low,authenticated_saved_feature_psi,False
fbv1-002-homecredit-catboost-full-features-s42,homecredit,catboost,full_features,INSTAL_DAYS_INSTALMENT_MEAN,0.0371395313098386,low,authenticated_saved_feature_psi,False
fbv1-002-homecredit-catboost-full-features-s42,homecredit,catboost,full_features,CC_AMT_CREDIT_LIMIT_ACTUAL_MAX,0.0370026829366241,low,authenticated_saved_feature_psi,False
fbv1-002-homecredit-catboost-full-features-s42,homecredit,catboost,full_features,PREV_PAYMENT_TERM_MEAN,0.0367615563451801,low,authenticated_saved_feature_psi,False
fbv1-002-homecredit-catboost-full-features-s42,homecredit,catboost,full_features,INSTAL_DAYS_ENTRY_PAYMENT_MEAN,0.0367338021594756,low,authenticated_saved_feature_psi,False
fbv1-002-homecredit-catboost-full-features-s42,homecredit,catboost,full_features,POS_MONTHS_BALANCE_MEAN,0.0358980296722629,low,authenticated_saved_feature_psi,False
fbv1-002-homecredit-catboost-full-features-s42,homecredit,catboost,full_features,POS_TOTAL_INSTALMENT_PROG_SUM,0.0358892785550117,low,authenticated_saved_feature_psi,False
fbv1-002-homecredit-catboost-full-features-s42,homecredit,catboost,full_features,PREV_AMT_ANNUITY_MAX,0.0353464527922435,low,authenticated_saved_feature_psi,False
fbv1-002-homecredit-catboost-full-features-s42,homecredit,catboost,full_features,CC_MONTHS_BALANCE_MAX,0.0350972882328004,low,authenticated_saved_feature_psi,False
fbv1-002-homecredit-catboost-full-features-s42,homecredit,catboost,full_features,CC_AMT_PAYMENT_TOTAL_CURRENT_MAX,0.0344223287986203,low,authenticated_saved_feature_psi,False
fbv1-002-homecredit-catboost-full-features-s42,homecredit,catboost,full_features,POS_CNT_INSTALMENT_FUTURE_SUM,0.0339809817533801,low,authenticated_saved_feature_psi,False
fbv1-002-homecredit-catboost-full-features-s42,homecredit,catboost,full_features,POS_TOTAL_INSTALMENT_PROG_MEAN,0.0334401648316066,low,authenticated_saved_feature_psi,False
fbv1-002-homecredit-catboost-full-features-s42,homecredit,catboost,full_features,CC_AMT_PAYMENT_TOTAL_CURRENT_MEAN,0.033412560644331,low,authenticated_saved_feature_psi,False
fbv1-002-homecredit-catboost-full-features-s42,homecredit,catboost,full_features,INSTAL_PAYMENT_RATIO_SUM,0.0333048133111777,low,authenticated_saved_feature_psi,False
fbv1-002-homecredit-catboost-full-features-s42,homecredit,catboost,full_features,PREV_PAYMENT_TERM_MIN,0.0332716674231616,low,authenticated_saved_feature_psi,False
fbv1-002-homecredit-catboost-full-features-s42,homecredit,catboost,full_features,CC_CNT_DRAWINGS_CURRENT_SUM,0.033221387464827,low,authenticated_saved_feature_psi,False
fbv1-002-homecredit-catboost-full-features-s42,homecredit,catboost,full_features,CC_CNT_DRAWINGS_CURRENT_MAX,0.0331205880045567,low,authenticated_saved_feature_psi,False
fbv1-002-homecredit-catboost-full-features-s42,homecredit,catboost,full_features,CC_CNT_DRAWINGS_CURRENT_MEAN,0.0327300469646266,low,authenticated_saved_feature_psi,False
fbv1-002-homecredit-catboost-full-features-s42,homecredit,catboost,full_features,INSTAL_AMT_INSTALMENT_MIN,0.0325558148080322,low,authenticated_saved_feature_psi,False
fbv1-002-homecredit-catboost-full-features-s42,homecredit,catboost,full_features,CC_LIMIT_USE_MIN,0.0319935366161149,low,authenticated_saved_feature_psi,False
fbv1-002-homecredit-catboost-full-features-s42,homecredit,catboost,full_features,CC_CNT_INSTALMENT_MATURE_CUM_VAR,0.0310245054566897,low,authenticated_saved_feature_psi,False
fbv1-002-homecredit-catboost-full-features-s42,homecredit,catboost,full_features,POS_CNT_INSTALMENT_VAR,0.0308718908882938,low,authenticated_saved_feature_psi,False
fbv1-002-homecredit-catboost-full-features-s42,homecredit,catboost,full_features,CC_AMT_PAYMENT_CURRENT_SUM,0.0305899184247212,low,authenticated_saved_feature_psi,False
fbv1-002-homecredit-catboost-full-features-s42,homecredit,catboost,full_features,CC_AMT_TOTAL_RECEIVABLE_MIN,0.0303086857310356,low,authenticated_saved_feature_psi,False
fbv1-002-homecredit-catboost-full-features-s42,homecredit,catboost,full_features,CC_AMT_RECIVABLE_MIN,0.0303086857310356,low,authenticated_saved_feature_psi,False
fbv1-002-homecredit-catboost-full-features-s42,homecredit,catboost,full_features,CC_AMT_RECEIVABLE_PRINCIPAL_MIN,0.0301920093370043,low,authenticated_saved_feature_psi,False
fbv1-002-homecredit-catboost-full-features-s42,homecredit,catboost,full_features,PREV_NFLAG_INSURED_ON_APPROVAL_SUM,0.029765318893423,low,authenticated_saved_feature_psi,False
fbv1-002-homecredit-catboost-full-features-s42,homecredit,catboost,full_features,CC_LIMIT_USE_MEAN,0.0297540591198756,low,authenticated_saved_feature_psi,False
fbv1-002-homecredit-catboost-full-features-s42,homecredit,catboost,full_features,CC_LIMIT_USE_SUM,0.0295885713608567,low,authenticated_saved_feature_psi,False
fbv1-002-homecredit-catboost-full-features-s42,homecredit,catboost,full_features,CC_AMT_BALANCE_MIN,0.0292539748685236,low,authenticated_saved_feature_psi,False
fbv1-002-homecredit-catboost-full-features-s42,homecredit,catboost,full_features,CC_AMT_PAYMENT_TOTAL_CURRENT_SUM,0.02899916733045,low,authenticated_saved_feature_psi,False
fbv1-002-homecredit-catboost-full-features-s42,homecredit,catboost,full_features,CC_AMT_RECEIVABLE_PRINCIPAL_VAR,0.0287985367040759,low,authenticated_saved_feature_psi,False
fbv1-002-homecredit-catboost-full-features-s42,homecredit,catboost,full_features,CC_AMT_INST_MIN_REGULARITY_SUM,0.0287800639202198,low,authenticated_saved_feature_psi,False
fbv1-002-homecredit-catboost-full-features-s42,homecredit,catboost,full_features,CC_AMT_RECIVABLE_VAR,0.0287287671844708,low,authenticated_saved_feature_psi,False
fbv1-002-homecredit-catboost-full-features-s42,homecredit,catboost,full_features,CC_AMT_TOTAL_RECEIVABLE_VAR,0.0287255798960271,low,authenticated_saved_feature_psi,False
fbv1-002-homecredit-catboost-full-features-s42,homecredit,catboost,full_features,CC_AMT_BALANCE_VAR,0.0286508191203765,low,authenticated_saved_feature_psi,False
fbv1-002-homecredit-catboost-full-features-s42,homecredit,catboost,full_features,CC_CNT_DRAWINGS_POS_CURRENT_SUM,0.0279966239087855,low,authenticated_saved_feature_psi,False
fbv1-002-homecredit-catboost-full-features-s42,homecredit,catboost,full_features,CC_AMT_INST_MIN_REGULARITY_VAR,0.0277257975263056,low,authenticated_saved_feature_psi,False
fbv1-002-homecredit-catboost-full-features-s42,homecredit,catboost,full_features,CC_AMT_DRAWINGS_POS_CURRENT_SUM,0.0274985765234566,low,authenticated_saved_feature_psi,False
fbv1-002-homecredit-catboost-full-features-s42,homecredit,catboost,full_features,CC_AMT_INST_MIN_REGULARITY_MAX,0.0267923281985076,low,authenticated_saved_feature_psi,False
fbv1-002-homecredit-catboost-full-features-s42,homecredit,catboost,full_features,PREV_DAYS_LAST_DUE_SUM,0.0262407163258764,low,authenticated_saved_feature_psi,False
fbv1-002-homecredit-catboost-full-features-s42,homecredit,catboost,full_features,CC_PAYMENT_DIV_MIN_SUM,0.0260077476301973,low,authenticated_saved_feature_psi,False
fbv1-002-homecredit-catboost-full-features-s42,homecredit,catboost,full_features,CC_CNT_DRAWINGS_CURRENT_VAR,0.0259678612303508,low,authenticated_saved_feature_psi,False
fbv1-002-homecredit-catboost-full-features-s42,homecredit,catboost,full_features,PREV_DAYS_LAST_DUE_1ST_VERSION_MIN,0.0259119022033358,low,authenticated_saved_feature_psi,False
fbv1-002-homecredit-catboost-full-features-s42,homecredit,catboost,full_features,CC_AMT_DRAWINGS_CURRENT_MEAN,0.0258944844413911,low,authenticated_saved_feature_psi,False
fbv1-002-homecredit-catboost-full-features-s42,homecredit,catboost,full_features,CC_AMT_CREDIT_LIMIT_ACTUAL_VAR,0.0258480444763858,low,authenticated_saved_feature_psi,False
fbv1-002-homecredit-catboost-full-features-s42,homecredit,catboost,full_features,INSTAL_NUM_INSTALMENT_VERSION_SUM,0.025674267791886,low,authenticated_saved_feature_psi,False
fbv1-002-homecredit-catboost-full-features-s42,homecredit,catboost,full_features,PREV_DAYS_LAST_DUE_1ST_VERSION_MEAN,0.0254462711185238,low,authenticated_saved_feature_psi,False
fbv1-002-homecredit-catboost-full-features-s42,homecredit,catboost,full_features,CC_AMT_DRAWINGS_CURRENT_VAR,0.0253150734072391,low,authenticated_saved_feature_psi,False
fbv1-002-homecredit-catboost-full-features-s42,homecredit,catboost,full_features,CC_AMT_PAYMENT_TOTAL_CURRENT_VAR,0.0246536696651434,low,authenticated_saved_feature_psi,False
fbv1-002-homecredit-catboost-full-features-s42,homecredit,catboost,full_features,PREV_HOUR_APPR_PROCESS_START_MEAN,0.0245118011544351,low,authenticated_saved_feature_psi,False
fbv1-002-homecredit-catboost-full-features-s42,homecredit,catboost,full_features,PREV_SELLERPLACE_AREA_SUM,0.0242969777656858,low,authenticated_saved_feature_psi,False
fbv1-002-homecredit-catboost-full-features-s42,homecredit,catboost,full_features,PREV_DAYS_TERMINATION_SUM,0.0238569944757502,low,authenticated_saved_feature_psi,False
fbv1-002-homecredit-catboost-full-features-s42,homecredit,catboost,full_features,CC_AMT_INST_MIN_REGULARITY_MEAN,0.0235426352231144,low,authenticated_saved_feature_psi,False
fbv1-002-homecredit-catboost-full-features-s42,homecredit,catboost,full_features,PREV_SELLERPLACE_AREA_MEAN,0.0235275314730725,low,authenticated_saved_feature_psi,False
fbv1-002-homecredit-catboost-full-features-s42,homecredit,catboost,full_features,CC_AMT_DRAWINGS_CURRENT_MAX,0.0234425661873899,low,authenticated_saved_feature_psi,False
fbv1-002-homecredit-catboost-full-features-s42,homecredit,catboost,full_features,CC_AMT_RECIVABLE_MAX,0.0232102186089347,low,authenticated_saved_feature_psi,False
fbv1-002-homecredit-catboost-full-features-s42,homecredit,catboost,full_features,CC_AMT_TOTAL_RECEIVABLE_MAX,0.0232069368533203,low,authenticated_saved_feature_psi,False
fbv1-002-homecredit-catboost-full-features-s42,homecredit,catboost,full_features,CC_AMT_BALANCE_MAX,0.0232023019610735,low,authenticated_saved_feature_psi,False
fbv1-002-homecredit-catboost-full-features-s42,homecredit,catboost,full_features,CC_AMT_RECEIVABLE_PRINCIPAL_MAX,0.0230355926137248,low,authenticated_saved_feature_psi,False
fbv1-002-homecredit-catboost-full-features-s42,homecredit,catboost,full_features,CC_AMT_TOTAL_RECEIVABLE_SUM,0.0227106717832699,low,authenticated_saved_feature_psi,False
fbv1-002-homecredit-catboost-full-features-s42,homecredit,catboost,full_features,CC_AMT_RECIVABLE_SUM,0.0227055183073233,low,authenticated_saved_feature_psi,False
fbv1-002-homecredit-catboost-full-features-s42,homecredit,catboost,full_features,CC_AMT_BALANCE_SUM,0.0226735400617863,low,authenticated_saved_feature_psi,False
fbv1-002-homecredit-catboost-full-features-s42,homecredit,catboost,full_features,CC_AMT_RECEIVABLE_PRINCIPAL_SUM,0.0225426325465706,low,authenticated_saved_feature_psi,False
fbv1-002-homecredit-catboost-full-features-s42,homecredit,catboost,full_features,PREV_DAYS_LAST_DUE_MIN,0.0225204313101289,low,authenticated_saved_feature_psi,False
fbv1-002-homecredit-catboost-full-features-s42,homecredit,catboost,full_features,CC_AMT_RECEIVABLE_PRINCIPAL_MEAN,0.0222507773906048,low,authenticated_saved_feature_psi,False
fbv1-002-homecredit-catboost-full-features-s42,homecredit,catboost,full_features,CC_AMT_BALANCE_MEAN,0.0222226104565354,low,authenticated_saved_feature_psi,False
fbv1-002-homecredit-catboost-full-features-s42,homecredit,catboost,full_features,CC_AMT_RECIVABLE_MEAN,0.0222225613758132,low,authenticated_saved_feature_psi,False
fbv1-002-homecredit-catboost-full-features-s42,homecredit,catboost,full_features,CC_AMT_TOTAL_RECEIVABLE_MEAN,0.0222020023244121,low,authenticated_saved_feature_psi,False
fbv1-002-homecredit-catboost-full-features-s42,homecredit,catboost,full_features,INSTAL_NUM_INSTALMENT_NUMBER_MEAN,0.0221826354999094,low,authenticated_saved_feature_psi,False
fbv1-002-homecredit-catboost-full-features-s42,homecredit,catboost,full_features,POS_CNT_INSTALMENT_MIN,0.0218614168516067,low,authenticated_saved_feature_psi,False
fbv1-002-homecredit-catboost-full-features-s42,homecredit,catboost,full_features,PREV_DAYS_TERMINATION_MIN,0.0218140375085498,low,authenticated_saved_feature_psi,False
fbv1-002-homecredit-catboost-full-features-s42,homecredit,catboost,full_features,PREV_RATE_DOWN_PAYMENT_MEAN,0.0212667940472465,low,authenticated_saved_feature_psi,False
fbv1-002-homecredit-catboost-full-features-s42,homecredit,catboost,full_features,CC_AMT_DRAWINGS_CURRENT_SUM,0.0209226067476432,low,authenticated_saved_feature_psi,False
fbv1-002-homecredit-catboost-full-features-s42,homecredit,catboost,full_features,EXT_SOURCE_3,0.020728354694539,low,authenticated_saved_feature_psi,False
fbv1-002-homecredit-catboost-full-features-s42,homecredit,catboost,full_features,INSTAL_AMT_PAYMENT_MIN,0.0204875407269827,low,authenticated_saved_feature_psi,False
fbv1-002-homecredit-catboost-full-features-s42,homecredit,catboost,full_features,POS_CNT_INSTALMENT_FUTURE_VAR,0.020290354748662,low,authenticated_saved_feature_psi,False
fbv1-002-homecredit-catboost-full-features-s42,homecredit,catboost,full_features,INSTAL_DAYS_DIFF_MAX,0.0201253097674174,low,authenticated_saved_feature_psi,False
fbv1-002-homecredit-catboost-full-features-s42,homecredit,catboost,full_features,CC_AMT_CREDIT_LIMIT_ACTUAL_MIN,0.0200840721314056,low,authenticated_saved_feature_psi,False
fbv1-002-homecredit-catboost-full-features-s42,homecredit,catboost,full_features,PREV_RATE_INTEREST_PRIVILEGED_MAX,0.0199152551819375,low,authenticated_saved_feature_psi,False
fbv1-002-homecredit-catboost-full-features-s42,homecredit,catboost,full_features,PREV_RATE_INTEREST_PRIVILEGED_MEAN,0.0198430864075054,low,authenticated_saved_feature_psi,False
fbv1-002-homecredit-catboost-full-features-s42,homecredit,catboost,full_features,POS_CNT_INSTALMENT_MEAN,0.0192124344962385,low,authenticated_saved_feature_psi,False
fbv1-002-homecredit-catboost-full-features-s42,homecredit,catboost,full_features,PREV_RATE_INTEREST_PRIVILEGED_MIN,0.0191919494803058,low,authenticated_saved_feature_psi,False
fbv1-002-homecredit-catboost-full-features-s42,homecredit,catboost,full_features,PREV_RATE_DOWN_PAYMENT_SUM,0.0187215504404803,low,authenticated_saved_feature_psi,False
fbv1-002-homecredit-catboost-full-features-s42,homecredit,catboost,full_features,POS_CNT_INSTALMENT_FUTURE_MEAN,0.01820462491726,low,authenticated_saved_feature_psi,False
fbv1-002-homecredit-catboost-full-features-s42,homecredit,catboost,full_features,PREV_INTEREST_ESTIMATE_MEAN,0.0180194375097055,low,authenticated_saved_feature_psi,False
fbv1-002-homecredit-catboost-full-features-s42,homecredit,catboost,full_features,PREV_DAYS_LAST_DUE_MEAN,0.0174444646060645,low,authenticated_saved_feature_psi,False
fbv1-002-homecredit-catboost-full-features-s42,homecredit,catboost,full_features,CC_AMT_CREDIT_LIMIT_ACTUAL_MEAN,0.0171998728680103,low,authenticated_saved_feature_psi,False
fbv1-002-homecredit-catboost-full-features-s42,homecredit,catboost,full_features,CC_AMT_DRAWINGS_ATM_CURRENT_MIN,0.017130990542785,low,authenticated_saved_feature_psi,False
fbv1-002-homecredit-catboost-full-features-s42,homecredit,catboost,full_features,PREV_DAYS_TERMINATION_MEAN,0.016383247526785,low,authenticated_saved_feature_psi,False
fbv1-002-homecredit-catboost-full-features-s42,homecredit,catboost,full_features,PREV_AMT_DOWN_PAYMENT_MEAN,0.015640439500309,low,authenticated_saved_feature_psi,False
fbv1-002-homecredit-catboost-full-features-s42,homecredit,catboost,full_features,PREV_AMT_GOODS_PRICE_MEAN,0.015451080668122,low,authenticated_saved_feature_psi,False
fbv1-002-homecredit-catboost-full-features-s42,homecredit,catboost,full_features,PREV_APPLICATION_DIFF_MEAN,0.0154106247437027,low,authenticated_saved_feature_psi,False
fbv1-002-homecredit-catboost-full-features-s42,homecredit,catboost,full_features,BURO_BB_MONTHS_BALANCE_VAR_MIN,0.0150431112123435,low,authenticated_saved_feature_psi,False
fbv1-002-homecredit-catboost-full-features-s42,homecredit,catboost,full_features,PREV_AMT_APPLICATION_MEAN,0.0147998443765298,low,authenticated_saved_feature_psi,False
fbv1-002-homecredit-catboost-full-features-s42,homecredit,catboost,full_features,INSTAL_AMT_PAYMENT_VAR,0.0146192770998126,low,authenticated_saved_feature_psi,False
fbv1-002-homecredit-catboost-full-features-s42,homecredit,catboost,full_features,PREV_AMT_DOWN_PAYMENT_MIN,0.0140548967797563,low,authenticated_saved_feature_psi,False
fbv1-002-homecredit-catboost-full-features-s42,homecredit,catboost,full_features,POS_CNT_INSTALMENT_SUM,0.0139985710983313,low,authenticated_saved_feature_psi,False
fbv1-002-homecredit-catboost-full-features-s42,homecredit,catboost,full_features,PREV_AMT_CREDIT_MEAN,0.0138223834937012,low,authenticated_saved_feature_psi,False
fbv1-002-homecredit-catboost-full-features-s42,homecredit,catboost,full_features,INSTAL_AMT_PAYMENT_SUM,0.0137606775208418,low,authenticated_saved_feature_psi,False
fbv1-002-homecredit-catboost-full-features-s42,homecredit,catboost,full_features,PREV_DAYS_LAST_DUE_VAR,0.0137389622395306,low,authenticated_saved_feature_psi,False
fbv1-002-homecredit-catboost-full-features-s42,homecredit,catboost,full_features,PREV_AMT_DOWN_PAYMENT_SUM,0.0134603656668472,low,authenticated_saved_feature_psi,False
fbv1-002-homecredit-catboost-full-features-s42,homecredit,catboost,full_features,INSTAL_DAYS_DIFF_SUM,0.0134194546366867,low,authenticated_saved_feature_psi,False
fbv1-002-homecredit-catboost-full-features-s42,homecredit,catboost,full_features,PREV_DAYS_TERMINATION_VAR,0.013375774415881,low,authenticated_saved_feature_psi,False
fbv1-002-homecredit-catboost-full-features-s42,homecredit,catboost,full_features,INSTAL_NUM_INSTALMENT_VERSION_VAR,0.013208386722115,low,authenticated_saved_feature_psi,False
fbv1-002-homecredit-catboost-full-features-s42,homecredit,catboost,full_features,PREV_RATE_INTEREST_PRIMARY_MAX,0.0128141652334924,low,authenticated_saved_feature_psi,False
fbv1-002-homecredit-catboost-full-features-s42,homecredit,catboost,full_features,POS_CNT_INSTALMENT_MAX,0.0127999204259104,low,authenticated_saved_feature_psi,False
fbv1-002-homecredit-catboost-full-features-s42,homecredit,catboost,full_features,INSTAL_DAYS_DIFF_VAR,0.0127669416232057,low,authenticated_saved_feature_psi,False
fbv1-002-homecredit-catboost-full-features-s42,homecredit,catboost,full_features,CC_PAYMENT_DIV_MIN_MIN,0.0127343368046894,low,authenticated_saved_feature_psi,False
fbv1-002-homecredit-catboost-full-features-s42,homecredit,catboost,full_features,POS_TOTAL_INSTALMENT_PROG_VAR,0.0126664025260764,low,authenticated_saved_feature_psi,False
fbv1-002-homecredit-catboost-full-features-s42,homecredit,catboost,full_features,INSTAL_AMT_INSTALMENT_SUM,0.0126614219439091,low,authenticated_saved_feature_psi,False
fbv1-002-homecredit-catboost-full-features-s42,homecredit,catboost,full_features,POS_TOTAL_INSTALMENT_PROG_MAX,0.012558029157162,low,authenticated_saved_feature_psi,False
fbv1-002-homecredit-catboost-full-features-s42,homecredit,catboost,full_features,POS_CNT_INSTALMENT_FUTURE_MAX,0.0125356878652321,low,authenticated_saved_feature_psi,False
fbv1-002-homecredit-catboost-full-features-s42,homecredit,catboost,full_features,PREV_RATE_INTEREST_PRIMARY_MEAN,0.0123270319113801,low,authenticated_saved_feature_psi,False
fbv1-002-homecredit-catboost-full-features-s42,homecredit,catboost,full_features,BURO_DAYS_CREDIT_UPDATE_MAX,0.0122852875785272,low,authenticated_saved_feature_psi,False
fbv1-002-homecredit-catboost-full-features-s42,homecredit,catboost,full_features,PREV_RATE_INTEREST_PRIMARY_MIN,0.0122229817347343,low,authenticated_saved_feature_psi,False
fbv1-002-homecredit-catboost-full-features-s42,homecredit,catboost,full_features,CC_AMT_DRAWINGS_ATM_CURRENT_MAX,0.0120398861725765,low,authenticated_saved_feature_psi,False
fbv1-002-homecredit-catboost-full-features-s42,homecredit,catboost,full_features,INSTAL_NUM_INSTALMENT_NUMBER_VAR,0.0119984782235065,low,authenticated_saved_feature_psi,False
fbv1-002-homecredit-catboost-full-features-s42,homecredit,catboost,full_features,INSTAL_NUM_INSTALMENT_NUMBER_MAX,0.011871751624793,low,authenticated_saved_feature_psi,False
fbv1-002-homecredit-catboost-full-features-s42,homecredit,catboost,full_features,BURO_DAYS_CREDIT_MAX,0.0118606546540912,low,authenticated_saved_feature_psi,False
fbv1-002-homecredit-catboost-full-features-s42,homecredit,catboost,full_features,PREV_RATE_DOWN_PAYMENT_MAX,0.0117719118267149,low,authenticated_saved_feature_psi,False
fbv1-002-homecredit-catboost-full-features-s42,homecredit,catboost,full_features,PREV_RATE_DOWN_PAYMENT_MIN,0.0116838375739922,low,authenticated_saved_feature_psi,False
fbv1-002-homecredit-catboost-full-features-s42,homecredit,catboost,full_features,CC_CNT_DRAWINGS_POS_CURRENT_MEAN,0.0113927750595814,low,authenticated_saved_feature_psi,False
fbv1-002-homecredit-catboost-full-features-s42,homecredit,catboost,full_features,PREV_SELLERPLACE_AREA_MAX,0.0113657154711909,low,authenticated_saved_feature_psi,False
fbv1-002-homecredit-catboost-full-features-s42,homecredit,catboost,full_features,CC_CNT_DRAWINGS_ATM_CURRENT_MAX,0.0108590583779621,low,authenticated_saved_feature_psi,False
fbv1-002-homecredit-catboost-full-features-s42,homecredit,catboost,full_features,INSTAL_AMT_PAYMENT_MAX,0.0108389485684451,low,authenticated_saved_feature_psi,False
fbv1-002-homecredit-catboost-full-features-s42,homecredit,catboost,full_features,INSTAL_AMT_INSTALMENT_MAX,0.0107861689127812,low,authenticated_saved_feature_psi,False
fbv1-002-homecredit-catboost-full-features-s42,homecredit,catboost,full_features,CC_CNT_DRAWINGS_ATM_CURRENT_MEAN,0.0107650910750107,low,authenticated_saved_feature_psi,False
fbv1-002-homecredit-catboost-full-features-s42,homecredit,catboost,full_features,INSTAL_NUM_INSTALMENT_VERSION_MAX,0.0106261725784387,low,authenticated_saved_feature_psi,False
fbv1-002-homecredit-catboost-full-features-s42,homecredit,catboost,full_features,BURO_BB_MONTHS_BALANCE_MIN_MAX,0.0104179597299771,low,authenticated_saved_feature_psi,False
fbv1-002-homecredit-catboost-full-features-s42,homecredit,catboost,full_features,INSTAL_NUM_INSTALMENT_NUMBER_SUM,0.0103997540233836,low,authenticated_saved_feature_psi,False
fbv1-002-homecredit-catboost-full-features-s42,homecredit,catboost,full_features,CC_AMT_DRAWINGS_POS_CURRENT_MEAN,0.0103027158237301,low,authenticated_saved_feature_psi,False
fbv1-002-homecredit-catboost-full-features-s42,homecredit,catboost,full_features,CC_AMT_DRAWINGS_ATM_CURRENT_MEAN,0.0101638697511904,low,authenticated_saved_feature_psi,False
fbv1-002-homecredit-catboost-full-features-s42,homecredit,catboost,full_features,CC_CNT_DRAWINGS_POS_CURRENT_MAX,0.0100064527840445,low,authenticated_saved_feature_psi,False
fbv1-002-homecredit-catboost-full-features-s42,homecredit,catboost,full_features,CC_DRAWING_RATIO_MIN,0.0093779927499179,low,authenticated_saved_feature_psi,False
fbv1-002-homecredit-catboost-full-features-s42,homecredit,catboost,full_features,INSTAL_PAYMENT_DIFF_MEAN,0.0093498998202679,low,authenticated_saved_feature_psi,False
fbv1-002-homecredit-catboost-full-features-s42,homecredit,catboost,full_features,CC_AMT_DRAWINGS_CURRENT_MIN,0.0092567233188499,low,authenticated_saved_feature_psi,False
fbv1-002-homecredit-catboost-full-features-s42,homecredit,catboost,full_features,CC_CNT_DRAWINGS_CURRENT_MIN,0.009229219922588,low,authenticated_saved_feature_psi,False
fbv1-002-homecredit-catboost-full-features-s42,homecredit,catboost,full_features,CC_AMT_PAYMENT_CURRENT_MAX,0.0089813699891487,low,authenticated_saved_feature_psi,False
fbv1-002-homecredit-catboost-full-features-s42,homecredit,catboost,full_features,INSTAL_PAYMENT_RATIO_MEAN,0.0087337049791449,low,authenticated_saved_feature_psi,False
fbv1-002-homecredit-catboost-full-features-s42,homecredit,catboost,full_features,CC_CNT_DRAWINGS_POS_CURRENT_MIN,0.0087002350428879,low,authenticated_saved_feature_psi,False
fbv1-002-homecredit-catboost-full-features-s42,homecredit,catboost,full_features,BURO_DAYS_ENDDATE_FACT_MAX,0.008624640039331,low,authenticated_saved_feature_psi,False
fbv1-002-homecredit-catboost-full-features-s42,homecredit,catboost,full_features,CC_AMT_PAYMENT_CURRENT_MEAN,0.0086200477975051,low,authenticated_saved_feature_psi,False
fbv1-002-homecredit-catboost-full-features-s42,homecredit,catboost,full_features,BURO_AMT_CREDIT_SUM_MEAN,0.0084608237773705,low,authenticated_saved_feature_psi,False
fbv1-002-homecredit-catboost-full-features-s42,homecredit,catboost,full_features,CC_AMT_DRAWINGS_POS_CURRENT_MIN,0.0084145217450728,low,authenticated_saved_feature_psi,False
fbv1-002-homecredit-catboost-full-features-s42,homecredit,catboost,full_features,PREV_DAYS_FIRST_DRAWING_MAX,0.0084007947109944,low,authenticated_saved_feature_psi,False
fbv1-002-homecredit-catboost-full-features-s42,homecredit,catboost,full_features,PREV_DAYS_FIRST_DRAWING_MEAN,0.0083712185023955,low,authenticated_saved_feature_psi,False
fbv1-002-homecredit-catboost-full-features-s42,homecredit,catboost,full_features,PREV_DAYS_FIRST_DRAWING_MIN,0.008304253945844,low,authenticated_saved_feature_psi,False
fbv1-002-homecredit-catboost-full-features-s42,homecredit,catboost,full_features,BURO_AMT_CREDIT_SUM_DEBT_MEAN,0.0082909020674199,low,authenticated_saved_feature_psi,False
fbv1-002-homecredit-catboost-full-features-s42,homecredit,catboost,full_features,CC_PAYMENT_DIV_MIN_MEAN,0.0080733967215193,low,authenticated_saved_feature_psi,False
fbv1-002-homecredit-catboost-full-features-s42,homecredit,catboost,full_features,BURO_BB_MONTHS_BALANCE_VAR_SUM,0.0080302390310312,low,authenticated_saved_feature_psi,False
fbv1-002-homecredit-catboost-full-features-s42,homecredit,catboost,full_features,BURO_AMT_CREDIT_SUM_MIN,0.0079920179235141,low,authenticated_saved_feature_psi,False
fbv1-002-homecredit-catboost-full-features-s42,homecredit,catboost,full_features,CC_CNT_DRAWINGS_POS_CURRENT_VAR,0.0078156442330335,low,authenticated_saved_feature_psi,False
fbv1-002-homecredit-catboost-full-features-s42,homecredit,catboost,full_features,BURO_BB_MONTHS_BALANCE_SUM_SUM,0.0078062158090329,low,authenticated_saved_feature_psi,False
fbv1-002-homecredit-catboost-full-features-s42,homecredit,catboost,full_features,CC_AMT_DRAWINGS_POS_CURRENT_MAX,0.0077693939329425,low,authenticated_saved_feature_psi,False
fbv1-002-homecredit-catboost-full-features-s42,homecredit,catboost,full_features,BURO_DEBT_CREDIT_DIFF_MIN,0.0077218216755122,low,authenticated_saved_feature_psi,False
fbv1-002-homecredit-catboost-full-features-s42,homecredit,catboost,full_features,CC_CNT_DRAWINGS_ATM_CURRENT_VAR,0.0075424793294599,low,authenticated_saved_feature_psi,False
fbv1-002-homecredit-catboost-full-features-s42,homecredit,catboost,full_features,PREV_AMT_DOWN_PAYMENT_MAX,0.0075138062143947,low,authenticated_saved_feature_psi,False
fbv1-002-homecredit-catboost-full-features-s42,homecredit,catboost,full_features,INSTAL_PAYMENT_RATIO_MAX,0.0074677812875934,low,authenticated_saved_feature_psi,False
fbv1-002-homecredit-catboost-full-features-s42,homecredit,catboost,full_features,CC_AMT_DRAWINGS_ATM_CURRENT_VAR,0.0074415752519872,low,authenticated_saved_feature_psi,False
fbv1-002-homecredit-catboost-full-features-s42,homecredit,catboost,full_features,BURO_AMT_CREDIT_MAX_OVERDUE_VAR,0.0073879539667206,low,authenticated_saved_feature_psi,False
fbv1-002-homecredit-catboost-full-features-s42,homecredit,catboost,full_features,BURO_CREDIT_DURATION_MIN,0.0073470985317439,low,authenticated_saved_feature_psi,False
fbv1-002-homecredit-catboost-full-features-s42,homecredit,catboost,full_features,BURO_AMT_CREDIT_SUM_DEBT_VAR,0.0072719366447107,low,authenticated_saved_feature_psi,False
fbv1-002-homecredit-catboost-full-features-s42,homecredit,catboost,full_features,INSTAL_PAYMENT_DIFF_SUM,0.0071454090885004,low,authenticated_saved_feature_psi,False
fbv1-002-homecredit-catboost-full-features-s42,homecredit,catboost,full_features,BURO_AMT_CREDIT_SUM_VAR,0.00696982810702,low,authenticated_saved_feature_psi,False
fbv1-002-homecredit-catboost-full-features-s42,homecredit,catboost,full_features,BURO_BB_MONTHS_BALANCE_MIN_SUM,0.0067348731809357,low,authenticated_saved_feature_psi,False
fbv1-002-homecredit-catboost-full-features-s42,homecredit,catboost,full_features,CC_PAYMENT_DIV_MIN_MAX,0.0067212194518743,low,authenticated_saved_feature_psi,False
fbv1-002-homecredit-catboost-full-features-s42,homecredit,catboost,full_features,CC_CNT_DRAWINGS_ATM_CURRENT_MIN,0.0066945887448202,low,authenticated_saved_feature_psi,False
fbv1-002-homecredit-catboost-full-features-s42,homecredit,catboost,full_features,PREV_AMT_ANNUITY_MEAN,0.0065192715992804,low,authenticated_saved_feature_psi,False
fbv1-002-homecredit-catboost-full-features-s42,homecredit,catboost,full_features,BURO_DAYS_CREDIT_UPDATE_SUM,0.0064655367759714,low,authenticated_saved_feature_psi,False
fbv1-002-homecredit-catboost-full-features-s42,homecredit,catboost,full_features,BURO_BB_MONTHS_BALANCE_MEAN_SUM,0.006386169646379,low,authenticated_saved_feature_psi,False
fbv1-002-homecredit-catboost-full-features-s42,homecredit,catboost,full_features,AMT_ANNUITY,0.0061668376515196,low,authenticated_saved_feature_psi,False
fbv1-002-homecredit-catboost-full-features-s42,homecredit,catboost,full_features,BURO_DEBT_CREDIT_DIFF_MEAN,0.0061123564502056,low,authenticated_saved_feature_psi,False
fbv1-002-homecredit-catboost-full-features-s42,homecredit,catboost,full_features,CC_AMT_PAYMENT_CURRENT_VAR,0.0060610188758221,low,authenticated_saved_feature_psi,False
fbv1-002-homecredit-catboost-full-features-s42,homecredit,catboost,full_features,DAYS_BIRTH,0.0058051531867432,low,authenticated_saved_feature_psi,False
fbv1-002-homecredit-catboost-full-features-s42,homecredit,catboost,full_features,BURO_DEBT_CREDIT_DIFF_VAR,0.0057568806710612,low,authenticated_saved_feature_psi,False
fbv1-002-homecredit-catboost-full-features-s42,homecredit,catboost,full_features,INSTAL_PAYMENT_DIFF_MIN,0.0056861004693058,low,authenticated_saved_feature_psi,False
fbv1-002-homecredit-catboost-full-features-s42,homecredit,catboost,full_features,CC_AMT_PAYMENT_CURRENT_MIN,0.0055935919176392,low,authenticated_saved_feature_psi,False
fbv1-002-homecredit-catboost-full-features-s42,homecredit,catboost,full_features,CC_AMT_DRAWINGS_POS_CURRENT_VAR,0.0055320873741524,low,authenticated_saved_feature_psi,False
fbv1-002-homecredit-catboost-full-features-s42,homecredit,catboost,full_features,BURO_DAYS_CREDIT_ENDDATE_SUM,0.0053727892790047,low,authenticated_saved_feature_psi,False
fbv1-002-homecredit-catboost-full-features-s42,homecredit,catboost,full_features,CC_PAYMENT_DIV_MIN_VAR,0.0053274033187256,low,authenticated_saved_feature_psi,False
fbv1-002-homecredit-catboost-full-features-s42,homecredit,catboost,full_features,BURO_DAYS_ENDDATE_FACT_SUM,0.0053138412735834,low,authenticated_saved_feature_psi,False
fbv1-002-homecredit-catboost-full-features-s42,homecredit,catboost,full_features,BURO_CREDIT_DURATION_MEAN,0.0052632699261027,low,authenticated_saved_feature_psi,False
fbv1-002-homecredit-catboost-full-features-s42,homecredit,catboost,full_features,BURO_BB_MONTHS_BALANCE_VAR_MEAN,0.0049920039989371,low,authenticated_saved_feature_psi,False
fbv1-002-homecredit-catboost-full-features-s42,homecredit,catboost,full_features,BURO_BB_MONTHS_BALANCE_MAX_MIN,0.0049448757602951,low,authenticated_saved_feature_psi,False
fbv1-002-homecredit-catboost-full-features-s42,homecredit,catboost,full_features,AMT_INCOME_TOTAL,0.0048013628770664,low,authenticated_saved_feature_psi,False
fbv1-002-homecredit-catboost-full-features-s42,homecredit,catboost,full_features,AMT_GOODS_PRICE,0.0047675755087858,low,authenticated_saved_feature_psi,False
fbv1-002-homecredit-catboost-full-features-s42,homecredit,catboost,full_features,BURO_CREDIT_DURATION_VAR,0.004755644250423,low,authenticated_saved_feature_psi,False
fbv1-002-homecredit-catboost-full-features-s42,homecredit,catboost,full_features,BURO_BB_MONTHS_BALANCE_SUM_MEAN,0.0047331201276637,low,authenticated_saved_feature_psi,False
fbv1-002-homecredit-catboost-full-features-s42,homecredit,catboost,full_features,BURO_AMT_CREDIT_SUM_DEBT_MAX,0.0045985479673176,low,authenticated_saved_feature_psi,False
fbv1-002-homecredit-catboost-full-features-s42,homecredit,catboost,full_features,BURO_AMT_CREDIT_SUM_MAX,0.0045555897604201,low,authenticated_saved_feature_psi,False
fbv1-002-homecredit-catboost-full-features-s42,homecredit,catboost,full_features,BURO_DAYS_CREDIT_SUM,0.0044827144652902,low,authenticated_saved_feature_psi,False
fbv1-002-homecredit-catboost-full-features-s42,homecredit,catboost,full_features,BURO_DAYS_CREDIT_ENDDATE_VAR,0.0043193956966781,low,authenticated_saved_feature_psi,False
fbv1-002-homecredit-catboost-full-features-s42,homecredit,catboost,full_features,INSTAL_DAYS_DIFF_MIN,0.0042643887070362,low,authenticated_saved_feature_psi,False
fbv1-002-homecredit-catboost-full-features-s42,homecredit,catboost,full_features,BURO_BB_MONTHS_BALANCE_MAX_MEAN,0.0041938722398786,low,authenticated_saved_feature_psi,False
fbv1-002-homecredit-catboost-full-features-s42,homecredit,catboost,full_features,INSTAL_DAYS_DIFF_MEAN,0.004162472410747,low,authenticated_saved_feature_psi,False
fbv1-002-homecredit-catboost-full-features-s42,homecredit,catboost,full_features,BURO_BB_MONTHS_BALANCE_SUM_MAX,0.0041596257634389,low,authenticated_saved_feature_psi,False
fbv1-002-homecredit-catboost-full-features-s42,homecredit,catboost,full_features,BURO_AMT_ANNUITY_MEAN,0.0041457530665959,low,authenticated_saved_feature_psi,False
fbv1-002-homecredit-catboost-full-features-s42,homecredit,catboost,full_features,BURO_DAYS_CREDIT_UPDATE_MIN,0.0039347080258073,low,authenticated_saved_feature_psi,False
fbv1-002-homecredit-catboost-full-features-s42,homecredit,catboost,full_features,DAYS_EMPLOYED,0.0039292888885869,low,authenticated_saved_feature_psi,False
fbv1-002-homecredit-catboost-full-features-s42,homecredit,catboost,full_features,BURO_BB_MONTHS_BALANCE_MAX_MAX,0.0038986162044769,low,authenticated_saved_feature_psi,False
fbv1-002-homecredit-catboost-full-features-s42,homecredit,catboost,full_features,INSTAL_PAYMENT_DIFF_VAR,0.0038846949231408,low,authenticated_saved_feature_psi,False
fbv1-002-homecredit-catboost-full-features-s42,homecredit,catboost,full_features,BURO_DAYS_CREDIT_ENDDATE_MAX,0.0038829799795105,low,authenticated_saved_feature_psi,False
fbv1-002-homecredit-catboost-full-features-s42,homecredit,catboost,full_features,BURO_BB_MONTHS_BALANCE_SUM_MIN,0.0038574045555193,low,authenticated_saved_feature_psi,False
fbv1-002-homecredit-catboost-full-features-s42,homecredit,catboost,full_features,CC_CNT_INSTALMENT_MATURE_CUM_MIN,0.0038129043057867,low,authenticated_saved_feature_psi,False
fbv1-002-homecredit-catboost-full-features-s42,homecredit,catboost,full_features,INSTAL_IS_LATE_MEAN,0.0037967812601098,low,authenticated_saved_feature_psi,False
fbv1-002-homecredit-catboost-full-features-s42,homecredit,catboost,full_features,BURO_AMT_CREDIT_SUM_DEBT_SUM,0.0036864963790013,low,authenticated_saved_feature_psi,False
fbv1-002-homecredit-catboost-full-features-s42,homecredit,catboost,full_features,BURO_BB_MONTHS_BALANCE_MEAN_MAX,0.003672875572756,low,authenticated_saved_feature_psi,False
fbv1-002-homecredit-catboost-full-features-s42,homecredit,catboost,full_features,BURO_CREDIT_DURATION_MAX,0.0036613682995129,low,authenticated_saved_feature_psi,False
fbv1-002-homecredit-catboost-full-features-s42,homecredit,catboost,full_features,BURO_BB_MONTHS_BALANCE_MIN_MEAN,0.0035972029368873,low,authenticated_saved_feature_psi,False
fbv1-002-homecredit-catboost-full-features-s42,homecredit,catboost,full_features,BURO_DAYS_CREDIT_UPDATE_VAR,0.0035711723562618,low,authenticated_saved_feature_psi,False
fbv1-002-homecredit-catboost-full-features-s42,homecredit,catboost,full_features,AMT_CREDIT,0.0035368145621176,low,authenticated_saved_feature_psi,False
fbv1-002-homecredit-catboost-full-features-s42,homecredit,catboost,full_features,BURO_DAYS_CREDIT_ENDDATE_MIN,0.0035358409039616,low,authenticated_saved_feature_psi,False
fbv1-002-homecredit-catboost-full-features-s42,homecredit,catboost,full_features,BURO_DEBT_CREDIT_DIFF_MAX,0.0034853530656063,low,authenticated_saved_feature_psi,False
fbv1-002-homecredit-catboost-full-features-s42,homecredit,catboost,full_features,INSTAL_IS_UNDERPAID_MEAN,0.0032876441593319,low,authenticated_saved_feature_psi,False
fbv1-002-homecredit-catboost-full-features-s42,homecredit,catboost,full_features,BURO_BB_MONTHS_BALANCE_MEAN_MEAN,0.0032811125030259,low,authenticated_saved_feature_psi,False
fbv1-002-homecredit-catboost-full-features-s42,homecredit,catboost,full_features,BURO_DAYS_CREDIT_VAR,0.0032529081056908,low,authenticated_saved_feature_psi,False
fbv1-002-homecredit-catboost-full-features-s42,homecredit,catboost,full_features,BURO_AMT_CREDIT_MAX_OVERDUE_MAX,0.0032401461799058,low,authenticated_saved_feature_psi,False
fbv1-002-homecredit-catboost-full-features-s42,homecredit,catboost,full_features,BURO_AMT_ANNUITY_SUM,0.0032275758659977,low,authenticated_saved_feature_psi,False
fbv1-002-homecredit-catboost-full-features-s42,homecredit,catboost,full_features,BURO_BB_MONTHS_BALANCE_MAX_SUM,0.0032120989346624,low,authenticated_saved_feature_psi,False
fbv1-002-homecredit-catboost-full-features-s42,homecredit,catboost,full_features,POS_CNT_INSTALMENT_FUTURE_MIN,0.0031446164082527,low,authenticated_saved_feature_psi,False
fbv1-002-homecredit-catboost-full-features-s42,homecredit,catboost,full_features,BURO_DAYS_CREDIT_MEAN,0.003142309958593,low,authenticated_saved_feature_psi,False
fbv1-002-homecredit-catboost-full-features-s42,homecredit,catboost,full_features,BURO_DAYS_ENDDATE_FACT_VAR,0.003132409413828,low,authenticated_saved_feature_psi,False
fbv1-002-homecredit-catboost-full-features-s42,homecredit,catboost,full_features,BURO_AMT_CREDIT_MAX_OVERDUE_MEAN,0.0030797842745568,low,authenticated_saved_feature_psi,False
fbv1-002-homecredit-catboost-full-features-s42,homecredit,catboost,full_features,BURO_DAYS_CREDIT_MIN,0.0030791818890453,low,authenticated_saved_feature_psi,False
fbv1-002-homecredit-catboost-full-features-s42,homecredit,catboost,full_features,BURO_DAYS_ENDDATE_FACT_MIN,0.0030677857183815,low,authenticated_saved_feature_psi,False
fbv1-002-homecredit-catboost-full-features-s42,homecredit,catboost,full_features,BURO_AMT_ANNUITY_MAX,0.0030383702263109,low,authenticated_saved_feature_psi,False
fbv1-002-homecredit-catboost-full-features-s42,homecredit,catboost,full_features,BURO_BB_MONTHS_BALANCE_MEAN_MIN,0.0029323853763404,low,authenticated_saved_feature_psi,False
fbv1-002-homecredit-catboost-full-features-s42,homecredit,catboost,full_features,BURO_DEBT_CREDIT_DIFF_SUM,0.0028768408379473,low,authenticated_saved_feature_psi,False
fbv1-002-homecredit-catboost-full-features-s42,homecredit,catboost,full_features,BURO_AMT_CREDIT_SUM_DEBT_MIN,0.0028699952755609,low,authenticated_saved_feature_psi,False
fbv1-002-homecredit-catboost-full-features-s42,homecredit,catboost,full_features,BURO_AMT_ANNUITY_MIN,0.0028262886122321,low,authenticated_saved_feature_psi,False
fbv1-002-homecredit-catboost-full-features-s42,homecredit,catboost,full_features,BURO_DAYS_CREDIT_ENDDATE_MEAN,0.0028189839882717,low,authenticated_saved_feature_psi,False
fbv1-002-homecredit-catboost-full-features-s42,homecredit,catboost,full_features,BURO_BB_MONTHS_BALANCE_MIN_MIN,0.0027973191433923,low,authenticated_saved_feature_psi,False
fbv1-002-homecredit-catboost-full-features-s42,homecredit,catboost,full_features,BURO_DAYS_ENDDATE_FACT_MEAN,0.0027253972144929,low,authenticated_saved_feature_psi,False
fbv1-002-homecredit-catboost-full-features-s42,homecredit,catboost,full_features,BURO_AMT_CREDIT_SUM_LIMIT_VAR,0.0027240417877931,low,authenticated_saved_feature_psi,False
fbv1-002-homecredit-catboost-full-features-s42,homecredit,catboost,full_features,BURO_DAYS_CREDIT_UPDATE_MEAN,0.002720471907992,low,authenticated_saved_feature_psi,False
fbv1-002-homecredit-catboost-full-features-s42,homecredit,catboost,full_features,INSTAL_NUM_INSTALMENT_VERSION_MEAN,0.0026903336135231,low,authenticated_saved_feature_psi,False
fbv1-002-homecredit-catboost-full-features-s42,homecredit,catboost,full_features,BURO_AMT_CREDIT_SUM_LIMIT_MIN,0.0026754315940814,low,authenticated_saved_feature_psi,False
fbv1-002-homecredit-catboost-full-features-s42,homecredit,catboost,full_features,BURO_CREDIT_DURATION_SUM,0.0025172568516462,low,authenticated_saved_feature_psi,False
fbv1-002-homecredit-catboost-full-features-s42,homecredit,catboost,full_features,BURO_DEBT_RATIO_SUM,0.002503431590032,low,authenticated_saved_feature_psi,False
fbv1-002-homecredit-catboost-full-features-s42,homecredit,catboost,full_features,INSTAL_PAYMENT_DIFF_MAX,0.0024930222428665,low,authenticated_saved_feature_psi,False
fbv1-002-homecredit-catboost-full-features-s42,homecredit,catboost,full_features,BURO_DEBT_RATIO_MEAN,0.0024467405713515,low,authenticated_saved_feature_psi,False
fbv1-002-homecredit-catboost-full-features-s42,homecredit,catboost,full_features,BURO_DEBT_RATIO_MAX,0.002445262426434,low,authenticated_saved_feature_psi,False
fbv1-002-homecredit-catboost-full-features-s42,homecredit,catboost,full_features,BURO_AMT_CREDIT_MAX_OVERDUE_SUM,0.0023354291997808,low,authenticated_saved_feature_psi,False
fbv1-002-homecredit-catboost-full-features-s42,homecredit,catboost,full_features,BURO_BB_MONTHS_BALANCE_VAR_MAX,0.002320980792812,low,authenticated_saved_feature_psi,False
fbv1-002-homecredit-catboost-full-features-s42,homecredit,catboost,full_features,BURO_BB_MONTHS_BALANCE_VAR_VAR,0.0021882972170468,low,authenticated_saved_feature_psi,False
fbv1-002-homecredit-catboost-full-features-s42,homecredit,catboost,full_features,PREV_DAYS_FIRST_DRAWING_SUM,0.0021470304025928,low,authenticated_saved_feature_psi,False
fbv1-002-homecredit-catboost-full-features-s42,homecredit,catboost,full_features,BURO_AMT_CREDIT_SUM_LIMIT_SUM,0.0020269581501374,low,authenticated_saved_feature_psi,False
fbv1-002-homecredit-catboost-full-features-s42,homecredit,catboost,full_features,BURO_DEBT_RATIO_MIN,0.0020144137295928,low,authenticated_saved_feature_psi,False
fbv1-002-homecredit-catboost-full-features-s42,homecredit,catboost,full_features,BURO_BB_MONTHS_BALANCE_MAX_VAR,0.0019376975808048,low,authenticated_saved_feature_psi,False
fbv1-002-homecredit-catboost-full-features-s42,homecredit,catboost,full_features,BURO_AMT_CREDIT_SUM_SUM,0.0018932247274941,low,authenticated_saved_feature_psi,False
fbv1-002-homecredit-catboost-full-features-s42,homecredit,catboost,full_features,EXT_SOURCE_2,0.0017907560370425,low,authenticated_saved_feature_psi,False
fbv1-002-homecredit-catboost-full-features-s42,homecredit,catboost,full_features,REGION_POPULATION_RELATIVE,0.0017846915519307,low,authenticated_saved_feature_psi,False
fbv1-002-homecredit-catboost-full-features-s42,homecredit,catboost,full_features,BURO_BB_MONTHS_BALANCE_MIN_VAR,0.0017173088038542,low,authenticated_saved_feature_psi,False
fbv1-002-homecredit-catboost-full-features-s42,homecredit,catboost,full_features,CC_AMT_PAYMENT_TOTAL_CURRENT_MIN,0.0016869880117207,low,authenticated_saved_feature_psi,False
fbv1-002-homecredit-catboost-full-features-s42,homecredit,catboost,full_features,OWN_CAR_AGE,0.0016516972017936,low,authenticated_saved_feature_psi,False
fbv1-002-homecredit-catboost-full-features-s42,homecredit,catboost,full_features,BURO_AMT_ANNUITY_VAR,0.0016355282004006,low,authenticated_saved_feature_psi,False
fbv1-002-homecredit-catboost-full-features-s42,homecredit,catboost,full_features,CC_AMT_DRAWINGS_ATM_CURRENT_SUM,0.0014588240623636,low,authenticated_saved_feature_psi,False
fbv1-002-homecredit-catboost-full-features-s42,homecredit,catboost,full_features,BURO_BB_MONTHS_BALANCE_MEAN_VAR,0.0014443065068382,low,authenticated_saved_feature_psi,False
fbv1-002-homecredit-catboost-full-features-s42,homecredit,catboost,full_features,CC_DRAWING_RATIO_MAX,0.0014109254222857,low,authenticated_saved_feature_psi,False
fbv1-002-homecredit-catboost-full-features-s42,homecredit,catboost,full_features,CC_CNT_DRAWINGS_ATM_CURRENT_SUM,0.0013556541661191,low,authenticated_saved_feature_psi,False
fbv1-002-homecredit-catboost-full-features-s42,homecredit,catboost,full_features,CC_DRAWING_RATIO_SUM,0.0013482360584888,low,authenticated_saved_feature_psi,False
fbv1-002-homecredit-catboost-full-features-s42,homecredit,catboost,full_features,POS_TOTAL_INSTALMENT_PROG_MIN,0.0013388601137927,low,authenticated_saved_feature_psi,False
fbv1-002-homecredit-catboost-full-features-s42,homecredit,catboost,full_features,CC_DRAWING_RATIO_MEAN,0.0013325113623032,low,authenticated_saved_feature_psi,False
fbv1-002-homecredit-catboost-full-features-s42,homecredit,catboost,full_features,INSTAL_IS_LATE_SUM,0.001329933176416,low,authenticated_saved_feature_psi,False
fbv1-002-homecredit-catboost-full-features-s42,homecredit,catboost,full_features,CC_DRAWING_RATIO_VAR,0.0012370806198728,low,authenticated_saved_feature_psi,False
fbv1-002-homecredit-catboost-full-features-s42,homecredit,catboost,full_features,POS_SK_DPD_SUM,0.0011900120948934,low,authenticated_saved_feature_psi,False
fbv1-002-homecredit-catboost-full-features-s42,homecredit,catboost,full_features,BURO_BB_MONTHS_BALANCE_SUM_VAR,0.0011447760950697,low,authenticated_saved_feature_psi,False
fbv1-002-homecredit-catboost-full-features-s42,homecredit,catboost,full_features,CC_SK_DPD_DEF_MAX,0.0011382138074332,low,authenticated_saved_feature_psi,False
fbv1-002-homecredit-catboost-full-features-s42,homecredit,catboost,full_features,POS_SK_DPD_MAX,0.0011134228799238,low,authenticated_saved_feature_psi,False
fbv1-002-homecredit-catboost-full-features-s42,homecredit,catboost,full_features,POS_SK_DPD_VAR,0.0010843018387787,low,authenticated_saved_feature_psi,False
fbv1-002-homecredit-catboost-full-features-s42,homecredit,catboost,full_features,INSTAL_PAYMENT_RATIO_MIN,0.0010392394867373,low,authenticated_saved_feature_psi,False
fbv1-002-homecredit-catboost-full-features-s42,homecredit,catboost,full_features,BURO_AMT_CREDIT_SUM_LIMIT_MEAN,0.0010063866601088,low,authenticated_saved_feature_psi,False
fbv1-002-homecredit-catboost-full-features-s42,homecredit,catboost,full_features,BURO_AMT_CREDIT_SUM_LIMIT_MAX,0.0009913919066115,low,authenticated_saved_feature_psi,False
fbv1-002-homecredit-catboost-full-features-s42,homecredit,catboost,full_features,DAYS_ID_PUBLISH,0.0009913686441323,low,authenticated_saved_feature_psi,False
fbv1-002-homecredit-catboost-full-features-s42,homecredit,catboost,full_features,INSTAL_IS_UNDERPAID_SUM,0.0008660555602863,low,authenticated_saved_feature_psi,False
fbv1-002-homecredit-catboost-full-features-s42,homecredit,catboost,full_features,INSTAL_AMT_INSTALMENT_MEAN,0.0008367351218775,low,authenticated_saved_feature_psi,False
fbv1-002-homecredit-catboost-full-features-s42,homecredit,catboost,full_features,DAYS_REGISTRATION,0.0008141816578874,low,authenticated_saved_feature_psi,False
fbv1-002-homecredit-catboost-full-features-s42,homecredit,catboost,full_features,PREV_RATE_INTEREST_PRIVILEGED_VAR,0.0007990931916174,low,authenticated_saved_feature_psi,False
fbv1-002-homecredit-catboost-full-features-s42,homecredit,catboost,full_features,INSTAL_AMT_PAYMENT_MEAN,0.0007984235908912,low,authenticated_saved_feature_psi,False
fbv1-002-homecredit-catboost-full-features-s42,homecredit,catboost,full_features,CC_CNT_DRAWINGS_OTHER_CURRENT_SUM,0.0007510395778077,low,authenticated_saved_feature_psi,False
fbv1-002-homecredit-catboost-full-features-s42,homecredit,catboost,full_features,CC_CNT_DRAWINGS_OTHER_CURRENT_MEAN,0.0007510395778077,low,authenticated_saved_feature_psi,False
fbv1-002-homecredit-catboost-full-features-s42,homecredit,catboost,full_features,CC_CNT_DRAWINGS_OTHER_CURRENT_MAX,0.0007510395778077,low,authenticated_saved_feature_psi,False
fbv1-002-homecredit-catboost-full-features-s42,homecredit,catboost,full_features,CC_AMT_DRAWINGS_OTHER_CURRENT_SUM,0.0007436783038038,low,authenticated_saved_feature_psi,False
fbv1-002-homecredit-catboost-full-features-s42,homecredit,catboost,full_features,CC_AMT_DRAWINGS_OTHER_CURRENT_MAX,0.0006193183498367,low,authenticated_saved_feature_psi,False
fbv1-002-homecredit-catboost-full-features-s42,homecredit,catboost,full_features,CC_CNT_DRAWINGS_OTHER_CURRENT_VAR,0.000588242598215,low,authenticated_saved_feature_psi,False
fbv1-002-homecredit-catboost-full-features-s42,homecredit,catboost,full_features,POS_SK_DPD_DEF_SUM,0.000542540801953,low,authenticated_saved_feature_psi,False
fbv1-002-homecredit-catboost-full-features-s42,homecredit,catboost,full_features,EXT_SOURCE_1,0.0005418708919522,low,authenticated_saved_feature_psi,False
fbv1-002-homecredit-catboost-full-features-s42,homecredit,catboost,full_features,CC_AMT_DRAWINGS_OTHER_CURRENT_MEAN,0.0005251399412646,low,authenticated_saved_feature_psi,False
fbv1-002-homecredit-catboost-full-features-s42,homecredit,catboost,full_features,POS_LATE_PAYMENT_SUM,0.0004636007447433,low,authenticated_saved_feature_psi,False
fbv1-002-homecredit-catboost-full-features-s42,homecredit,catboost,full_features,POS_SK_DPD_MEAN,0.0004531019117316,low,authenticated_saved_feature_psi,False
fbv1-002-homecredit-catboost-full-features-s42,homecredit,catboost,full_features,POS_SK_DPD_DEF_VAR,0.0004507846184714,low,authenticated_saved_feature_psi,False
fbv1-002-homecredit-catboost-full-features-s42,homecredit,catboost,full_features,OBS_30_CNT_SOCIAL_CIRCLE,0.0004308417547768,low,authenticated_saved_feature_psi,False
fbv1-002-homecredit-catboost-full-features-s42,homecredit,catboost,full_features,FLOORSMIN_AVG,0.0004230635100227,low,authenticated_saved_feature_psi,False
fbv1-002-homecredit-catboost-full-features-s42,homecredit,catboost,full_features,FLOORSMAX_AVG,0.0004185061538117,low,authenticated_saved_feature_psi,False
fbv1-002-homecredit-catboost-full-features-s42,homecredit,catboost,full_features,CC_AMT_INST_MIN_REGULARITY_MIN,0.0004175572256054,low,authenticated_saved_feature_psi,False
fbv1-002-homecredit-catboost-full-features-s42,homecredit,catboost,full_features,OBS_60_CNT_SOCIAL_CIRCLE,0.0004030922385129,low,authenticated_saved_feature_psi,False
fbv1-002-homecredit-catboost-full-features-s42,homecredit,catboost,full_features,APARTMENTS_AVG,0.0003991491190509,low,authenticated_saved_feature_psi,False
fbv1-002-homecredit-catboost-full-features-s42,homecredit,catboost,full_features,FLOORSMIN_MEDI,0.0003838491922109,low,authenticated_saved_feature_psi,False
fbv1-002-homecredit-catboost-full-features-s42,homecredit,catboost,full_features,APARTMENTS_MEDI,0.0003824098895849,low,authenticated_saved_feature_psi,False
fbv1-002-homecredit-catboost-full-features-s42,homecredit,catboost,full_features,TOTALAREA_MODE,0.0003721916543164,low,authenticated_saved_feature_psi,False
fbv1-002-homecredit-catboost-full-features-s42,homecredit,catboost,full_features,FLOORSMAX_MEDI,0.000371643294995,low,authenticated_saved_feature_psi,False
fbv1-002-homecredit-catboost-full-features-s42,homecredit,catboost,full_features,FLOORSMIN_MODE,0.0003676612790393,low,authenticated_saved_feature_psi,False
fbv1-002-homecredit-catboost-full-features-s42,homecredit,catboost,full_features,FLOORSMAX_MODE,0.0003542607304895,low,authenticated_saved_feature_psi,False
fbv1-002-homecredit-catboost-full-features-s42,homecredit,catboost,full_features,HOUR_APPR_PROCESS_START,0.0003114803392052,low,authenticated_saved_feature_psi,False
fbv1-002-homecredit-catboost-full-features-s42,homecredit,catboost,full_features,YEARS_BEGINEXPLUATATION_MEDI,0.0002914006583802,low,authenticated_saved_feature_psi,False
fbv1-002-homecredit-catboost-full-features-s42,homecredit,catboost,full_features,YEARS_BEGINEXPLUATATION_MODE,0.0002902244864785,low,authenticated_saved_feature_psi,False
fbv1-002-homecredit-catboost-full-features-s42,homecredit,catboost,full_features,ELEVATORS_MODE,0.0002867605241721,low,authenticated_saved_feature_psi,False
fbv1-002-homecredit-catboost-full-features-s42,homecredit,catboost,full_features,LIVINGAREA_MEDI,0.0002833014499903,low,authenticated_saved_feature_psi,False
fbv1-002-homecredit-catboost-full-features-s42,homecredit,catboost,full_features,LIVINGAREA_AVG,0.0002749724355726,low,authenticated_saved_feature_psi,False
fbv1-002-homecredit-catboost-full-features-s42,homecredit,catboost,full_features,YEARS_BEGINEXPLUATATION_AVG,0.0002598883444546,low,authenticated_saved_feature_psi,False
fbv1-002-homecredit-catboost-full-features-s42,homecredit,catboost,full_features,APARTMENTS_MODE,0.0002487536673098,low,authenticated_saved_feature_psi,False
fbv1-002-homecredit-catboost-full-features-s42,homecredit,catboost,full_features,ENTRANCES_AVG,0.0002298292832143,low,authenticated_saved_feature_psi,False
fbv1-002-homecredit-catboost-full-features-s42,homecredit,catboost,full_features,BASEMENTAREA_AVG,0.0002089211338356,low,authenticated_saved_feature_psi,False
fbv1-002-homecredit-catboost-full-features-s42,homecredit,catboost,full_features,BURO_DEBT_RATIO_VAR,0.0002011570637143,low,authenticated_saved_feature_psi,False
fbv1-002-homecredit-catboost-full-features-s42,homecredit,catboost,full_features,BASEMENTAREA_MODE,0.0002008142235568,low,authenticated_saved_feature_psi,False
fbv1-002-homecredit-catboost-full-features-s42,homecredit,catboost,full_features,ENTRANCES_MEDI,0.0001944564667273,low,authenticated_saved_feature_psi,False
fbv1-002-homecredit-catboost-full-features-s42,homecredit,catboost,full_features,AMT_REQ_CREDIT_BUREAU_HOUR,0.0001905941901003,low,authenticated_saved_feature_psi,False
fbv1-002-homecredit-catboost-full-features-s42,homecredit,catboost,full_features,BASEMENTAREA_MEDI,0.0001897757370926,low,authenticated_saved_feature_psi,False
fbv1-002-homecredit-catboost-full-features-s42,homecredit,catboost,full_features,COMMONAREA_MEDI,0.0001878239136157,low,authenticated_saved_feature_psi,False
fbv1-002-homecredit-catboost-full-features-s42,homecredit,catboost,full_features,COMMONAREA_AVG,0.0001837612802809,low,authenticated_saved_feature_psi,False
fbv1-002-homecredit-catboost-full-features-s42,homecredit,catboost,full_features,LIVINGAREA_MODE,0.0001632421248548,low,authenticated_saved_feature_psi,False
fbv1-002-homecredit-catboost-full-features-s42,homecredit,catboost,full_features,POS_SK_DPD_DEF_MEAN,0.0001578525383809,low,authenticated_saved_feature_psi,False
fbv1-002-homecredit-catboost-full-features-s42,homecredit,catboost,full_features,CC_LIMIT_USE_MAX,0.0001565874374448,low,authenticated_saved_feature_psi,False
fbv1-002-homecredit-catboost-full-features-s42,homecredit,catboost,full_features,CC_AMT_DRAWINGS_OTHER_CURRENT_VAR,0.0001547492625713,low,authenticated_saved_feature_psi,False
fbv1-002-homecredit-catboost-full-features-s42,homecredit,catboost,full_features,LIVINGAPARTMENTS_AVG,0.0001520963436578,low,authenticated_saved_feature_psi,False
fbv1-002-homecredit-catboost-full-features-s42,homecredit,catboost,full_features,CNT_FAM_MEMBERS,0.0001519851228183,low,authenticated_saved_feature_psi,False
fbv1-002-homecredit-catboost-full-features-s42,homecredit,catboost,full_features,POS_SK_DPD_DEF_MAX,0.000149789814123,low,authenticated_saved_feature_psi,False
fbv1-002-homecredit-catboost-full-features-s42,homecredit,catboost,full_features,ENTRANCES_MODE,0.0001497357318896,low,authenticated_saved_feature_psi,False
fbv1-002-homecredit-catboost-full-features-s42,homecredit,catboost,full_features,CC_SK_DPD_VAR,0.0001451377545818,low,authenticated_saved_feature_psi,False
fbv1-002-homecredit-catboost-full-features-s42,homecredit,catboost,full_features,COMMONAREA_MODE,0.0001351966550309,low,authenticated_saved_feature_psi,False
fbv1-002-homecredit-catboost-full-features-s42,homecredit,catboost,full_features,CC_SK_DPD_MEAN,0.0001343857678038,low,authenticated_saved_feature_psi,False
fbv1-002-homecredit-catboost-full-features-s42,homecredit,catboost,full_features,LIVINGAPARTMENTS_MEDI,0.0001216154748341,low,authenticated_saved_feature_psi,False
fbv1-002-homecredit-catboost-full-features-s42,homecredit,catboost,full_features,CC_SK_DPD_SUM,0.0001209208378934,low,authenticated_saved_feature_psi,False
fbv1-002-homecredit-catboost-full-features-s42,homecredit,catboost,full_features,LIVINGAPARTMENTS_MODE,0.0001141127619927,low,authenticated_saved_feature_psi,False
fbv1-002-homecredit-catboost-full-features-s42,homecredit,catboost,full_features,ELEVATORS_MEDI,0.0001120838069405,low,authenticated_saved_feature_psi,False
fbv1-002-homecredit-catboost-full-features-s42,homecredit,catboost,full_features,ELEVATORS_AVG,0.0001111360704152,low,authenticated_saved_feature_psi,False
fbv1-002-homecredit-catboost-full-features-s42,homecredit,catboost,full_features,BURO_AMT_CREDIT_SUM_OVERDUE_MEAN,0.0001061242732188,low,authenticated_saved_feature_psi,False
fbv1-002-homecredit-catboost-full-features-s42,homecredit,catboost,full_features,LANDAREA_MEDI,0.0001056775871282,low,authenticated_saved_feature_psi,False
fbv1-002-homecredit-catboost-full-features-s42,homecredit,catboost,full_features,INSTAL_NUM_INSTALMENT_VERSION_MIN,9.189725531464314e-05,low,authenticated_saved_feature_psi,False
fbv1-002-homecredit-catboost-full-features-s42,homecredit,catboost,full_features,LANDAREA_MODE,9.125542916701273e-05,low,authenticated_saved_feature_psi,False
fbv1-002-homecredit-catboost-full-features-s42,homecredit,catboost,full_features,LANDAREA_AVG,8.798989750236645e-05,low,authenticated_saved_feature_psi,False
fbv1-002-homecredit-catboost-full-features-s42,homecredit,catboost,full_features,CC_SK_DPD_DEF_MEAN,8.527406911154976e-05,low,authenticated_saved_feature_psi,False
fbv1-002-homecredit-catboost-full-features-s42,homecredit,catboost,full_features,NONLIVINGAPARTMENTS_AVG,7.866895442278966e-05,low,authenticated_saved_feature_psi,False
fbv1-002-homecredit-catboost-full-features-s42,homecredit,catboost,full_features,AMT_REQ_CREDIT_BUREAU_MON,7.762172103536723e-05,low,authenticated_saved_feature_psi,False
fbv1-002-homecredit-catboost-full-features-s42,homecredit,catboost,full_features,NONLIVINGAPARTMENTS_MEDI,6.365258682923524e-05,low,authenticated_saved_feature_psi,False
fbv1-002-homecredit-catboost-full-features-s42,homecredit,catboost,full_features,NONLIVINGAPARTMENTS_MODE,6.340538269738612e-05,low,authenticated_saved_feature_psi,False
fbv1-002-homecredit-catboost-full-features-s42,homecredit,catboost,full_features,NONLIVINGAREA_AVG,6.056358070541906e-05,low,authenticated_saved_feature_psi,False
fbv1-002-homecredit-catboost-full-features-s42,homecredit,catboost,full_features,BURO_AMT_CREDIT_SUM_OVERDUE_MAX,5.515473813029073e-05,low,authenticated_saved_feature_psi,False
fbv1-002-homecredit-catboost-full-features-s42,homecredit,catboost,full_features,NONLIVINGAREA_MEDI,5.384893230805044e-05,low,authenticated_saved_feature_psi,False
fbv1-002-homecredit-catboost-full-features-s42,homecredit,catboost,full_features,YEARS_BUILD_AVG,5.048516611358992e-05,low,authenticated_saved_feature_psi,False
fbv1-002-homecredit-catboost-full-features-s42,homecredit,catboost,full_features,AMT_REQ_CREDIT_BUREAU_WEEK,4.761495765749508e-05,low,authenticated_saved_feature_psi,False
fbv1-002-homecredit-catboost-full-features-s42,homecredit,catboost,full_features,YEARS_BUILD_MEDI,4.6890920572625216e-05,low,authenticated_saved_feature_psi,False
fbv1-002-homecredit-catboost-full-features-s42,homecredit,catboost,full_features,BURO_CREDIT_DAY_OVERDUE_MEAN,4.65317178019033e-05,low,authenticated_saved_feature_psi,False
fbv1-002-homecredit-catboost-full-features-s42,homecredit,catboost,full_features,BURO_CNT_CREDIT_PROLONG_MEAN,4.62488126523818e-05,low,authenticated_saved_feature_psi,False
fbv1-002-homecredit-catboost-full-features-s42,homecredit,catboost,full_features,BURO_CNT_CREDIT_PROLONG_MAX,4.62488126523818e-05,low,authenticated_saved_feature_psi,False
fbv1-002-homecredit-catboost-full-features-s42,homecredit,catboost,full_features,BURO_CNT_CREDIT_PROLONG_SUM,4.62488126523818e-05,low,authenticated_saved_feature_psi,False
fbv1-002-homecredit-catboost-full-features-s42,homecredit,catboost,full_features,BURO_AMT_CREDIT_SUM_OVERDUE_SUM,4.6108414179631e-05,low,authenticated_saved_feature_psi,False
fbv1-002-homecredit-catboost-full-features-s42,homecredit,catboost,full_features,BURO_CNT_CREDIT_PROLONG_VAR,4.210233589003199e-05,low,authenticated_saved_feature_psi,False
fbv1-002-homecredit-catboost-full-features-s42,homecredit,catboost,full_features,CC_SK_DPD_MAX,4.023638847858911e-05,low,authenticated_saved_feature_psi,False
fbv1-002-homecredit-catboost-full-features-s42,homecredit,catboost,full_features,BURO_AMT_CREDIT_SUM_OVERDUE_VAR,3.898618879724437e-05,low,authenticated_saved_feature_psi,False
fbv1-002-homecredit-catboost-full-features-s42,homecredit,catboost,full_features,YEARS_BUILD_MODE,3.782939572998132e-05,low,authenticated_saved_feature_psi,False
fbv1-002-homecredit-catboost-full-features-s42,homecredit,catboost,full_features,CNT_CHILDREN,3.7257202702192494e-05,low,authenticated_saved_feature_psi,False
fbv1-002-homecredit-catboost-full-features-s42,homecredit,catboost,full_features,NONLIVINGAREA_MODE,3.09977983841771e-05,low,authenticated_saved_feature_psi,False
fbv1-002-homecredit-catboost-full-features-s42,homecredit,catboost,full_features,BURO_CREDIT_DAY_OVERDUE_MAX,3.0895932782005846e-05,low,authenticated_saved_feature_psi,False
fbv1-002-homecredit-catboost-full-features-s42,homecredit,catboost,full_features,BURO_CREDIT_DAY_OVERDUE_SUM,3.0005131016468777e-05,low,authenticated_saved_feature_psi,False
fbv1-002-homecredit-catboost-full-features-s42,homecredit,catboost,full_features,BURO_AMT_CREDIT_MAX_OVERDUE_MIN,2.8681266860165048e-05,low,authenticated_saved_feature_psi,False
fbv1-002-homecredit-catboost-full-features-s42,homecredit,catboost,full_features,REGION_RATING_CLIENT_W_CITY,2.095588355133655e-05,low,authenticated_saved_feature_psi,False
fbv1-002-homecredit-catboost-full-features-s42,homecredit,catboost,full_features,CC_LIMIT_USE_VAR,1.6999069666740534e-05,low,authenticated_saved_feature_psi,False
fbv1-002-homecredit-catboost-full-features-s42,homecredit,catboost,full_features,BURO_CREDIT_DAY_OVERDUE_VAR,1.527053485611072e-05,low,authenticated_saved_feature_psi,False
fbv1-002-homecredit-catboost-full-features-s42,homecredit,catboost,full_features,REGION_RATING_CLIENT,9.43218782502696e-06,low,authenticated_saved_feature_psi,False
fbv1-002-homecredit-catboost-full-features-s42,homecredit,catboost,full_features,PREV_DAYS_FIRST_DRAWING_VAR,6.581476079991338e-06,low,authenticated_saved_feature_psi,False
fbv1-002-homecredit-catboost-full-features-s42,homecredit,catboost,full_features,BURO_CNT_CREDIT_PROLONG_MIN,4.94600707348902e-06,low,authenticated_saved_feature_psi,False
fbv1-002-homecredit-catboost-full-features-s42,homecredit,catboost,full_features,DEF_30_CNT_SOCIAL_CIRCLE,4.109553859523336e-06,low,authenticated_saved_feature_psi,False
fbv1-002-homecredit-catboost-full-features-s42,homecredit,catboost,full_features,PREV_RATE_INTEREST_PRIMARY_VAR,3.054486393688976e-06,low,authenticated_saved_feature_psi,False
fbv1-002-homecredit-catboost-full-features-s42,homecredit,catboost,full_features,AMT_REQ_CREDIT_BUREAU_DAY,2.691650405123392e-06,low,authenticated_saved_feature_psi,False
fbv1-002-homecredit-catboost-full-features-s42,homecredit,catboost,full_features,BURO_AMT_CREDIT_SUM_OVERDUE_MIN,2.14898598066187e-06,low,authenticated_saved_feature_psi,False
fbv1-002-homecredit-catboost-full-features-s42,homecredit,catboost,full_features,PREV_PAYMENT_TERM_VAR,1.992419520509732e-06,low,authenticated_saved_feature_psi,False
fbv1-002-homecredit-catboost-full-features-s42,homecredit,catboost,full_features,POS_LATE_PAYMENT_MEAN,1.8890583453949169e-06,low,authenticated_saved_feature_psi,False
fbv1-002-homecredit-catboost-full-features-s42,homecredit,catboost,full_features,BURO_CREDIT_DAY_OVERDUE_MIN,1.1404923913342887e-06,low,authenticated_saved_feature_psi,False
fbv1-002-homecredit-catboost-full-features-s42,homecredit,catboost,full_features,CC_SK_DPD_DEF_SUM,1.3049708500191842e-07,low,authenticated_saved_feature_psi,False
fbv1-002-homecredit-catboost-full-features-s42,homecredit,catboost,full_features,CC_SK_DPD_DEF_VAR,1.8282673676149983e-08,low,authenticated_saved_feature_psi,False
fbv1-002-homecredit-catboost-full-features-s42,homecredit,catboost,full_features,ORGANIZATION_TYPE_Transport: type 3,0.0,low,authenticated_saved_feature_psi,False
fbv1-002-homecredit-catboost-full-features-s42,homecredit,catboost,full_features,ORGANIZATION_TYPE_Transport: type 2,0.0,low,authenticated_saved_feature_psi,False
fbv1-002-homecredit-catboost-full-features-s42,homecredit,catboost,full_features,FLAG_EMAIL,0.0,low,authenticated_saved_feature_psi,False
fbv1-002-homecredit-catboost-full-features-s42,homecredit,catboost,full_features,FLAG_PHONE,0.0,low,authenticated_saved_feature_psi,False
fbv1-002-homecredit-catboost-full-features-s42,homecredit,catboost,full_features,WALLSMATERIAL_MODE_Monolithic,0.0,low,authenticated_saved_feature_psi,False
fbv1-002-homecredit-catboost-full-features-s42,homecredit,catboost,full_features,WALLSMATERIAL_MODE_Mixed,0.0,low,authenticated_saved_feature_psi,False
fbv1-002-homecredit-catboost-full-features-s42,homecredit,catboost,full_features,"WALLSMATERIAL_MODE_Stone, brick",0.0,low,authenticated_saved_feature_psi,False
fbv1-002-homecredit-catboost-full-features-s42,homecredit,catboost,full_features,ORGANIZATION_TYPE_University,0.0,low,authenticated_saved_feature_psi,False
fbv1-002-homecredit-catboost-full-features-s42,homecredit,catboost,full_features,FONDKAPREMONT_MODE_not specified,0.0,low,authenticated_saved_feature_psi,False
fbv1-002-homecredit-catboost-full-features-s42,homecredit,catboost,full_features,FONDKAPREMONT_MODE_org spec account,0.0,low,authenticated_saved_feature_psi,False
fbv1-002-homecredit-catboost-full-features-s42,homecredit,catboost,full_features,ORGANIZATION_TYPE_XNA,0.0,low,authenticated_saved_feature_psi,False
fbv1-002-homecredit-catboost-full-features-s42,homecredit,catboost,full_features,FONDKAPREMONT_MODE_Missing,0.0,low,authenticated_saved_feature_psi,False
fbv1-002-homecredit-catboost-full-features-s42,homecredit,catboost,full_features,ORGANIZATION_TYPE_Trade: type 3,0.0,low,authenticated_saved_feature_psi,False
fbv1-002-homecredit-catboost-full-features-s42,homecredit,catboost,full_features,ORGANIZATION_TYPE_Trade: type 4,0.0,low,authenticated_saved_feature_psi,False
fbv1-002-homecredit-catboost-full-features-s42,homecredit,catboost,full_features,ORGANIZATION_TYPE_Trade: type 5,0.0,low,authenticated_saved_feature_psi,False
fbv1-002-homecredit-catboost-full-features-s42,homecredit,catboost,full_features,ORGANIZATION_TYPE_Trade: type 6,0.0,low,authenticated_saved_feature_psi,False
fbv1-002-homecredit-catboost-full-features-s42,homecredit,catboost,full_features,FLAG_CONT_MOBILE,0.0,low,authenticated_saved_feature_psi,False
fbv1-002-homecredit-catboost-full-features-s42,homecredit,catboost,full_features,FLAG_WORK_PHONE,0.0,low,authenticated_saved_feature_psi,False
fbv1-002-homecredit-catboost-full-features-s42,homecredit,catboost,full_features,FLAG_EMP_PHONE,0.0,low,authenticated_saved_feature_psi,False
fbv1-002-homecredit-catboost-full-features-s42,homecredit,catboost,full_features,ORGANIZATION_TYPE_Transport: type 4,0.0,low,authenticated_saved_feature_psi,False
fbv1-002-homecredit-catboost-full-features-s42,homecredit,catboost,full_features,FLAG_DOCUMENT_10,0.0,low,authenticated_saved_feature_psi,False
fbv1-002-homecredit-catboost-full-features-s42,homecredit,catboost,full_features,FLAG_DOCUMENT_9,0.0,low,authenticated_saved_feature_psi,False
fbv1-002-homecredit-catboost-full-features-s42,homecredit,catboost,full_features,FLAG_DOCUMENT_8,0.0,low,authenticated_saved_feature_psi,False
fbv1-002-homecredit-catboost-full-features-s42,homecredit,catboost,full_features,FLAG_DOCUMENT_7,0.0,low,authenticated_saved_feature_psi,False
fbv1-002-homecredit-catboost-full-features-s42,homecredit,catboost,full_features,FLAG_DOCUMENT_4,0.0,low,authenticated_saved_feature_psi,False
fbv1-002-homecredit-catboost-full-features-s42,homecredit,catboost,full_features,FLAG_DOCUMENT_3,0.0,low,authenticated_saved_feature_psi,False
fbv1-002-homecredit-catboost-full-features-s42,homecredit,catboost,full_features,FLAG_DOCUMENT_2,0.0,low,authenticated_saved_feature_psi,False
fbv1-002-homecredit-catboost-full-features-s42,homecredit,catboost,full_features,DEF_60_CNT_SOCIAL_CIRCLE,0.0,low,authenticated_saved_feature_psi,False
fbv1-002-homecredit-catboost-full-features-s42,homecredit,catboost,full_features,WALLSMATERIAL_MODE_Panel,0.0,low,authenticated_saved_feature_psi,False
fbv1-002-homecredit-catboost-full-features-s42,homecredit,catboost,full_features,EMERGENCYSTATE_MODE_No,0.0,low,authenticated_saved_feature_psi,False
fbv1-002-homecredit-catboost-full-features-s42,homecredit,catboost,full_features,EMERGENCYSTATE_MODE_Missing,0.0,low,authenticated_saved_feature_psi,False
fbv1-002-homecredit-catboost-full-features-s42,homecredit,catboost,full_features,WALLSMATERIAL_MODE_Wooden,0.0,low,authenticated_saved_feature_psi,False
fbv1-002-homecredit-catboost-full-features-s42,homecredit,catboost,full_features,WALLSMATERIAL_MODE_Others,0.0,low,authenticated_saved_feature_psi,False
fbv1-002-homecredit-catboost-full-features-s42,homecredit,catboost,full_features,FLAG_DOCUMENT_11,0.0,low,authenticated_saved_feature_psi,False
fbv1-002-homecredit-catboost-full-features-s42,homecredit,catboost,full_features,FLAG_DOCUMENT_13,0.0,low,authenticated_saved_feature_psi,False
fbv1-002-homecredit-catboost-full-features-s42,homecredit,catboost,full_features,FLAG_DOCUMENT_12,0.0,low,authenticated_saved_feature_psi,False
fbv1-002-homecredit-catboost-full-features-s42,homecredit,catboost,full_features,FLAG_DOCUMENT_21,0.0,low,authenticated_saved_feature_psi,False
fbv1-002-homecredit-catboost-full-features-s42,homecredit,catboost,full_features,FLAG_DOCUMENT_19,0.0,low,authenticated_saved_feature_psi,False
fbv1-002-homecredit-catboost-full-features-s42,homecredit,catboost,full_features,FLAG_DOCUMENT_20,0.0,low,authenticated_saved_feature_psi,False
fbv1-002-homecredit-catboost-full-features-s42,homecredit,catboost,full_features,INSTAL_PAYMENT_RATIO_VAR,0.0,low,authenticated_saved_feature_psi,False
fbv1-002-homecredit-catboost-full-features-s42,homecredit,catboost,full_features,FLAG_DOCUMENT_15,0.0,low,authenticated_saved_feature_psi,False
fbv1-002-homecredit-catboost-full-features-s42,homecredit,catboost,full_features,FLAG_DOCUMENT_16,0.0,low,authenticated_saved_feature_psi,False
fbv1-002-homecredit-catboost-full-features-s42,homecredit,catboost,full_features,FLAG_DOCUMENT_17,0.0,low,authenticated_saved_feature_psi,False
fbv1-002-homecredit-catboost-full-features-s42,homecredit,catboost,full_features,FLAG_DOCUMENT_18,0.0,low,authenticated_saved_feature_psi,False
fbv1-002-homecredit-catboost-full-features-s42,homecredit,catboost,full_features,FLAG_DOCUMENT_14,0.0,low,authenticated_saved_feature_psi,False
fbv1-002-homecredit-catboost-full-features-s42,homecredit,catboost,full_features,FLAG_DOCUMENT_6,0.0,low,authenticated_saved_feature_psi,False
fbv1-002-homecredit-catboost-full-features-s42,homecredit,catboost,full_features,FLAG_DOCUMENT_5,0.0,low,authenticated_saved_feature_psi,False
fbv1-002-homecredit-catboost-full-features-s42,homecredit,catboost,full_features,POS_SK_DPD_MIN,0.0,low,authenticated_saved_feature_psi,False
fbv1-002-homecredit-catboost-full-features-s42,homecredit,catboost,full_features,ORGANIZATION_TYPE_Trade: type 7,0.0,low,authenticated_saved_feature_psi,False
fbv1-002-homecredit-catboost-full-features-s42,homecredit,catboost,full_features,ORGANIZATION_TYPE_Transport: type 1,0.0,low,authenticated_saved_feature_psi,False
fbv1-002-homecredit-catboost-full-features-s42,homecredit,catboost,full_features,ORGANIZATION_TYPE_Trade: type 1,0.0,low,authenticated_saved_feature_psi,False
fbv1-002-homecredit-catboost-full-features-s42,homecredit,catboost,full_features,ORGANIZATION_TYPE_Trade: type 2,0.0,low,authenticated_saved_feature_psi,False
fbv1-002-homecredit-catboost-full-features-s42,homecredit,catboost,full_features,PREV_NFLAG_LAST_APPL_IN_DAY_MEAN,0.0,low,authenticated_saved_feature_psi,False
fbv1-002-homecredit-catboost-full-features-s42,homecredit,catboost,full_features,PREV_RATE_INTEREST_PRIVILEGED_SUM,0.0,low,authenticated_saved_feature_psi,False
fbv1-002-homecredit-catboost-full-features-s42,homecredit,catboost,full_features,PREV_RATE_INTEREST_PRIMARY_SUM,0.0,low,authenticated_saved_feature_psi,False
fbv1-002-homecredit-catboost-full-features-s42,homecredit,catboost,full_features,INSTAL_NUM_INSTALMENT_NUMBER_MIN,0.0,low,authenticated_saved_feature_psi,False
fbv1-002-homecredit-catboost-full-features-s42,homecredit,catboost,full_features,LIVE_REGION_NOT_WORK_REGION,0.0,low,authenticated_saved_feature_psi,False
fbv1-002-homecredit-catboost-full-features-s42,homecredit,catboost,full_features,REG_CITY_NOT_LIVE_CITY,0.0,low,authenticated_saved_feature_psi,False
fbv1-002-homecredit-catboost-full-features-s42,homecredit,catboost,full_features,REG_CITY_NOT_WORK_CITY,0.0,low,authenticated_saved_feature_psi,False
fbv1-002-homecredit-catboost-full-features-s42,homecredit,catboost,full_features,REG_REGION_NOT_LIVE_REGION,0.0,low,authenticated_saved_feature_psi,False
fbv1-002-homecredit-catboost-full-features-s42,homecredit,catboost,full_features,LIVE_CITY_NOT_WORK_CITY,0.0,low,authenticated_saved_feature_psi,False
fbv1-002-homecredit-catboost-full-features-s42,homecredit,catboost,full_features,FONDKAPREMONT_MODE_reg oper account,0.0,low,authenticated_saved_feature_psi,False
fbv1-002-homecredit-catboost-full-features-s42,homecredit,catboost,full_features,FONDKAPREMONT_MODE_reg oper spec account,0.0,low,authenticated_saved_feature_psi,False
fbv1-002-homecredit-catboost-full-features-s42,homecredit,catboost,full_features,HOUSETYPE_MODE_Missing,0.0,low,authenticated_saved_feature_psi,False
fbv1-002-homecredit-catboost-full-features-s42,homecredit,catboost,full_features,HOUSETYPE_MODE_block of flats,0.0,low,authenticated_saved_feature_psi,False
fbv1-002-homecredit-catboost-full-features-s42,homecredit,catboost,full_features,HOUSETYPE_MODE_specific housing,0.0,low,authenticated_saved_feature_psi,False
fbv1-002-homecredit-catboost-full-features-s42,homecredit,catboost,full_features,HOUSETYPE_MODE_terraced house,0.0,low,authenticated_saved_feature_psi,False
fbv1-002-homecredit-catboost-full-features-s42,homecredit,catboost,full_features,REG_REGION_NOT_WORK_REGION,0.0,low,authenticated_saved_feature_psi,False
fbv1-002-homecredit-catboost-full-features-s42,homecredit,catboost,full_features,WALLSMATERIAL_MODE_Block,0.0,low,authenticated_saved_feature_psi,False
fbv1-002-homecredit-catboost-full-features-s42,homecredit,catboost,full_features,WALLSMATERIAL_MODE_Missing,0.0,low,authenticated_saved_feature_psi,False
fbv1-002-homecredit-catboost-full-features-s42,homecredit,catboost,full_features,NAME_CONTRACT_TYPE_Cash loans,0.0,low,authenticated_saved_feature_psi,False
fbv1-002-homecredit-catboost-full-features-s42,homecredit,catboost,full_features,NAME_CONTRACT_TYPE_Revolving loans,0.0,low,authenticated_saved_feature_psi,False
fbv1-002-homecredit-catboost-full-features-s42,homecredit,catboost,full_features,CODE_GENDER_F,0.0,low,authenticated_saved_feature_psi,False
fbv1-002-homecredit-catboost-full-features-s42,homecredit,catboost,full_features,CODE_GENDER_M,0.0,low,authenticated_saved_feature_psi,False
fbv1-002-homecredit-catboost-full-features-s42,homecredit,catboost,full_features,CODE_GENDER_infrequent_sklearn,0.0,low,authenticated_saved_feature_psi,False
fbv1-002-homecredit-catboost-full-features-s42,homecredit,catboost,full_features,FLAG_OWN_CAR_N,0.0,low,authenticated_saved_feature_psi,False
fbv1-002-homecredit-catboost-full-features-s42,homecredit,catboost,full_features,FLAG_OWN_CAR_Y,0.0,low,authenticated_saved_feature_psi,False
fbv1-002-homecredit-catboost-full-features-s42,homecredit,catboost,full_features,FLAG_OWN_REALTY_N,0.0,low,authenticated_saved_feature_psi,False
fbv1-002-homecredit-catboost-full-features-s42,homecredit,catboost,full_features,FLAG_OWN_REALTY_Y,0.0,low,authenticated_saved_feature_psi,False
fbv1-002-homecredit-catboost-full-features-s42,homecredit,catboost,full_features,NAME_TYPE_SUITE_Children,0.0,low,authenticated_saved_feature_psi,False
fbv1-002-homecredit-catboost-full-features-s42,homecredit,catboost,full_features,NAME_TYPE_SUITE_Family,0.0,low,authenticated_saved_feature_psi,False
fbv1-002-homecredit-catboost-full-features-s42,homecredit,catboost,full_features,NAME_TYPE_SUITE_Group of people,0.0,low,authenticated_saved_feature_psi,False
fbv1-002-homecredit-catboost-full-features-s42,homecredit,catboost,full_features,NAME_TYPE_SUITE_Missing,0.0,low,authenticated_saved_feature_psi,False
fbv1-002-homecredit-catboost-full-features-s42,homecredit,catboost,full_features,NAME_TYPE_SUITE_Other_A,0.0,low,authenticated_saved_feature_psi,False
fbv1-002-homecredit-catboost-full-features-s42,homecredit,catboost,full_features,NAME_TYPE_SUITE_Other_B,0.0,low,authenticated_saved_feature_psi,False
fbv1-002-homecredit-catboost-full-features-s42,homecredit,catboost,full_features,"NAME_TYPE_SUITE_Spouse, partner",0.0,low,authenticated_saved_feature_psi,False
fbv1-002-homecredit-catboost-full-features-s42,homecredit,catboost,full_features,NAME_TYPE_SUITE_Unaccompanied,0.0,low,authenticated_saved_feature_psi,False
fbv1-002-homecredit-catboost-full-features-s42,homecredit,catboost,full_features,NAME_INCOME_TYPE_Commercial associate,0.0,low,authenticated_saved_feature_psi,False
fbv1-002-homecredit-catboost-full-features-s42,homecredit,catboost,full_features,NAME_INCOME_TYPE_Pensioner,0.0,low,authenticated_saved_feature_psi,False
fbv1-002-homecredit-catboost-full-features-s42,homecredit,catboost,full_features,NAME_INCOME_TYPE_State servant,0.0,low,authenticated_saved_feature_psi,False
fbv1-002-homecredit-catboost-full-features-s42,homecredit,catboost,full_features,NAME_INCOME_TYPE_Working,0.0,low,authenticated_saved_feature_psi,False
fbv1-002-homecredit-catboost-full-features-s42,homecredit,catboost,full_features,NAME_INCOME_TYPE_infrequent_sklearn,0.0,low,authenticated_saved_feature_psi,False
fbv1-002-homecredit-catboost-full-features-s42,homecredit,catboost,full_features,NAME_EDUCATION_TYPE_Academic degree,0.0,low,authenticated_saved_feature_psi,False
fbv1-002-homecredit-catboost-full-features-s42,homecredit,catboost,full_features,NAME_EDUCATION_TYPE_Higher education,0.0,low,authenticated_saved_feature_psi,False
fbv1-002-homecredit-catboost-full-features-s42,homecredit,catboost,full_features,NAME_EDUCATION_TYPE_Incomplete higher,0.0,low,authenticated_saved_feature_psi,False
fbv1-002-homecredit-catboost-full-features-s42,homecredit,catboost,full_features,NAME_EDUCATION_TYPE_Lower secondary,0.0,low,authenticated_saved_feature_psi,False
fbv1-002-homecredit-catboost-full-features-s42,homecredit,catboost,full_features,NAME_EDUCATION_TYPE_Secondary / secondary special,0.0,low,authenticated_saved_feature_psi,False
fbv1-002-homecredit-catboost-full-features-s42,homecredit,catboost,full_features,NAME_FAMILY_STATUS_Civil marriage,0.0,low,authenticated_saved_feature_psi,False
fbv1-002-homecredit-catboost-full-features-s42,homecredit,catboost,full_features,NAME_FAMILY_STATUS_Married,0.0,low,authenticated_saved_feature_psi,False
fbv1-002-homecredit-catboost-full-features-s42,homecredit,catboost,full_features,NAME_FAMILY_STATUS_Separated,0.0,low,authenticated_saved_feature_psi,False
fbv1-002-homecredit-catboost-full-features-s42,homecredit,catboost,full_features,NAME_FAMILY_STATUS_Single / not married,0.0,low,authenticated_saved_feature_psi,False
fbv1-002-homecredit-catboost-full-features-s42,homecredit,catboost,full_features,NAME_FAMILY_STATUS_Widow,0.0,low,authenticated_saved_feature_psi,False
fbv1-002-homecredit-catboost-full-features-s42,homecredit,catboost,full_features,NAME_HOUSING_TYPE_Co-op apartment,0.0,low,authenticated_saved_feature_psi,False
fbv1-002-homecredit-catboost-full-features-s42,homecredit,catboost,full_features,NAME_HOUSING_TYPE_House / apartment,0.0,low,authenticated_saved_feature_psi,False
fbv1-002-homecredit-catboost-full-features-s42,homecredit,catboost,full_features,NAME_HOUSING_TYPE_Municipal apartment,0.0,low,authenticated_saved_feature_psi,False
fbv1-002-homecredit-catboost-full-features-s42,homecredit,catboost,full_features,NAME_HOUSING_TYPE_Office apartment,0.0,low,authenticated_saved_feature_psi,False
fbv1-002-homecredit-catboost-full-features-s42,homecredit,catboost,full_features,NAME_HOUSING_TYPE_Rented apartment,0.0,low,authenticated_saved_feature_psi,False
fbv1-002-homecredit-catboost-full-features-s42,homecredit,catboost,full_features,NAME_HOUSING_TYPE_With parents,0.0,low,authenticated_saved_feature_psi,False
fbv1-002-homecredit-catboost-full-features-s42,homecredit,catboost,full_features,OCCUPATION_TYPE_Accountants,0.0,low,authenticated_saved_feature_psi,False
fbv1-002-homecredit-catboost-full-features-s42,homecredit,catboost,full_features,OCCUPATION_TYPE_Cleaning staff,0.0,low,authenticated_saved_feature_psi,False
fbv1-002-homecredit-catboost-full-features-s42,homecredit,catboost,full_features,OCCUPATION_TYPE_Cooking staff,0.0,low,authenticated_saved_feature_psi,False
fbv1-002-homecredit-catboost-full-features-s42,homecredit,catboost,full_features,OCCUPATION_TYPE_Core staff,0.0,low,authenticated_saved_feature_psi,False
fbv1-002-homecredit-catboost-full-features-s42,homecredit,catboost,full_features,OCCUPATION_TYPE_Drivers,0.0,low,authenticated_saved_feature_psi,False
fbv1-002-homecredit-catboost-full-features-s42,homecredit,catboost,full_features,OCCUPATION_TYPE_HR staff,0.0,low,authenticated_saved_feature_psi,False
fbv1-002-homecredit-catboost-full-features-s42,homecredit,catboost,full_features,OCCUPATION_TYPE_High skill tech staff,0.0,low,authenticated_saved_feature_psi,False
fbv1-002-homecredit-catboost-full-features-s42,homecredit,catboost,full_features,OCCUPATION_TYPE_IT staff,0.0,low,authenticated_saved_feature_psi,False
fbv1-002-homecredit-catboost-full-features-s42,homecredit,catboost,full_features,OCCUPATION_TYPE_Laborers,0.0,low,authenticated_saved_feature_psi,False
fbv1-002-homecredit-catboost-full-features-s42,homecredit,catboost,full_features,OCCUPATION_TYPE_Low-skill Laborers,0.0,low,authenticated_saved_feature_psi,False
fbv1-002-homecredit-catboost-full-features-s42,homecredit,catboost,full_features,OCCUPATION_TYPE_Managers,0.0,low,authenticated_saved_feature_psi,False
fbv1-002-homecredit-catboost-full-features-s42,homecredit,catboost,full_features,OCCUPATION_TYPE_Medicine staff,0.0,low,authenticated_saved_feature_psi,False
fbv1-002-homecredit-catboost-full-features-s42,homecredit,catboost,full_features,OCCUPATION_TYPE_Missing,0.0,low,authenticated_saved_feature_psi,False
fbv1-002-homecredit-catboost-full-features-s42,homecredit,catboost,full_features,OCCUPATION_TYPE_Private service staff,0.0,low,authenticated_saved_feature_psi,False
fbv1-002-homecredit-catboost-full-features-s42,homecredit,catboost,full_features,OCCUPATION_TYPE_Realty agents,0.0,low,authenticated_saved_feature_psi,False
fbv1-002-homecredit-catboost-full-features-s42,homecredit,catboost,full_features,OCCUPATION_TYPE_Sales staff,0.0,low,authenticated_saved_feature_psi,False
fbv1-002-homecredit-catboost-full-features-s42,homecredit,catboost,full_features,OCCUPATION_TYPE_Secretaries,0.0,low,authenticated_saved_feature_psi,False
fbv1-002-homecredit-catboost-full-features-s42,homecredit,catboost,full_features,OCCUPATION_TYPE_Security staff,0.0,low,authenticated_saved_feature_psi,False
fbv1-002-homecredit-catboost-full-features-s42,homecredit,catboost,full_features,OCCUPATION_TYPE_Waiters/barmen staff,0.0,low,authenticated_saved_feature_psi,False
fbv1-002-homecredit-catboost-full-features-s42,homecredit,catboost,full_features,WEEKDAY_APPR_PROCESS_START_FRIDAY,0.0,low,authenticated_saved_feature_psi,False
fbv1-002-homecredit-catboost-full-features-s42,homecredit,catboost,full_features,WEEKDAY_APPR_PROCESS_START_MONDAY,0.0,low,authenticated_saved_feature_psi,False
fbv1-002-homecredit-catboost-full-features-s42,homecredit,catboost,full_features,WEEKDAY_APPR_PROCESS_START_SATURDAY,0.0,low,authenticated_saved_feature_psi,False
fbv1-002-homecredit-catboost-full-features-s42,homecredit,catboost,full_features,WEEKDAY_APPR_PROCESS_START_SUNDAY,0.0,low,authenticated_saved_feature_psi,False
fbv1-002-homecredit-catboost-full-features-s42,homecredit,catboost,full_features,WEEKDAY_APPR_PROCESS_START_THURSDAY,0.0,low,authenticated_saved_feature_psi,False
fbv1-002-homecredit-catboost-full-features-s42,homecredit,catboost,full_features,WEEKDAY_APPR_PROCESS_START_TUESDAY,0.0,low,authenticated_saved_feature_psi,False
fbv1-002-homecredit-catboost-full-features-s42,homecredit,catboost,full_features,WEEKDAY_APPR_PROCESS_START_WEDNESDAY,0.0,low,authenticated_saved_feature_psi,False
fbv1-002-homecredit-catboost-full-features-s42,homecredit,catboost,full_features,ORGANIZATION_TYPE_Advertising,0.0,low,authenticated_saved_feature_psi,False
fbv1-002-homecredit-catboost-full-features-s42,homecredit,catboost,full_features,ORGANIZATION_TYPE_Agriculture,0.0,low,authenticated_saved_feature_psi,False
fbv1-002-homecredit-catboost-full-features-s42,homecredit,catboost,full_features,ORGANIZATION_TYPE_Bank,0.0,low,authenticated_saved_feature_psi,False
fbv1-002-homecredit-catboost-full-features-s42,homecredit,catboost,full_features,ORGANIZATION_TYPE_Business Entity Type 1,0.0,low,authenticated_saved_feature_psi,False
fbv1-002-homecredit-catboost-full-features-s42,homecredit,catboost,full_features,ORGANIZATION_TYPE_Business Entity Type 2,0.0,low,authenticated_saved_feature_psi,False
fbv1-002-homecredit-catboost-full-features-s42,homecredit,catboost,full_features,ORGANIZATION_TYPE_Business Entity Type 3,0.0,low,authenticated_saved_feature_psi,False
fbv1-002-homecredit-catboost-full-features-s42,homecredit,catboost,full_features,ORGANIZATION_TYPE_Cleaning,0.0,low,authenticated_saved_feature_psi,False
fbv1-002-homecredit-catboost-full-features-s42,homecredit,catboost,full_features,ORGANIZATION_TYPE_Construction,0.0,low,authenticated_saved_feature_psi,False
fbv1-002-homecredit-catboost-full-features-s42,homecredit,catboost,full_features,ORGANIZATION_TYPE_Culture,0.0,low,authenticated_saved_feature_psi,False
fbv1-002-homecredit-catboost-full-features-s42,homecredit,catboost,full_features,ORGANIZATION_TYPE_Electricity,0.0,low,authenticated_saved_feature_psi,False
fbv1-002-homecredit-catboost-full-features-s42,homecredit,catboost,full_features,ORGANIZATION_TYPE_Emergency,0.0,low,authenticated_saved_feature_psi,False
fbv1-002-homecredit-catboost-full-features-s42,homecredit,catboost,full_features,ORGANIZATION_TYPE_Government,0.0,low,authenticated_saved_feature_psi,False
fbv1-002-homecredit-catboost-full-features-s42,homecredit,catboost,full_features,ORGANIZATION_TYPE_Hotel,0.0,low,authenticated_saved_feature_psi,False
fbv1-002-homecredit-catboost-full-features-s42,homecredit,catboost,full_features,ORGANIZATION_TYPE_Housing,0.0,low,authenticated_saved_feature_psi,False
fbv1-002-homecredit-catboost-full-features-s42,homecredit,catboost,full_features,ORGANIZATION_TYPE_Industry: type 1,0.0,low,authenticated_saved_feature_psi,False
fbv1-002-homecredit-catboost-full-features-s42,homecredit,catboost,full_features,ORGANIZATION_TYPE_Industry: type 10,0.0,low,authenticated_saved_feature_psi,False
fbv1-002-homecredit-catboost-full-features-s42,homecredit,catboost,full_features,ORGANIZATION_TYPE_Industry: type 11,0.0,low,authenticated_saved_feature_psi,False
fbv1-002-homecredit-catboost-full-features-s42,homecredit,catboost,full_features,ORGANIZATION_TYPE_Industry: type 12,0.0,low,authenticated_saved_feature_psi,False
fbv1-002-homecredit-catboost-full-features-s42,homecredit,catboost,full_features,ORGANIZATION_TYPE_Industry: type 13,0.0,low,authenticated_saved_feature_psi,False
fbv1-002-homecredit-catboost-full-features-s42,homecredit,catboost,full_features,ORGANIZATION_TYPE_Industry: type 2,0.0,low,authenticated_saved_feature_psi,False
fbv1-002-homecredit-catboost-full-features-s42,homecredit,catboost,full_features,ORGANIZATION_TYPE_Industry: type 3,0.0,low,authenticated_saved_feature_psi,False
fbv1-002-homecredit-catboost-full-features-s42,homecredit,catboost,full_features,ORGANIZATION_TYPE_Industry: type 4,0.0,low,authenticated_saved_feature_psi,False
fbv1-002-homecredit-catboost-full-features-s42,homecredit,catboost,full_features,ORGANIZATION_TYPE_Industry: type 5,0.0,low,authenticated_saved_feature_psi,False
fbv1-002-homecredit-catboost-full-features-s42,homecredit,catboost,full_features,ORGANIZATION_TYPE_Industry: type 6,0.0,low,authenticated_saved_feature_psi,False
fbv1-002-homecredit-catboost-full-features-s42,homecredit,catboost,full_features,ORGANIZATION_TYPE_Industry: type 7,0.0,low,authenticated_saved_feature_psi,False
fbv1-002-homecredit-catboost-full-features-s42,homecredit,catboost,full_features,ORGANIZATION_TYPE_Industry: type 8,0.0,low,authenticated_saved_feature_psi,False
fbv1-002-homecredit-catboost-full-features-s42,homecredit,catboost,full_features,ORGANIZATION_TYPE_Industry: type 9,0.0,low,authenticated_saved_feature_psi,False
fbv1-002-homecredit-catboost-full-features-s42,homecredit,catboost,full_features,ORGANIZATION_TYPE_Insurance,0.0,low,authenticated_saved_feature_psi,False
fbv1-002-homecredit-catboost-full-features-s42,homecredit,catboost,full_features,ORGANIZATION_TYPE_Kindergarten,0.0,low,authenticated_saved_feature_psi,False
fbv1-002-homecredit-catboost-full-features-s42,homecredit,catboost,full_features,ORGANIZATION_TYPE_Legal Services,0.0,low,authenticated_saved_feature_psi,False
fbv1-002-homecredit-catboost-full-features-s42,homecredit,catboost,full_features,ORGANIZATION_TYPE_Medicine,0.0,low,authenticated_saved_feature_psi,False
fbv1-002-homecredit-catboost-full-features-s42,homecredit,catboost,full_features,ORGANIZATION_TYPE_Military,0.0,low,authenticated_saved_feature_psi,False
fbv1-002-homecredit-catboost-full-features-s42,homecredit,catboost,full_features,ORGANIZATION_TYPE_Mobile,0.0,low,authenticated_saved_feature_psi,False
fbv1-002-homecredit-catboost-full-features-s42,homecredit,catboost,full_features,ORGANIZATION_TYPE_Other,0.0,low,authenticated_saved_feature_psi,False
fbv1-002-homecredit-catboost-full-features-s42,homecredit,catboost,full_features,ORGANIZATION_TYPE_Police,0.0,low,authenticated_saved_feature_psi,False
fbv1-002-homecredit-catboost-full-features-s42,homecredit,catboost,full_features,ORGANIZATION_TYPE_Postal,0.0,low,authenticated_saved_feature_psi,False
fbv1-002-homecredit-catboost-full-features-s42,homecredit,catboost,full_features,ORGANIZATION_TYPE_Realtor,0.0,low,authenticated_saved_feature_psi,False
fbv1-002-homecredit-catboost-full-features-s42,homecredit,catboost,full_features,ORGANIZATION_TYPE_Religion,0.0,low,authenticated_saved_feature_psi,False
fbv1-002-homecredit-catboost-full-features-s42,homecredit,catboost,full_features,ORGANIZATION_TYPE_Restaurant,0.0,low,authenticated_saved_feature_psi,False
fbv1-002-homecredit-catboost-full-features-s42,homecredit,catboost,full_features,ORGANIZATION_TYPE_School,0.0,low,authenticated_saved_feature_psi,False
fbv1-002-homecredit-catboost-full-features-s42,homecredit,catboost,full_features,ORGANIZATION_TYPE_Security,0.0,low,authenticated_saved_feature_psi,False
fbv1-002-homecredit-catboost-full-features-s42,homecredit,catboost,full_features,ORGANIZATION_TYPE_Security Ministries,0.0,low,authenticated_saved_feature_psi,False
fbv1-002-homecredit-catboost-full-features-s42,homecredit,catboost,full_features,ORGANIZATION_TYPE_Self-employed,0.0,low,authenticated_saved_feature_psi,False
fbv1-002-homecredit-catboost-full-features-s42,homecredit,catboost,full_features,ORGANIZATION_TYPE_Services,0.0,low,authenticated_saved_feature_psi,False
fbv1-002-homecredit-catboost-full-features-s42,homecredit,catboost,full_features,ORGANIZATION_TYPE_Telecom,0.0,low,authenticated_saved_feature_psi,False
fbv1-002-homecredit-catboost-full-features-s42,homecredit,catboost,full_features,EMERGENCYSTATE_MODE_Yes,0.0,low,authenticated_saved_feature_psi,False
fbv1-002-homecredit-catboost-full-features-s42,homecredit,catboost,full_features,FLAG_MOBIL,,unknown,authenticated_saved_feature_psi,False
fbv1-002-homecredit-catboost-full-features-s42,homecredit,catboost,full_features,POS_SK_DPD_DEF_MIN,,unknown,authenticated_saved_feature_psi,False
fbv1-002-homecredit-catboost-full-features-s42,homecredit,catboost,full_features,CC_AMT_DRAWINGS_OTHER_CURRENT_MIN,,unknown,authenticated_saved_feature_psi,False
fbv1-002-homecredit-catboost-full-features-s42,homecredit,catboost,full_features,CC_CNT_DRAWINGS_OTHER_CURRENT_MIN,,unknown,authenticated_saved_feature_psi,False
fbv1-002-homecredit-catboost-full-features-s42,homecredit,catboost,full_features,CC_SK_DPD_MIN,,unknown,authenticated_saved_feature_psi,False
fbv1-002-homecredit-catboost-full-features-s42,homecredit,catboost,full_features,CC_SK_DPD_DEF_MIN,,unknown,authenticated_saved_feature_psi,False
fbv1-003-lendingclub_v2-lr-full-features-s42,lendingclub_v2,lr,full_features,log_total_bal_il,3.694478555150644,high,authenticated_saved_feature_psi,False
fbv1-003-lendingclub_v2-lr-full-features-s42,lendingclub_v2,lr,full_features,il_balance_to_total_balance,2.5731124996235977,high,authenticated_saved_feature_psi,False
fbv1-003-lendingclub_v2-lr-full-features-s42,lendingclub_v2,lr,full_features,log_max_bal_bc,2.542159318980854,high,authenticated_saved_feature_psi,False
fbv1-003-lendingclub_v2-lr-full-features-s42,lendingclub_v2,lr,full_features,log_open_acc_6m,2.4867965871490494,high,authenticated_saved_feature_psi,False
fbv1-003-lendingclub_v2-lr-full-features-s42,lendingclub_v2,lr,full_features,log_inq_last_12m,2.111827503086108,high,authenticated_saved_feature_psi,False
fbv1-003-lendingclub_v2-lr-full-features-s42,lendingclub_v2,lr,full_features,all_util,2.061629325401886,high,authenticated_saved_feature_psi,False
fbv1-003-lendingclub_v2-lr-full-features-s42,lendingclub_v2,lr,full_features,fico_adjusted_all_util,2.048223400052249,high,authenticated_saved_feature_psi,False
fbv1-003-lendingclub_v2-lr-full-features-s42,lendingclub_v2,lr,full_features,dti_adjusted_all_util,2.0304192034775053,high,authenticated_saved_feature_psi,False
fbv1-003-lendingclub_v2-lr-full-features-s42,lendingclub_v2,lr,full_features,log_open_il_12m,2.0157410834495386,high,authenticated_saved_feature_psi,False
fbv1-003-lendingclub_v2-lr-full-features-s42,lendingclub_v2,lr,full_features,open_il_12m,2.0157410834495386,high,authenticated_saved_feature_psi,False
fbv1-003-lendingclub_v2-lr-full-features-s42,lendingclub_v2,lr,full_features,il_util,1.9804472507918327,high,authenticated_saved_feature_psi,False
fbv1-003-lendingclub_v2-lr-full-features-s42,lendingclub_v2,lr,full_features,log_inq_fi,1.9637909287409772,high,authenticated_saved_feature_psi,False
fbv1-003-lendingclub_v2-lr-full-features-s42,lendingclub_v2,lr,full_features,inq_fi,1.9637909287409772,high,authenticated_saved_feature_psi,False
fbv1-003-lendingclub_v2-lr-full-features-s42,lendingclub_v2,lr,full_features,log_open_rv_24m,1.939540749613228,high,authenticated_saved_feature_psi,False
fbv1-003-lendingclub_v2-lr-full-features-s42,lendingclub_v2,lr,full_features,dti_adjusted_il_util,1.9377799710156616,high,authenticated_saved_feature_psi,False
fbv1-003-lendingclub_v2-lr-full-features-s42,lendingclub_v2,lr,full_features,fico_adjusted_il_util,1.9240554977337627,high,authenticated_saved_feature_psi,False
fbv1-003-lendingclub_v2-lr-full-features-s42,lendingclub_v2,lr,full_features,sqrt_total_bal_il,1.88517582202262,high,authenticated_saved_feature_psi,False
fbv1-003-lendingclub_v2-lr-full-features-s42,lendingclub_v2,lr,full_features,log_total_cu_tl,1.8756909307296987,high,authenticated_saved_feature_psi,False
fbv1-003-lendingclub_v2-lr-full-features-s42,lendingclub_v2,lr,full_features,all_util_minus_bc_util,1.818669084474892,high,authenticated_saved_feature_psi,False
fbv1-003-lendingclub_v2-lr-full-features-s42,lendingclub_v2,lr,full_features,open_il_24m,1.7909561402516745,high,authenticated_saved_feature_psi,False
fbv1-003-lendingclub_v2-lr-full-features-s42,lendingclub_v2,lr,full_features,log_open_il_24m,1.7909561402516745,high,authenticated_saved_feature_psi,False
fbv1-003-lendingclub_v2-lr-full-features-s42,lendingclub_v2,lr,full_features,all_util_minus_il_util,1.7741563874400903,high,authenticated_saved_feature_psi,False
fbv1-003-lendingclub_v2-lr-full-features-s42,lendingclub_v2,lr,full_features,sqrt_max_bal_bc,1.7333798146427577,high,authenticated_saved_feature_psi,False
fbv1-003-lendingclub_v2-lr-full-features-s42,lendingclub_v2,lr,full_features,open_il_24m_per_total_acc,1.72724186252269,high,authenticated_saved_feature_psi,False
fbv1-003-lendingclub_v2-lr-full-features-s42,lendingclub_v2,lr,full_features,open_rv_12m_per_open_acc,1.7010808934595851,high,authenticated_saved_feature_psi,False
fbv1-003-lendingclub_v2-lr-full-features-s42,lendingclub_v2,lr,full_features,open_rv_24m_per_open_acc,1.6759637758232118,high,authenticated_saved_feature_psi,False
fbv1-003-lendingclub_v2-lr-full-features-s42,lendingclub_v2,lr,full_features,recent_trade_density,1.632426656306994,high,authenticated_saved_feature_psi,False
fbv1-003-lendingclub_v2-lr-full-features-s42,lendingclub_v2,lr,full_features,open_il_24m_per_open_acc,1.6275911446161402,high,authenticated_saved_feature_psi,False
fbv1-003-lendingclub_v2-lr-full-features-s42,lendingclub_v2,lr,full_features,open_act_il_per_open_acc,1.5785939962762066,high,authenticated_saved_feature_psi,False
fbv1-003-lendingclub_v2-lr-full-features-s42,lendingclub_v2,lr,full_features,open_installment_share,1.5785939962762066,high,authenticated_saved_feature_psi,False
fbv1-003-lendingclub_v2-lr-full-features-s42,lendingclub_v2,lr,full_features,open_il_12m_per_total_acc,1.5766420334379223,high,authenticated_saved_feature_psi,False
fbv1-003-lendingclub_v2-lr-full-features-s42,lendingclub_v2,lr,full_features,open_rv_24m_per_total_acc,1.5265468934704367,high,authenticated_saved_feature_psi,False
fbv1-003-lendingclub_v2-lr-full-features-s42,lendingclub_v2,lr,full_features,open_il_12m_per_open_acc,1.5229405530694171,high,authenticated_saved_feature_psi,False
fbv1-003-lendingclub_v2-lr-full-features-s42,lendingclub_v2,lr,full_features,open_rv_12m_per_total_acc,1.5072069402749793,high,authenticated_saved_feature_psi,False
fbv1-003-lendingclub_v2-lr-full-features-s42,lendingclub_v2,lr,full_features,recent_inquiry_density_x_fico,1.502544624617708,high,authenticated_saved_feature_psi,False
fbv1-003-lendingclub_v2-lr-full-features-s42,lendingclub_v2,lr,full_features,open_act_il,1.4796384148326798,high,authenticated_saved_feature_psi,False
fbv1-003-lendingclub_v2-lr-full-features-s42,lendingclub_v2,lr,full_features,log_open_act_il,1.4796384148326798,high,authenticated_saved_feature_psi,False
fbv1-003-lendingclub_v2-lr-full-features-s42,lendingclub_v2,lr,full_features,open_il_12m_per_credit_history_year,1.4642214986061468,high,authenticated_saved_feature_psi,False
fbv1-003-lendingclub_v2-lr-full-features-s42,lendingclub_v2,lr,full_features,recent_inquiry_density,1.461457946312728,high,authenticated_saved_feature_psi,False
fbv1-003-lendingclub_v2-lr-full-features-s42,lendingclub_v2,lr,full_features,open_rv_12m,1.4427134114487938,high,authenticated_saved_feature_psi,False
fbv1-003-lendingclub_v2-lr-full-features-s42,lendingclub_v2,lr,full_features,log_open_rv_12m,1.4427134114487938,high,authenticated_saved_feature_psi,False
fbv1-003-lendingclub_v2-lr-full-features-s42,lendingclub_v2,lr,full_features,open_acc_6m_per_total_acc,1.4345222744416657,high,authenticated_saved_feature_psi,False
fbv1-003-lendingclub_v2-lr-full-features-s42,lendingclub_v2,lr,full_features,open_acc_6m_per_open_acc,1.4266746873182117,high,authenticated_saved_feature_psi,False
fbv1-003-lendingclub_v2-lr-full-features-s42,lendingclub_v2,lr,full_features,inq_fi_per_open_acc,1.4174869953732645,high,authenticated_saved_feature_psi,False
fbv1-003-lendingclub_v2-lr-full-features-s42,lendingclub_v2,lr,full_features,open_il_24m_per_credit_history_year,1.4020439203385953,high,authenticated_saved_feature_psi,False
fbv1-003-lendingclub_v2-lr-full-features-s42,lendingclub_v2,lr,full_features,inq_last_12m_per_open_acc,1.39764764672187,high,authenticated_saved_feature_psi,False
fbv1-003-lendingclub_v2-lr-full-features-s42,lendingclub_v2,lr,full_features,inq_12m_per_open_acc,1.39764764672187,high,authenticated_saved_feature_psi,False
fbv1-003-lendingclub_v2-lr-full-features-s42,lendingclub_v2,lr,full_features,inq_last_12m_per_total_acc,1.383157523954828,high,authenticated_saved_feature_psi,False
fbv1-003-lendingclub_v2-lr-full-features-s42,lendingclub_v2,lr,full_features,inq_fi_per_total_acc,1.3737014546509347,high,authenticated_saved_feature_psi,False
fbv1-003-lendingclub_v2-lr-full-features-s42,lendingclub_v2,lr,full_features,open_act_il_per_total_acc,1.3682835652283682,high,authenticated_saved_feature_psi,False
fbv1-003-lendingclub_v2-lr-full-features-s42,lendingclub_v2,lr,full_features,max_bal_bc_to_income,1.3573069938233546,high,authenticated_saved_feature_psi,False
fbv1-003-lendingclub_v2-lr-full-features-s42,lendingclub_v2,lr,full_features,open_rv_12m_per_credit_history_year,1.3321331419504214,high,authenticated_saved_feature_psi,False
fbv1-003-lendingclub_v2-lr-full-features-s42,lendingclub_v2,lr,full_features,open_rv_24m_per_credit_history_year,1.3252616839096585,high,authenticated_saved_feature_psi,False
fbv1-003-lendingclub_v2-lr-full-features-s42,lendingclub_v2,lr,full_features,total_bal_il,1.3060741910111986,high,authenticated_saved_feature_psi,False
fbv1-003-lendingclub_v2-lr-full-features-s42,lendingclub_v2,lr,full_features,inq_last_12m,1.3010153645012763,high,authenticated_saved_feature_psi,False
fbv1-003-lendingclub_v2-lr-full-features-s42,lendingclub_v2,lr,full_features,max_bal_bc,1.296999514601635,high,authenticated_saved_feature_psi,False
fbv1-003-lendingclub_v2-lr-full-features-s42,lendingclub_v2,lr,full_features,total_bal_il_to_income,1.2884009045349665,high,authenticated_saved_feature_psi,False
fbv1-003-lendingclub_v2-lr-full-features-s42,lendingclub_v2,lr,full_features,inq_fi_per_credit_history_year,1.2852735200247942,high,authenticated_saved_feature_psi,False
fbv1-003-lendingclub_v2-lr-full-features-s42,lendingclub_v2,lr,full_features,inq_last_12m_per_credit_history_year,1.2837980184989837,high,authenticated_saved_feature_psi,False
fbv1-003-lendingclub_v2-lr-full-features-s42,lendingclub_v2,lr,full_features,open_acc_6m_per_credit_history_year,1.2697312973970103,high,authenticated_saved_feature_psi,False
fbv1-003-lendingclub_v2-lr-full-features-s42,lendingclub_v2,lr,full_features,open_rv_24m,1.2450943814818567,high,authenticated_saved_feature_psi,False
fbv1-003-lendingclub_v2-lr-full-features-s42,lendingclub_v2,lr,full_features,bankcard_capacity_gap,1.2303597409521518,high,authenticated_saved_feature_psi,False
fbv1-003-lendingclub_v2-lr-full-features-s42,lendingclub_v2,lr,full_features,total_cu_tl_per_total_acc,1.2200159044819727,high,authenticated_saved_feature_psi,False
fbv1-003-lendingclub_v2-lr-full-features-s42,lendingclub_v2,lr,full_features,total_cu_tl,1.1357340652498045,high,authenticated_saved_feature_psi,False
fbv1-003-lendingclub_v2-lr-full-features-s42,lendingclub_v2,lr,full_features,open_act_il_per_credit_history_year,1.092470449651445,high,authenticated_saved_feature_psi,False
fbv1-003-lendingclub_v2-lr-full-features-s42,lendingclub_v2,lr,full_features,mths_since_rcnt_il_inverse_recency,1.084258214148048,high,authenticated_saved_feature_psi,False
fbv1-003-lendingclub_v2-lr-full-features-s42,lendingclub_v2,lr,full_features,total_cu_tl_per_credit_history_year,1.0839946180393687,high,authenticated_saved_feature_psi,False
fbv1-003-lendingclub_v2-lr-full-features-s42,lendingclub_v2,lr,full_features,total_cu_tl_per_open_acc,1.0796348459237777,high,authenticated_saved_feature_psi,False
fbv1-003-lendingclub_v2-lr-full-features-s42,lendingclub_v2,lr,full_features,max_bal_bc_to_loan_amnt,1.0553859584426293,high,authenticated_saved_feature_psi,False
fbv1-003-lendingclub_v2-lr-full-features-s42,lendingclub_v2,lr,full_features,open_acc_6m,0.995680079574716,high,authenticated_saved_feature_psi,False
fbv1-003-lendingclub_v2-lr-full-features-s42,lendingclub_v2,lr,full_features,mths_since_rcnt_il,0.9731065495660232,high,authenticated_saved_feature_psi,False
fbv1-003-lendingclub_v2-lr-full-features-s42,lendingclub_v2,lr,full_features,total_bal_il_to_loan_amnt,0.9692534438622896,high,authenticated_saved_feature_psi,False
fbv1-003-lendingclub_v2-lr-full-features-s42,lendingclub_v2,lr,full_features,loan_to_total_balance_exposure_v2,0.5608281770033814,high,authenticated_saved_feature_psi,False
fbv1-003-lendingclub_v2-lr-full-features-s42,lendingclub_v2,lr,full_features,loan_to_total_balance,0.5608281770033814,high,authenticated_saved_feature_psi,False
fbv1-003-lendingclub_v2-lr-full-features-s42,lendingclub_v2,lr,full_features,utilization_pressure_x_fico,0.0568928633733591,low,authenticated_saved_feature_psi,False
fbv1-003-lendingclub_v2-lr-full-features-s42,lendingclub_v2,lr,full_features,utilization_pressure,0.0553316836549452,low,authenticated_saved_feature_psi,False
fbv1-003-lendingclub_v2-lr-full-features-s42,lendingclub_v2,lr,full_features,joint_dti_gap,0.0461469192141155,low,authenticated_saved_feature_psi,False
fbv1-003-lendingclub_v2-lr-full-features-s42,lendingclub_v2,lr,full_features,revol_util,0.0356972133447528,low,authenticated_saved_feature_psi,False
fbv1-003-lendingclub_v2-lr-full-features-s42,lendingclub_v2,lr,full_features,fico_adjusted_revol_util,0.0349972190445248,low,authenticated_saved_feature_psi,False
fbv1-003-lendingclub_v2-lr-full-features-s42,lendingclub_v2,lr,full_features,bc_util,0.0343709548946897,low,authenticated_saved_feature_psi,False
fbv1-003-lendingclub_v2-lr-full-features-s42,lendingclub_v2,lr,full_features,fico_adjusted_bc_util,0.033748856726277,low,authenticated_saved_feature_psi,False
fbv1-003-lendingclub_v2-lr-full-features-s42,lendingclub_v2,lr,full_features,total_bc_limit_per_bc_trade,0.0331218526874237,low,authenticated_saved_feature_psi,False
fbv1-003-lendingclub_v2-lr-full-features-s42,lendingclub_v2,lr,full_features,dti_adjusted_revol_util,0.0329953256295719,low,authenticated_saved_feature_psi,False
fbv1-003-lendingclub_v2-lr-full-features-s42,lendingclub_v2,lr,full_features,percent_bc_gt_75,0.0323577278519161,low,authenticated_saved_feature_psi,False
fbv1-003-lendingclub_v2-lr-full-features-s42,lendingclub_v2,lr,full_features,bc_open_to_buy_share,0.0323347568288838,low,authenticated_saved_feature_psi,False
fbv1-003-lendingclub_v2-lr-full-features-s42,lendingclub_v2,lr,full_features,dti_adjusted_bc_util,0.031662288870908,low,authenticated_saved_feature_psi,False
fbv1-003-lendingclub_v2-lr-full-features-s42,lendingclub_v2,lr,full_features,bc_open_to_buy_to_loan_amnt,0.0300417526253424,low,authenticated_saved_feature_psi,False
fbv1-003-lendingclub_v2-lr-full-features-s42,lendingclub_v2,lr,full_features,num_bc_sats_share,0.0297555565093642,low,authenticated_saved_feature_psi,False
fbv1-003-lendingclub_v2-lr-full-features-s42,lendingclub_v2,lr,full_features,dti_joint,0.0287749357160018,low,authenticated_saved_feature_psi,False
fbv1-003-lendingclub_v2-lr-full-features-s42,lendingclub_v2,lr,full_features,acc_open_past_24mths_per_total_acc,0.0279079751277425,low,authenticated_saved_feature_psi,False
fbv1-003-lendingclub_v2-lr-full-features-s42,lendingclub_v2,lr,full_features,acc_open_past_24mths_share,0.0279079751277425,low,authenticated_saved_feature_psi,False
fbv1-003-lendingclub_v2-lr-full-features-s42,lendingclub_v2,lr,full_features,annual_inc_joint,0.025773255024493,low,authenticated_saved_feature_psi,False
fbv1-003-lendingclub_v2-lr-full-features-s42,lendingclub_v2,lr,full_features,sqrt_bc_open_to_buy,0.025393749974607,low,authenticated_saved_feature_psi,False
fbv1-003-lendingclub_v2-lr-full-features-s42,lendingclub_v2,lr,full_features,bc_open_to_buy,0.0253575971120948,low,authenticated_saved_feature_psi,False
fbv1-003-lendingclub_v2-lr-full-features-s42,lendingclub_v2,lr,full_features,log_bc_open_to_buy,0.0252573306164931,low,authenticated_saved_feature_psi,False
fbv1-003-lendingclub_v2-lr-full-features-s42,lendingclub_v2,lr,full_features,total_rev_hi_lim_per_rev_trade,0.024729906261139,low,authenticated_saved_feature_psi,False
fbv1-003-lendingclub_v2-lr-full-features-s42,lendingclub_v2,lr,full_features,num_rev_accts_per_open_acc,0.0235245122289264,low,authenticated_saved_feature_psi,False
fbv1-003-lendingclub_v2-lr-full-features-s42,lendingclub_v2,lr,full_features,num_bc_tl_per_open_acc,0.0231184925166589,low,authenticated_saved_feature_psi,False
fbv1-003-lendingclub_v2-lr-full-features-s42,lendingclub_v2,lr,full_features,mo_sin_old_rev_tl_op_inverse_recency,0.0194064184247975,low,authenticated_saved_feature_psi,False
fbv1-003-lendingclub_v2-lr-full-features-s42,lendingclub_v2,lr,full_features,revolving_capacity_gap,0.0192982810882949,low,authenticated_saved_feature_psi,False
fbv1-003-lendingclub_v2-lr-full-features-s42,lendingclub_v2,lr,full_features,bc_open_to_buy_to_income,0.0185713716497839,low,authenticated_saved_feature_psi,False
fbv1-003-lendingclub_v2-lr-full-features-s42,lendingclub_v2,lr,full_features,loan_to_total_limit,0.0182069582098285,low,authenticated_saved_feature_psi,False
fbv1-003-lendingclub_v2-lr-full-features-s42,lendingclub_v2,lr,full_features,loan_to_total_credit_limit_v2,0.0182069582098285,low,authenticated_saved_feature_psi,False
fbv1-003-lendingclub_v2-lr-full-features-s42,lendingclub_v2,lr,full_features,num_tl_op_past_12m_per_total_acc,0.0181952060772152,low,authenticated_saved_feature_psi,False
fbv1-003-lendingclub_v2-lr-full-features-s42,lendingclub_v2,lr,full_features,num_tl_op_past_12m_share,0.0181952060772152,low,authenticated_saved_feature_psi,False
fbv1-003-lendingclub_v2-lr-full-features-s42,lendingclub_v2,lr,full_features,mo_sin_old_rev_tl_op,0.0180084623296454,low,authenticated_saved_feature_psi,False
fbv1-003-lendingclub_v2-lr-full-features-s42,lendingclub_v2,lr,full_features,term_x_loan_to_income,0.0169743018807053,low,authenticated_saved_feature_psi,False
fbv1-003-lendingclub_v2-lr-full-features-s42,lendingclub_v2,lr,full_features,log_num_bc_tl,0.0162961416082937,low,authenticated_saved_feature_psi,False
fbv1-003-lendingclub_v2-lr-full-features-s42,lendingclub_v2,lr,full_features,num_bc_tl,0.0162961416082937,low,authenticated_saved_feature_psi,False
fbv1-003-lendingclub_v2-lr-full-features-s42,lendingclub_v2,lr,full_features,acc_open_past_24mths_per_open_acc,0.0161825974011042,low,authenticated_saved_feature_psi,False
fbv1-003-lendingclub_v2-lr-full-features-s42,lendingclub_v2,lr,full_features,revol_bal_to_income,0.0161254898311907,low,authenticated_saved_feature_psi,False
fbv1-003-lendingclub_v2-lr-full-features-s42,lendingclub_v2,lr,full_features,num_tl_op_past_12m,0.0157202468814718,low,authenticated_saved_feature_psi,False
fbv1-003-lendingclub_v2-lr-full-features-s42,lendingclub_v2,lr,full_features,log_num_tl_op_past_12m,0.0157202468814718,low,authenticated_saved_feature_psi,False
fbv1-003-lendingclub_v2-lr-full-features-s42,lendingclub_v2,lr,full_features,dti_x_revol_util,0.015628565883268,low,authenticated_saved_feature_psi,False
fbv1-003-lendingclub_v2-lr-full-features-s42,lendingclub_v2,lr,full_features,dti_x_bc_util,0.0154729477779661,low,authenticated_saved_feature_psi,False
fbv1-003-lendingclub_v2-lr-full-features-s42,lendingclub_v2,lr,full_features,acc_open_past_24mths,0.0150282310414455,low,authenticated_saved_feature_psi,False
fbv1-003-lendingclub_v2-lr-full-features-s42,lendingclub_v2,lr,full_features,log_acc_open_past_24mths,0.0150282310414455,low,authenticated_saved_feature_psi,False
fbv1-003-lendingclub_v2-lr-full-features-s42,lendingclub_v2,lr,full_features,total_rev_hi_lim_to_loan_amnt,0.0144625700611583,low,authenticated_saved_feature_psi,False
fbv1-003-lendingclub_v2-lr-full-features-s42,lendingclub_v2,lr,full_features,revol_balance_to_total_balance,0.0144494053075725,low,authenticated_saved_feature_psi,False
fbv1-003-lendingclub_v2-lr-full-features-s42,lendingclub_v2,lr,full_features,loan_to_income,0.012637828456172,low,authenticated_saved_feature_psi,False
fbv1-003-lendingclub_v2-lr-full-features-s42,lendingclub_v2,lr,full_features,loan_amnt_to_income,0.012637828456172,low,authenticated_saved_feature_psi,False
fbv1-003-lendingclub_v2-lr-full-features-s42,lendingclub_v2,lr,full_features,acc_open_past_24mths_per_credit_history_year,0.012607140849712,low,authenticated_saved_feature_psi,False
fbv1-003-lendingclub_v2-lr-full-features-s42,lendingclub_v2,lr,full_features,total_bc_limit_to_loan_amnt,0.0125781853725098,low,authenticated_saved_feature_psi,False
fbv1-003-lendingclub_v2-lr-full-features-s42,lendingclub_v2,lr,full_features,revol_bal_to_loan_amnt,0.0125548411206933,low,authenticated_saved_feature_psi,False
fbv1-003-lendingclub_v2-lr-full-features-s42,lendingclub_v2,lr,full_features,log_num_rev_accts,0.0121097794498606,low,authenticated_saved_feature_psi,False
fbv1-003-lendingclub_v2-lr-full-features-s42,lendingclub_v2,lr,full_features,num_rev_accts,0.0121097794498606,low,authenticated_saved_feature_psi,False
fbv1-003-lendingclub_v2-lr-full-features-s42,lendingclub_v2,lr,full_features,loan_to_income_x_fico,0.0117929456525409,low,authenticated_saved_feature_psi,False
fbv1-003-lendingclub_v2-lr-full-features-s42,lendingclub_v2,lr,full_features,total_il_high_credit_limit_to_loan_amnt,0.011411141398251,low,authenticated_saved_feature_psi,False
fbv1-003-lendingclub_v2-lr-full-features-s42,lendingclub_v2,lr,full_features,num_rev_tl_bal_gt_0_per_open_acc,0.0109691660627592,low,authenticated_saved_feature_psi,False
fbv1-003-lendingclub_v2-lr-full-features-s42,lendingclub_v2,lr,full_features,num_tl_op_past_12m_per_credit_history_year,0.0109234944910251,low,authenticated_saved_feature_psi,False
fbv1-003-lendingclub_v2-lr-full-features-s42,lendingclub_v2,lr,full_features,num_bc_tl_per_credit_history_year,0.010638345046513,low,authenticated_saved_feature_psi,False
fbv1-003-lendingclub_v2-lr-full-features-s42,lendingclub_v2,lr,full_features,num_sats_share,0.010061066281006,low,authenticated_saved_feature_psi,False
fbv1-003-lendingclub_v2-lr-full-features-s42,lendingclub_v2,lr,full_features,num_sats_per_total_acc,0.010061066281006,low,authenticated_saved_feature_psi,False
fbv1-003-lendingclub_v2-lr-full-features-s42,lendingclub_v2,lr,full_features,num_actv_rev_tl_per_open_acc,0.0100571984105725,low,authenticated_saved_feature_psi,False
fbv1-003-lendingclub_v2-lr-full-features-s42,lendingclub_v2,lr,full_features,num_tl_op_past_12m_per_open_acc,0.0099072494608014,low,authenticated_saved_feature_psi,False
fbv1-003-lendingclub_v2-lr-full-features-s42,lendingclub_v2,lr,full_features,sqrt_loan_amnt,0.0097776514225326,low,authenticated_saved_feature_psi,False
fbv1-003-lendingclub_v2-lr-full-features-s42,lendingclub_v2,lr,full_features,log_loan_amnt,0.0097776514225326,low,authenticated_saved_feature_psi,False
fbv1-003-lendingclub_v2-lr-full-features-s42,lendingclub_v2,lr,full_features,loan_amnt,0.0097776514225326,low,authenticated_saved_feature_psi,False
fbv1-003-lendingclub_v2-lr-full-features-s42,lendingclub_v2,lr,full_features,num_il_tl_per_total_acc,0.0094373161942813,low,authenticated_saved_feature_psi,False
fbv1-003-lendingclub_v2-lr-full-features-s42,lendingclub_v2,lr,full_features,mort_acc,0.0089969236985591,low,authenticated_saved_feature_psi,False
fbv1-003-lendingclub_v2-lr-full-features-s42,lendingclub_v2,lr,full_features,log_mort_acc,0.0089969236985591,low,authenticated_saved_feature_psi,False
fbv1-003-lendingclub_v2-lr-full-features-s42,lendingclub_v2,lr,full_features,fico_to_loan_amount,0.008848583888594,low,authenticated_saved_feature_psi,False
fbv1-003-lendingclub_v2-lr-full-features-s42,lendingclub_v2,lr,full_features,joint_income_to_single_income,0.0087466841698811,low,authenticated_saved_feature_psi,False
fbv1-003-lendingclub_v2-lr-full-features-s42,lendingclub_v2,lr,full_features,num_actv_rev_tl,0.0087279771451919,low,authenticated_saved_feature_psi,False
fbv1-003-lendingclub_v2-lr-full-features-s42,lendingclub_v2,lr,full_features,log_num_actv_rev_tl,0.0087279771451919,low,authenticated_saved_feature_psi,False
fbv1-003-lendingclub_v2-lr-full-features-s42,lendingclub_v2,lr,full_features,tot_hi_cred_lim_to_loan_amnt,0.008509045935386,low,authenticated_saved_feature_psi,False
fbv1-003-lendingclub_v2-lr-full-features-s42,lendingclub_v2,lr,full_features,num_rev_tl_bal_gt_0,0.0080820920153091,low,authenticated_saved_feature_psi,False
fbv1-003-lendingclub_v2-lr-full-features-s42,lendingclub_v2,lr,full_features,log_num_rev_tl_bal_gt_0,0.0080820920153091,low,authenticated_saved_feature_psi,False
fbv1-003-lendingclub_v2-lr-full-features-s42,lendingclub_v2,lr,full_features,revol_bal_per_open_acc,0.008027472429237,low,authenticated_saved_feature_psi,False
fbv1-003-lendingclub_v2-lr-full-features-s42,lendingclub_v2,lr,full_features,num_bc_tl_per_total_acc,0.0079410940301462,low,authenticated_saved_feature_psi,False
fbv1-003-lendingclub_v2-lr-full-features-s42,lendingclub_v2,lr,full_features,total_bal_ex_mort_to_loan_amnt,0.0078848535259375,low,authenticated_saved_feature_psi,False
fbv1-003-lendingclub_v2-lr-full-features-s42,lendingclub_v2,lr,full_features,sqrt_total_il_high_credit_limit,0.0077390187691243,low,authenticated_saved_feature_psi,False
fbv1-003-lendingclub_v2-lr-full-features-s42,lendingclub_v2,lr,full_features,total_il_high_credit_limit,0.0077390187691243,low,authenticated_saved_feature_psi,False
fbv1-003-lendingclub_v2-lr-full-features-s42,lendingclub_v2,lr,full_features,log_total_il_high_credit_limit,0.0077390187691243,low,authenticated_saved_feature_psi,False
fbv1-003-lendingclub_v2-lr-full-features-s42,lendingclub_v2,lr,full_features,mort_acc_per_open_acc,0.0077366828243769,low,authenticated_saved_feature_psi,False
fbv1-003-lendingclub_v2-lr-full-features-s42,lendingclub_v2,lr,full_features,mths_since_recent_bc,0.0076826190131517,low,authenticated_saved_feature_psi,False
fbv1-003-lendingclub_v2-lr-full-features-s42,lendingclub_v2,lr,full_features,mths_since_recent_bc_inverse_recency,0.0075325702151664,low,authenticated_saved_feature_psi,False
fbv1-003-lendingclub_v2-lr-full-features-s42,lendingclub_v2,lr,full_features,num_rev_accts_per_credit_history_year,0.0071454776713072,low,authenticated_saved_feature_psi,False
fbv1-003-lendingclub_v2-lr-full-features-s42,lendingclub_v2,lr,full_features,revol_bal,0.0070311167993492,low,authenticated_saved_feature_psi,False
fbv1-003-lendingclub_v2-lr-full-features-s42,lendingclub_v2,lr,full_features,log_revol_bal,0.0070311167993492,low,authenticated_saved_feature_psi,False
fbv1-003-lendingclub_v2-lr-full-features-s42,lendingclub_v2,lr,full_features,sqrt_revol_bal,0.0070311167993492,low,authenticated_saved_feature_psi,False
fbv1-003-lendingclub_v2-lr-full-features-s42,lendingclub_v2,lr,full_features,loan_per_open_acc,0.0058385376881864,low,authenticated_saved_feature_psi,False
fbv1-003-lendingclub_v2-lr-full-features-s42,lendingclub_v2,lr,full_features,mo_sin_old_il_acct_inverse_recency,0.0058301124338095,low,authenticated_saved_feature_psi,False
fbv1-003-lendingclub_v2-lr-full-features-s42,lendingclub_v2,lr,full_features,num_rev_accts_per_total_acc,0.0057342426312924,low,authenticated_saved_feature_psi,False
fbv1-003-lendingclub_v2-lr-full-features-s42,lendingclub_v2,lr,full_features,tot_cur_bal_to_loan_amnt,0.0055059435980842,low,authenticated_saved_feature_psi,False
fbv1-003-lendingclub_v2-lr-full-features-s42,lendingclub_v2,lr,full_features,sqrt_total_bc_limit,0.00516863796197,low,authenticated_saved_feature_psi,False
fbv1-003-lendingclub_v2-lr-full-features-s42,lendingclub_v2,lr,full_features,total_bc_limit,0.00516863796197,low,authenticated_saved_feature_psi,False
fbv1-003-lendingclub_v2-lr-full-features-s42,lendingclub_v2,lr,full_features,log_total_bc_limit,0.00516863796197,low,authenticated_saved_feature_psi,False
fbv1-003-lendingclub_v2-lr-full-features-s42,lendingclub_v2,lr,full_features,mort_acc_per_credit_history_year,0.0049627199310575,low,authenticated_saved_feature_psi,False
fbv1-003-lendingclub_v2-lr-full-features-s42,lendingclub_v2,lr,full_features,mort_balance_pressure,0.0049594005171296,low,authenticated_saved_feature_psi,False
fbv1-003-lendingclub_v2-lr-full-features-s42,lendingclub_v2,lr,full_features,fico_range_low,0.0049296297322064,low,authenticated_saved_feature_psi,False
fbv1-003-lendingclub_v2-lr-full-features-s42,lendingclub_v2,lr,full_features,fico_range_high,0.0049296297322064,low,authenticated_saved_feature_psi,False
fbv1-003-lendingclub_v2-lr-full-features-s42,lendingclub_v2,lr,full_features,fico_mean,0.0049296297322064,low,authenticated_saved_feature_psi,False
fbv1-003-lendingclub_v2-lr-full-features-s42,lendingclub_v2,lr,full_features,fico_midpoint_scaled,0.0049296297322064,low,authenticated_saved_feature_psi,False
fbv1-003-lendingclub_v2-lr-full-features-s42,lendingclub_v2,lr,full_features,log_total_acc,0.0048973890850011,low,authenticated_saved_feature_psi,False
fbv1-003-lendingclub_v2-lr-full-features-s42,lendingclub_v2,lr,full_features,total_acc,0.0048973890850011,low,authenticated_saved_feature_psi,False
fbv1-003-lendingclub_v2-lr-full-features-s42,lendingclub_v2,lr,full_features,log_annual_inc,0.0047716352058489,low,authenticated_saved_feature_psi,False
fbv1-003-lendingclub_v2-lr-full-features-s42,lendingclub_v2,lr,full_features,annual_inc,0.0047716352058489,low,authenticated_saved_feature_psi,False
fbv1-003-lendingclub_v2-lr-full-features-s42,lendingclub_v2,lr,full_features,sqrt_annual_inc,0.0047716352058489,low,authenticated_saved_feature_psi,False
fbv1-003-lendingclub_v2-lr-full-features-s42,lendingclub_v2,lr,full_features,bc_util_minus_revol_util,0.0047421439654987,low,authenticated_saved_feature_psi,False
fbv1-003-lendingclub_v2-lr-full-features-s42,lendingclub_v2,lr,full_features,loan_per_total_acc,0.0045203662352884,low,authenticated_saved_feature_psi,False
fbv1-003-lendingclub_v2-lr-full-features-s42,lendingclub_v2,lr,full_features,mo_sin_old_il_acct,0.0043505773229472,low,authenticated_saved_feature_psi,False
fbv1-003-lendingclub_v2-lr-full-features-s42,lendingclub_v2,lr,full_features,fico_to_income,0.0042076007958819,low,authenticated_saved_feature_psi,False
fbv1-003-lendingclub_v2-lr-full-features-s42,lendingclub_v2,lr,full_features,total_il_high_credit_limit_to_income,0.0041137682116963,low,authenticated_saved_feature_psi,False
fbv1-003-lendingclub_v2-lr-full-features-s42,lendingclub_v2,lr,full_features,num_actv_bc_tl,0.0040713221603109,low,authenticated_saved_feature_psi,False
fbv1-003-lendingclub_v2-lr-full-features-s42,lendingclub_v2,lr,full_features,log_num_actv_bc_tl,0.0040713221603109,low,authenticated_saved_feature_psi,False
fbv1-003-lendingclub_v2-lr-full-features-s42,lendingclub_v2,lr,full_features,avg_cur_bal_to_loan_amnt,0.0040595432235471,low,authenticated_saved_feature_psi,False
fbv1-003-lendingclub_v2-lr-full-features-s42,lendingclub_v2,lr,full_features,pub_rec_per_total_acc,0.0039875970796948,low,authenticated_saved_feature_psi,False
fbv1-003-lendingclub_v2-lr-full-features-s42,lendingclub_v2,lr,full_features,inq_6m_per_open_acc,0.0038934844237012,low,authenticated_saved_feature_psi,False
fbv1-003-lendingclub_v2-lr-full-features-s42,lendingclub_v2,lr,full_features,inq_last_6mths_per_open_acc,0.0038934844237012,low,authenticated_saved_feature_psi,False
fbv1-003-lendingclub_v2-lr-full-features-s42,lendingclub_v2,lr,full_features,emp_length_years,0.0038835812682362,low,authenticated_saved_feature_psi,False
fbv1-003-lendingclub_v2-lr-full-features-s42,lendingclub_v2,lr,full_features,mths_since_last_record_inverse_recency,0.0038466574338408,low,authenticated_saved_feature_psi,False
fbv1-003-lendingclub_v2-lr-full-features-s42,lendingclub_v2,lr,full_features,avg_cur_bal_gap,0.0037936788178974,low,authenticated_saved_feature_psi,False
fbv1-003-lendingclub_v2-lr-full-features-s42,lendingclub_v2,lr,full_features,num_actv_rev_tl_per_credit_history_year,0.0037138842956727,low,authenticated_saved_feature_psi,False
fbv1-003-lendingclub_v2-lr-full-features-s42,lendingclub_v2,lr,full_features,tot_hi_cred_lim,0.0035504992817773,low,authenticated_saved_feature_psi,False
fbv1-003-lendingclub_v2-lr-full-features-s42,lendingclub_v2,lr,full_features,sqrt_tot_hi_cred_lim,0.0035504992817773,low,authenticated_saved_feature_psi,False
fbv1-003-lendingclub_v2-lr-full-features-s42,lendingclub_v2,lr,full_features,log_tot_hi_cred_lim,0.0035504992817773,low,authenticated_saved_feature_psi,False
fbv1-003-lendingclub_v2-lr-full-features-s42,lendingclub_v2,lr,full_features,mths_since_last_record,0.0035339671439441,low,authenticated_saved_feature_psi,False
fbv1-003-lendingclub_v2-lr-full-features-s42,lendingclub_v2,lr,full_features,mo_sin_rcnt_tl,0.0034814789653521,low,authenticated_saved_feature_psi,False
fbv1-003-lendingclub_v2-lr-full-features-s42,lendingclub_v2,lr,full_features,total_rev_hi_lim,0.0033725989013845,low,authenticated_saved_feature_psi,False
fbv1-003-lendingclub_v2-lr-full-features-s42,lendingclub_v2,lr,full_features,sqrt_total_rev_hi_lim,0.0033725989013845,low,authenticated_saved_feature_psi,False
fbv1-003-lendingclub_v2-lr-full-features-s42,lendingclub_v2,lr,full_features,log_total_rev_hi_lim,0.0033725989013845,low,authenticated_saved_feature_psi,False
fbv1-003-lendingclub_v2-lr-full-features-s42,lendingclub_v2,lr,full_features,pub_rec_per_credit_history_year,0.0033415157986334,low,authenticated_saved_feature_psi,False
fbv1-003-lendingclub_v2-lr-full-features-s42,lendingclub_v2,lr,full_features,num_rev_tl_bal_gt_0_per_credit_history_year,0.0033074873058379,low,authenticated_saved_feature_psi,False
fbv1-003-lendingclub_v2-lr-full-features-s42,lendingclub_v2,lr,full_features,active_revolving_share,0.0031851853363491,low,authenticated_saved_feature_psi,False
fbv1-003-lendingclub_v2-lr-full-features-s42,lendingclub_v2,lr,full_features,credit_history_years,0.003153712263205,low,authenticated_saved_feature_psi,False
fbv1-003-lendingclub_v2-lr-full-features-s42,lendingclub_v2,lr,full_features,credit_history_months,0.003153712263205,low,authenticated_saved_feature_psi,False
fbv1-003-lendingclub_v2-lr-full-features-s42,lendingclub_v2,lr,full_features,mo_sin_rcnt_tl_inverse_recency,0.003149492320817,low,authenticated_saved_feature_psi,False
fbv1-003-lendingclub_v2-lr-full-features-s42,lendingclub_v2,lr,full_features,num_op_rev_tl_per_open_acc,0.0031011753486763,low,authenticated_saved_feature_psi,False
fbv1-003-lendingclub_v2-lr-full-features-s42,lendingclub_v2,lr,full_features,log_inq_last_6mths,0.0030473212531175,low,authenticated_saved_feature_psi,False
fbv1-003-lendingclub_v2-lr-full-features-s42,lendingclub_v2,lr,full_features,inq_last_6mths,0.0030473212531175,low,authenticated_saved_feature_psi,False
fbv1-003-lendingclub_v2-lr-full-features-s42,lendingclub_v2,lr,full_features,balance_to_high_credit_limit,0.0029630799019905,low,authenticated_saved_feature_psi,False
fbv1-003-lendingclub_v2-lr-full-features-s42,lendingclub_v2,lr,full_features,num_bc_sats_per_total_acc,0.0029519359820162,low,authenticated_saved_feature_psi,False
fbv1-003-lendingclub_v2-lr-full-features-s42,lendingclub_v2,lr,full_features,num_actv_bc_tl_per_open_acc,0.0028041464695702,low,authenticated_saved_feature_psi,False
fbv1-003-lendingclub_v2-lr-full-features-s42,lendingclub_v2,lr,full_features,tot_coll_amt_to_loan_amnt,0.0028024514497356,low,authenticated_saved_feature_psi,False
fbv1-003-lendingclub_v2-lr-full-features-s42,lendingclub_v2,lr,full_features,pub_rec_bankruptcies_per_total_acc,0.0027525004039412,low,authenticated_saved_feature_psi,False
fbv1-003-lendingclub_v2-lr-full-features-s42,lendingclub_v2,lr,full_features,sqrt_total_bal_ex_mort,0.0026893644407172,low,authenticated_saved_feature_psi,False
fbv1-003-lendingclub_v2-lr-full-features-s42,lendingclub_v2,lr,full_features,total_bal_ex_mort,0.0026893644407172,low,authenticated_saved_feature_psi,False
fbv1-003-lendingclub_v2-lr-full-features-s42,lendingclub_v2,lr,full_features,log_total_bal_ex_mort,0.0026893644407172,low,authenticated_saved_feature_psi,False
fbv1-003-lendingclub_v2-lr-full-features-s42,lendingclub_v2,lr,full_features,log_tot_coll_amt,0.0026665933843632,low,authenticated_saved_feature_psi,False
fbv1-003-lendingclub_v2-lr-full-features-s42,lendingclub_v2,lr,full_features,tot_coll_amt,0.0026665933843632,low,authenticated_saved_feature_psi,False
fbv1-003-lendingclub_v2-lr-full-features-s42,lendingclub_v2,lr,full_features,sqrt_tot_coll_amt,0.0026665933843632,low,authenticated_saved_feature_psi,False
fbv1-003-lendingclub_v2-lr-full-features-s42,lendingclub_v2,lr,full_features,revol_bal_per_total_acc,0.0026417509588752,low,authenticated_saved_feature_psi,False
fbv1-003-lendingclub_v2-lr-full-features-s42,lendingclub_v2,lr,full_features,credit_history_years_x_fico,0.0026105148671702,low,authenticated_saved_feature_psi,False
fbv1-003-lendingclub_v2-lr-full-features-s42,lendingclub_v2,lr,full_features,num_op_rev_tl_per_total_acc,0.0025483523122838,low,authenticated_saved_feature_psi,False
fbv1-003-lendingclub_v2-lr-full-features-s42,lendingclub_v2,lr,full_features,open_revolving_share,0.0025483523122838,low,authenticated_saved_feature_psi,False
fbv1-003-lendingclub_v2-lr-full-features-s42,lendingclub_v2,lr,full_features,log_num_op_rev_tl,0.0025380381731271,low,authenticated_saved_feature_psi,False
fbv1-003-lendingclub_v2-lr-full-features-s42,lendingclub_v2,lr,full_features,num_op_rev_tl,0.0025380381731271,low,authenticated_saved_feature_psi,False
fbv1-003-lendingclub_v2-lr-full-features-s42,lendingclub_v2,lr,full_features,mort_acc_per_total_acc,0.0025307180140165,low,authenticated_saved_feature_psi,False
fbv1-003-lendingclub_v2-lr-full-features-s42,lendingclub_v2,lr,full_features,num_il_tl_per_credit_history_year,0.0025249217334614,low,authenticated_saved_feature_psi,False
fbv1-003-lendingclub_v2-lr-full-features-s42,lendingclub_v2,lr,full_features,total_bal_ex_mort_per_open_acc,0.0023982528931362,low,authenticated_saved_feature_psi,False
fbv1-003-lendingclub_v2-lr-full-features-s42,lendingclub_v2,lr,full_features,tot_coll_amt_to_income,0.002265097914448,low,authenticated_saved_feature_psi,False
fbv1-003-lendingclub_v2-lr-full-features-s42,lendingclub_v2,lr,full_features,inq_last_6mths_per_credit_history_year,0.0021808294486372,low,authenticated_saved_feature_psi,False
fbv1-003-lendingclub_v2-lr-full-features-s42,lendingclub_v2,lr,full_features,log_num_bc_sats,0.0021531022737606,low,authenticated_saved_feature_psi,False
fbv1-003-lendingclub_v2-lr-full-features-s42,lendingclub_v2,lr,full_features,num_bc_sats,0.0021531022737606,low,authenticated_saved_feature_psi,False
fbv1-003-lendingclub_v2-lr-full-features-s42,lendingclub_v2,lr,full_features,inq_last_6mths_per_total_acc,0.0020089871871638,low,authenticated_saved_feature_psi,False
fbv1-003-lendingclub_v2-lr-full-features-s42,lendingclub_v2,lr,full_features,num_bc_sats_per_credit_history_year,0.0019706311359598,low,authenticated_saved_feature_psi,False
fbv1-003-lendingclub_v2-lr-full-features-s42,lendingclub_v2,lr,full_features,total_bc_limit_to_total_rev_limit,0.0018377852413551,low,authenticated_saved_feature_psi,False
fbv1-003-lendingclub_v2-lr-full-features-s42,lendingclub_v2,lr,full_features,mths_since_recent_bc_dlq,0.0018330716038248,low,authenticated_saved_feature_psi,False
fbv1-003-lendingclub_v2-lr-full-features-s42,lendingclub_v2,lr,full_features,credit_lines_per_history_year,0.0018111147487434,low,authenticated_saved_feature_psi,False
fbv1-003-lendingclub_v2-lr-full-features-s42,lendingclub_v2,lr,full_features,pub_rec_bankruptcies_per_credit_history_year,0.0017691523896625,low,authenticated_saved_feature_psi,False
fbv1-003-lendingclub_v2-lr-full-features-s42,lendingclub_v2,lr,full_features,mo_sin_rcnt_rev_tl_op_inverse_recency,0.0017425463736665,low,authenticated_saved_feature_psi,False
fbv1-003-lendingclub_v2-lr-full-features-s42,lendingclub_v2,lr,full_features,mths_since_recent_bc_dlq_inverse_recency,0.0017172120025017,low,authenticated_saved_feature_psi,False
fbv1-003-lendingclub_v2-lr-full-features-s42,lendingclub_v2,lr,full_features,num_actv_rev_tl_per_total_acc,0.001711952551506,low,authenticated_saved_feature_psi,False
fbv1-003-lendingclub_v2-lr-full-features-s42,lendingclub_v2,lr,full_features,mo_sin_rcnt_rev_tl_op,0.0016833057298966,low,authenticated_saved_feature_psi,False
fbv1-003-lendingclub_v2-lr-full-features-s42,lendingclub_v2,lr,full_features,num_il_tl_per_open_acc,0.0016086891079667,low,authenticated_saved_feature_psi,False
fbv1-003-lendingclub_v2-lr-full-features-s42,lendingclub_v2,lr,full_features,open_acc,0.0015913971222238,low,authenticated_saved_feature_psi,False
fbv1-003-lendingclub_v2-lr-full-features-s42,lendingclub_v2,lr,full_features,log_open_acc,0.0015913971222238,low,authenticated_saved_feature_psi,False
fbv1-003-lendingclub_v2-lr-full-features-s42,lendingclub_v2,lr,full_features,mths_since_recent_inq_inverse_recency,0.0014022136353445,low,authenticated_saved_feature_psi,False
fbv1-003-lendingclub_v2-lr-full-features-s42,lendingclub_v2,lr,full_features,mths_since_recent_inq,0.0014005439488032,low,authenticated_saved_feature_psi,False
fbv1-003-lendingclub_v2-lr-full-features-s42,lendingclub_v2,lr,full_features,num_actv_bc_tl_per_credit_history_year,0.0013996768989798,low,authenticated_saved_feature_psi,False
fbv1-003-lendingclub_v2-lr-full-features-s42,lendingclub_v2,lr,full_features,num_sats,0.0013880602442324,low,authenticated_saved_feature_psi,False
fbv1-003-lendingclub_v2-lr-full-features-s42,lendingclub_v2,lr,full_features,log_num_sats,0.0013880602442324,low,authenticated_saved_feature_psi,False
fbv1-003-lendingclub_v2-lr-full-features-s42,lendingclub_v2,lr,full_features,num_rev_tl_bal_gt_0_per_total_acc,0.0013497796381168,low,authenticated_saved_feature_psi,False
fbv1-003-lendingclub_v2-lr-full-features-s42,lendingclub_v2,lr,full_features,num_accts_ever_120_pd_per_total_acc,0.0012720245800121,low,authenticated_saved_feature_psi,False
fbv1-003-lendingclub_v2-lr-full-features-s42,lendingclub_v2,lr,full_features,log_num_il_tl,0.0012544425327216,low,authenticated_saved_feature_psi,False
fbv1-003-lendingclub_v2-lr-full-features-s42,lendingclub_v2,lr,full_features,num_il_tl,0.0012544425327216,low,authenticated_saved_feature_psi,False
fbv1-003-lendingclub_v2-lr-full-features-s42,lendingclub_v2,lr,full_features,total_bc_limit_to_income,0.0012010605233133,low,authenticated_saved_feature_psi,False
fbv1-003-lendingclub_v2-lr-full-features-s42,lendingclub_v2,lr,full_features,log_tot_cur_bal,0.0011712008042223,low,authenticated_saved_feature_psi,False
fbv1-003-lendingclub_v2-lr-full-features-s42,lendingclub_v2,lr,full_features,sqrt_tot_cur_bal,0.0011712008042223,low,authenticated_saved_feature_psi,False
fbv1-003-lendingclub_v2-lr-full-features-s42,lendingclub_v2,lr,full_features,tot_cur_bal,0.0011712008042223,low,authenticated_saved_feature_psi,False
fbv1-003-lendingclub_v2-lr-full-features-s42,lendingclub_v2,lr,full_features,num_op_rev_tl_per_credit_history_year,0.0011330465106048,low,authenticated_saved_feature_psi,False
fbv1-003-lendingclub_v2-lr-full-features-s42,lendingclub_v2,lr,full_features,delinquency_pressure_x_fico,0.001112581593324,low,authenticated_saved_feature_psi,False
fbv1-003-lendingclub_v2-lr-full-features-s42,lendingclub_v2,lr,full_features,dti,0.0010873667543974,low,authenticated_saved_feature_psi,False
fbv1-003-lendingclub_v2-lr-full-features-s42,lendingclub_v2,lr,full_features,num_sats_per_credit_history_year,0.0010131709166709,low,authenticated_saved_feature_psi,False
fbv1-003-lendingclub_v2-lr-full-features-s42,lendingclub_v2,lr,full_features,mths_since_recent_revol_delinq,0.0009621512423139,low,authenticated_saved_feature_psi,False
fbv1-003-lendingclub_v2-lr-full-features-s42,lendingclub_v2,lr,full_features,tot_cur_bal_per_open_acc,0.0009588711937979,low,authenticated_saved_feature_psi,False
fbv1-003-lendingclub_v2-lr-full-features-s42,lendingclub_v2,lr,full_features,pub_rec,0.0009209827650938,low,authenticated_saved_feature_psi,False
fbv1-003-lendingclub_v2-lr-full-features-s42,lendingclub_v2,lr,full_features,log_pub_rec,0.0009209827650938,low,authenticated_saved_feature_psi,False
fbv1-003-lendingclub_v2-lr-full-features-s42,lendingclub_v2,lr,full_features,mths_since_recent_revol_delinq_inverse_recency,0.0009071429172711,low,authenticated_saved_feature_psi,False
fbv1-003-lendingclub_v2-lr-full-features-s42,lendingclub_v2,lr,full_features,tot_hi_cred_lim_to_income,0.0008391429038122,low,authenticated_saved_feature_psi,False
fbv1-003-lendingclub_v2-lr-full-features-s42,lendingclub_v2,lr,full_features,num_actv_bc_tl_per_total_acc,0.0008019354291025,low,authenticated_saved_feature_psi,False
fbv1-003-lendingclub_v2-lr-full-features-s42,lendingclub_v2,lr,full_features,bankruptcy_or_pubrec_count,0.0007646360387441,low,authenticated_saved_feature_psi,False
fbv1-003-lendingclub_v2-lr-full-features-s42,lendingclub_v2,lr,full_features,log_avg_cur_bal,0.0006622956085569,low,authenticated_saved_feature_psi,False
fbv1-003-lendingclub_v2-lr-full-features-s42,lendingclub_v2,lr,full_features,sqrt_avg_cur_bal,0.0006622956085569,low,authenticated_saved_feature_psi,False
fbv1-003-lendingclub_v2-lr-full-features-s42,lendingclub_v2,lr,full_features,avg_cur_bal,0.0006621825691064,low,authenticated_saved_feature_psi,False
fbv1-003-lendingclub_v2-lr-full-features-s42,lendingclub_v2,lr,full_features,pub_rec_per_open_acc,0.0006468317931445,low,authenticated_saved_feature_psi,False
fbv1-003-lendingclub_v2-lr-full-features-s42,lendingclub_v2,lr,full_features,total_rev_hi_lim_to_income,0.000559108487219,low,authenticated_saved_feature_psi,False
fbv1-003-lendingclub_v2-lr-full-features-s42,lendingclub_v2,lr,full_features,mths_since_last_delinq_inverse_recency,0.0005434050844783,low,authenticated_saved_feature_psi,False
fbv1-003-lendingclub_v2-lr-full-features-s42,lendingclub_v2,lr,full_features,pct_tl_nvr_dlq,0.0005200270077555,low,authenticated_saved_feature_psi,False
fbv1-003-lendingclub_v2-lr-full-features-s42,lendingclub_v2,lr,full_features,num_accts_ever_120_pd_per_credit_history_year,0.0005053681810341,low,authenticated_saved_feature_psi,False
fbv1-003-lendingclub_v2-lr-full-features-s42,lendingclub_v2,lr,full_features,total_bal_ex_mort_to_income,0.0004342701468031,low,authenticated_saved_feature_psi,False
fbv1-003-lendingclub_v2-lr-full-features-s42,lendingclub_v2,lr,full_features,mths_since_last_major_derog,0.0004217433429665,low,authenticated_saved_feature_psi,False
fbv1-003-lendingclub_v2-lr-full-features-s42,lendingclub_v2,lr,full_features,delinq_2yrs_per_total_acc,0.0004194947011821,low,authenticated_saved_feature_psi,False
fbv1-003-lendingclub_v2-lr-full-features-s42,lendingclub_v2,lr,full_features,log_pub_rec_bankruptcies,0.0004147592192819,low,authenticated_saved_feature_psi,False
fbv1-003-lendingclub_v2-lr-full-features-s42,lendingclub_v2,lr,full_features,pub_rec_bankruptcies,0.0004147592192819,low,authenticated_saved_feature_psi,False
fbv1-003-lendingclub_v2-lr-full-features-s42,lendingclub_v2,lr,full_features,mths_since_last_delinq,0.0004066007401441,low,authenticated_saved_feature_psi,False
fbv1-003-lendingclub_v2-lr-full-features-s42,lendingclub_v2,lr,full_features,avg_cur_bal_to_income,0.0003565823639273,low,authenticated_saved_feature_psi,False
fbv1-003-lendingclub_v2-lr-full-features-s42,lendingclub_v2,lr,full_features,pub_rec_bankruptcies_per_open_acc,0.000316934422455,low,authenticated_saved_feature_psi,False
fbv1-003-lendingclub_v2-lr-full-features-s42,lendingclub_v2,lr,full_features,mths_since_last_major_derog_inverse_recency,0.0003113644529255,low,authenticated_saved_feature_psi,False
fbv1-003-lendingclub_v2-lr-full-features-s42,lendingclub_v2,lr,full_features,tot_cur_bal_to_income,0.0002995888425283,low,authenticated_saved_feature_psi,False
fbv1-003-lendingclub_v2-lr-full-features-s42,lendingclub_v2,lr,full_features,num_accts_ever_120_pd,0.0002570407099438,low,authenticated_saved_feature_psi,False
fbv1-003-lendingclub_v2-lr-full-features-s42,lendingclub_v2,lr,full_features,log_num_accts_ever_120_pd,0.0002570407099438,low,authenticated_saved_feature_psi,False
fbv1-003-lendingclub_v2-lr-full-features-s42,lendingclub_v2,lr,full_features,num_accts_ever_120_pd_per_open_acc,0.0002264192310918,low,authenticated_saved_feature_psi,False
fbv1-003-lendingclub_v2-lr-full-features-s42,lendingclub_v2,lr,full_features,delinq_2yrs_per_credit_history_year,0.0002243810248943,low,authenticated_saved_feature_psi,False
fbv1-003-lendingclub_v2-lr-full-features-s42,lendingclub_v2,lr,full_features,num_bc_sats_per_open_acc,0.0001822684794079,low,authenticated_saved_feature_psi,False
fbv1-003-lendingclub_v2-lr-full-features-s42,lendingclub_v2,lr,full_features,severe_delinquency_count,7.808620404250281e-05,low,authenticated_saved_feature_psi,False
fbv1-003-lendingclub_v2-lr-full-features-s42,lendingclub_v2,lr,full_features,delinquency_pressure,6.335646811244138e-05,low,authenticated_saved_feature_psi,False
fbv1-003-lendingclub_v2-lr-full-features-s42,lendingclub_v2,lr,full_features,delinq_2yrs,2.6530528467660595e-06,low,authenticated_saved_feature_psi,False
fbv1-003-lendingclub_v2-lr-full-features-s42,lendingclub_v2,lr,full_features,log_delinq_2yrs,2.6530528467660595e-06,low,authenticated_saved_feature_psi,False
fbv1-003-lendingclub_v2-lr-full-features-s42,lendingclub_v2,lr,full_features,delinq_2yrs_per_open_acc,8.226761155912653e-07,low,authenticated_saved_feature_psi,False
fbv1-003-lendingclub_v2-lr-full-features-s42,lendingclub_v2,lr,full_features,verification_status_Source Verified,0.0,low,authenticated_saved_feature_psi,False
fbv1-003-lendingclub_v2-lr-full-features-s42,lendingclub_v2,lr,full_features,verification_status_Not Verified,0.0,low,authenticated_saved_feature_psi,False
fbv1-003-lendingclub_v2-lr-full-features-s42,lendingclub_v2,lr,full_features,verification_group_x_loan_to_income_band_infrequent_sklearn,0.0,low,authenticated_saved_feature_psi,False
fbv1-003-lendingclub_v2-lr-full-features-s42,lendingclub_v2,lr,full_features,verification_group_x_loan_to_income_band_verified__very_high,0.0,low,authenticated_saved_feature_psi,False
fbv1-003-lendingclub_v2-lr-full-features-s42,lendingclub_v2,lr,full_features,verification_group_x_loan_to_income_band_verified__moderate,0.0,low,authenticated_saved_feature_psi,False
fbv1-003-lendingclub_v2-lr-full-features-s42,lendingclub_v2,lr,full_features,verification_group_x_loan_to_income_band_verified__high,0.0,low,authenticated_saved_feature_psi,False
fbv1-003-lendingclub_v2-lr-full-features-s42,lendingclub_v2,lr,full_features,verification_group_x_loan_to_income_band_verified__extreme,0.0,low,authenticated_saved_feature_psi,False
fbv1-003-lendingclub_v2-lr-full-features-s42,lendingclub_v2,lr,full_features,utilization_pressure_band_high,0.0,low,authenticated_saved_feature_psi,False
fbv1-003-lendingclub_v2-lr-full-features-s42,lendingclub_v2,lr,full_features,utilization_pressure_band_extreme,0.0,low,authenticated_saved_feature_psi,False
fbv1-003-lendingclub_v2-lr-full-features-s42,lendingclub_v2,lr,full_features,utilization_pressure_band_Missing,0.0,low,authenticated_saved_feature_psi,False
fbv1-003-lendingclub_v2-lr-full-features-s42,lendingclub_v2,lr,full_features,total_bal_to_income_band_infrequent_sklearn,0.0,low,authenticated_saved_feature_psi,False
fbv1-003-lendingclub_v2-lr-full-features-s42,lendingclub_v2,lr,full_features,total_bal_to_income_band_very_high,0.0,low,authenticated_saved_feature_psi,False
fbv1-003-lendingclub_v2-lr-full-features-s42,lendingclub_v2,lr,full_features,verification_status_joint_Not Verified,0.0,low,authenticated_saved_feature_psi,False
fbv1-003-lendingclub_v2-lr-full-features-s42,lendingclub_v2,lr,full_features,log_num_tl_90g_dpd_24m,0.0,low,authenticated_saved_feature_psi,False
fbv1-003-lendingclub_v2-lr-full-features-s42,lendingclub_v2,lr,full_features,log_num_tl_30dpd,0.0,low,authenticated_saved_feature_psi,False
fbv1-003-lendingclub_v2-lr-full-features-s42,lendingclub_v2,lr,full_features,log_num_tl_120dpd_2m,0.0,low,authenticated_saved_feature_psi,False
fbv1-003-lendingclub_v2-lr-full-features-s42,lendingclub_v2,lr,full_features,verification_group_x_loan_to_income_band_source_verified__very_high,0.0,low,authenticated_saved_feature_psi,False
fbv1-003-lendingclub_v2-lr-full-features-s42,lendingclub_v2,lr,full_features,verification_group_x_loan_to_income_band_source_verified__moderate,0.0,low,authenticated_saved_feature_psi,False
fbv1-003-lendingclub_v2-lr-full-features-s42,lendingclub_v2,lr,full_features,verification_group_x_loan_to_income_band_source_verified__low,0.0,low,authenticated_saved_feature_psi,False
fbv1-003-lendingclub_v2-lr-full-features-s42,lendingclub_v2,lr,full_features,verification_group_x_loan_to_income_band_source_verified__high,0.0,low,authenticated_saved_feature_psi,False
fbv1-003-lendingclub_v2-lr-full-features-s42,lendingclub_v2,lr,full_features,verification_group_x_loan_to_income_band_source_verified__extreme,0.0,low,authenticated_saved_feature_psi,False
fbv1-003-lendingclub_v2-lr-full-features-s42,lendingclub_v2,lr,full_features,verification_group_x_loan_to_income_band_not_verified__very_high,0.0,low,authenticated_saved_feature_psi,False
fbv1-003-lendingclub_v2-lr-full-features-s42,lendingclub_v2,lr,full_features,verification_group_x_loan_to_income_band_not_verified__moderate,0.0,low,authenticated_saved_feature_psi,False
fbv1-003-lendingclub_v2-lr-full-features-s42,lendingclub_v2,lr,full_features,verification_group_x_loan_to_income_band_not_verified__high,0.0,low,authenticated_saved_feature_psi,False
fbv1-003-lendingclub_v2-lr-full-features-s42,lendingclub_v2,lr,full_features,verification_group_x_loan_to_income_band_not_verified__extreme,0.0,low,authenticated_saved_feature_psi,False
fbv1-003-lendingclub_v2-lr-full-features-s42,lendingclub_v2,lr,full_features,max_bal_bc_is_zero,0.0,low,authenticated_saved_feature_psi,False
fbv1-003-lendingclub_v2-lr-full-features-s42,lendingclub_v2,lr,full_features,log_tax_liens,0.0,low,authenticated_saved_feature_psi,False
fbv1-003-lendingclub_v2-lr-full-features-s42,lendingclub_v2,lr,full_features,log_delinq_amnt,0.0,low,authenticated_saved_feature_psi,False
fbv1-003-lendingclub_v2-lr-full-features-s42,lendingclub_v2,lr,full_features,mo_sin_old_rev_tl_op_seasoned_60m_flag,0.0,low,authenticated_saved_feature_psi,False
fbv1-003-lendingclub_v2-lr-full-features-s42,lendingclub_v2,lr,full_features,mo_sin_old_rev_tl_op_recent_24m_flag,0.0,low,authenticated_saved_feature_psi,False
fbv1-003-lendingclub_v2-lr-full-features-s42,lendingclub_v2,lr,full_features,mo_sin_old_rev_tl_op_recent_12m_flag,0.0,low,authenticated_saved_feature_psi,False
fbv1-003-lendingclub_v2-lr-full-features-s42,lendingclub_v2,lr,full_features,mo_sin_old_il_acct_seasoned_60m_flag,0.0,low,authenticated_saved_feature_psi,False
fbv1-003-lendingclub_v2-lr-full-features-s42,lendingclub_v2,lr,full_features,mo_sin_old_il_acct_recent_24m_flag,0.0,low,authenticated_saved_feature_psi,False
fbv1-003-lendingclub_v2-lr-full-features-s42,lendingclub_v2,lr,full_features,mo_sin_old_il_acct_recent_12m_flag,0.0,low,authenticated_saved_feature_psi,False
fbv1-003-lendingclub_v2-lr-full-features-s42,lendingclub_v2,lr,full_features,mo_sin_old_il_acct_missing_flag,0.0,low,authenticated_saved_feature_psi,False
fbv1-003-lendingclub_v2-lr-full-features-s42,lendingclub_v2,lr,full_features,log_collections_12_mths_ex_med,0.0,low,authenticated_saved_feature_psi,False
fbv1-003-lendingclub_v2-lr-full-features-s42,lendingclub_v2,lr,full_features,log_chargeoff_within_12_mths,0.0,low,authenticated_saved_feature_psi,False
fbv1-003-lendingclub_v2-lr-full-features-s42,lendingclub_v2,lr,full_features,log_acc_now_delinq,0.0,low,authenticated_saved_feature_psi,False
fbv1-003-lendingclub_v2-lr-full-features-s42,lendingclub_v2,lr,full_features,max_bal_bc_missing_flag,0.0,low,authenticated_saved_feature_psi,False
fbv1-003-lendingclub_v2-lr-full-features-s42,lendingclub_v2,lr,full_features,mths_since_last_delinq_missing_flag,0.0,low,authenticated_saved_feature_psi,False
fbv1-003-lendingclub_v2-lr-full-features-s42,lendingclub_v2,lr,full_features,mort_acc_positive_flag,0.0,low,authenticated_saved_feature_psi,False
fbv1-003-lendingclub_v2-lr-full-features-s42,lendingclub_v2,lr,full_features,mort_acc_is_zero,0.0,low,authenticated_saved_feature_psi,False
fbv1-003-lendingclub_v2-lr-full-features-s42,lendingclub_v2,lr,full_features,mo_sin_rcnt_tl_seasoned_60m_flag,0.0,low,authenticated_saved_feature_psi,False
fbv1-003-lendingclub_v2-lr-full-features-s42,lendingclub_v2,lr,full_features,mo_sin_rcnt_tl_recent_24m_flag,0.0,low,authenticated_saved_feature_psi,False
fbv1-003-lendingclub_v2-lr-full-features-s42,lendingclub_v2,lr,full_features,mo_sin_rcnt_tl_recent_12m_flag,0.0,low,authenticated_saved_feature_psi,False
fbv1-003-lendingclub_v2-lr-full-features-s42,lendingclub_v2,lr,full_features,mo_sin_rcnt_rev_tl_op_seasoned_60m_flag,0.0,low,authenticated_saved_feature_psi,False
fbv1-003-lendingclub_v2-lr-full-features-s42,lendingclub_v2,lr,full_features,mo_sin_rcnt_rev_tl_op_recent_24m_flag,0.0,low,authenticated_saved_feature_psi,False
fbv1-003-lendingclub_v2-lr-full-features-s42,lendingclub_v2,lr,full_features,mo_sin_rcnt_rev_tl_op_recent_12m_flag,0.0,low,authenticated_saved_feature_psi,False
fbv1-003-lendingclub_v2-lr-full-features-s42,lendingclub_v2,lr,full_features,mths_since_rcnt_il_missing_flag,0.0,low,authenticated_saved_feature_psi,False
fbv1-003-lendingclub_v2-lr-full-features-s42,lendingclub_v2,lr,full_features,mths_since_last_record_seasoned_60m_flag,0.0,low,authenticated_saved_feature_psi,False
fbv1-003-lendingclub_v2-lr-full-features-s42,lendingclub_v2,lr,full_features,mths_since_last_record_recent_24m_flag,0.0,low,authenticated_saved_feature_psi,False
fbv1-003-lendingclub_v2-lr-full-features-s42,lendingclub_v2,lr,full_features,mths_since_last_record_recent_12m_flag,0.0,low,authenticated_saved_feature_psi,False
fbv1-003-lendingclub_v2-lr-full-features-s42,lendingclub_v2,lr,full_features,mths_since_last_record_missing_flag,0.0,low,authenticated_saved_feature_psi,False
fbv1-003-lendingclub_v2-lr-full-features-s42,lendingclub_v2,lr,full_features,mths_since_last_major_derog_seasoned_60m_flag,0.0,low,authenticated_saved_feature_psi,False
fbv1-003-lendingclub_v2-lr-full-features-s42,lendingclub_v2,lr,full_features,mths_since_last_major_derog_recent_24m_flag,0.0,low,authenticated_saved_feature_psi,False
fbv1-003-lendingclub_v2-lr-full-features-s42,lendingclub_v2,lr,full_features,mths_since_last_major_derog_recent_12m_flag,0.0,low,authenticated_saved_feature_psi,False
fbv1-003-lendingclub_v2-lr-full-features-s42,lendingclub_v2,lr,full_features,mths_since_last_major_derog_missing_flag,0.0,low,authenticated_saved_feature_psi,False
fbv1-003-lendingclub_v2-lr-full-features-s42,lendingclub_v2,lr,full_features,mths_since_last_delinq_seasoned_60m_flag,0.0,low,authenticated_saved_feature_psi,False
fbv1-003-lendingclub_v2-lr-full-features-s42,lendingclub_v2,lr,full_features,mths_since_last_delinq_recent_24m_flag,0.0,low,authenticated_saved_feature_psi,False
fbv1-003-lendingclub_v2-lr-full-features-s42,lendingclub_v2,lr,full_features,mths_since_last_delinq_recent_12m_flag,0.0,low,authenticated_saved_feature_psi,False
fbv1-003-lendingclub_v2-lr-full-features-s42,lendingclub_v2,lr,full_features,mths_since_recent_inq_missing_flag,0.0,low,authenticated_saved_feature_psi,False
fbv1-003-lendingclub_v2-lr-full-features-s42,lendingclub_v2,lr,full_features,mths_since_recent_bc_seasoned_60m_flag,0.0,low,authenticated_saved_feature_psi,False
fbv1-003-lendingclub_v2-lr-full-features-s42,lendingclub_v2,lr,full_features,mths_since_recent_bc_recent_24m_flag,0.0,low,authenticated_saved_feature_psi,False
fbv1-003-lendingclub_v2-lr-full-features-s42,lendingclub_v2,lr,full_features,mths_since_recent_bc_recent_12m_flag,0.0,low,authenticated_saved_feature_psi,False
fbv1-003-lendingclub_v2-lr-full-features-s42,lendingclub_v2,lr,full_features,mths_since_recent_bc_missing_flag,0.0,low,authenticated_saved_feature_psi,False
fbv1-003-lendingclub_v2-lr-full-features-s42,lendingclub_v2,lr,full_features,mths_since_recent_bc_dlq_seasoned_60m_flag,0.0,low,authenticated_saved_feature_psi,False
fbv1-003-lendingclub_v2-lr-full-features-s42,lendingclub_v2,lr,full_features,mths_since_recent_bc_dlq_recent_24m_flag,0.0,low,authenticated_saved_feature_psi,False
fbv1-003-lendingclub_v2-lr-full-features-s42,lendingclub_v2,lr,full_features,mths_since_recent_bc_dlq_recent_12m_flag,0.0,low,authenticated_saved_feature_psi,False
fbv1-003-lendingclub_v2-lr-full-features-s42,lendingclub_v2,lr,full_features,mths_since_recent_bc_dlq_missing_flag,0.0,low,authenticated_saved_feature_psi,False
fbv1-003-lendingclub_v2-lr-full-features-s42,lendingclub_v2,lr,full_features,mths_since_rcnt_il_seasoned_60m_flag,0.0,low,authenticated_saved_feature_psi,False
fbv1-003-lendingclub_v2-lr-full-features-s42,lendingclub_v2,lr,full_features,mths_since_rcnt_il_recent_24m_flag,0.0,low,authenticated_saved_feature_psi,False
fbv1-003-lendingclub_v2-lr-full-features-s42,lendingclub_v2,lr,full_features,mths_since_rcnt_il_recent_12m_flag,0.0,low,authenticated_saved_feature_psi,False
fbv1-003-lendingclub_v2-lr-full-features-s42,lendingclub_v2,lr,full_features,inq_last_12m_positive_flag,0.0,low,authenticated_saved_feature_psi,False
fbv1-003-lendingclub_v2-lr-full-features-s42,lendingclub_v2,lr,full_features,inq_last_12m_missing_flag,0.0,low,authenticated_saved_feature_psi,False
fbv1-003-lendingclub_v2-lr-full-features-s42,lendingclub_v2,lr,full_features,num_accts_ever_120_pd_is_zero,0.0,low,authenticated_saved_feature_psi,False
fbv1-003-lendingclub_v2-lr-full-features-s42,lendingclub_v2,lr,full_features,mths_since_recent_revol_delinq_seasoned_60m_flag,0.0,low,authenticated_saved_feature_psi,False
fbv1-003-lendingclub_v2-lr-full-features-s42,lendingclub_v2,lr,full_features,mths_since_recent_revol_delinq_recent_24m_flag,0.0,low,authenticated_saved_feature_psi,False
fbv1-003-lendingclub_v2-lr-full-features-s42,lendingclub_v2,lr,full_features,mths_since_recent_revol_delinq_recent_12m_flag,0.0,low,authenticated_saved_feature_psi,False
fbv1-003-lendingclub_v2-lr-full-features-s42,lendingclub_v2,lr,full_features,mths_since_recent_revol_delinq_missing_flag,0.0,low,authenticated_saved_feature_psi,False
fbv1-003-lendingclub_v2-lr-full-features-s42,lendingclub_v2,lr,full_features,mths_since_recent_inq_recent_24m_flag,0.0,low,authenticated_saved_feature_psi,False
fbv1-003-lendingclub_v2-lr-full-features-s42,lendingclub_v2,lr,full_features,mths_since_recent_inq_recent_12m_flag,0.0,low,authenticated_saved_feature_psi,False
fbv1-003-lendingclub_v2-lr-full-features-s42,lendingclub_v2,lr,full_features,num_actv_rev_tl_is_zero,0.0,low,authenticated_saved_feature_psi,False
fbv1-003-lendingclub_v2-lr-full-features-s42,lendingclub_v2,lr,full_features,num_actv_bc_tl_positive_flag,0.0,low,authenticated_saved_feature_psi,False
fbv1-003-lendingclub_v2-lr-full-features-s42,lendingclub_v2,lr,full_features,num_actv_bc_tl_is_zero,0.0,low,authenticated_saved_feature_psi,False
fbv1-003-lendingclub_v2-lr-full-features-s42,lendingclub_v2,lr,full_features,num_accts_ever_120_pd_positive_flag,0.0,low,authenticated_saved_feature_psi,False
fbv1-003-lendingclub_v2-lr-full-features-s42,lendingclub_v2,lr,full_features,joint_income_available_flag,0.0,low,authenticated_saved_feature_psi,False
fbv1-003-lendingclub_v2-lr-full-features-s42,lendingclub_v2,lr,full_features,joint_application_flag,0.0,low,authenticated_saved_feature_psi,False
fbv1-003-lendingclub_v2-lr-full-features-s42,lendingclub_v2,lr,full_features,inq_last_6mths_positive_flag,0.0,low,authenticated_saved_feature_psi,False
fbv1-003-lendingclub_v2-lr-full-features-s42,lendingclub_v2,lr,full_features,inq_last_6mths_is_zero,0.0,low,authenticated_saved_feature_psi,False
fbv1-003-lendingclub_v2-lr-full-features-s42,lendingclub_v2,lr,full_features,il_util_ge_30_flag,0.0,low,authenticated_saved_feature_psi,False
fbv1-003-lendingclub_v2-lr-full-features-s42,lendingclub_v2,lr,full_features,num_il_tl_positive_flag,0.0,low,authenticated_saved_feature_psi,False
fbv1-003-lendingclub_v2-lr-full-features-s42,lendingclub_v2,lr,full_features,num_il_tl_is_zero,0.0,low,authenticated_saved_feature_psi,False
fbv1-003-lendingclub_v2-lr-full-features-s42,lendingclub_v2,lr,full_features,num_bc_tl_positive_flag,0.0,low,authenticated_saved_feature_psi,False
fbv1-003-lendingclub_v2-lr-full-features-s42,lendingclub_v2,lr,full_features,num_bc_tl_is_zero,0.0,low,authenticated_saved_feature_psi,False
fbv1-003-lendingclub_v2-lr-full-features-s42,lendingclub_v2,lr,full_features,num_bc_sats_positive_flag,0.0,low,authenticated_saved_feature_psi,False
fbv1-003-lendingclub_v2-lr-full-features-s42,lendingclub_v2,lr,full_features,num_bc_sats_is_zero,0.0,low,authenticated_saved_feature_psi,False
fbv1-003-lendingclub_v2-lr-full-features-s42,lendingclub_v2,lr,full_features,num_actv_rev_tl_positive_flag,0.0,low,authenticated_saved_feature_psi,False
fbv1-003-lendingclub_v2-lr-full-features-s42,lendingclub_v2,lr,full_features,num_rev_accts_missing_flag,0.0,low,authenticated_saved_feature_psi,False
fbv1-003-lendingclub_v2-lr-full-features-s42,lendingclub_v2,lr,full_features,num_op_rev_tl_positive_flag,0.0,low,authenticated_saved_feature_psi,False
fbv1-003-lendingclub_v2-lr-full-features-s42,lendingclub_v2,lr,full_features,num_op_rev_tl_is_zero,0.0,low,authenticated_saved_feature_psi,False
fbv1-003-lendingclub_v2-lr-full-features-s42,lendingclub_v2,lr,full_features,inq_last_12m_is_zero,0.0,low,authenticated_saved_feature_psi,False
fbv1-003-lendingclub_v2-lr-full-features-s42,lendingclub_v2,lr,full_features,inq_fi_positive_flag,0.0,low,authenticated_saved_feature_psi,False
fbv1-003-lendingclub_v2-lr-full-features-s42,lendingclub_v2,lr,full_features,inq_fi_missing_flag,0.0,low,authenticated_saved_feature_psi,False
fbv1-003-lendingclub_v2-lr-full-features-s42,lendingclub_v2,lr,full_features,inq_fi_is_zero,0.0,low,authenticated_saved_feature_psi,False
fbv1-003-lendingclub_v2-lr-full-features-s42,lendingclub_v2,lr,full_features,il_util_missing_flag,0.0,low,authenticated_saved_feature_psi,False
fbv1-003-lendingclub_v2-lr-full-features-s42,lendingclub_v2,lr,full_features,il_util_ge_90_flag,0.0,low,authenticated_saved_feature_psi,False
fbv1-003-lendingclub_v2-lr-full-features-s42,lendingclub_v2,lr,full_features,il_util_ge_75_flag,0.0,low,authenticated_saved_feature_psi,False
fbv1-003-lendingclub_v2-lr-full-features-s42,lendingclub_v2,lr,full_features,il_util_ge_50_flag,0.0,low,authenticated_saved_feature_psi,False
fbv1-003-lendingclub_v2-lr-full-features-s42,lendingclub_v2,lr,full_features,num_tl_120dpd_2m_per_total_acc,0.0,low,authenticated_saved_feature_psi,False
fbv1-003-lendingclub_v2-lr-full-features-s42,lendingclub_v2,lr,full_features,num_tl_120dpd_2m_per_open_acc,0.0,low,authenticated_saved_feature_psi,False
fbv1-003-lendingclub_v2-lr-full-features-s42,lendingclub_v2,lr,full_features,num_tl_120dpd_2m_per_credit_history_year,0.0,low,authenticated_saved_feature_psi,False
fbv1-003-lendingclub_v2-lr-full-features-s42,lendingclub_v2,lr,full_features,num_tl_120dpd_2m_missing_flag,0.0,low,authenticated_saved_feature_psi,False
fbv1-003-lendingclub_v2-lr-full-features-s42,lendingclub_v2,lr,full_features,num_tl_120dpd_2m_is_zero,0.0,low,authenticated_saved_feature_psi,False
fbv1-003-lendingclub_v2-lr-full-features-s42,lendingclub_v2,lr,full_features,num_tl_120dpd_2m,0.0,low,authenticated_saved_feature_psi,False
fbv1-003-lendingclub_v2-lr-full-features-s42,lendingclub_v2,lr,full_features,num_sats_positive_flag,0.0,low,authenticated_saved_feature_psi,False
fbv1-003-lendingclub_v2-lr-full-features-s42,lendingclub_v2,lr,full_features,num_sats_per_open_acc,0.0,low,authenticated_saved_feature_psi,False
fbv1-003-lendingclub_v2-lr-full-features-s42,lendingclub_v2,lr,full_features,num_sats_is_zero,0.0,low,authenticated_saved_feature_psi,False
fbv1-003-lendingclub_v2-lr-full-features-s42,lendingclub_v2,lr,full_features,num_rev_tl_bal_gt_0_positive_flag,0.0,low,authenticated_saved_feature_psi,False
fbv1-003-lendingclub_v2-lr-full-features-s42,lendingclub_v2,lr,full_features,num_rev_tl_bal_gt_0_is_zero,0.0,low,authenticated_saved_feature_psi,False
fbv1-003-lendingclub_v2-lr-full-features-s42,lendingclub_v2,lr,full_features,num_rev_accts_positive_flag,0.0,low,authenticated_saved_feature_psi,False
fbv1-003-lendingclub_v2-lr-full-features-s42,lendingclub_v2,lr,full_features,num_tl_op_past_12m_is_zero,0.0,low,authenticated_saved_feature_psi,False
fbv1-003-lendingclub_v2-lr-full-features-s42,lendingclub_v2,lr,full_features,num_tl_90g_dpd_24m_positive_flag,0.0,low,authenticated_saved_feature_psi,False
fbv1-003-lendingclub_v2-lr-full-features-s42,lendingclub_v2,lr,full_features,num_tl_90g_dpd_24m_per_total_acc,0.0,low,authenticated_saved_feature_psi,False
fbv1-003-lendingclub_v2-lr-full-features-s42,lendingclub_v2,lr,full_features,num_tl_90g_dpd_24m_per_open_acc,0.0,low,authenticated_saved_feature_psi,False
fbv1-003-lendingclub_v2-lr-full-features-s42,lendingclub_v2,lr,full_features,num_tl_90g_dpd_24m_per_credit_history_year,0.0,low,authenticated_saved_feature_psi,False
fbv1-003-lendingclub_v2-lr-full-features-s42,lendingclub_v2,lr,full_features,num_tl_90g_dpd_24m_is_zero,0.0,low,authenticated_saved_feature_psi,False
fbv1-003-lendingclub_v2-lr-full-features-s42,lendingclub_v2,lr,full_features,num_tl_90g_dpd_24m,0.0,low,authenticated_saved_feature_psi,False
fbv1-003-lendingclub_v2-lr-full-features-s42,lendingclub_v2,lr,full_features,num_tl_30dpd_positive_flag,0.0,low,authenticated_saved_feature_psi,False
fbv1-003-lendingclub_v2-lr-full-features-s42,lendingclub_v2,lr,full_features,num_tl_30dpd_per_total_acc,0.0,low,authenticated_saved_feature_psi,False
fbv1-003-lendingclub_v2-lr-full-features-s42,lendingclub_v2,lr,full_features,num_tl_30dpd_per_open_acc,0.0,low,authenticated_saved_feature_psi,False
fbv1-003-lendingclub_v2-lr-full-features-s42,lendingclub_v2,lr,full_features,num_tl_30dpd_per_credit_history_year,0.0,low,authenticated_saved_feature_psi,False
fbv1-003-lendingclub_v2-lr-full-features-s42,lendingclub_v2,lr,full_features,num_tl_30dpd_is_zero,0.0,low,authenticated_saved_feature_psi,False
fbv1-003-lendingclub_v2-lr-full-features-s42,lendingclub_v2,lr,full_features,num_tl_30dpd,0.0,low,authenticated_saved_feature_psi,False
fbv1-003-lendingclub_v2-lr-full-features-s42,lendingclub_v2,lr,full_features,num_tl_120dpd_2m_positive_flag,0.0,low,authenticated_saved_feature_psi,False
fbv1-003-lendingclub_v2-lr-full-features-s42,lendingclub_v2,lr,full_features,open_acc_6m_positive_flag,0.0,low,authenticated_saved_feature_psi,False
fbv1-003-lendingclub_v2-lr-full-features-s42,lendingclub_v2,lr,full_features,open_acc_6m_missing_flag,0.0,low,authenticated_saved_feature_psi,False
fbv1-003-lendingclub_v2-lr-full-features-s42,lendingclub_v2,lr,full_features,open_acc_6m_is_zero,0.0,low,authenticated_saved_feature_psi,False
fbv1-003-lendingclub_v2-lr-full-features-s42,lendingclub_v2,lr,full_features,num_tl_op_past_12m_positive_flag,0.0,low,authenticated_saved_feature_psi,False
fbv1-003-lendingclub_v2-lr-full-features-s42,lendingclub_v2,lr,full_features,il_util_ge_100_flag,0.0,low,authenticated_saved_feature_psi,False
fbv1-003-lendingclub_v2-lr-full-features-s42,lendingclub_v2,lr,full_features,high_revol_util_flag,0.0,low,authenticated_saved_feature_psi,False
fbv1-003-lendingclub_v2-lr-full-features-s42,lendingclub_v2,lr,full_features,high_dti_flag,0.0,low,authenticated_saved_feature_psi,False
fbv1-003-lendingclub_v2-lr-full-features-s42,lendingclub_v2,lr,full_features,high_bc_util_flag,0.0,low,authenticated_saved_feature_psi,False
fbv1-003-lendingclub_v2-lr-full-features-s42,lendingclub_v2,lr,full_features,has_recent_inquiry_flag,0.0,low,authenticated_saved_feature_psi,False
fbv1-003-lendingclub_v2-lr-full-features-s42,lendingclub_v2,lr,full_features,has_public_record_flag,0.0,low,authenticated_saved_feature_psi,False
fbv1-003-lendingclub_v2-lr-full-features-s42,lendingclub_v2,lr,full_features,has_mortgage_flag,0.0,low,authenticated_saved_feature_psi,False
fbv1-003-lendingclub_v2-lr-full-features-s42,lendingclub_v2,lr,full_features,fico_span,0.0,low,authenticated_saved_feature_psi,False
fbv1-003-lendingclub_v2-lr-full-features-s42,lendingclub_v2,lr,full_features,open_il_24m_missing_flag,0.0,low,authenticated_saved_feature_psi,False
fbv1-003-lendingclub_v2-lr-full-features-s42,lendingclub_v2,lr,full_features,open_il_24m_is_zero,0.0,low,authenticated_saved_feature_psi,False
fbv1-003-lendingclub_v2-lr-full-features-s42,lendingclub_v2,lr,full_features,open_il_12m_positive_flag,0.0,low,authenticated_saved_feature_psi,False
fbv1-003-lendingclub_v2-lr-full-features-s42,lendingclub_v2,lr,full_features,open_il_12m_missing_flag,0.0,low,authenticated_saved_feature_psi,False
fbv1-003-lendingclub_v2-lr-full-features-s42,lendingclub_v2,lr,full_features,open_il_12m_is_zero,0.0,low,authenticated_saved_feature_psi,False
fbv1-003-lendingclub_v2-lr-full-features-s42,lendingclub_v2,lr,full_features,open_act_il_positive_flag,0.0,low,authenticated_saved_feature_psi,False
fbv1-003-lendingclub_v2-lr-full-features-s42,lendingclub_v2,lr,full_features,emp_length_missing_flag,0.0,low,authenticated_saved_feature_psi,False
fbv1-003-lendingclub_v2-lr-full-features-s42,lendingclub_v2,lr,full_features,dti_missing_flag,0.0,low,authenticated_saved_feature_psi,False
fbv1-003-lendingclub_v2-lr-full-features-s42,lendingclub_v2,lr,full_features,dti_joint_missing_flag,0.0,low,authenticated_saved_feature_psi,False
fbv1-003-lendingclub_v2-lr-full-features-s42,lendingclub_v2,lr,full_features,open_act_il_missing_flag,0.0,low,authenticated_saved_feature_psi,False
fbv1-003-lendingclub_v2-lr-full-features-s42,lendingclub_v2,lr,full_features,open_act_il_is_zero,0.0,low,authenticated_saved_feature_psi,False
fbv1-003-lendingclub_v2-lr-full-features-s42,lendingclub_v2,lr,full_features,open_acc_positive_flag,0.0,low,authenticated_saved_feature_psi,False
fbv1-003-lendingclub_v2-lr-full-features-s42,lendingclub_v2,lr,full_features,open_acc_is_zero,0.0,low,authenticated_saved_feature_psi,False
fbv1-003-lendingclub_v2-lr-full-features-s42,lendingclub_v2,lr,full_features,open_il_24m_positive_flag,0.0,low,authenticated_saved_feature_psi,False
fbv1-003-lendingclub_v2-lr-full-features-s42,lendingclub_v2,lr,full_features,delinquency_history_flag,0.0,low,authenticated_saved_feature_psi,False
fbv1-003-lendingclub_v2-lr-full-features-s42,lendingclub_v2,lr,full_features,delinq_amnt_to_loan_amnt,0.0,low,authenticated_saved_feature_psi,False
fbv1-003-lendingclub_v2-lr-full-features-s42,lendingclub_v2,lr,full_features,delinq_amnt_to_income,0.0,low,authenticated_saved_feature_psi,False
fbv1-003-lendingclub_v2-lr-full-features-s42,lendingclub_v2,lr,full_features,delinq_amnt_is_zero,0.0,low,authenticated_saved_feature_psi,False
fbv1-003-lendingclub_v2-lr-full-features-s42,lendingclub_v2,lr,full_features,delinq_amnt,0.0,low,authenticated_saved_feature_psi,False
fbv1-003-lendingclub_v2-lr-full-features-s42,lendingclub_v2,lr,full_features,delinq_2yrs_positive_flag,0.0,low,authenticated_saved_feature_psi,False
fbv1-003-lendingclub_v2-lr-full-features-s42,lendingclub_v2,lr,full_features,delinq_2yrs_is_zero,0.0,low,authenticated_saved_feature_psi,False
fbv1-003-lendingclub_v2-lr-full-features-s42,lendingclub_v2,lr,full_features,pub_rec_bankruptcies_is_zero,0.0,low,authenticated_saved_feature_psi,False
fbv1-003-lendingclub_v2-lr-full-features-s42,lendingclub_v2,lr,full_features,prime_fico_flag,0.0,low,authenticated_saved_feature_psi,False
fbv1-003-lendingclub_v2-lr-full-features-s42,lendingclub_v2,lr,full_features,percent_bc_gt_75_missing_flag,0.0,low,authenticated_saved_feature_psi,False
fbv1-003-lendingclub_v2-lr-full-features-s42,lendingclub_v2,lr,full_features,open_rv_24m_positive_flag,0.0,low,authenticated_saved_feature_psi,False
fbv1-003-lendingclub_v2-lr-full-features-s42,lendingclub_v2,lr,full_features,open_rv_24m_missing_flag,0.0,low,authenticated_saved_feature_psi,False
fbv1-003-lendingclub_v2-lr-full-features-s42,lendingclub_v2,lr,full_features,open_rv_24m_is_zero,0.0,low,authenticated_saved_feature_psi,False
fbv1-003-lendingclub_v2-lr-full-features-s42,lendingclub_v2,lr,full_features,open_rv_12m_positive_flag,0.0,low,authenticated_saved_feature_psi,False
fbv1-003-lendingclub_v2-lr-full-features-s42,lendingclub_v2,lr,full_features,open_rv_12m_missing_flag,0.0,low,authenticated_saved_feature_psi,False
fbv1-003-lendingclub_v2-lr-full-features-s42,lendingclub_v2,lr,full_features,open_rv_12m_is_zero,0.0,low,authenticated_saved_feature_psi,False
fbv1-003-lendingclub_v2-lr-full-features-s42,lendingclub_v2,lr,full_features,chargeoff_within_12_mths_is_zero,0.0,low,authenticated_saved_feature_psi,False
fbv1-003-lendingclub_v2-lr-full-features-s42,lendingclub_v2,lr,full_features,chargeoff_within_12_mths,0.0,low,authenticated_saved_feature_psi,False
fbv1-003-lendingclub_v2-lr-full-features-s42,lendingclub_v2,lr,full_features,bc_util_missing_flag,0.0,low,authenticated_saved_feature_psi,False
fbv1-003-lendingclub_v2-lr-full-features-s42,lendingclub_v2,lr,full_features,bc_util_ge_90_flag,0.0,low,authenticated_saved_feature_psi,False
fbv1-003-lendingclub_v2-lr-full-features-s42,lendingclub_v2,lr,full_features,revol_bal_is_zero,0.0,low,authenticated_saved_feature_psi,False
fbv1-003-lendingclub_v2-lr-full-features-s42,lendingclub_v2,lr,full_features,recent_revolving_activity_flag,0.0,low,authenticated_saved_feature_psi,False
fbv1-003-lendingclub_v2-lr-full-features-s42,lendingclub_v2,lr,full_features,recent_opening_flag,0.0,low,authenticated_saved_feature_psi,False
fbv1-003-lendingclub_v2-lr-full-features-s42,lendingclub_v2,lr,full_features,recent_installment_activity_flag,0.0,low,authenticated_saved_feature_psi,False
fbv1-003-lendingclub_v2-lr-full-features-s42,lendingclub_v2,lr,full_features,pub_rec_positive_flag,0.0,low,authenticated_saved_feature_psi,False
fbv1-003-lendingclub_v2-lr-full-features-s42,lendingclub_v2,lr,full_features,pub_rec_is_zero,0.0,low,authenticated_saved_feature_psi,False
fbv1-003-lendingclub_v2-lr-full-features-s42,lendingclub_v2,lr,full_features,pub_rec_bankruptcies_positive_flag,0.0,low,authenticated_saved_feature_psi,False
fbv1-003-lendingclub_v2-lr-full-features-s42,lendingclub_v2,lr,full_features,revol_util_ge_90_flag,0.0,low,authenticated_saved_feature_psi,False
fbv1-003-lendingclub_v2-lr-full-features-s42,lendingclub_v2,lr,full_features,revol_util_ge_75_flag,0.0,low,authenticated_saved_feature_psi,False
fbv1-003-lendingclub_v2-lr-full-features-s42,lendingclub_v2,lr,full_features,revol_util_ge_50_flag,0.0,low,authenticated_saved_feature_psi,False
fbv1-003-lendingclub_v2-lr-full-features-s42,lendingclub_v2,lr,full_features,revol_util_ge_30_flag,0.0,low,authenticated_saved_feature_psi,False
fbv1-003-lendingclub_v2-lr-full-features-s42,lendingclub_v2,lr,full_features,revol_util_ge_100_flag,0.0,low,authenticated_saved_feature_psi,False
fbv1-003-lendingclub_v2-lr-full-features-s42,lendingclub_v2,lr,full_features,collections_12_mths_ex_med_positive_flag,0.0,low,authenticated_saved_feature_psi,False
fbv1-003-lendingclub_v2-lr-full-features-s42,lendingclub_v2,lr,full_features,collections_12_mths_ex_med_per_total_acc,0.0,low,authenticated_saved_feature_psi,False
fbv1-003-lendingclub_v2-lr-full-features-s42,lendingclub_v2,lr,full_features,collections_12_mths_ex_med_per_open_acc,0.0,low,authenticated_saved_feature_psi,False
fbv1-003-lendingclub_v2-lr-full-features-s42,lendingclub_v2,lr,full_features,collections_12_mths_ex_med_per_credit_history_year,0.0,low,authenticated_saved_feature_psi,False
fbv1-003-lendingclub_v2-lr-full-features-s42,lendingclub_v2,lr,full_features,collections_12_mths_ex_med_is_zero,0.0,low,authenticated_saved_feature_psi,False
fbv1-003-lendingclub_v2-lr-full-features-s42,lendingclub_v2,lr,full_features,collections_12_mths_ex_med,0.0,low,authenticated_saved_feature_psi,False
fbv1-003-lendingclub_v2-lr-full-features-s42,lendingclub_v2,lr,full_features,chargeoff_within_12_mths_positive_flag,0.0,low,authenticated_saved_feature_psi,False
fbv1-003-lendingclub_v2-lr-full-features-s42,lendingclub_v2,lr,full_features,chargeoff_within_12_mths_per_total_acc,0.0,low,authenticated_saved_feature_psi,False
fbv1-003-lendingclub_v2-lr-full-features-s42,lendingclub_v2,lr,full_features,chargeoff_within_12_mths_per_open_acc,0.0,low,authenticated_saved_feature_psi,False
fbv1-003-lendingclub_v2-lr-full-features-s42,lendingclub_v2,lr,full_features,chargeoff_within_12_mths_per_credit_history_year,0.0,low,authenticated_saved_feature_psi,False
fbv1-003-lendingclub_v2-lr-full-features-s42,lendingclub_v2,lr,full_features,tax_liens_positive_flag,0.0,low,authenticated_saved_feature_psi,False
fbv1-003-lendingclub_v2-lr-full-features-s42,lendingclub_v2,lr,full_features,tax_liens_per_total_acc,0.0,low,authenticated_saved_feature_psi,False
fbv1-003-lendingclub_v2-lr-full-features-s42,lendingclub_v2,lr,full_features,tax_liens_per_open_acc,0.0,low,authenticated_saved_feature_psi,False
fbv1-003-lendingclub_v2-lr-full-features-s42,lendingclub_v2,lr,full_features,tax_liens_per_credit_history_year,0.0,low,authenticated_saved_feature_psi,False
fbv1-003-lendingclub_v2-lr-full-features-s42,lendingclub_v2,lr,full_features,tax_liens_is_zero,0.0,low,authenticated_saved_feature_psi,False
fbv1-003-lendingclub_v2-lr-full-features-s42,lendingclub_v2,lr,full_features,tax_liens,0.0,low,authenticated_saved_feature_psi,False
fbv1-003-lendingclub_v2-lr-full-features-s42,lendingclub_v2,lr,full_features,sqrt_delinq_amnt,0.0,low,authenticated_saved_feature_psi,False
fbv1-003-lendingclub_v2-lr-full-features-s42,lendingclub_v2,lr,full_features,revol_util_missing_flag,0.0,low,authenticated_saved_feature_psi,False
fbv1-003-lendingclub_v2-lr-full-features-s42,lendingclub_v2,lr,full_features,total_bal_ex_mort_is_zero,0.0,low,authenticated_saved_feature_psi,False
fbv1-003-lendingclub_v2-lr-full-features-s42,lendingclub_v2,lr,full_features,tot_hi_cred_lim_is_zero,0.0,low,authenticated_saved_feature_psi,False
fbv1-003-lendingclub_v2-lr-full-features-s42,lendingclub_v2,lr,full_features,tot_cur_bal_is_zero,0.0,low,authenticated_saved_feature_psi,False
fbv1-003-lendingclub_v2-lr-full-features-s42,lendingclub_v2,lr,full_features,tot_coll_amt_is_zero,0.0,low,authenticated_saved_feature_psi,False
fbv1-003-lendingclub_v2-lr-full-features-s42,lendingclub_v2,lr,full_features,thin_file_flag,0.0,low,authenticated_saved_feature_psi,False
fbv1-003-lendingclub_v2-lr-full-features-s42,lendingclub_v2,lr,full_features,term_months,0.0,low,authenticated_saved_feature_psi,False
fbv1-003-lendingclub_v2-lr-full-features-s42,lendingclub_v2,lr,full_features,total_bc_limit_is_zero,0.0,low,authenticated_saved_feature_psi,False
fbv1-003-lendingclub_v2-lr-full-features-s42,lendingclub_v2,lr,full_features,total_bal_il_missing_flag,0.0,low,authenticated_saved_feature_psi,False
fbv1-003-lendingclub_v2-lr-full-features-s42,lendingclub_v2,lr,full_features,total_bal_il_is_zero,0.0,low,authenticated_saved_feature_psi,False
fbv1-003-lendingclub_v2-lr-full-features-s42,lendingclub_v2,lr,full_features,bc_util_ge_75_flag,0.0,low,authenticated_saved_feature_psi,False
fbv1-003-lendingclub_v2-lr-full-features-s42,lendingclub_v2,lr,full_features,bc_util_ge_50_flag,0.0,low,authenticated_saved_feature_psi,False
fbv1-003-lendingclub_v2-lr-full-features-s42,lendingclub_v2,lr,full_features,bc_util_ge_30_flag,0.0,low,authenticated_saved_feature_psi,False
fbv1-003-lendingclub_v2-lr-full-features-s42,lendingclub_v2,lr,full_features,bc_util_ge_100_flag,0.0,low,authenticated_saved_feature_psi,False
fbv1-003-lendingclub_v2-lr-full-features-s42,lendingclub_v2,lr,full_features,bc_open_to_buy_missing_flag,0.0,low,authenticated_saved_feature_psi,False
fbv1-003-lendingclub_v2-lr-full-features-s42,lendingclub_v2,lr,full_features,bc_open_to_buy_is_zero,0.0,low,authenticated_saved_feature_psi,False
fbv1-003-lendingclub_v2-lr-full-features-s42,lendingclub_v2,lr,full_features,bankruptcy_history_flag,0.0,low,authenticated_saved_feature_psi,False
fbv1-003-lendingclub_v2-lr-full-features-s42,lendingclub_v2,lr,full_features,total_cu_tl_missing_flag,0.0,low,authenticated_saved_feature_psi,False
fbv1-003-lendingclub_v2-lr-full-features-s42,lendingclub_v2,lr,full_features,avg_cur_bal_missing_flag,0.0,low,authenticated_saved_feature_psi,False
fbv1-003-lendingclub_v2-lr-full-features-s42,lendingclub_v2,lr,full_features,avg_cur_bal_is_zero,0.0,low,authenticated_saved_feature_psi,False
fbv1-003-lendingclub_v2-lr-full-features-s42,lendingclub_v2,lr,full_features,annual_inc_joint_missing_flag,0.0,low,authenticated_saved_feature_psi,False
fbv1-003-lendingclub_v2-lr-full-features-s42,lendingclub_v2,lr,full_features,annual_inc_is_zero,0.0,low,authenticated_saved_feature_psi,False
fbv1-003-lendingclub_v2-lr-full-features-s42,lendingclub_v2,lr,full_features,all_util_missing_flag,0.0,low,authenticated_saved_feature_psi,False
fbv1-003-lendingclub_v2-lr-full-features-s42,lendingclub_v2,lr,full_features,all_util_ge_90_flag,0.0,low,authenticated_saved_feature_psi,False
fbv1-003-lendingclub_v2-lr-full-features-s42,lendingclub_v2,lr,full_features,all_util_ge_75_flag,0.0,low,authenticated_saved_feature_psi,False
fbv1-003-lendingclub_v2-lr-full-features-s42,lendingclub_v2,lr,full_features,all_util_ge_50_flag,0.0,low,authenticated_saved_feature_psi,False
fbv1-003-lendingclub_v2-lr-full-features-s42,lendingclub_v2,lr,full_features,all_util_ge_30_flag,0.0,low,authenticated_saved_feature_psi,False
fbv1-003-lendingclub_v2-lr-full-features-s42,lendingclub_v2,lr,full_features,total_cu_tl_is_zero,0.0,low,authenticated_saved_feature_psi,False
fbv1-003-lendingclub_v2-lr-full-features-s42,lendingclub_v2,lr,full_features,addr_state_AL,0.0,low,authenticated_saved_feature_psi,False
fbv1-003-lendingclub_v2-lr-full-features-s42,lendingclub_v2,lr,full_features,addr_state_AK,0.0,low,authenticated_saved_feature_psi,False
fbv1-003-lendingclub_v2-lr-full-features-s42,lendingclub_v2,lr,full_features,acc_open_past_24mths_band_very_high,0.0,low,authenticated_saved_feature_psi,False
fbv1-003-lendingclub_v2-lr-full-features-s42,lendingclub_v2,lr,full_features,acc_open_past_24mths_band_none,0.0,low,authenticated_saved_feature_psi,False
fbv1-003-lendingclub_v2-lr-full-features-s42,lendingclub_v2,lr,full_features,acc_open_past_24mths_band_moderate,0.0,low,authenticated_saved_feature_psi,False
fbv1-003-lendingclub_v2-lr-full-features-s42,lendingclub_v2,lr,full_features,acc_open_past_24mths_band_light,0.0,low,authenticated_saved_feature_psi,False
fbv1-003-lendingclub_v2-lr-full-features-s42,lendingclub_v2,lr,full_features,acc_open_past_24mths_band_high,0.0,low,authenticated_saved_feature_psi,False
fbv1-003-lendingclub_v2-lr-full-features-s42,lendingclub_v2,lr,full_features,acc_open_past_24mths_band_extreme,0.0,low,authenticated_saved_feature_psi,False
fbv1-003-lendingclub_v2-lr-full-features-s42,lendingclub_v2,lr,full_features,very_high_dti_flag,0.0,low,authenticated_saved_feature_psi,False
fbv1-003-lendingclub_v2-lr-full-features-s42,lendingclub_v2,lr,full_features,verification_status_joint_missing_flag,0.0,low,authenticated_saved_feature_psi,False
fbv1-003-lendingclub_v2-lr-full-features-s42,lendingclub_v2,lr,full_features,total_bal_to_income_band_moderate,0.0,low,authenticated_saved_feature_psi,False
fbv1-003-lendingclub_v2-lr-full-features-s42,lendingclub_v2,lr,full_features,total_rev_hi_lim_is_zero,0.0,low,authenticated_saved_feature_psi,False
fbv1-003-lendingclub_v2-lr-full-features-s42,lendingclub_v2,lr,full_features,verification_group_verified,0.0,low,authenticated_saved_feature_psi,False
fbv1-003-lendingclub_v2-lr-full-features-s42,lendingclub_v2,lr,full_features,verification_status_joint_Missing,0.0,low,authenticated_saved_feature_psi,False
fbv1-003-lendingclub_v2-lr-full-features-s42,lendingclub_v2,lr,full_features,total_il_high_credit_limit_is_zero,0.0,low,authenticated_saved_feature_psi,False
fbv1-003-lendingclub_v2-lr-full-features-s42,lendingclub_v2,lr,full_features,total_cu_tl_positive_flag,0.0,low,authenticated_saved_feature_psi,False
fbv1-003-lendingclub_v2-lr-full-features-s42,lendingclub_v2,lr,full_features,addr_state_MA,0.0,low,authenticated_saved_feature_psi,False
fbv1-003-lendingclub_v2-lr-full-features-s42,lendingclub_v2,lr,full_features,addr_state_LA,0.0,low,authenticated_saved_feature_psi,False
fbv1-003-lendingclub_v2-lr-full-features-s42,lendingclub_v2,lr,full_features,addr_state_KY,0.0,low,authenticated_saved_feature_psi,False
fbv1-003-lendingclub_v2-lr-full-features-s42,lendingclub_v2,lr,full_features,addr_state_KS,0.0,low,authenticated_saved_feature_psi,False
fbv1-003-lendingclub_v2-lr-full-features-s42,lendingclub_v2,lr,full_features,addr_state_IN,0.0,low,authenticated_saved_feature_psi,False
fbv1-003-lendingclub_v2-lr-full-features-s42,lendingclub_v2,lr,full_features,addr_state_IL,0.0,low,authenticated_saved_feature_psi,False
fbv1-003-lendingclub_v2-lr-full-features-s42,lendingclub_v2,lr,full_features,addr_state_HI,0.0,low,authenticated_saved_feature_psi,False
fbv1-003-lendingclub_v2-lr-full-features-s42,lendingclub_v2,lr,full_features,addr_state_GA,0.0,low,authenticated_saved_feature_psi,False
fbv1-003-lendingclub_v2-lr-full-features-s42,lendingclub_v2,lr,full_features,addr_state_FL,0.0,low,authenticated_saved_feature_psi,False
fbv1-003-lendingclub_v2-lr-full-features-s42,lendingclub_v2,lr,full_features,addr_state_DE,0.0,low,authenticated_saved_feature_psi,False
fbv1-003-lendingclub_v2-lr-full-features-s42,lendingclub_v2,lr,full_features,addr_state_DC,0.0,low,authenticated_saved_feature_psi,False
fbv1-003-lendingclub_v2-lr-full-features-s42,lendingclub_v2,lr,full_features,addr_state_CT,0.0,low,authenticated_saved_feature_psi,False
fbv1-003-lendingclub_v2-lr-full-features-s42,lendingclub_v2,lr,full_features,addr_state_CO,0.0,low,authenticated_saved_feature_psi,False
fbv1-003-lendingclub_v2-lr-full-features-s42,lendingclub_v2,lr,full_features,addr_state_CA,0.0,low,authenticated_saved_feature_psi,False
fbv1-003-lendingclub_v2-lr-full-features-s42,lendingclub_v2,lr,full_features,addr_state_AZ,0.0,low,authenticated_saved_feature_psi,False
fbv1-003-lendingclub_v2-lr-full-features-s42,lendingclub_v2,lr,full_features,addr_state_AR,0.0,low,authenticated_saved_feature_psi,False
fbv1-003-lendingclub_v2-lr-full-features-s42,lendingclub_v2,lr,full_features,addr_state_OH,0.0,low,authenticated_saved_feature_psi,False
fbv1-003-lendingclub_v2-lr-full-features-s42,lendingclub_v2,lr,full_features,addr_state_NY,0.0,low,authenticated_saved_feature_psi,False
fbv1-003-lendingclub_v2-lr-full-features-s42,lendingclub_v2,lr,full_features,addr_state_NV,0.0,low,authenticated_saved_feature_psi,False
fbv1-003-lendingclub_v2-lr-full-features-s42,lendingclub_v2,lr,full_features,addr_state_NM,0.0,low,authenticated_saved_feature_psi,False
fbv1-003-lendingclub_v2-lr-full-features-s42,lendingclub_v2,lr,full_features,addr_state_NJ,0.0,low,authenticated_saved_feature_psi,False
fbv1-003-lendingclub_v2-lr-full-features-s42,lendingclub_v2,lr,full_features,addr_state_NH,0.0,low,authenticated_saved_feature_psi,False
fbv1-003-lendingclub_v2-lr-full-features-s42,lendingclub_v2,lr,full_features,addr_state_NE,0.0,low,authenticated_saved_feature_psi,False
fbv1-003-lendingclub_v2-lr-full-features-s42,lendingclub_v2,lr,full_features,addr_state_ND,0.0,low,authenticated_saved_feature_psi,False
fbv1-003-lendingclub_v2-lr-full-features-s42,lendingclub_v2,lr,full_features,addr_state_NC,0.0,low,authenticated_saved_feature_psi,False
fbv1-003-lendingclub_v2-lr-full-features-s42,lendingclub_v2,lr,full_features,addr_state_MT,0.0,low,authenticated_saved_feature_psi,False
fbv1-003-lendingclub_v2-lr-full-features-s42,lendingclub_v2,lr,full_features,addr_state_MS,0.0,low,authenticated_saved_feature_psi,False
fbv1-003-lendingclub_v2-lr-full-features-s42,lendingclub_v2,lr,full_features,addr_state_MO,0.0,low,authenticated_saved_feature_psi,False
fbv1-003-lendingclub_v2-lr-full-features-s42,lendingclub_v2,lr,full_features,addr_state_MN,0.0,low,authenticated_saved_feature_psi,False
fbv1-003-lendingclub_v2-lr-full-features-s42,lendingclub_v2,lr,full_features,addr_state_MI,0.0,low,authenticated_saved_feature_psi,False
fbv1-003-lendingclub_v2-lr-full-features-s42,lendingclub_v2,lr,full_features,addr_state_ME,0.0,low,authenticated_saved_feature_psi,False
fbv1-003-lendingclub_v2-lr-full-features-s42,lendingclub_v2,lr,full_features,addr_state_MD,0.0,low,authenticated_saved_feature_psi,False
fbv1-003-lendingclub_v2-lr-full-features-s42,lendingclub_v2,lr,full_features,addr_state_infrequent_sklearn,0.0,low,authenticated_saved_feature_psi,False
fbv1-003-lendingclub_v2-lr-full-features-s42,lendingclub_v2,lr,full_features,addr_state_WY,0.0,low,authenticated_saved_feature_psi,False
fbv1-003-lendingclub_v2-lr-full-features-s42,lendingclub_v2,lr,full_features,addr_state_WV,0.0,low,authenticated_saved_feature_psi,False
fbv1-003-lendingclub_v2-lr-full-features-s42,lendingclub_v2,lr,full_features,addr_state_WI,0.0,low,authenticated_saved_feature_psi,False
fbv1-003-lendingclub_v2-lr-full-features-s42,lendingclub_v2,lr,full_features,addr_state_WA,0.0,low,authenticated_saved_feature_psi,False
fbv1-003-lendingclub_v2-lr-full-features-s42,lendingclub_v2,lr,full_features,addr_state_VT,0.0,low,authenticated_saved_feature_psi,False
fbv1-003-lendingclub_v2-lr-full-features-s42,lendingclub_v2,lr,full_features,addr_state_VA,0.0,low,authenticated_saved_feature_psi,False
fbv1-003-lendingclub_v2-lr-full-features-s42,lendingclub_v2,lr,full_features,addr_state_UT,0.0,low,authenticated_saved_feature_psi,False
fbv1-003-lendingclub_v2-lr-full-features-s42,lendingclub_v2,lr,full_features,addr_state_TX,0.0,low,authenticated_saved_feature_psi,False
fbv1-003-lendingclub_v2-lr-full-features-s42,lendingclub_v2,lr,full_features,addr_state_TN,0.0,low,authenticated_saved_feature_psi,False
fbv1-003-lendingclub_v2-lr-full-features-s42,lendingclub_v2,lr,full_features,addr_state_SD,0.0,low,authenticated_saved_feature_psi,False
fbv1-003-lendingclub_v2-lr-full-features-s42,lendingclub_v2,lr,full_features,addr_state_SC,0.0,low,authenticated_saved_feature_psi,False
fbv1-003-lendingclub_v2-lr-full-features-s42,lendingclub_v2,lr,full_features,addr_state_RI,0.0,low,authenticated_saved_feature_psi,False
fbv1-003-lendingclub_v2-lr-full-features-s42,lendingclub_v2,lr,full_features,addr_state_PA,0.0,low,authenticated_saved_feature_psi,False
fbv1-003-lendingclub_v2-lr-full-features-s42,lendingclub_v2,lr,full_features,addr_state_OR,0.0,low,authenticated_saved_feature_psi,False
fbv1-003-lendingclub_v2-lr-full-features-s42,lendingclub_v2,lr,full_features,addr_state_OK,0.0,low,authenticated_saved_feature_psi,False
fbv1-003-lendingclub_v2-lr-full-features-s42,lendingclub_v2,lr,full_features,application_type_verification_status_Individual__Not Verified,0.0,low,authenticated_saved_feature_psi,False
fbv1-003-lendingclub_v2-lr-full-features-s42,lendingclub_v2,lr,full_features,application_type_Joint App,0.0,low,authenticated_saved_feature_psi,False
fbv1-003-lendingclub_v2-lr-full-features-s42,lendingclub_v2,lr,full_features,application_type_Individual,0.0,low,authenticated_saved_feature_psi,False
fbv1-003-lendingclub_v2-lr-full-features-s42,lendingclub_v2,lr,full_features,annual_inc_band_very_high,0.0,low,authenticated_saved_feature_psi,False
fbv1-003-lendingclub_v2-lr-full-features-s42,lendingclub_v2,lr,full_features,annual_inc_band_upper_mid,0.0,low,authenticated_saved_feature_psi,False
fbv1-003-lendingclub_v2-lr-full-features-s42,lendingclub_v2,lr,full_features,annual_inc_band_mid,0.0,low,authenticated_saved_feature_psi,False
fbv1-003-lendingclub_v2-lr-full-features-s42,lendingclub_v2,lr,full_features,annual_inc_band_lower_mid,0.0,low,authenticated_saved_feature_psi,False
fbv1-003-lendingclub_v2-lr-full-features-s42,lendingclub_v2,lr,full_features,annual_inc_band_low,0.0,low,authenticated_saved_feature_psi,False
fbv1-003-lendingclub_v2-lr-full-features-s42,lendingclub_v2,lr,full_features,annual_inc_band_high,0.0,low,authenticated_saved_feature_psi,False
fbv1-003-lendingclub_v2-lr-full-features-s42,lendingclub_v2,lr,full_features,all_util_band_vlow,0.0,low,authenticated_saved_feature_psi,False
fbv1-003-lendingclub_v2-lr-full-features-s42,lendingclub_v2,lr,full_features,all_util_band_vhigh,0.0,low,authenticated_saved_feature_psi,False
fbv1-003-lendingclub_v2-lr-full-features-s42,lendingclub_v2,lr,full_features,all_util_band_mid,0.0,low,authenticated_saved_feature_psi,False
fbv1-003-lendingclub_v2-lr-full-features-s42,lendingclub_v2,lr,full_features,all_util_band_low,0.0,low,authenticated_saved_feature_psi,False
fbv1-003-lendingclub_v2-lr-full-features-s42,lendingclub_v2,lr,full_features,all_util_band_high,0.0,low,authenticated_saved_feature_psi,False
fbv1-003-lendingclub_v2-lr-full-features-s42,lendingclub_v2,lr,full_features,all_util_band_extreme,0.0,low,authenticated_saved_feature_psi,False
fbv1-003-lendingclub_v2-lr-full-features-s42,lendingclub_v2,lr,full_features,all_util_band_Missing,0.0,low,authenticated_saved_feature_psi,False
fbv1-003-lendingclub_v2-lr-full-features-s42,lendingclub_v2,lr,full_features,bc_util_band_low,0.0,low,authenticated_saved_feature_psi,False
fbv1-003-lendingclub_v2-lr-full-features-s42,lendingclub_v2,lr,full_features,bc_util_band_high,0.0,low,authenticated_saved_feature_psi,False
fbv1-003-lendingclub_v2-lr-full-features-s42,lendingclub_v2,lr,full_features,bc_util_band_extreme,0.0,low,authenticated_saved_feature_psi,False
fbv1-003-lendingclub_v2-lr-full-features-s42,lendingclub_v2,lr,full_features,bc_util_band_Missing,0.0,low,authenticated_saved_feature_psi,False
fbv1-003-lendingclub_v2-lr-full-features-s42,lendingclub_v2,lr,full_features,bc_limit_to_income_band_infrequent_sklearn,0.0,low,authenticated_saved_feature_psi,False
fbv1-003-lendingclub_v2-lr-full-features-s42,lendingclub_v2,lr,full_features,bc_limit_to_income_band_very_high,0.0,low,authenticated_saved_feature_psi,False
fbv1-003-lendingclub_v2-lr-full-features-s42,lendingclub_v2,lr,full_features,bc_limit_to_income_band_tiny,0.0,low,authenticated_saved_feature_psi,False
fbv1-003-lendingclub_v2-lr-full-features-s42,lendingclub_v2,lr,full_features,bc_limit_to_income_band_moderate,0.0,low,authenticated_saved_feature_psi,False
fbv1-003-lendingclub_v2-lr-full-features-s42,lendingclub_v2,lr,full_features,bc_limit_to_income_band_low,0.0,low,authenticated_saved_feature_psi,False
fbv1-003-lendingclub_v2-lr-full-features-s42,lendingclub_v2,lr,full_features,bc_limit_to_income_band_high,0.0,low,authenticated_saved_feature_psi,False
fbv1-003-lendingclub_v2-lr-full-features-s42,lendingclub_v2,lr,full_features,bc_limit_to_income_band_extreme,0.0,low,authenticated_saved_feature_psi,False
fbv1-003-lendingclub_v2-lr-full-features-s42,lendingclub_v2,lr,full_features,application_type_verification_status_Joint App__Verified,0.0,low,authenticated_saved_feature_psi,False
fbv1-003-lendingclub_v2-lr-full-features-s42,lendingclub_v2,lr,full_features,application_type_verification_status_Joint App__Source Verified,0.0,low,authenticated_saved_feature_psi,False
fbv1-003-lendingclub_v2-lr-full-features-s42,lendingclub_v2,lr,full_features,application_type_verification_status_Joint App__Not Verified,0.0,low,authenticated_saved_feature_psi,False
fbv1-003-lendingclub_v2-lr-full-features-s42,lendingclub_v2,lr,full_features,application_type_verification_status_Individual__Verified,0.0,low,authenticated_saved_feature_psi,False
fbv1-003-lendingclub_v2-lr-full-features-s42,lendingclub_v2,lr,full_features,application_type_verification_status_Individual__Source Verified,0.0,low,authenticated_saved_feature_psi,False
fbv1-003-lendingclub_v2-lr-full-features-s42,lendingclub_v2,lr,full_features,delinq_2yrs_band_high,0.0,low,authenticated_saved_feature_psi,False
fbv1-003-lendingclub_v2-lr-full-features-s42,lendingclub_v2,lr,full_features,delinq_2yrs_band_extreme,0.0,low,authenticated_saved_feature_psi,False
fbv1-003-lendingclub_v2-lr-full-features-s42,lendingclub_v2,lr,full_features,credit_lines_per_history_band_very_low,0.0,low,authenticated_saved_feature_psi,False
fbv1-003-lendingclub_v2-lr-full-features-s42,lendingclub_v2,lr,full_features,credit_lines_per_history_band_very_high,0.0,low,authenticated_saved_feature_psi,False
fbv1-003-lendingclub_v2-lr-full-features-s42,lendingclub_v2,lr,full_features,credit_lines_per_history_band_upper_mid,0.0,low,authenticated_saved_feature_psi,False
fbv1-003-lendingclub_v2-lr-full-features-s42,lendingclub_v2,lr,full_features,credit_lines_per_history_band_mid,0.0,low,authenticated_saved_feature_psi,False
fbv1-003-lendingclub_v2-lr-full-features-s42,lendingclub_v2,lr,full_features,credit_lines_per_history_band_low,0.0,low,authenticated_saved_feature_psi,False
fbv1-003-lendingclub_v2-lr-full-features-s42,lendingclub_v2,lr,full_features,credit_lines_per_history_band_high,0.0,low,authenticated_saved_feature_psi,False
fbv1-003-lendingclub_v2-lr-full-features-s42,lendingclub_v2,lr,full_features,credit_history_band_young,0.0,low,authenticated_saved_feature_psi,False
fbv1-003-lendingclub_v2-lr-full-features-s42,lendingclub_v2,lr,full_features,credit_history_band_veteran,0.0,low,authenticated_saved_feature_psi,False
fbv1-003-lendingclub_v2-lr-full-features-s42,lendingclub_v2,lr,full_features,credit_history_band_seasoned,0.0,low,authenticated_saved_feature_psi,False
fbv1-003-lendingclub_v2-lr-full-features-s42,lendingclub_v2,lr,full_features,credit_history_band_mature,0.0,low,authenticated_saved_feature_psi,False
fbv1-003-lendingclub_v2-lr-full-features-s42,lendingclub_v2,lr,full_features,credit_history_band_deep,0.0,low,authenticated_saved_feature_psi,False
fbv1-003-lendingclub_v2-lr-full-features-s42,lendingclub_v2,lr,full_features,bc_util_band_vlow,0.0,low,authenticated_saved_feature_psi,False
fbv1-003-lendingclub_v2-lr-full-features-s42,lendingclub_v2,lr,full_features,bc_util_band_vhigh,0.0,low,authenticated_saved_feature_psi,False
fbv1-003-lendingclub_v2-lr-full-features-s42,lendingclub_v2,lr,full_features,bc_util_band_mid,0.0,low,authenticated_saved_feature_psi,False
fbv1-003-lendingclub_v2-lr-full-features-s42,lendingclub_v2,lr,full_features,emp_length_10+ years,0.0,low,authenticated_saved_feature_psi,False
fbv1-003-lendingclub_v2-lr-full-features-s42,lendingclub_v2,lr,full_features,emp_length_1 year,0.0,low,authenticated_saved_feature_psi,False
fbv1-003-lendingclub_v2-lr-full-features-s42,lendingclub_v2,lr,full_features,dti_band_infrequent_sklearn,0.0,low,authenticated_saved_feature_psi,False
fbv1-003-lendingclub_v2-lr-full-features-s42,lendingclub_v2,lr,full_features,dti_band_very_low,0.0,low,authenticated_saved_feature_psi,False
fbv1-003-lendingclub_v2-lr-full-features-s42,lendingclub_v2,lr,full_features,dti_band_moderate,0.0,low,authenticated_saved_feature_psi,False
fbv1-003-lendingclub_v2-lr-full-features-s42,lendingclub_v2,lr,full_features,dti_band_low,0.0,low,authenticated_saved_feature_psi,False
fbv1-003-lendingclub_v2-lr-full-features-s42,lendingclub_v2,lr,full_features,dti_band_high,0.0,low,authenticated_saved_feature_psi,False
fbv1-003-lendingclub_v2-lr-full-features-s42,lendingclub_v2,lr,full_features,delinquency_pressure_band_very_high,0.0,low,authenticated_saved_feature_psi,False
fbv1-003-lendingclub_v2-lr-full-features-s42,lendingclub_v2,lr,full_features,delinquency_pressure_band_none,0.0,low,authenticated_saved_feature_psi,False
fbv1-003-lendingclub_v2-lr-full-features-s42,lendingclub_v2,lr,full_features,delinquency_pressure_band_moderate,0.0,low,authenticated_saved_feature_psi,False
fbv1-003-lendingclub_v2-lr-full-features-s42,lendingclub_v2,lr,full_features,delinquency_pressure_band_low,0.0,low,authenticated_saved_feature_psi,False
fbv1-003-lendingclub_v2-lr-full-features-s42,lendingclub_v2,lr,full_features,delinquency_pressure_band_high,0.0,low,authenticated_saved_feature_psi,False
fbv1-003-lendingclub_v2-lr-full-features-s42,lendingclub_v2,lr,full_features,delinquency_pressure_band_extreme,0.0,low,authenticated_saved_feature_psi,False
fbv1-003-lendingclub_v2-lr-full-features-s42,lendingclub_v2,lr,full_features,delinq_2yrs_band_none,0.0,low,authenticated_saved_feature_psi,False
fbv1-003-lendingclub_v2-lr-full-features-s42,lendingclub_v2,lr,full_features,delinq_2yrs_band_moderate,0.0,low,authenticated_saved_feature_psi,False
fbv1-003-lendingclub_v2-lr-full-features-s42,lendingclub_v2,lr,full_features,delinq_2yrs_band_low,0.0,low,authenticated_saved_feature_psi,False
fbv1-003-lendingclub_v2-lr-full-features-s42,lendingclub_v2,lr,full_features,emp_length_group_under_1,0.0,low,authenticated_saved_feature_psi,False
fbv1-003-lendingclub_v2-lr-full-features-s42,lendingclub_v2,lr,full_features,emp_length_group_Missing,0.0,low,authenticated_saved_feature_psi,False
fbv1-003-lendingclub_v2-lr-full-features-s42,lendingclub_v2,lr,full_features,emp_length_group_5_to_9,0.0,low,authenticated_saved_feature_psi,False
fbv1-003-lendingclub_v2-lr-full-features-s42,lendingclub_v2,lr,full_features,emp_length_group_3_to_4,0.0,low,authenticated_saved_feature_psi,False
fbv1-003-lendingclub_v2-lr-full-features-s42,lendingclub_v2,lr,full_features,emp_length_group_1_to_2,0.0,low,authenticated_saved_feature_psi,False
fbv1-003-lendingclub_v2-lr-full-features-s42,lendingclub_v2,lr,full_features,emp_length_group_10_plus,0.0,low,authenticated_saved_feature_psi,False
fbv1-003-lendingclub_v2-lr-full-features-s42,lendingclub_v2,lr,full_features,emp_length_Missing,0.0,low,authenticated_saved_feature_psi,False
fbv1-003-lendingclub_v2-lr-full-features-s42,lendingclub_v2,lr,full_features,emp_length_< 1 year,0.0,low,authenticated_saved_feature_psi,False
fbv1-003-lendingclub_v2-lr-full-features-s42,lendingclub_v2,lr,full_features,emp_length_9 years,0.0,low,authenticated_saved_feature_psi,False
fbv1-003-lendingclub_v2-lr-full-features-s42,lendingclub_v2,lr,full_features,emp_length_8 years,0.0,low,authenticated_saved_feature_psi,False
fbv1-003-lendingclub_v2-lr-full-features-s42,lendingclub_v2,lr,full_features,emp_length_7 years,0.0,low,authenticated_saved_feature_psi,False
fbv1-003-lendingclub_v2-lr-full-features-s42,lendingclub_v2,lr,full_features,emp_length_6 years,0.0,low,authenticated_saved_feature_psi,False
fbv1-003-lendingclub_v2-lr-full-features-s42,lendingclub_v2,lr,full_features,emp_length_5 years,0.0,low,authenticated_saved_feature_psi,False
fbv1-003-lendingclub_v2-lr-full-features-s42,lendingclub_v2,lr,full_features,emp_length_4 years,0.0,low,authenticated_saved_feature_psi,False
fbv1-003-lendingclub_v2-lr-full-features-s42,lendingclub_v2,lr,full_features,emp_length_3 years,0.0,low,authenticated_saved_feature_psi,False
fbv1-003-lendingclub_v2-lr-full-features-s42,lendingclub_v2,lr,full_features,emp_length_2 years,0.0,low,authenticated_saved_feature_psi,False
fbv1-003-lendingclub_v2-lr-full-features-s42,lendingclub_v2,lr,full_features,fico_band_x_term_super_prime__60 months,0.0,low,authenticated_saved_feature_psi,False
fbv1-003-lendingclub_v2-lr-full-features-s42,lendingclub_v2,lr,full_features,fico_band_x_term_super_prime__36 months,0.0,low,authenticated_saved_feature_psi,False
fbv1-003-lendingclub_v2-lr-full-features-s42,lendingclub_v2,lr,full_features,fico_band_x_term_prime_plus__60 months,0.0,low,authenticated_saved_feature_psi,False
fbv1-003-lendingclub_v2-lr-full-features-s42,lendingclub_v2,lr,full_features,fico_band_x_term_prime_plus__36 months,0.0,low,authenticated_saved_feature_psi,False
fbv1-003-lendingclub_v2-lr-full-features-s42,lendingclub_v2,lr,full_features,fico_band_x_term_prime__60 months,0.0,low,authenticated_saved_feature_psi,False
fbv1-003-lendingclub_v2-lr-full-features-s42,lendingclub_v2,lr,full_features,fico_band_x_term_prime__36 months,0.0,low,authenticated_saved_feature_psi,False
fbv1-003-lendingclub_v2-lr-full-features-s42,lendingclub_v2,lr,full_features,fico_band_x_term_near_prime__60 months,0.0,low,authenticated_saved_feature_psi,False
fbv1-003-lendingclub_v2-lr-full-features-s42,lendingclub_v2,lr,full_features,fico_band_x_term_near_prime__36 months,0.0,low,authenticated_saved_feature_psi,False
fbv1-003-lendingclub_v2-lr-full-features-s42,lendingclub_v2,lr,full_features,fico_band_x_term_elite__60 months,0.0,low,authenticated_saved_feature_psi,False
fbv1-003-lendingclub_v2-lr-full-features-s42,lendingclub_v2,lr,full_features,fico_band_x_term_elite__36 months,0.0,low,authenticated_saved_feature_psi,False
fbv1-003-lendingclub_v2-lr-full-features-s42,lendingclub_v2,lr,full_features,fico_band_top,0.0,low,authenticated_saved_feature_psi,False
fbv1-003-lendingclub_v2-lr-full-features-s42,lendingclub_v2,lr,full_features,fico_band_super_prime,0.0,low,authenticated_saved_feature_psi,False
fbv1-003-lendingclub_v2-lr-full-features-s42,lendingclub_v2,lr,full_features,fico_band_prime_plus,0.0,low,authenticated_saved_feature_psi,False
fbv1-003-lendingclub_v2-lr-full-features-s42,lendingclub_v2,lr,full_features,fico_band_prime,0.0,low,authenticated_saved_feature_psi,False
fbv1-003-lendingclub_v2-lr-full-features-s42,lendingclub_v2,lr,full_features,fico_band_near_prime,0.0,low,authenticated_saved_feature_psi,False
fbv1-003-lendingclub_v2-lr-full-features-s42,lendingclub_v2,lr,full_features,fico_band_elite,0.0,low,authenticated_saved_feature_psi,False
fbv1-003-lendingclub_v2-lr-full-features-s42,lendingclub_v2,lr,full_features,il_util_band_vhigh,0.0,low,authenticated_saved_feature_psi,False
fbv1-003-lendingclub_v2-lr-full-features-s42,lendingclub_v2,lr,full_features,il_util_band_mid,0.0,low,authenticated_saved_feature_psi,False
fbv1-003-lendingclub_v2-lr-full-features-s42,lendingclub_v2,lr,full_features,il_util_band_low,0.0,low,authenticated_saved_feature_psi,False
fbv1-003-lendingclub_v2-lr-full-features-s42,lendingclub_v2,lr,full_features,il_util_band_high,0.0,low,authenticated_saved_feature_psi,False
fbv1-003-lendingclub_v2-lr-full-features-s42,lendingclub_v2,lr,full_features,il_util_band_extreme,0.0,low,authenticated_saved_feature_psi,False
fbv1-003-lendingclub_v2-lr-full-features-s42,lendingclub_v2,lr,full_features,il_util_band_Missing,0.0,low,authenticated_saved_feature_psi,False
fbv1-003-lendingclub_v2-lr-full-features-s42,lendingclub_v2,lr,full_features,home_ownership_group_infrequent_sklearn,0.0,low,authenticated_saved_feature_psi,False
fbv1-003-lendingclub_v2-lr-full-features-s42,lendingclub_v2,lr,full_features,home_ownership_group_rent,0.0,low,authenticated_saved_feature_psi,False
fbv1-003-lendingclub_v2-lr-full-features-s42,lendingclub_v2,lr,full_features,home_ownership_group_own,0.0,low,authenticated_saved_feature_psi,False
fbv1-003-lendingclub_v2-lr-full-features-s42,lendingclub_v2,lr,full_features,home_ownership_group_mortgage,0.0,low,authenticated_saved_feature_psi,False
fbv1-003-lendingclub_v2-lr-full-features-s42,lendingclub_v2,lr,full_features,home_ownership_infrequent_sklearn,0.0,low,authenticated_saved_feature_psi,False
fbv1-003-lendingclub_v2-lr-full-features-s42,lendingclub_v2,lr,full_features,home_ownership_RENT,0.0,low,authenticated_saved_feature_psi,False
fbv1-003-lendingclub_v2-lr-full-features-s42,lendingclub_v2,lr,full_features,home_ownership_OWN,0.0,low,authenticated_saved_feature_psi,False
fbv1-003-lendingclub_v2-lr-full-features-s42,lendingclub_v2,lr,full_features,home_ownership_MORTGAGE,0.0,low,authenticated_saved_feature_psi,False
fbv1-003-lendingclub_v2-lr-full-features-s42,lendingclub_v2,lr,full_features,fico_band_x_term_top__60 months,0.0,low,authenticated_saved_feature_psi,False
fbv1-003-lendingclub_v2-lr-full-features-s42,lendingclub_v2,lr,full_features,fico_band_x_term_top__36 months,0.0,low,authenticated_saved_feature_psi,False
fbv1-003-lendingclub_v2-lr-full-features-s42,lendingclub_v2,lr,full_features,loan_amnt_band_large,0.0,low,authenticated_saved_feature_psi,False
fbv1-003-lendingclub_v2-lr-full-features-s42,lendingclub_v2,lr,full_features,inq_last_6mths_band_none,0.0,low,authenticated_saved_feature_psi,False
fbv1-003-lendingclub_v2-lr-full-features-s42,lendingclub_v2,lr,full_features,inq_last_6mths_band_moderate,0.0,low,authenticated_saved_feature_psi,False
fbv1-003-lendingclub_v2-lr-full-features-s42,lendingclub_v2,lr,full_features,inq_last_6mths_band_light,0.0,low,authenticated_saved_feature_psi,False
fbv1-003-lendingclub_v2-lr-full-features-s42,lendingclub_v2,lr,full_features,inq_last_6mths_band_high,0.0,low,authenticated_saved_feature_psi,False
fbv1-003-lendingclub_v2-lr-full-features-s42,lendingclub_v2,lr,full_features,inq_last_6mths_band_extreme,0.0,low,authenticated_saved_feature_psi,False
fbv1-003-lendingclub_v2-lr-full-features-s42,lendingclub_v2,lr,full_features,inq_last_12m_band_very_high,0.0,low,authenticated_saved_feature_psi,False
fbv1-003-lendingclub_v2-lr-full-features-s42,lendingclub_v2,lr,full_features,inq_last_12m_band_none,0.0,low,authenticated_saved_feature_psi,False
fbv1-003-lendingclub_v2-lr-full-features-s42,lendingclub_v2,lr,full_features,inq_last_12m_band_moderate,0.0,low,authenticated_saved_feature_psi,False
fbv1-003-lendingclub_v2-lr-full-features-s42,lendingclub_v2,lr,full_features,inq_last_12m_band_light,0.0,low,authenticated_saved_feature_psi,False
fbv1-003-lendingclub_v2-lr-full-features-s42,lendingclub_v2,lr,full_features,inq_last_12m_band_high,0.0,low,authenticated_saved_feature_psi,False
fbv1-003-lendingclub_v2-lr-full-features-s42,lendingclub_v2,lr,full_features,inq_last_12m_band_extreme,0.0,low,authenticated_saved_feature_psi,False
fbv1-003-lendingclub_v2-lr-full-features-s42,lendingclub_v2,lr,full_features,inq_last_12m_band_Missing,0.0,low,authenticated_saved_feature_psi,False
fbv1-003-lendingclub_v2-lr-full-features-s42,lendingclub_v2,lr,full_features,initial_list_status_w,0.0,low,authenticated_saved_feature_psi,False
fbv1-003-lendingclub_v2-lr-full-features-s42,lendingclub_v2,lr,full_features,initial_list_status_f,0.0,low,authenticated_saved_feature_psi,False
fbv1-003-lendingclub_v2-lr-full-features-s42,lendingclub_v2,lr,full_features,il_util_band_vlow,0.0,low,authenticated_saved_feature_psi,False
fbv1-003-lendingclub_v2-lr-full-features-s42,lendingclub_v2,lr,full_features,mort_acc_band_very_high,0.0,low,authenticated_saved_feature_psi,False
fbv1-003-lendingclub_v2-lr-full-features-s42,lendingclub_v2,lr,full_features,mort_acc_band_none,0.0,low,authenticated_saved_feature_psi,False
fbv1-003-lendingclub_v2-lr-full-features-s42,lendingclub_v2,lr,full_features,mort_acc_band_moderate,0.0,low,authenticated_saved_feature_psi,False
fbv1-003-lendingclub_v2-lr-full-features-s42,lendingclub_v2,lr,full_features,mort_acc_band_light,0.0,low,authenticated_saved_feature_psi,False
fbv1-003-lendingclub_v2-lr-full-features-s42,lendingclub_v2,lr,full_features,mort_acc_band_high,0.0,low,authenticated_saved_feature_psi,False
fbv1-003-lendingclub_v2-lr-full-features-s42,lendingclub_v2,lr,full_features,loan_to_income_band_infrequent_sklearn,0.0,low,authenticated_saved_feature_psi,False
fbv1-003-lendingclub_v2-lr-full-features-s42,lendingclub_v2,lr,full_features,loan_to_income_band_very_high,0.0,low,authenticated_saved_feature_psi,False
fbv1-003-lendingclub_v2-lr-full-features-s42,lendingclub_v2,lr,full_features,loan_to_income_band_moderate,0.0,low,authenticated_saved_feature_psi,False
fbv1-003-lendingclub_v2-lr-full-features-s42,lendingclub_v2,lr,full_features,loan_to_income_band_low,0.0,low,authenticated_saved_feature_psi,False
fbv1-003-lendingclub_v2-lr-full-features-s42,lendingclub_v2,lr,full_features,loan_to_income_band_high,0.0,low,authenticated_saved_feature_psi,False
fbv1-003-lendingclub_v2-lr-full-features-s42,lendingclub_v2,lr,full_features,loan_to_income_band_extreme,0.0,low,authenticated_saved_feature_psi,False
fbv1-003-lendingclub_v2-lr-full-features-s42,lendingclub_v2,lr,full_features,loan_amnt_band_xlarge,0.0,low,authenticated_saved_feature_psi,False
fbv1-003-lendingclub_v2-lr-full-features-s42,lendingclub_v2,lr,full_features,loan_amnt_band_vsmall,0.0,low,authenticated_saved_feature_psi,False
fbv1-003-lendingclub_v2-lr-full-features-s42,lendingclub_v2,lr,full_features,loan_amnt_band_upper_mid,0.0,low,authenticated_saved_feature_psi,False
fbv1-003-lendingclub_v2-lr-full-features-s42,lendingclub_v2,lr,full_features,loan_amnt_band_small,0.0,low,authenticated_saved_feature_psi,False
fbv1-003-lendingclub_v2-lr-full-features-s42,lendingclub_v2,lr,full_features,loan_amnt_band_mid,0.0,low,authenticated_saved_feature_psi,False
fbv1-003-lendingclub_v2-lr-full-features-s42,lendingclub_v2,lr,full_features,pub_rec_band_none,0.0,low,authenticated_saved_feature_psi,False
fbv1-003-lendingclub_v2-lr-full-features-s42,lendingclub_v2,lr,full_features,pub_rec_band_moderate,0.0,low,authenticated_saved_feature_psi,False
fbv1-003-lendingclub_v2-lr-full-features-s42,lendingclub_v2,lr,full_features,pub_rec_band_low,0.0,low,authenticated_saved_feature_psi,False
fbv1-003-lendingclub_v2-lr-full-features-s42,lendingclub_v2,lr,full_features,pub_rec_band_high,0.0,low,authenticated_saved_feature_psi,False
fbv1-003-lendingclub_v2-lr-full-features-s42,lendingclub_v2,lr,full_features,open_acc_band_very_low,0.0,low,authenticated_saved_feature_psi,False
fbv1-003-lendingclub_v2-lr-full-features-s42,lendingclub_v2,lr,full_features,open_acc_band_very_high,0.0,low,authenticated_saved_feature_psi,False
fbv1-003-lendingclub_v2-lr-full-features-s42,lendingclub_v2,lr,full_features,open_acc_band_upper_mid,0.0,low,authenticated_saved_feature_psi,False
fbv1-003-lendingclub_v2-lr-full-features-s42,lendingclub_v2,lr,full_features,open_acc_band_mid,0.0,low,authenticated_saved_feature_psi,False
fbv1-003-lendingclub_v2-lr-full-features-s42,lendingclub_v2,lr,full_features,open_acc_band_low,0.0,low,authenticated_saved_feature_psi,False
fbv1-003-lendingclub_v2-lr-full-features-s42,lendingclub_v2,lr,full_features,open_acc_band_high,0.0,low,authenticated_saved_feature_psi,False
fbv1-003-lendingclub_v2-lr-full-features-s42,lendingclub_v2,lr,full_features,num_tl_op_past_12m_band_very_high,0.0,low,authenticated_saved_feature_psi,False
fbv1-003-lendingclub_v2-lr-full-features-s42,lendingclub_v2,lr,full_features,num_tl_op_past_12m_band_none,0.0,low,authenticated_saved_feature_psi,False
fbv1-003-lendingclub_v2-lr-full-features-s42,lendingclub_v2,lr,full_features,num_tl_op_past_12m_band_moderate,0.0,low,authenticated_saved_feature_psi,False
fbv1-003-lendingclub_v2-lr-full-features-s42,lendingclub_v2,lr,full_features,num_tl_op_past_12m_band_light,0.0,low,authenticated_saved_feature_psi,False
fbv1-003-lendingclub_v2-lr-full-features-s42,lendingclub_v2,lr,full_features,num_tl_op_past_12m_band_high,0.0,low,authenticated_saved_feature_psi,False
fbv1-003-lendingclub_v2-lr-full-features-s42,lendingclub_v2,lr,full_features,num_tl_op_past_12m_band_extreme,0.0,low,authenticated_saved_feature_psi,False
fbv1-003-lendingclub_v2-lr-full-features-s42,lendingclub_v2,lr,full_features,purpose_group_debt_refinance,0.0,low,authenticated_saved_feature_psi,False
fbv1-003-lendingclub_v2-lr-full-features-s42,lendingclub_v2,lr,full_features,purpose_group_business,0.0,low,authenticated_saved_feature_psi,False
fbv1-003-lendingclub_v2-lr-full-features-s42,lendingclub_v2,lr,full_features,purpose_group_asset_or_home,0.0,low,authenticated_saved_feature_psi,False
fbv1-003-lendingclub_v2-lr-full-features-s42,lendingclub_v2,lr,full_features,purpose_infrequent_sklearn,0.0,low,authenticated_saved_feature_psi,False
fbv1-003-lendingclub_v2-lr-full-features-s42,lendingclub_v2,lr,full_features,purpose_vacation,0.0,low,authenticated_saved_feature_psi,False
fbv1-003-lendingclub_v2-lr-full-features-s42,lendingclub_v2,lr,full_features,purpose_small_business,0.0,low,authenticated_saved_feature_psi,False
fbv1-003-lendingclub_v2-lr-full-features-s42,lendingclub_v2,lr,full_features,purpose_renewable_energy,0.0,low,authenticated_saved_feature_psi,False
fbv1-003-lendingclub_v2-lr-full-features-s42,lendingclub_v2,lr,full_features,purpose_other,0.0,low,authenticated_saved_feature_psi,False
fbv1-003-lendingclub_v2-lr-full-features-s42,lendingclub_v2,lr,full_features,purpose_moving,0.0,low,authenticated_saved_feature_psi,False
fbv1-003-lendingclub_v2-lr-full-features-s42,lendingclub_v2,lr,full_features,purpose_medical,0.0,low,authenticated_saved_feature_psi,False
fbv1-003-lendingclub_v2-lr-full-features-s42,lendingclub_v2,lr,full_features,purpose_major_purchase,0.0,low,authenticated_saved_feature_psi,False
fbv1-003-lendingclub_v2-lr-full-features-s42,lendingclub_v2,lr,full_features,purpose_house,0.0,low,authenticated_saved_feature_psi,False
fbv1-003-lendingclub_v2-lr-full-features-s42,lendingclub_v2,lr,full_features,purpose_home_improvement,0.0,low,authenticated_saved_feature_psi,False
fbv1-003-lendingclub_v2-lr-full-features-s42,lendingclub_v2,lr,full_features,purpose_debt_consolidation,0.0,low,authenticated_saved_feature_psi,False
fbv1-003-lendingclub_v2-lr-full-features-s42,lendingclub_v2,lr,full_features,purpose_credit_card,0.0,low,authenticated_saved_feature_psi,False
fbv1-003-lendingclub_v2-lr-full-features-s42,lendingclub_v2,lr,full_features,purpose_car,0.0,low,authenticated_saved_feature_psi,False
fbv1-003-lendingclub_v2-lr-full-features-s42,lendingclub_v2,lr,full_features,purpose_group_x_dti_band_debt_refinance__moderate,0.0,low,authenticated_saved_feature_psi,False
fbv1-003-lendingclub_v2-lr-full-features-s42,lendingclub_v2,lr,full_features,purpose_group_x_dti_band_debt_refinance__low,0.0,low,authenticated_saved_feature_psi,False
fbv1-003-lendingclub_v2-lr-full-features-s42,lendingclub_v2,lr,full_features,purpose_group_x_dti_band_debt_refinance__high,0.0,low,authenticated_saved_feature_psi,False
fbv1-003-lendingclub_v2-lr-full-features-s42,lendingclub_v2,lr,full_features,purpose_group_x_dti_band_business__very_low,0.0,low,authenticated_saved_feature_psi,False
fbv1-003-lendingclub_v2-lr-full-features-s42,lendingclub_v2,lr,full_features,purpose_group_x_dti_band_business__moderate,0.0,low,authenticated_saved_feature_psi,False
fbv1-003-lendingclub_v2-lr-full-features-s42,lendingclub_v2,lr,full_features,purpose_group_x_dti_band_business__low,0.0,low,authenticated_saved_feature_psi,False
fbv1-003-lendingclub_v2-lr-full-features-s42,lendingclub_v2,lr,full_features,purpose_group_x_dti_band_business__high,0.0,low,authenticated_saved_feature_psi,False
fbv1-003-lendingclub_v2-lr-full-features-s42,lendingclub_v2,lr,full_features,purpose_group_x_dti_band_asset_or_home__very_low,0.0,low,authenticated_saved_feature_psi,False
fbv1-003-lendingclub_v2-lr-full-features-s42,lendingclub_v2,lr,full_features,purpose_group_x_dti_band_asset_or_home__moderate,0.0,low,authenticated_saved_feature_psi,False
fbv1-003-lendingclub_v2-lr-full-features-s42,lendingclub_v2,lr,full_features,purpose_group_x_dti_band_asset_or_home__low,0.0,low,authenticated_saved_feature_psi,False
fbv1-003-lendingclub_v2-lr-full-features-s42,lendingclub_v2,lr,full_features,purpose_group_x_dti_band_asset_or_home__high,0.0,low,authenticated_saved_feature_psi,False
fbv1-003-lendingclub_v2-lr-full-features-s42,lendingclub_v2,lr,full_features,purpose_group_infrequent_sklearn,0.0,low,authenticated_saved_feature_psi,False
fbv1-003-lendingclub_v2-lr-full-features-s42,lendingclub_v2,lr,full_features,purpose_group_other,0.0,low,authenticated_saved_feature_psi,False
fbv1-003-lendingclub_v2-lr-full-features-s42,lendingclub_v2,lr,full_features,purpose_group_life_event,0.0,low,authenticated_saved_feature_psi,False
fbv1-003-lendingclub_v2-lr-full-features-s42,lendingclub_v2,lr,full_features,purpose_group_large_purchase,0.0,low,authenticated_saved_feature_psi,False
fbv1-003-lendingclub_v2-lr-full-features-s42,lendingclub_v2,lr,full_features,purpose_group_discretionary,0.0,low,authenticated_saved_feature_psi,False
fbv1-003-lendingclub_v2-lr-full-features-s42,lendingclub_v2,lr,full_features,purpose_group_x_dti_band_other__moderate,0.0,low,authenticated_saved_feature_psi,False
fbv1-003-lendingclub_v2-lr-full-features-s42,lendingclub_v2,lr,full_features,purpose_group_x_dti_band_other__low,0.0,low,authenticated_saved_feature_psi,False
fbv1-003-lendingclub_v2-lr-full-features-s42,lendingclub_v2,lr,full_features,purpose_group_x_dti_band_other__high,0.0,low,authenticated_saved_feature_psi,False
fbv1-003-lendingclub_v2-lr-full-features-s42,lendingclub_v2,lr,full_features,purpose_group_x_dti_band_life_event__very_low,0.0,low,authenticated_saved_feature_psi,False
fbv1-003-lendingclub_v2-lr-full-features-s42,lendingclub_v2,lr,full_features,purpose_group_x_dti_band_life_event__moderate,0.0,low,authenticated_saved_feature_psi,False
fbv1-003-lendingclub_v2-lr-full-features-s42,lendingclub_v2,lr,full_features,purpose_group_x_dti_band_life_event__low,0.0,low,authenticated_saved_feature_psi,False
fbv1-003-lendingclub_v2-lr-full-features-s42,lendingclub_v2,lr,full_features,purpose_group_x_dti_band_life_event__high,0.0,low,authenticated_saved_feature_psi,False
fbv1-003-lendingclub_v2-lr-full-features-s42,lendingclub_v2,lr,full_features,purpose_group_x_dti_band_large_purchase__very_low,0.0,low,authenticated_saved_feature_psi,False
fbv1-003-lendingclub_v2-lr-full-features-s42,lendingclub_v2,lr,full_features,purpose_group_x_dti_band_large_purchase__moderate,0.0,low,authenticated_saved_feature_psi,False
fbv1-003-lendingclub_v2-lr-full-features-s42,lendingclub_v2,lr,full_features,purpose_group_x_dti_band_large_purchase__low,0.0,low,authenticated_saved_feature_psi,False
fbv1-003-lendingclub_v2-lr-full-features-s42,lendingclub_v2,lr,full_features,purpose_group_x_dti_band_large_purchase__high,0.0,low,authenticated_saved_feature_psi,False
fbv1-003-lendingclub_v2-lr-full-features-s42,lendingclub_v2,lr,full_features,purpose_group_x_dti_band_discretionary__very_low,0.0,low,authenticated_saved_feature_psi,False
fbv1-003-lendingclub_v2-lr-full-features-s42,lendingclub_v2,lr,full_features,purpose_group_x_dti_band_discretionary__moderate,0.0,low,authenticated_saved_feature_psi,False
fbv1-003-lendingclub_v2-lr-full-features-s42,lendingclub_v2,lr,full_features,purpose_group_x_dti_band_discretionary__low,0.0,low,authenticated_saved_feature_psi,False
fbv1-003-lendingclub_v2-lr-full-features-s42,lendingclub_v2,lr,full_features,purpose_group_x_dti_band_discretionary__high,0.0,low,authenticated_saved_feature_psi,False
fbv1-003-lendingclub_v2-lr-full-features-s42,lendingclub_v2,lr,full_features,purpose_group_x_dti_band_debt_refinance__very_low,0.0,low,authenticated_saved_feature_psi,False
fbv1-003-lendingclub_v2-lr-full-features-s42,lendingclub_v2,lr,full_features,purpose_verification_status_house__Source Verified,0.0,low,authenticated_saved_feature_psi,False
fbv1-003-lendingclub_v2-lr-full-features-s42,lendingclub_v2,lr,full_features,purpose_verification_status_house__Not Verified,0.0,low,authenticated_saved_feature_psi,False
fbv1-003-lendingclub_v2-lr-full-features-s42,lendingclub_v2,lr,full_features,purpose_verification_status_home_improvement__Verified,0.0,low,authenticated_saved_feature_psi,False
fbv1-003-lendingclub_v2-lr-full-features-s42,lendingclub_v2,lr,full_features,purpose_verification_status_home_improvement__Source Verified,0.0,low,authenticated_saved_feature_psi,False
fbv1-003-lendingclub_v2-lr-full-features-s42,lendingclub_v2,lr,full_features,purpose_verification_status_home_improvement__Not Verified,0.0,low,authenticated_saved_feature_psi,False
fbv1-003-lendingclub_v2-lr-full-features-s42,lendingclub_v2,lr,full_features,purpose_verification_status_debt_consolidation__Verified,0.0,low,authenticated_saved_feature_psi,False
fbv1-003-lendingclub_v2-lr-full-features-s42,lendingclub_v2,lr,full_features,purpose_verification_status_debt_consolidation__Source Verified,0.0,low,authenticated_saved_feature_psi,False
fbv1-003-lendingclub_v2-lr-full-features-s42,lendingclub_v2,lr,full_features,purpose_verification_status_debt_consolidation__Not Verified,0.0,low,authenticated_saved_feature_psi,False
fbv1-003-lendingclub_v2-lr-full-features-s42,lendingclub_v2,lr,full_features,purpose_verification_status_credit_card__Verified,0.0,low,authenticated_saved_feature_psi,False
fbv1-003-lendingclub_v2-lr-full-features-s42,lendingclub_v2,lr,full_features,purpose_verification_status_credit_card__Source Verified,0.0,low,authenticated_saved_feature_psi,False
fbv1-003-lendingclub_v2-lr-full-features-s42,lendingclub_v2,lr,full_features,purpose_verification_status_credit_card__Not Verified,0.0,low,authenticated_saved_feature_psi,False
fbv1-003-lendingclub_v2-lr-full-features-s42,lendingclub_v2,lr,full_features,purpose_verification_status_car__Verified,0.0,low,authenticated_saved_feature_psi,False
fbv1-003-lendingclub_v2-lr-full-features-s42,lendingclub_v2,lr,full_features,purpose_verification_status_car__Source Verified,0.0,low,authenticated_saved_feature_psi,False
fbv1-003-lendingclub_v2-lr-full-features-s42,lendingclub_v2,lr,full_features,purpose_verification_status_car__Not Verified,0.0,low,authenticated_saved_feature_psi,False
fbv1-003-lendingclub_v2-lr-full-features-s42,lendingclub_v2,lr,full_features,purpose_group_x_dti_band_infrequent_sklearn,0.0,low,authenticated_saved_feature_psi,False
fbv1-003-lendingclub_v2-lr-full-features-s42,lendingclub_v2,lr,full_features,purpose_group_x_dti_band_other__very_low,0.0,low,authenticated_saved_feature_psi,False
fbv1-003-lendingclub_v2-lr-full-features-s42,lendingclub_v2,lr,full_features,purpose_verification_status_renewable_energy__Verified,0.0,low,authenticated_saved_feature_psi,False
fbv1-003-lendingclub_v2-lr-full-features-s42,lendingclub_v2,lr,full_features,purpose_verification_status_renewable_energy__Source Verified,0.0,low,authenticated_saved_feature_psi,False
fbv1-003-lendingclub_v2-lr-full-features-s42,lendingclub_v2,lr,full_features,purpose_verification_status_renewable_energy__Not Verified,0.0,low,authenticated_saved_feature_psi,False
fbv1-003-lendingclub_v2-lr-full-features-s42,lendingclub_v2,lr,full_features,purpose_verification_status_other__Verified,0.0,low,authenticated_saved_feature_psi,False
fbv1-003-lendingclub_v2-lr-full-features-s42,lendingclub_v2,lr,full_features,purpose_verification_status_other__Source Verified,0.0,low,authenticated_saved_feature_psi,False
fbv1-003-lendingclub_v2-lr-full-features-s42,lendingclub_v2,lr,full_features,purpose_verification_status_other__Not Verified,0.0,low,authenticated_saved_feature_psi,False
fbv1-003-lendingclub_v2-lr-full-features-s42,lendingclub_v2,lr,full_features,purpose_verification_status_moving__Verified,0.0,low,authenticated_saved_feature_psi,False
fbv1-003-lendingclub_v2-lr-full-features-s42,lendingclub_v2,lr,full_features,purpose_verification_status_moving__Source Verified,0.0,low,authenticated_saved_feature_psi,False
fbv1-003-lendingclub_v2-lr-full-features-s42,lendingclub_v2,lr,full_features,purpose_verification_status_moving__Not Verified,0.0,low,authenticated_saved_feature_psi,False
fbv1-003-lendingclub_v2-lr-full-features-s42,lendingclub_v2,lr,full_features,purpose_verification_status_medical__Verified,0.0,low,authenticated_saved_feature_psi,False
fbv1-003-lendingclub_v2-lr-full-features-s42,lendingclub_v2,lr,full_features,purpose_verification_status_medical__Source Verified,0.0,low,authenticated_saved_feature_psi,False
fbv1-003-lendingclub_v2-lr-full-features-s42,lendingclub_v2,lr,full_features,purpose_verification_status_medical__Not Verified,0.0,low,authenticated_saved_feature_psi,False
fbv1-003-lendingclub_v2-lr-full-features-s42,lendingclub_v2,lr,full_features,purpose_verification_status_major_purchase__Verified,0.0,low,authenticated_saved_feature_psi,False
fbv1-003-lendingclub_v2-lr-full-features-s42,lendingclub_v2,lr,full_features,purpose_verification_status_major_purchase__Source Verified,0.0,low,authenticated_saved_feature_psi,False
fbv1-003-lendingclub_v2-lr-full-features-s42,lendingclub_v2,lr,full_features,purpose_verification_status_major_purchase__Not Verified,0.0,low,authenticated_saved_feature_psi,False
fbv1-003-lendingclub_v2-lr-full-features-s42,lendingclub_v2,lr,full_features,purpose_verification_status_house__Verified,0.0,low,authenticated_saved_feature_psi,False
fbv1-003-lendingclub_v2-lr-full-features-s42,lendingclub_v2,lr,full_features,recent_trade_density_band_extreme,0.0,low,authenticated_saved_feature_psi,False
fbv1-003-lendingclub_v2-lr-full-features-s42,lendingclub_v2,lr,full_features,recent_trade_density_band_Missing,0.0,low,authenticated_saved_feature_psi,False
fbv1-003-lendingclub_v2-lr-full-features-s42,lendingclub_v2,lr,full_features,recent_inquiry_density_band_very_high,0.0,low,authenticated_saved_feature_psi,False
fbv1-003-lendingclub_v2-lr-full-features-s42,lendingclub_v2,lr,full_features,recent_inquiry_density_band_tiny,0.0,low,authenticated_saved_feature_psi,False
fbv1-003-lendingclub_v2-lr-full-features-s42,lendingclub_v2,lr,full_features,recent_inquiry_density_band_moderate,0.0,low,authenticated_saved_feature_psi,False
fbv1-003-lendingclub_v2-lr-full-features-s42,lendingclub_v2,lr,full_features,recent_inquiry_density_band_low,0.0,low,authenticated_saved_feature_psi,False
fbv1-003-lendingclub_v2-lr-full-features-s42,lendingclub_v2,lr,full_features,recent_inquiry_density_band_high,0.0,low,authenticated_saved_feature_psi,False
fbv1-003-lendingclub_v2-lr-full-features-s42,lendingclub_v2,lr,full_features,recent_inquiry_density_band_extreme,0.0,low,authenticated_saved_feature_psi,False
fbv1-003-lendingclub_v2-lr-full-features-s42,lendingclub_v2,lr,full_features,recent_inquiry_density_band_Missing,0.0,low,authenticated_saved_feature_psi,False
fbv1-003-lendingclub_v2-lr-full-features-s42,lendingclub_v2,lr,full_features,purpose_verification_status_infrequent_sklearn,0.0,low,authenticated_saved_feature_psi,False
fbv1-003-lendingclub_v2-lr-full-features-s42,lendingclub_v2,lr,full_features,purpose_verification_status_vacation__Verified,0.0,low,authenticated_saved_feature_psi,False
fbv1-003-lendingclub_v2-lr-full-features-s42,lendingclub_v2,lr,full_features,purpose_verification_status_vacation__Source Verified,0.0,low,authenticated_saved_feature_psi,False
fbv1-003-lendingclub_v2-lr-full-features-s42,lendingclub_v2,lr,full_features,purpose_verification_status_vacation__Not Verified,0.0,low,authenticated_saved_feature_psi,False
fbv1-003-lendingclub_v2-lr-full-features-s42,lendingclub_v2,lr,full_features,purpose_verification_status_small_business__Verified,0.0,low,authenticated_saved_feature_psi,False
fbv1-003-lendingclub_v2-lr-full-features-s42,lendingclub_v2,lr,full_features,purpose_verification_status_small_business__Source Verified,0.0,low,authenticated_saved_feature_psi,False
fbv1-003-lendingclub_v2-lr-full-features-s42,lendingclub_v2,lr,full_features,purpose_verification_status_small_business__Not Verified,0.0,low,authenticated_saved_feature_psi,False
fbv1-003-lendingclub_v2-lr-full-features-s42,lendingclub_v2,lr,full_features,revol_util_band_low,0.0,low,authenticated_saved_feature_psi,False
fbv1-003-lendingclub_v2-lr-full-features-s42,lendingclub_v2,lr,full_features,revol_util_band_high,0.0,low,authenticated_saved_feature_psi,False
fbv1-003-lendingclub_v2-lr-full-features-s42,lendingclub_v2,lr,full_features,revol_util_band_extreme,0.0,low,authenticated_saved_feature_psi,False
fbv1-003-lendingclub_v2-lr-full-features-s42,lendingclub_v2,lr,full_features,revol_util_band_Missing,0.0,low,authenticated_saved_feature_psi,False
fbv1-003-lendingclub_v2-lr-full-features-s42,lendingclub_v2,lr,full_features,revol_bal_to_income_band_infrequent_sklearn,0.0,low,authenticated_saved_feature_psi,False
fbv1-003-lendingclub_v2-lr-full-features-s42,lendingclub_v2,lr,full_features,revol_bal_to_income_band_very_high,0.0,low,authenticated_saved_feature_psi,False
fbv1-003-lendingclub_v2-lr-full-features-s42,lendingclub_v2,lr,full_features,revol_bal_to_income_band_tiny,0.0,low,authenticated_saved_feature_psi,False
fbv1-003-lendingclub_v2-lr-full-features-s42,lendingclub_v2,lr,full_features,revol_bal_to_income_band_moderate,0.0,low,authenticated_saved_feature_psi,False
fbv1-003-lendingclub_v2-lr-full-features-s42,lendingclub_v2,lr,full_features,revol_bal_to_income_band_low,0.0,low,authenticated_saved_feature_psi,False
fbv1-003-lendingclub_v2-lr-full-features-s42,lendingclub_v2,lr,full_features,revol_bal_to_income_band_high,0.0,low,authenticated_saved_feature_psi,False
fbv1-003-lendingclub_v2-lr-full-features-s42,lendingclub_v2,lr,full_features,revol_bal_to_income_band_extreme,0.0,low,authenticated_saved_feature_psi,False
fbv1-003-lendingclub_v2-lr-full-features-s42,lendingclub_v2,lr,full_features,recent_trade_density_band_very_high,0.0,low,authenticated_saved_feature_psi,False
fbv1-003-lendingclub_v2-lr-full-features-s42,lendingclub_v2,lr,full_features,recent_trade_density_band_tiny,0.0,low,authenticated_saved_feature_psi,False
fbv1-003-lendingclub_v2-lr-full-features-s42,lendingclub_v2,lr,full_features,recent_trade_density_band_moderate,0.0,low,authenticated_saved_feature_psi,False
fbv1-003-lendingclub_v2-lr-full-features-s42,lendingclub_v2,lr,full_features,recent_trade_density_band_low,0.0,low,authenticated_saved_feature_psi,False
fbv1-003-lendingclub_v2-lr-full-features-s42,lendingclub_v2,lr,full_features,recent_trade_density_band_high,0.0,low,authenticated_saved_feature_psi,False
fbv1-003-lendingclub_v2-lr-full-features-s42,lendingclub_v2,lr,full_features,term_home_ownership_infrequent_sklearn,0.0,low,authenticated_saved_feature_psi,False
fbv1-003-lendingclub_v2-lr-full-features-s42,lendingclub_v2,lr,full_features,term_home_ownership_60 months__RENT,0.0,low,authenticated_saved_feature_psi,False
fbv1-003-lendingclub_v2-lr-full-features-s42,lendingclub_v2,lr,full_features,term_home_ownership_60 months__OWN,0.0,low,authenticated_saved_feature_psi,False
fbv1-003-lendingclub_v2-lr-full-features-s42,lendingclub_v2,lr,full_features,term_home_ownership_60 months__MORTGAGE,0.0,low,authenticated_saved_feature_psi,False
fbv1-003-lendingclub_v2-lr-full-features-s42,lendingclub_v2,lr,full_features,term_home_ownership_36 months__RENT,0.0,low,authenticated_saved_feature_psi,False
fbv1-003-lendingclub_v2-lr-full-features-s42,lendingclub_v2,lr,full_features,term_home_ownership_36 months__OWN,0.0,low,authenticated_saved_feature_psi,False
fbv1-003-lendingclub_v2-lr-full-features-s42,lendingclub_v2,lr,full_features,term_home_ownership_36 months__MORTGAGE,0.0,low,authenticated_saved_feature_psi,False
fbv1-003-lendingclub_v2-lr-full-features-s42,lendingclub_v2,lr,full_features,term_60 months,0.0,low,authenticated_saved_feature_psi,False
fbv1-003-lendingclub_v2-lr-full-features-s42,lendingclub_v2,lr,full_features,term_36 months,0.0,low,authenticated_saved_feature_psi,False
fbv1-003-lendingclub_v2-lr-full-features-s42,lendingclub_v2,lr,full_features,state_region_group_west,0.0,low,authenticated_saved_feature_psi,False
fbv1-003-lendingclub_v2-lr-full-features-s42,lendingclub_v2,lr,full_features,state_region_group_south,0.0,low,authenticated_saved_feature_psi,False
fbv1-003-lendingclub_v2-lr-full-features-s42,lendingclub_v2,lr,full_features,state_region_group_northeast,0.0,low,authenticated_saved_feature_psi,False
fbv1-003-lendingclub_v2-lr-full-features-s42,lendingclub_v2,lr,full_features,state_region_group_midwest,0.0,low,authenticated_saved_feature_psi,False
fbv1-003-lendingclub_v2-lr-full-features-s42,lendingclub_v2,lr,full_features,revol_util_band_vlow,0.0,low,authenticated_saved_feature_psi,False
fbv1-003-lendingclub_v2-lr-full-features-s42,lendingclub_v2,lr,full_features,revol_util_band_vhigh,0.0,low,authenticated_saved_feature_psi,False
fbv1-003-lendingclub_v2-lr-full-features-s42,lendingclub_v2,lr,full_features,revol_util_band_mid,0.0,low,authenticated_saved_feature_psi,False
fbv1-003-lendingclub_v2-lr-full-features-s42,lendingclub_v2,lr,full_features,acc_now_delinq_is_zero,0.0,low,authenticated_saved_feature_psi,False
fbv1-003-lendingclub_v2-lr-full-features-s42,lendingclub_v2,lr,full_features,verification_group_source_verified,0.0,low,authenticated_saved_feature_psi,False
fbv1-003-lendingclub_v2-lr-full-features-s42,lendingclub_v2,lr,full_features,verification_group_not_verified,0.0,low,authenticated_saved_feature_psi,False
fbv1-003-lendingclub_v2-lr-full-features-s42,lendingclub_v2,lr,full_features,utilization_pressure_band_vlow,0.0,low,authenticated_saved_feature_psi,False
fbv1-003-lendingclub_v2-lr-full-features-s42,lendingclub_v2,lr,full_features,utilization_pressure_band_vhigh,0.0,low,authenticated_saved_feature_psi,False
fbv1-003-lendingclub_v2-lr-full-features-s42,lendingclub_v2,lr,full_features,utilization_pressure_band_mid,0.0,low,authenticated_saved_feature_psi,False
fbv1-003-lendingclub_v2-lr-full-features-s42,lendingclub_v2,lr,full_features,utilization_pressure_band_low,0.0,low,authenticated_saved_feature_psi,False
fbv1-003-lendingclub_v2-lr-full-features-s42,lendingclub_v2,lr,full_features,all_util_ge_100_flag,0.0,low,authenticated_saved_feature_psi,False
fbv1-003-lendingclub_v2-lr-full-features-s42,lendingclub_v2,lr,full_features,verification_status_Verified,0.0,low,authenticated_saved_feature_psi,False
fbv1-003-lendingclub_v2-lr-full-features-s42,lendingclub_v2,lr,full_features,acc_open_past_24mths_positive_flag,0.0,low,authenticated_saved_feature_psi,False
fbv1-003-lendingclub_v2-lr-full-features-s42,lendingclub_v2,lr,full_features,acc_open_past_24mths_is_zero,0.0,low,authenticated_saved_feature_psi,False
fbv1-003-lendingclub_v2-lr-full-features-s42,lendingclub_v2,lr,full_features,acc_now_delinq_positive_flag,0.0,low,authenticated_saved_feature_psi,False
fbv1-003-lendingclub_v2-lr-full-features-s42,lendingclub_v2,lr,full_features,acc_now_delinq_per_total_acc,0.0,low,authenticated_saved_feature_psi,False
fbv1-003-lendingclub_v2-lr-full-features-s42,lendingclub_v2,lr,full_features,acc_now_delinq_per_open_acc,0.0,low,authenticated_saved_feature_psi,False
fbv1-003-lendingclub_v2-lr-full-features-s42,lendingclub_v2,lr,full_features,acc_now_delinq_per_credit_history_year,0.0,low,authenticated_saved_feature_psi,False
fbv1-003-lendingclub_v2-lr-full-features-s42,lendingclub_v2,lr,full_features,term_verification_status_36 months__Not Verified,0.0,low,authenticated_saved_feature_psi,False
fbv1-003-lendingclub_v2-lr-full-features-s42,lendingclub_v2,lr,full_features,acc_now_delinq,0.0,low,authenticated_saved_feature_psi,False
fbv1-003-lendingclub_v2-lr-full-features-s42,lendingclub_v2,lr,full_features,total_bal_to_income_band_low,0.0,low,authenticated_saved_feature_psi,False
fbv1-003-lendingclub_v2-lr-full-features-s42,lendingclub_v2,lr,full_features,total_bal_to_income_band_high,0.0,low,authenticated_saved_feature_psi,False
fbv1-003-lendingclub_v2-lr-full-features-s42,lendingclub_v2,lr,full_features,total_bal_to_income_band_extreme,0.0,low,authenticated_saved_feature_psi,False
fbv1-003-lendingclub_v2-lr-full-features-s42,lendingclub_v2,lr,full_features,total_acc_band_very_low,0.0,low,authenticated_saved_feature_psi,False
fbv1-003-lendingclub_v2-lr-full-features-s42,lendingclub_v2,lr,full_features,total_acc_band_very_high,0.0,low,authenticated_saved_feature_psi,False
fbv1-003-lendingclub_v2-lr-full-features-s42,lendingclub_v2,lr,full_features,total_acc_band_upper_mid,0.0,low,authenticated_saved_feature_psi,False
fbv1-003-lendingclub_v2-lr-full-features-s42,lendingclub_v2,lr,full_features,total_acc_band_mid,0.0,low,authenticated_saved_feature_psi,False
fbv1-003-lendingclub_v2-lr-full-features-s42,lendingclub_v2,lr,full_features,total_acc_band_low,0.0,low,authenticated_saved_feature_psi,False
fbv1-003-lendingclub_v2-lr-full-features-s42,lendingclub_v2,lr,full_features,total_acc_band_high,0.0,low,authenticated_saved_feature_psi,False
fbv1-003-lendingclub_v2-lr-full-features-s42,lendingclub_v2,lr,full_features,term_verification_status_60 months__Verified,0.0,low,authenticated_saved_feature_psi,False
fbv1-003-lendingclub_v2-lr-full-features-s42,lendingclub_v2,lr,full_features,term_verification_status_60 months__Source Verified,0.0,low,authenticated_saved_feature_psi,False
fbv1-003-lendingclub_v2-lr-full-features-s42,lendingclub_v2,lr,full_features,term_verification_status_60 months__Not Verified,0.0,low,authenticated_saved_feature_psi,False
fbv1-003-lendingclub_v2-lr-full-features-s42,lendingclub_v2,lr,full_features,term_verification_status_36 months__Verified,0.0,low,authenticated_saved_feature_psi,False
fbv1-003-lendingclub_v2-lr-full-features-s42,lendingclub_v2,lr,full_features,term_verification_status_36 months__Source Verified,0.0,low,authenticated_saved_feature_psi,False
fbv1-003-lendingclub_v2-lr-full-features-s42,lendingclub_v2,lr,full_features,total_bal_to_income_band_tiny,0.0,low,authenticated_saved_feature_psi,False
fbv1-003-lendingclub_v2-lr-full-features-s42,lendingclub_v2,lr,full_features,acc_now_delinq_missing_flag,,unknown,authenticated_saved_feature_psi,False
fbv1-003-lendingclub_v2-lr-full-features-s42,lendingclub_v2,lr,full_features,acc_open_past_24mths_missing_flag,,unknown,authenticated_saved_feature_psi,False
fbv1-003-lendingclub_v2-lr-full-features-s42,lendingclub_v2,lr,full_features,annual_inc_missing_flag,,unknown,authenticated_saved_feature_psi,False
fbv1-003-lendingclub_v2-lr-full-features-s42,lendingclub_v2,lr,full_features,chargeoff_within_12_mths_missing_flag,,unknown,authenticated_saved_feature_psi,False
fbv1-003-lendingclub_v2-lr-full-features-s42,lendingclub_v2,lr,full_features,collections_12_mths_ex_med_missing_flag,,unknown,authenticated_saved_feature_psi,False
fbv1-003-lendingclub_v2-lr-full-features-s42,lendingclub_v2,lr,full_features,credit_history_months_missing_flag,,unknown,authenticated_saved_feature_psi,False
fbv1-003-lendingclub_v2-lr-full-features-s42,lendingclub_v2,lr,full_features,credit_history_short_flag,,unknown,authenticated_saved_feature_psi,False
fbv1-003-lendingclub_v2-lr-full-features-s42,lendingclub_v2,lr,full_features,delinq_2yrs_missing_flag,,unknown,authenticated_saved_feature_psi,False
fbv1-003-lendingclub_v2-lr-full-features-s42,lendingclub_v2,lr,full_features,delinq_amnt_missing_flag,,unknown,authenticated_saved_feature_psi,False
fbv1-003-lendingclub_v2-lr-full-features-s42,lendingclub_v2,lr,full_features,earliest_cr_line_missing_flag,,unknown,authenticated_saved_feature_psi,False
fbv1-003-lendingclub_v2-lr-full-features-s42,lendingclub_v2,lr,full_features,inq_last_6mths_missing_flag,,unknown,authenticated_saved_feature_psi,False
fbv1-003-lendingclub_v2-lr-full-features-s42,lendingclub_v2,lr,full_features,low_fico_flag,,unknown,authenticated_saved_feature_psi,False
fbv1-003-lendingclub_v2-lr-full-features-s42,lendingclub_v2,lr,full_features,mo_sin_old_rev_tl_op_missing_flag,,unknown,authenticated_saved_feature_psi,False
fbv1-003-lendingclub_v2-lr-full-features-s42,lendingclub_v2,lr,full_features,mo_sin_rcnt_rev_tl_op_missing_flag,,unknown,authenticated_saved_feature_psi,False
fbv1-003-lendingclub_v2-lr-full-features-s42,lendingclub_v2,lr,full_features,mo_sin_rcnt_tl_missing_flag,,unknown,authenticated_saved_feature_psi,False
fbv1-003-lendingclub_v2-lr-full-features-s42,lendingclub_v2,lr,full_features,mort_acc_missing_flag,,unknown,authenticated_saved_feature_psi,False
fbv1-003-lendingclub_v2-lr-full-features-s42,lendingclub_v2,lr,full_features,num_accts_ever_120_pd_missing_flag,,unknown,authenticated_saved_feature_psi,False
fbv1-003-lendingclub_v2-lr-full-features-s42,lendingclub_v2,lr,full_features,num_actv_bc_tl_missing_flag,,unknown,authenticated_saved_feature_psi,False
fbv1-003-lendingclub_v2-lr-full-features-s42,lendingclub_v2,lr,full_features,num_actv_rev_tl_missing_flag,,unknown,authenticated_saved_feature_psi,False
fbv1-003-lendingclub_v2-lr-full-features-s42,lendingclub_v2,lr,full_features,num_bc_sats_missing_flag,,unknown,authenticated_saved_feature_psi,False
fbv1-003-lendingclub_v2-lr-full-features-s42,lendingclub_v2,lr,full_features,num_bc_tl_missing_flag,,unknown,authenticated_saved_feature_psi,False
fbv1-003-lendingclub_v2-lr-full-features-s42,lendingclub_v2,lr,full_features,num_il_tl_missing_flag,,unknown,authenticated_saved_feature_psi,False
fbv1-003-lendingclub_v2-lr-full-features-s42,lendingclub_v2,lr,full_features,num_op_rev_tl_missing_flag,,unknown,authenticated_saved_feature_psi,False
fbv1-003-lendingclub_v2-lr-full-features-s42,lendingclub_v2,lr,full_features,num_rev_accts_is_zero,,unknown,authenticated_saved_feature_psi,False
fbv1-003-lendingclub_v2-lr-full-features-s42,lendingclub_v2,lr,full_features,num_rev_tl_bal_gt_0_missing_flag,,unknown,authenticated_saved_feature_psi,False
fbv1-003-lendingclub_v2-lr-full-features-s42,lendingclub_v2,lr,full_features,num_sats_missing_flag,,unknown,authenticated_saved_feature_psi,False
fbv1-003-lendingclub_v2-lr-full-features-s42,lendingclub_v2,lr,full_features,num_tl_30dpd_missing_flag,,unknown,authenticated_saved_feature_psi,False
fbv1-003-lendingclub_v2-lr-full-features-s42,lendingclub_v2,lr,full_features,num_tl_90g_dpd_24m_missing_flag,,unknown,authenticated_saved_feature_psi,False
fbv1-003-lendingclub_v2-lr-full-features-s42,lendingclub_v2,lr,full_features,num_tl_op_past_12m_missing_flag,,unknown,authenticated_saved_feature_psi,False
fbv1-003-lendingclub_v2-lr-full-features-s42,lendingclub_v2,lr,full_features,open_acc_missing_flag,,unknown,authenticated_saved_feature_psi,False
fbv1-003-lendingclub_v2-lr-full-features-s42,lendingclub_v2,lr,full_features,pct_tl_nvr_dlq_missing_flag,,unknown,authenticated_saved_feature_psi,False
fbv1-003-lendingclub_v2-lr-full-features-s42,lendingclub_v2,lr,full_features,pub_rec_bankruptcies_missing_flag,,unknown,authenticated_saved_feature_psi,False
fbv1-003-lendingclub_v2-lr-full-features-s42,lendingclub_v2,lr,full_features,pub_rec_missing_flag,,unknown,authenticated_saved_feature_psi,False
fbv1-003-lendingclub_v2-lr-full-features-s42,lendingclub_v2,lr,full_features,revol_bal_joint,,unknown,authenticated_saved_feature_psi,False
fbv1-003-lendingclub_v2-lr-full-features-s42,lendingclub_v2,lr,full_features,revol_bal_joint_is_zero,,unknown,authenticated_saved_feature_psi,False
fbv1-003-lendingclub_v2-lr-full-features-s42,lendingclub_v2,lr,full_features,revol_bal_joint_missing_flag,,unknown,authenticated_saved_feature_psi,False
fbv1-003-lendingclub_v2-lr-full-features-s42,lendingclub_v2,lr,full_features,sec_app_chargeoff_within_12_mths,,unknown,authenticated_saved_feature_psi,False
fbv1-003-lendingclub_v2-lr-full-features-s42,lendingclub_v2,lr,full_features,sec_app_chargeoff_within_12_mths_is_zero,,unknown,authenticated_saved_feature_psi,False
fbv1-003-lendingclub_v2-lr-full-features-s42,lendingclub_v2,lr,full_features,sec_app_chargeoff_within_12_mths_missing_flag,,unknown,authenticated_saved_feature_psi,False
fbv1-003-lendingclub_v2-lr-full-features-s42,lendingclub_v2,lr,full_features,sec_app_chargeoff_within_12_mths_positive_flag,,unknown,authenticated_saved_feature_psi,False
fbv1-003-lendingclub_v2-lr-full-features-s42,lendingclub_v2,lr,full_features,sec_app_collections_12_mths_ex_med,,unknown,authenticated_saved_feature_psi,False
fbv1-003-lendingclub_v2-lr-full-features-s42,lendingclub_v2,lr,full_features,sec_app_collections_12_mths_ex_med_is_zero,,unknown,authenticated_saved_feature_psi,False
fbv1-003-lendingclub_v2-lr-full-features-s42,lendingclub_v2,lr,full_features,sec_app_collections_12_mths_ex_med_missing_flag,,unknown,authenticated_saved_feature_psi,False
fbv1-003-lendingclub_v2-lr-full-features-s42,lendingclub_v2,lr,full_features,sec_app_collections_12_mths_ex_med_positive_flag,,unknown,authenticated_saved_feature_psi,False
fbv1-003-lendingclub_v2-lr-full-features-s42,lendingclub_v2,lr,full_features,sec_app_credit_history_months,,unknown,authenticated_saved_feature_psi,False
fbv1-003-lendingclub_v2-lr-full-features-s42,lendingclub_v2,lr,full_features,sec_app_credit_history_months_missing_flag,,unknown,authenticated_saved_feature_psi,False
fbv1-003-lendingclub_v2-lr-full-features-s42,lendingclub_v2,lr,full_features,sec_app_credit_history_years,,unknown,authenticated_saved_feature_psi,False
fbv1-003-lendingclub_v2-lr-full-features-s42,lendingclub_v2,lr,full_features,sec_app_earliest_cr_line_missing_flag,,unknown,authenticated_saved_feature_psi,False
fbv1-003-lendingclub_v2-lr-full-features-s42,lendingclub_v2,lr,full_features,sec_app_fico_mean,,unknown,authenticated_saved_feature_psi,False
fbv1-003-lendingclub_v2-lr-full-features-s42,lendingclub_v2,lr,full_features,sec_app_fico_mean_missing_flag,,unknown,authenticated_saved_feature_psi,False
fbv1-003-lendingclub_v2-lr-full-features-s42,lendingclub_v2,lr,full_features,sec_app_fico_range_high,,unknown,authenticated_saved_feature_psi,False
fbv1-003-lendingclub_v2-lr-full-features-s42,lendingclub_v2,lr,full_features,sec_app_fico_range_high_missing_flag,,unknown,authenticated_saved_feature_psi,False
fbv1-003-lendingclub_v2-lr-full-features-s42,lendingclub_v2,lr,full_features,sec_app_fico_range_low,,unknown,authenticated_saved_feature_psi,False
fbv1-003-lendingclub_v2-lr-full-features-s42,lendingclub_v2,lr,full_features,sec_app_fico_range_low_missing_flag,,unknown,authenticated_saved_feature_psi,False
fbv1-003-lendingclub_v2-lr-full-features-s42,lendingclub_v2,lr,full_features,sec_app_inq_last_6mths,,unknown,authenticated_saved_feature_psi,False
fbv1-003-lendingclub_v2-lr-full-features-s42,lendingclub_v2,lr,full_features,sec_app_inq_last_6mths_is_zero,,unknown,authenticated_saved_feature_psi,False
fbv1-003-lendingclub_v2-lr-full-features-s42,lendingclub_v2,lr,full_features,sec_app_inq_last_6mths_missing_flag,,unknown,authenticated_saved_feature_psi,False
fbv1-003-lendingclub_v2-lr-full-features-s42,lendingclub_v2,lr,full_features,sec_app_inq_last_6mths_positive_flag,,unknown,authenticated_saved_feature_psi,False
fbv1-003-lendingclub_v2-lr-full-features-s42,lendingclub_v2,lr,full_features,sec_app_mort_acc,,unknown,authenticated_saved_feature_psi,False
fbv1-003-lendingclub_v2-lr-full-features-s42,lendingclub_v2,lr,full_features,sec_app_mort_acc_is_zero,,unknown,authenticated_saved_feature_psi,False
fbv1-003-lendingclub_v2-lr-full-features-s42,lendingclub_v2,lr,full_features,sec_app_mort_acc_missing_flag,,unknown,authenticated_saved_feature_psi,False
fbv1-003-lendingclub_v2-lr-full-features-s42,lendingclub_v2,lr,full_features,sec_app_mort_acc_positive_flag,,unknown,authenticated_saved_feature_psi,False
fbv1-003-lendingclub_v2-lr-full-features-s42,lendingclub_v2,lr,full_features,sec_app_mths_since_last_major_derog,,unknown,authenticated_saved_feature_psi,False
fbv1-003-lendingclub_v2-lr-full-features-s42,lendingclub_v2,lr,full_features,sec_app_mths_since_last_major_derog_missing_flag,,unknown,authenticated_saved_feature_psi,False
fbv1-003-lendingclub_v2-lr-full-features-s42,lendingclub_v2,lr,full_features,sec_app_mths_since_last_major_derog_recent_12m_flag,,unknown,authenticated_saved_feature_psi,False
fbv1-003-lendingclub_v2-lr-full-features-s42,lendingclub_v2,lr,full_features,sec_app_mths_since_last_major_derog_recent_24m_flag,,unknown,authenticated_saved_feature_psi,False
fbv1-003-lendingclub_v2-lr-full-features-s42,lendingclub_v2,lr,full_features,sec_app_mths_since_last_major_derog_seasoned_60m_flag,,unknown,authenticated_saved_feature_psi,False
fbv1-003-lendingclub_v2-lr-full-features-s42,lendingclub_v2,lr,full_features,sec_app_num_rev_accts,,unknown,authenticated_saved_feature_psi,False
fbv1-003-lendingclub_v2-lr-full-features-s42,lendingclub_v2,lr,full_features,sec_app_num_rev_accts_is_zero,,unknown,authenticated_saved_feature_psi,False
fbv1-003-lendingclub_v2-lr-full-features-s42,lendingclub_v2,lr,full_features,sec_app_num_rev_accts_missing_flag,,unknown,authenticated_saved_feature_psi,False
fbv1-003-lendingclub_v2-lr-full-features-s42,lendingclub_v2,lr,full_features,sec_app_num_rev_accts_positive_flag,,unknown,authenticated_saved_feature_psi,False
fbv1-003-lendingclub_v2-lr-full-features-s42,lendingclub_v2,lr,full_features,sec_app_open_acc,,unknown,authenticated_saved_feature_psi,False
fbv1-003-lendingclub_v2-lr-full-features-s42,lendingclub_v2,lr,full_features,sec_app_open_acc_is_zero,,unknown,authenticated_saved_feature_psi,False
fbv1-003-lendingclub_v2-lr-full-features-s42,lendingclub_v2,lr,full_features,sec_app_open_acc_missing_flag,,unknown,authenticated_saved_feature_psi,False
fbv1-003-lendingclub_v2-lr-full-features-s42,lendingclub_v2,lr,full_features,sec_app_open_acc_positive_flag,,unknown,authenticated_saved_feature_psi,False
fbv1-003-lendingclub_v2-lr-full-features-s42,lendingclub_v2,lr,full_features,sec_app_open_act_il,,unknown,authenticated_saved_feature_psi,False
fbv1-003-lendingclub_v2-lr-full-features-s42,lendingclub_v2,lr,full_features,sec_app_open_act_il_is_zero,,unknown,authenticated_saved_feature_psi,False
fbv1-003-lendingclub_v2-lr-full-features-s42,lendingclub_v2,lr,full_features,sec_app_open_act_il_missing_flag,,unknown,authenticated_saved_feature_psi,False
fbv1-003-lendingclub_v2-lr-full-features-s42,lendingclub_v2,lr,full_features,sec_app_open_act_il_positive_flag,,unknown,authenticated_saved_feature_psi,False
fbv1-003-lendingclub_v2-lr-full-features-s42,lendingclub_v2,lr,full_features,sec_app_revol_util,,unknown,authenticated_saved_feature_psi,False
fbv1-003-lendingclub_v2-lr-full-features-s42,lendingclub_v2,lr,full_features,sec_app_revol_util_ge_100_flag,,unknown,authenticated_saved_feature_psi,False
fbv1-003-lendingclub_v2-lr-full-features-s42,lendingclub_v2,lr,full_features,sec_app_revol_util_ge_30_flag,,unknown,authenticated_saved_feature_psi,False
fbv1-003-lendingclub_v2-lr-full-features-s42,lendingclub_v2,lr,full_features,sec_app_revol_util_ge_50_flag,,unknown,authenticated_saved_feature_psi,False
fbv1-003-lendingclub_v2-lr-full-features-s42,lendingclub_v2,lr,full_features,sec_app_revol_util_ge_75_flag,,unknown,authenticated_saved_feature_psi,False
fbv1-003-lendingclub_v2-lr-full-features-s42,lendingclub_v2,lr,full_features,sec_app_revol_util_ge_90_flag,,unknown,authenticated_saved_feature_psi,False
fbv1-003-lendingclub_v2-lr-full-features-s42,lendingclub_v2,lr,full_features,sec_app_revol_util_missing_flag,,unknown,authenticated_saved_feature_psi,False
fbv1-003-lendingclub_v2-lr-full-features-s42,lendingclub_v2,lr,full_features,second_app_present_flag,,unknown,authenticated_saved_feature_psi,False
fbv1-003-lendingclub_v2-lr-full-features-s42,lendingclub_v2,lr,full_features,tax_liens_missing_flag,,unknown,authenticated_saved_feature_psi,False
fbv1-003-lendingclub_v2-lr-full-features-s42,lendingclub_v2,lr,full_features,tot_coll_amt_missing_flag,,unknown,authenticated_saved_feature_psi,False
fbv1-003-lendingclub_v2-lr-full-features-s42,lendingclub_v2,lr,full_features,tot_cur_bal_missing_flag,,unknown,authenticated_saved_feature_psi,False
fbv1-003-lendingclub_v2-lr-full-features-s42,lendingclub_v2,lr,full_features,tot_hi_cred_lim_missing_flag,,unknown,authenticated_saved_feature_psi,False
fbv1-003-lendingclub_v2-lr-full-features-s42,lendingclub_v2,lr,full_features,total_acc_missing_flag,,unknown,authenticated_saved_feature_psi,False
fbv1-003-lendingclub_v2-lr-full-features-s42,lendingclub_v2,lr,full_features,total_acc_positive_flag,,unknown,authenticated_saved_feature_psi,False
fbv1-003-lendingclub_v2-lr-full-features-s42,lendingclub_v2,lr,full_features,total_bal_ex_mort_missing_flag,,unknown,authenticated_saved_feature_psi,False
fbv1-003-lendingclub_v2-lr-full-features-s42,lendingclub_v2,lr,full_features,total_bc_limit_missing_flag,,unknown,authenticated_saved_feature_psi,False
fbv1-003-lendingclub_v2-lr-full-features-s42,lendingclub_v2,lr,full_features,total_il_high_credit_limit_missing_flag,,unknown,authenticated_saved_feature_psi,False
fbv1-003-lendingclub_v2-lr-full-features-s42,lendingclub_v2,lr,full_features,total_rev_hi_lim_missing_flag,,unknown,authenticated_saved_feature_psi,False
fbv1-004-lendingclub_v2-catboost-full-features-s42,lendingclub_v2,catboost,full_features,log_total_bal_il,3.694478555150644,high,authenticated_saved_feature_psi,False
fbv1-004-lendingclub_v2-catboost-full-features-s42,lendingclub_v2,catboost,full_features,il_balance_to_total_balance,2.5731124996235977,high,authenticated_saved_feature_psi,False
fbv1-004-lendingclub_v2-catboost-full-features-s42,lendingclub_v2,catboost,full_features,log_max_bal_bc,2.542159318980854,high,authenticated_saved_feature_psi,False
fbv1-004-lendingclub_v2-catboost-full-features-s42,lendingclub_v2,catboost,full_features,log_open_acc_6m,2.4867965871490494,high,authenticated_saved_feature_psi,False
fbv1-004-lendingclub_v2-catboost-full-features-s42,lendingclub_v2,catboost,full_features,log_inq_last_12m,2.111827503086108,high,authenticated_saved_feature_psi,False
fbv1-004-lendingclub_v2-catboost-full-features-s42,lendingclub_v2,catboost,full_features,all_util,2.061629325401886,high,authenticated_saved_feature_psi,False
fbv1-004-lendingclub_v2-catboost-full-features-s42,lendingclub_v2,catboost,full_features,fico_adjusted_all_util,2.048223400052249,high,authenticated_saved_feature_psi,False
fbv1-004-lendingclub_v2-catboost-full-features-s42,lendingclub_v2,catboost,full_features,dti_adjusted_all_util,2.0304192034775053,high,authenticated_saved_feature_psi,False
fbv1-004-lendingclub_v2-catboost-full-features-s42,lendingclub_v2,catboost,full_features,log_open_il_12m,2.0157410834495386,high,authenticated_saved_feature_psi,False
fbv1-004-lendingclub_v2-catboost-full-features-s42,lendingclub_v2,catboost,full_features,open_il_12m,2.0157410834495386,high,authenticated_saved_feature_psi,False
fbv1-004-lendingclub_v2-catboost-full-features-s42,lendingclub_v2,catboost,full_features,il_util,1.9804472507918327,high,authenticated_saved_feature_psi,False
fbv1-004-lendingclub_v2-catboost-full-features-s42,lendingclub_v2,catboost,full_features,log_inq_fi,1.9637909287409772,high,authenticated_saved_feature_psi,False
fbv1-004-lendingclub_v2-catboost-full-features-s42,lendingclub_v2,catboost,full_features,inq_fi,1.9637909287409772,high,authenticated_saved_feature_psi,False
fbv1-004-lendingclub_v2-catboost-full-features-s42,lendingclub_v2,catboost,full_features,log_open_rv_24m,1.939540749613228,high,authenticated_saved_feature_psi,False
fbv1-004-lendingclub_v2-catboost-full-features-s42,lendingclub_v2,catboost,full_features,dti_adjusted_il_util,1.9377799710156616,high,authenticated_saved_feature_psi,False
fbv1-004-lendingclub_v2-catboost-full-features-s42,lendingclub_v2,catboost,full_features,fico_adjusted_il_util,1.9240554977337627,high,authenticated_saved_feature_psi,False
fbv1-004-lendingclub_v2-catboost-full-features-s42,lendingclub_v2,catboost,full_features,sqrt_total_bal_il,1.88517582202262,high,authenticated_saved_feature_psi,False
fbv1-004-lendingclub_v2-catboost-full-features-s42,lendingclub_v2,catboost,full_features,log_total_cu_tl,1.8756909307296987,high,authenticated_saved_feature_psi,False
fbv1-004-lendingclub_v2-catboost-full-features-s42,lendingclub_v2,catboost,full_features,all_util_minus_bc_util,1.818669084474892,high,authenticated_saved_feature_psi,False
fbv1-004-lendingclub_v2-catboost-full-features-s42,lendingclub_v2,catboost,full_features,open_il_24m,1.7909561402516745,high,authenticated_saved_feature_psi,False
fbv1-004-lendingclub_v2-catboost-full-features-s42,lendingclub_v2,catboost,full_features,log_open_il_24m,1.7909561402516745,high,authenticated_saved_feature_psi,False
fbv1-004-lendingclub_v2-catboost-full-features-s42,lendingclub_v2,catboost,full_features,all_util_minus_il_util,1.7741563874400903,high,authenticated_saved_feature_psi,False
fbv1-004-lendingclub_v2-catboost-full-features-s42,lendingclub_v2,catboost,full_features,sqrt_max_bal_bc,1.7333798146427577,high,authenticated_saved_feature_psi,False
fbv1-004-lendingclub_v2-catboost-full-features-s42,lendingclub_v2,catboost,full_features,open_il_24m_per_total_acc,1.72724186252269,high,authenticated_saved_feature_psi,False
fbv1-004-lendingclub_v2-catboost-full-features-s42,lendingclub_v2,catboost,full_features,open_rv_12m_per_open_acc,1.7010808934595851,high,authenticated_saved_feature_psi,False
fbv1-004-lendingclub_v2-catboost-full-features-s42,lendingclub_v2,catboost,full_features,open_rv_24m_per_open_acc,1.6759637758232118,high,authenticated_saved_feature_psi,False
fbv1-004-lendingclub_v2-catboost-full-features-s42,lendingclub_v2,catboost,full_features,recent_trade_density,1.632426656306994,high,authenticated_saved_feature_psi,False
fbv1-004-lendingclub_v2-catboost-full-features-s42,lendingclub_v2,catboost,full_features,open_il_24m_per_open_acc,1.6275911446161402,high,authenticated_saved_feature_psi,False
fbv1-004-lendingclub_v2-catboost-full-features-s42,lendingclub_v2,catboost,full_features,open_act_il_per_open_acc,1.5785939962762066,high,authenticated_saved_feature_psi,False
fbv1-004-lendingclub_v2-catboost-full-features-s42,lendingclub_v2,catboost,full_features,open_installment_share,1.5785939962762066,high,authenticated_saved_feature_psi,False
fbv1-004-lendingclub_v2-catboost-full-features-s42,lendingclub_v2,catboost,full_features,open_il_12m_per_total_acc,1.5766420334379223,high,authenticated_saved_feature_psi,False
fbv1-004-lendingclub_v2-catboost-full-features-s42,lendingclub_v2,catboost,full_features,open_rv_24m_per_total_acc,1.5265468934704367,high,authenticated_saved_feature_psi,False
fbv1-004-lendingclub_v2-catboost-full-features-s42,lendingclub_v2,catboost,full_features,open_il_12m_per_open_acc,1.5229405530694171,high,authenticated_saved_feature_psi,False
fbv1-004-lendingclub_v2-catboost-full-features-s42,lendingclub_v2,catboost,full_features,open_rv_12m_per_total_acc,1.5072069402749793,high,authenticated_saved_feature_psi,False
fbv1-004-lendingclub_v2-catboost-full-features-s42,lendingclub_v2,catboost,full_features,recent_inquiry_density_x_fico,1.502544624617708,high,authenticated_saved_feature_psi,False
fbv1-004-lendingclub_v2-catboost-full-features-s42,lendingclub_v2,catboost,full_features,open_act_il,1.4796384148326798,high,authenticated_saved_feature_psi,False
fbv1-004-lendingclub_v2-catboost-full-features-s42,lendingclub_v2,catboost,full_features,log_open_act_il,1.4796384148326798,high,authenticated_saved_feature_psi,False
fbv1-004-lendingclub_v2-catboost-full-features-s42,lendingclub_v2,catboost,full_features,open_il_12m_per_credit_history_year,1.4642214986061468,high,authenticated_saved_feature_psi,False
fbv1-004-lendingclub_v2-catboost-full-features-s42,lendingclub_v2,catboost,full_features,recent_inquiry_density,1.461457946312728,high,authenticated_saved_feature_psi,False
fbv1-004-lendingclub_v2-catboost-full-features-s42,lendingclub_v2,catboost,full_features,open_rv_12m,1.4427134114487938,high,authenticated_saved_feature_psi,False
fbv1-004-lendingclub_v2-catboost-full-features-s42,lendingclub_v2,catboost,full_features,log_open_rv_12m,1.4427134114487938,high,authenticated_saved_feature_psi,False
fbv1-004-lendingclub_v2-catboost-full-features-s42,lendingclub_v2,catboost,full_features,open_acc_6m_per_total_acc,1.4345222744416657,high,authenticated_saved_feature_psi,False
fbv1-004-lendingclub_v2-catboost-full-features-s42,lendingclub_v2,catboost,full_features,open_acc_6m_per_open_acc,1.4266746873182117,high,authenticated_saved_feature_psi,False
fbv1-004-lendingclub_v2-catboost-full-features-s42,lendingclub_v2,catboost,full_features,inq_fi_per_open_acc,1.4174869953732645,high,authenticated_saved_feature_psi,False
fbv1-004-lendingclub_v2-catboost-full-features-s42,lendingclub_v2,catboost,full_features,open_il_24m_per_credit_history_year,1.4020439203385953,high,authenticated_saved_feature_psi,False
fbv1-004-lendingclub_v2-catboost-full-features-s42,lendingclub_v2,catboost,full_features,inq_last_12m_per_open_acc,1.39764764672187,high,authenticated_saved_feature_psi,False
fbv1-004-lendingclub_v2-catboost-full-features-s42,lendingclub_v2,catboost,full_features,inq_12m_per_open_acc,1.39764764672187,high,authenticated_saved_feature_psi,False
fbv1-004-lendingclub_v2-catboost-full-features-s42,lendingclub_v2,catboost,full_features,inq_last_12m_per_total_acc,1.383157523954828,high,authenticated_saved_feature_psi,False
fbv1-004-lendingclub_v2-catboost-full-features-s42,lendingclub_v2,catboost,full_features,inq_fi_per_total_acc,1.3737014546509347,high,authenticated_saved_feature_psi,False
fbv1-004-lendingclub_v2-catboost-full-features-s42,lendingclub_v2,catboost,full_features,open_act_il_per_total_acc,1.3682835652283682,high,authenticated_saved_feature_psi,False
fbv1-004-lendingclub_v2-catboost-full-features-s42,lendingclub_v2,catboost,full_features,max_bal_bc_to_income,1.3573069938233546,high,authenticated_saved_feature_psi,False
fbv1-004-lendingclub_v2-catboost-full-features-s42,lendingclub_v2,catboost,full_features,open_rv_12m_per_credit_history_year,1.3321331419504214,high,authenticated_saved_feature_psi,False
fbv1-004-lendingclub_v2-catboost-full-features-s42,lendingclub_v2,catboost,full_features,open_rv_24m_per_credit_history_year,1.3252616839096585,high,authenticated_saved_feature_psi,False
fbv1-004-lendingclub_v2-catboost-full-features-s42,lendingclub_v2,catboost,full_features,total_bal_il,1.3060741910111986,high,authenticated_saved_feature_psi,False
fbv1-004-lendingclub_v2-catboost-full-features-s42,lendingclub_v2,catboost,full_features,inq_last_12m,1.3010153645012763,high,authenticated_saved_feature_psi,False
fbv1-004-lendingclub_v2-catboost-full-features-s42,lendingclub_v2,catboost,full_features,max_bal_bc,1.296999514601635,high,authenticated_saved_feature_psi,False
fbv1-004-lendingclub_v2-catboost-full-features-s42,lendingclub_v2,catboost,full_features,total_bal_il_to_income,1.2884009045349665,high,authenticated_saved_feature_psi,False
fbv1-004-lendingclub_v2-catboost-full-features-s42,lendingclub_v2,catboost,full_features,inq_fi_per_credit_history_year,1.2852735200247942,high,authenticated_saved_feature_psi,False
fbv1-004-lendingclub_v2-catboost-full-features-s42,lendingclub_v2,catboost,full_features,inq_last_12m_per_credit_history_year,1.2837980184989837,high,authenticated_saved_feature_psi,False
fbv1-004-lendingclub_v2-catboost-full-features-s42,lendingclub_v2,catboost,full_features,open_acc_6m_per_credit_history_year,1.2697312973970103,high,authenticated_saved_feature_psi,False
fbv1-004-lendingclub_v2-catboost-full-features-s42,lendingclub_v2,catboost,full_features,open_rv_24m,1.2450943814818567,high,authenticated_saved_feature_psi,False
fbv1-004-lendingclub_v2-catboost-full-features-s42,lendingclub_v2,catboost,full_features,bankcard_capacity_gap,1.2303597409521518,high,authenticated_saved_feature_psi,False
fbv1-004-lendingclub_v2-catboost-full-features-s42,lendingclub_v2,catboost,full_features,total_cu_tl_per_total_acc,1.2200159044819727,high,authenticated_saved_feature_psi,False
fbv1-004-lendingclub_v2-catboost-full-features-s42,lendingclub_v2,catboost,full_features,total_cu_tl,1.1357340652498045,high,authenticated_saved_feature_psi,False
fbv1-004-lendingclub_v2-catboost-full-features-s42,lendingclub_v2,catboost,full_features,open_act_il_per_credit_history_year,1.092470449651445,high,authenticated_saved_feature_psi,False
fbv1-004-lendingclub_v2-catboost-full-features-s42,lendingclub_v2,catboost,full_features,mths_since_rcnt_il_inverse_recency,1.084258214148048,high,authenticated_saved_feature_psi,False
fbv1-004-lendingclub_v2-catboost-full-features-s42,lendingclub_v2,catboost,full_features,total_cu_tl_per_credit_history_year,1.0839946180393687,high,authenticated_saved_feature_psi,False
fbv1-004-lendingclub_v2-catboost-full-features-s42,lendingclub_v2,catboost,full_features,total_cu_tl_per_open_acc,1.0796348459237777,high,authenticated_saved_feature_psi,False
fbv1-004-lendingclub_v2-catboost-full-features-s42,lendingclub_v2,catboost,full_features,max_bal_bc_to_loan_amnt,1.0553859584426293,high,authenticated_saved_feature_psi,False
fbv1-004-lendingclub_v2-catboost-full-features-s42,lendingclub_v2,catboost,full_features,open_acc_6m,0.995680079574716,high,authenticated_saved_feature_psi,False
fbv1-004-lendingclub_v2-catboost-full-features-s42,lendingclub_v2,catboost,full_features,mths_since_rcnt_il,0.9731065495660232,high,authenticated_saved_feature_psi,False
fbv1-004-lendingclub_v2-catboost-full-features-s42,lendingclub_v2,catboost,full_features,total_bal_il_to_loan_amnt,0.9692534438622896,high,authenticated_saved_feature_psi,False
fbv1-004-lendingclub_v2-catboost-full-features-s42,lendingclub_v2,catboost,full_features,loan_to_total_balance_exposure_v2,0.5608281770033814,high,authenticated_saved_feature_psi,False
fbv1-004-lendingclub_v2-catboost-full-features-s42,lendingclub_v2,catboost,full_features,loan_to_total_balance,0.5608281770033814,high,authenticated_saved_feature_psi,False
fbv1-004-lendingclub_v2-catboost-full-features-s42,lendingclub_v2,catboost,full_features,utilization_pressure_x_fico,0.0568928633733591,low,authenticated_saved_feature_psi,False
fbv1-004-lendingclub_v2-catboost-full-features-s42,lendingclub_v2,catboost,full_features,utilization_pressure,0.0553316836549452,low,authenticated_saved_feature_psi,False
fbv1-004-lendingclub_v2-catboost-full-features-s42,lendingclub_v2,catboost,full_features,joint_dti_gap,0.0461469192141155,low,authenticated_saved_feature_psi,False
fbv1-004-lendingclub_v2-catboost-full-features-s42,lendingclub_v2,catboost,full_features,revol_util,0.0356972133447528,low,authenticated_saved_feature_psi,False
fbv1-004-lendingclub_v2-catboost-full-features-s42,lendingclub_v2,catboost,full_features,fico_adjusted_revol_util,0.0349972190445248,low,authenticated_saved_feature_psi,False
fbv1-004-lendingclub_v2-catboost-full-features-s42,lendingclub_v2,catboost,full_features,bc_util,0.0343709548946897,low,authenticated_saved_feature_psi,False
fbv1-004-lendingclub_v2-catboost-full-features-s42,lendingclub_v2,catboost,full_features,fico_adjusted_bc_util,0.033748856726277,low,authenticated_saved_feature_psi,False
fbv1-004-lendingclub_v2-catboost-full-features-s42,lendingclub_v2,catboost,full_features,total_bc_limit_per_bc_trade,0.0331218526874237,low,authenticated_saved_feature_psi,False
fbv1-004-lendingclub_v2-catboost-full-features-s42,lendingclub_v2,catboost,full_features,dti_adjusted_revol_util,0.0329953256295719,low,authenticated_saved_feature_psi,False
fbv1-004-lendingclub_v2-catboost-full-features-s42,lendingclub_v2,catboost,full_features,percent_bc_gt_75,0.0323577278519161,low,authenticated_saved_feature_psi,False
fbv1-004-lendingclub_v2-catboost-full-features-s42,lendingclub_v2,catboost,full_features,bc_open_to_buy_share,0.0323347568288838,low,authenticated_saved_feature_psi,False
fbv1-004-lendingclub_v2-catboost-full-features-s42,lendingclub_v2,catboost,full_features,dti_adjusted_bc_util,0.031662288870908,low,authenticated_saved_feature_psi,False
fbv1-004-lendingclub_v2-catboost-full-features-s42,lendingclub_v2,catboost,full_features,bc_open_to_buy_to_loan_amnt,0.0300417526253424,low,authenticated_saved_feature_psi,False
fbv1-004-lendingclub_v2-catboost-full-features-s42,lendingclub_v2,catboost,full_features,num_bc_sats_share,0.0297555565093642,low,authenticated_saved_feature_psi,False
fbv1-004-lendingclub_v2-catboost-full-features-s42,lendingclub_v2,catboost,full_features,dti_joint,0.0287749357160018,low,authenticated_saved_feature_psi,False
fbv1-004-lendingclub_v2-catboost-full-features-s42,lendingclub_v2,catboost,full_features,acc_open_past_24mths_per_total_acc,0.0279079751277425,low,authenticated_saved_feature_psi,False
fbv1-004-lendingclub_v2-catboost-full-features-s42,lendingclub_v2,catboost,full_features,acc_open_past_24mths_share,0.0279079751277425,low,authenticated_saved_feature_psi,False
fbv1-004-lendingclub_v2-catboost-full-features-s42,lendingclub_v2,catboost,full_features,annual_inc_joint,0.025773255024493,low,authenticated_saved_feature_psi,False
fbv1-004-lendingclub_v2-catboost-full-features-s42,lendingclub_v2,catboost,full_features,sqrt_bc_open_to_buy,0.025393749974607,low,authenticated_saved_feature_psi,False
fbv1-004-lendingclub_v2-catboost-full-features-s42,lendingclub_v2,catboost,full_features,bc_open_to_buy,0.0253575971120948,low,authenticated_saved_feature_psi,False
fbv1-004-lendingclub_v2-catboost-full-features-s42,lendingclub_v2,catboost,full_features,log_bc_open_to_buy,0.0252573306164931,low,authenticated_saved_feature_psi,False
fbv1-004-lendingclub_v2-catboost-full-features-s42,lendingclub_v2,catboost,full_features,total_rev_hi_lim_per_rev_trade,0.024729906261139,low,authenticated_saved_feature_psi,False
fbv1-004-lendingclub_v2-catboost-full-features-s42,lendingclub_v2,catboost,full_features,num_rev_accts_per_open_acc,0.0235245122289264,low,authenticated_saved_feature_psi,False
fbv1-004-lendingclub_v2-catboost-full-features-s42,lendingclub_v2,catboost,full_features,num_bc_tl_per_open_acc,0.0231184925166589,low,authenticated_saved_feature_psi,False
fbv1-004-lendingclub_v2-catboost-full-features-s42,lendingclub_v2,catboost,full_features,mo_sin_old_rev_tl_op_inverse_recency,0.0194064184247975,low,authenticated_saved_feature_psi,False
fbv1-004-lendingclub_v2-catboost-full-features-s42,lendingclub_v2,catboost,full_features,revolving_capacity_gap,0.0192982810882949,low,authenticated_saved_feature_psi,False
fbv1-004-lendingclub_v2-catboost-full-features-s42,lendingclub_v2,catboost,full_features,bc_open_to_buy_to_income,0.0185713716497839,low,authenticated_saved_feature_psi,False
fbv1-004-lendingclub_v2-catboost-full-features-s42,lendingclub_v2,catboost,full_features,loan_to_total_limit,0.0182069582098285,low,authenticated_saved_feature_psi,False
fbv1-004-lendingclub_v2-catboost-full-features-s42,lendingclub_v2,catboost,full_features,loan_to_total_credit_limit_v2,0.0182069582098285,low,authenticated_saved_feature_psi,False
fbv1-004-lendingclub_v2-catboost-full-features-s42,lendingclub_v2,catboost,full_features,num_tl_op_past_12m_per_total_acc,0.0181952060772152,low,authenticated_saved_feature_psi,False
fbv1-004-lendingclub_v2-catboost-full-features-s42,lendingclub_v2,catboost,full_features,num_tl_op_past_12m_share,0.0181952060772152,low,authenticated_saved_feature_psi,False
fbv1-004-lendingclub_v2-catboost-full-features-s42,lendingclub_v2,catboost,full_features,mo_sin_old_rev_tl_op,0.0180084623296454,low,authenticated_saved_feature_psi,False
fbv1-004-lendingclub_v2-catboost-full-features-s42,lendingclub_v2,catboost,full_features,term_x_loan_to_income,0.0169743018807053,low,authenticated_saved_feature_psi,False
fbv1-004-lendingclub_v2-catboost-full-features-s42,lendingclub_v2,catboost,full_features,log_num_bc_tl,0.0162961416082937,low,authenticated_saved_feature_psi,False
fbv1-004-lendingclub_v2-catboost-full-features-s42,lendingclub_v2,catboost,full_features,num_bc_tl,0.0162961416082937,low,authenticated_saved_feature_psi,False
fbv1-004-lendingclub_v2-catboost-full-features-s42,lendingclub_v2,catboost,full_features,acc_open_past_24mths_per_open_acc,0.0161825974011042,low,authenticated_saved_feature_psi,False
fbv1-004-lendingclub_v2-catboost-full-features-s42,lendingclub_v2,catboost,full_features,revol_bal_to_income,0.0161254898311907,low,authenticated_saved_feature_psi,False
fbv1-004-lendingclub_v2-catboost-full-features-s42,lendingclub_v2,catboost,full_features,num_tl_op_past_12m,0.0157202468814718,low,authenticated_saved_feature_psi,False
fbv1-004-lendingclub_v2-catboost-full-features-s42,lendingclub_v2,catboost,full_features,log_num_tl_op_past_12m,0.0157202468814718,low,authenticated_saved_feature_psi,False
fbv1-004-lendingclub_v2-catboost-full-features-s42,lendingclub_v2,catboost,full_features,dti_x_revol_util,0.015628565883268,low,authenticated_saved_feature_psi,False
fbv1-004-lendingclub_v2-catboost-full-features-s42,lendingclub_v2,catboost,full_features,dti_x_bc_util,0.0154729477779661,low,authenticated_saved_feature_psi,False
fbv1-004-lendingclub_v2-catboost-full-features-s42,lendingclub_v2,catboost,full_features,acc_open_past_24mths,0.0150282310414455,low,authenticated_saved_feature_psi,False
fbv1-004-lendingclub_v2-catboost-full-features-s42,lendingclub_v2,catboost,full_features,log_acc_open_past_24mths,0.0150282310414455,low,authenticated_saved_feature_psi,False
fbv1-004-lendingclub_v2-catboost-full-features-s42,lendingclub_v2,catboost,full_features,total_rev_hi_lim_to_loan_amnt,0.0144625700611583,low,authenticated_saved_feature_psi,False
fbv1-004-lendingclub_v2-catboost-full-features-s42,lendingclub_v2,catboost,full_features,revol_balance_to_total_balance,0.0144494053075725,low,authenticated_saved_feature_psi,False
fbv1-004-lendingclub_v2-catboost-full-features-s42,lendingclub_v2,catboost,full_features,loan_to_income,0.012637828456172,low,authenticated_saved_feature_psi,False
fbv1-004-lendingclub_v2-catboost-full-features-s42,lendingclub_v2,catboost,full_features,loan_amnt_to_income,0.012637828456172,low,authenticated_saved_feature_psi,False
fbv1-004-lendingclub_v2-catboost-full-features-s42,lendingclub_v2,catboost,full_features,acc_open_past_24mths_per_credit_history_year,0.012607140849712,low,authenticated_saved_feature_psi,False
fbv1-004-lendingclub_v2-catboost-full-features-s42,lendingclub_v2,catboost,full_features,total_bc_limit_to_loan_amnt,0.0125781853725098,low,authenticated_saved_feature_psi,False
fbv1-004-lendingclub_v2-catboost-full-features-s42,lendingclub_v2,catboost,full_features,revol_bal_to_loan_amnt,0.0125548411206933,low,authenticated_saved_feature_psi,False
fbv1-004-lendingclub_v2-catboost-full-features-s42,lendingclub_v2,catboost,full_features,log_num_rev_accts,0.0121097794498606,low,authenticated_saved_feature_psi,False
fbv1-004-lendingclub_v2-catboost-full-features-s42,lendingclub_v2,catboost,full_features,num_rev_accts,0.0121097794498606,low,authenticated_saved_feature_psi,False
fbv1-004-lendingclub_v2-catboost-full-features-s42,lendingclub_v2,catboost,full_features,loan_to_income_x_fico,0.0117929456525409,low,authenticated_saved_feature_psi,False
fbv1-004-lendingclub_v2-catboost-full-features-s42,lendingclub_v2,catboost,full_features,total_il_high_credit_limit_to_loan_amnt,0.011411141398251,low,authenticated_saved_feature_psi,False
fbv1-004-lendingclub_v2-catboost-full-features-s42,lendingclub_v2,catboost,full_features,num_rev_tl_bal_gt_0_per_open_acc,0.0109691660627592,low,authenticated_saved_feature_psi,False
fbv1-004-lendingclub_v2-catboost-full-features-s42,lendingclub_v2,catboost,full_features,num_tl_op_past_12m_per_credit_history_year,0.0109234944910251,low,authenticated_saved_feature_psi,False
fbv1-004-lendingclub_v2-catboost-full-features-s42,lendingclub_v2,catboost,full_features,num_bc_tl_per_credit_history_year,0.010638345046513,low,authenticated_saved_feature_psi,False
fbv1-004-lendingclub_v2-catboost-full-features-s42,lendingclub_v2,catboost,full_features,num_sats_share,0.010061066281006,low,authenticated_saved_feature_psi,False
fbv1-004-lendingclub_v2-catboost-full-features-s42,lendingclub_v2,catboost,full_features,num_sats_per_total_acc,0.010061066281006,low,authenticated_saved_feature_psi,False
fbv1-004-lendingclub_v2-catboost-full-features-s42,lendingclub_v2,catboost,full_features,num_actv_rev_tl_per_open_acc,0.0100571984105725,low,authenticated_saved_feature_psi,False
fbv1-004-lendingclub_v2-catboost-full-features-s42,lendingclub_v2,catboost,full_features,num_tl_op_past_12m_per_open_acc,0.0099072494608014,low,authenticated_saved_feature_psi,False
fbv1-004-lendingclub_v2-catboost-full-features-s42,lendingclub_v2,catboost,full_features,sqrt_loan_amnt,0.0097776514225326,low,authenticated_saved_feature_psi,False
fbv1-004-lendingclub_v2-catboost-full-features-s42,lendingclub_v2,catboost,full_features,log_loan_amnt,0.0097776514225326,low,authenticated_saved_feature_psi,False
fbv1-004-lendingclub_v2-catboost-full-features-s42,lendingclub_v2,catboost,full_features,loan_amnt,0.0097776514225326,low,authenticated_saved_feature_psi,False
fbv1-004-lendingclub_v2-catboost-full-features-s42,lendingclub_v2,catboost,full_features,num_il_tl_per_total_acc,0.0094373161942813,low,authenticated_saved_feature_psi,False
fbv1-004-lendingclub_v2-catboost-full-features-s42,lendingclub_v2,catboost,full_features,mort_acc,0.0089969236985591,low,authenticated_saved_feature_psi,False
fbv1-004-lendingclub_v2-catboost-full-features-s42,lendingclub_v2,catboost,full_features,log_mort_acc,0.0089969236985591,low,authenticated_saved_feature_psi,False
fbv1-004-lendingclub_v2-catboost-full-features-s42,lendingclub_v2,catboost,full_features,fico_to_loan_amount,0.008848583888594,low,authenticated_saved_feature_psi,False
fbv1-004-lendingclub_v2-catboost-full-features-s42,lendingclub_v2,catboost,full_features,joint_income_to_single_income,0.0087466841698811,low,authenticated_saved_feature_psi,False
fbv1-004-lendingclub_v2-catboost-full-features-s42,lendingclub_v2,catboost,full_features,num_actv_rev_tl,0.0087279771451919,low,authenticated_saved_feature_psi,False
fbv1-004-lendingclub_v2-catboost-full-features-s42,lendingclub_v2,catboost,full_features,log_num_actv_rev_tl,0.0087279771451919,low,authenticated_saved_feature_psi,False
fbv1-004-lendingclub_v2-catboost-full-features-s42,lendingclub_v2,catboost,full_features,tot_hi_cred_lim_to_loan_amnt,0.008509045935386,low,authenticated_saved_feature_psi,False
fbv1-004-lendingclub_v2-catboost-full-features-s42,lendingclub_v2,catboost,full_features,num_rev_tl_bal_gt_0,0.0080820920153091,low,authenticated_saved_feature_psi,False
fbv1-004-lendingclub_v2-catboost-full-features-s42,lendingclub_v2,catboost,full_features,log_num_rev_tl_bal_gt_0,0.0080820920153091,low,authenticated_saved_feature_psi,False
fbv1-004-lendingclub_v2-catboost-full-features-s42,lendingclub_v2,catboost,full_features,revol_bal_per_open_acc,0.008027472429237,low,authenticated_saved_feature_psi,False
fbv1-004-lendingclub_v2-catboost-full-features-s42,lendingclub_v2,catboost,full_features,num_bc_tl_per_total_acc,0.0079410940301462,low,authenticated_saved_feature_psi,False
fbv1-004-lendingclub_v2-catboost-full-features-s42,lendingclub_v2,catboost,full_features,total_bal_ex_mort_to_loan_amnt,0.0078848535259375,low,authenticated_saved_feature_psi,False
fbv1-004-lendingclub_v2-catboost-full-features-s42,lendingclub_v2,catboost,full_features,sqrt_total_il_high_credit_limit,0.0077390187691243,low,authenticated_saved_feature_psi,False
fbv1-004-lendingclub_v2-catboost-full-features-s42,lendingclub_v2,catboost,full_features,total_il_high_credit_limit,0.0077390187691243,low,authenticated_saved_feature_psi,False
fbv1-004-lendingclub_v2-catboost-full-features-s42,lendingclub_v2,catboost,full_features,log_total_il_high_credit_limit,0.0077390187691243,low,authenticated_saved_feature_psi,False
fbv1-004-lendingclub_v2-catboost-full-features-s42,lendingclub_v2,catboost,full_features,mort_acc_per_open_acc,0.0077366828243769,low,authenticated_saved_feature_psi,False
fbv1-004-lendingclub_v2-catboost-full-features-s42,lendingclub_v2,catboost,full_features,mths_since_recent_bc,0.0076826190131517,low,authenticated_saved_feature_psi,False
fbv1-004-lendingclub_v2-catboost-full-features-s42,lendingclub_v2,catboost,full_features,mths_since_recent_bc_inverse_recency,0.0075325702151664,low,authenticated_saved_feature_psi,False
fbv1-004-lendingclub_v2-catboost-full-features-s42,lendingclub_v2,catboost,full_features,num_rev_accts_per_credit_history_year,0.0071454776713072,low,authenticated_saved_feature_psi,False
fbv1-004-lendingclub_v2-catboost-full-features-s42,lendingclub_v2,catboost,full_features,revol_bal,0.0070311167993492,low,authenticated_saved_feature_psi,False
fbv1-004-lendingclub_v2-catboost-full-features-s42,lendingclub_v2,catboost,full_features,log_revol_bal,0.0070311167993492,low,authenticated_saved_feature_psi,False
fbv1-004-lendingclub_v2-catboost-full-features-s42,lendingclub_v2,catboost,full_features,sqrt_revol_bal,0.0070311167993492,low,authenticated_saved_feature_psi,False
fbv1-004-lendingclub_v2-catboost-full-features-s42,lendingclub_v2,catboost,full_features,loan_per_open_acc,0.0058385376881864,low,authenticated_saved_feature_psi,False
fbv1-004-lendingclub_v2-catboost-full-features-s42,lendingclub_v2,catboost,full_features,mo_sin_old_il_acct_inverse_recency,0.0058301124338095,low,authenticated_saved_feature_psi,False
fbv1-004-lendingclub_v2-catboost-full-features-s42,lendingclub_v2,catboost,full_features,num_rev_accts_per_total_acc,0.0057342426312924,low,authenticated_saved_feature_psi,False
fbv1-004-lendingclub_v2-catboost-full-features-s42,lendingclub_v2,catboost,full_features,tot_cur_bal_to_loan_amnt,0.0055059435980842,low,authenticated_saved_feature_psi,False
fbv1-004-lendingclub_v2-catboost-full-features-s42,lendingclub_v2,catboost,full_features,sqrt_total_bc_limit,0.00516863796197,low,authenticated_saved_feature_psi,False
fbv1-004-lendingclub_v2-catboost-full-features-s42,lendingclub_v2,catboost,full_features,total_bc_limit,0.00516863796197,low,authenticated_saved_feature_psi,False
fbv1-004-lendingclub_v2-catboost-full-features-s42,lendingclub_v2,catboost,full_features,log_total_bc_limit,0.00516863796197,low,authenticated_saved_feature_psi,False
fbv1-004-lendingclub_v2-catboost-full-features-s42,lendingclub_v2,catboost,full_features,mort_acc_per_credit_history_year,0.0049627199310575,low,authenticated_saved_feature_psi,False
fbv1-004-lendingclub_v2-catboost-full-features-s42,lendingclub_v2,catboost,full_features,mort_balance_pressure,0.0049594005171296,low,authenticated_saved_feature_psi,False
fbv1-004-lendingclub_v2-catboost-full-features-s42,lendingclub_v2,catboost,full_features,fico_range_low,0.0049296297322064,low,authenticated_saved_feature_psi,False
fbv1-004-lendingclub_v2-catboost-full-features-s42,lendingclub_v2,catboost,full_features,fico_range_high,0.0049296297322064,low,authenticated_saved_feature_psi,False
fbv1-004-lendingclub_v2-catboost-full-features-s42,lendingclub_v2,catboost,full_features,fico_mean,0.0049296297322064,low,authenticated_saved_feature_psi,False
fbv1-004-lendingclub_v2-catboost-full-features-s42,lendingclub_v2,catboost,full_features,fico_midpoint_scaled,0.0049296297322064,low,authenticated_saved_feature_psi,False
fbv1-004-lendingclub_v2-catboost-full-features-s42,lendingclub_v2,catboost,full_features,log_total_acc,0.0048973890850011,low,authenticated_saved_feature_psi,False
fbv1-004-lendingclub_v2-catboost-full-features-s42,lendingclub_v2,catboost,full_features,total_acc,0.0048973890850011,low,authenticated_saved_feature_psi,False
fbv1-004-lendingclub_v2-catboost-full-features-s42,lendingclub_v2,catboost,full_features,log_annual_inc,0.0047716352058489,low,authenticated_saved_feature_psi,False
fbv1-004-lendingclub_v2-catboost-full-features-s42,lendingclub_v2,catboost,full_features,annual_inc,0.0047716352058489,low,authenticated_saved_feature_psi,False
fbv1-004-lendingclub_v2-catboost-full-features-s42,lendingclub_v2,catboost,full_features,sqrt_annual_inc,0.0047716352058489,low,authenticated_saved_feature_psi,False
fbv1-004-lendingclub_v2-catboost-full-features-s42,lendingclub_v2,catboost,full_features,bc_util_minus_revol_util,0.0047421439654987,low,authenticated_saved_feature_psi,False
fbv1-004-lendingclub_v2-catboost-full-features-s42,lendingclub_v2,catboost,full_features,loan_per_total_acc,0.0045203662352884,low,authenticated_saved_feature_psi,False
fbv1-004-lendingclub_v2-catboost-full-features-s42,lendingclub_v2,catboost,full_features,mo_sin_old_il_acct,0.0043505773229472,low,authenticated_saved_feature_psi,False
fbv1-004-lendingclub_v2-catboost-full-features-s42,lendingclub_v2,catboost,full_features,fico_to_income,0.0042076007958819,low,authenticated_saved_feature_psi,False
fbv1-004-lendingclub_v2-catboost-full-features-s42,lendingclub_v2,catboost,full_features,total_il_high_credit_limit_to_income,0.0041137682116963,low,authenticated_saved_feature_psi,False
fbv1-004-lendingclub_v2-catboost-full-features-s42,lendingclub_v2,catboost,full_features,num_actv_bc_tl,0.0040713221603109,low,authenticated_saved_feature_psi,False
fbv1-004-lendingclub_v2-catboost-full-features-s42,lendingclub_v2,catboost,full_features,log_num_actv_bc_tl,0.0040713221603109,low,authenticated_saved_feature_psi,False
fbv1-004-lendingclub_v2-catboost-full-features-s42,lendingclub_v2,catboost,full_features,avg_cur_bal_to_loan_amnt,0.0040595432235471,low,authenticated_saved_feature_psi,False
fbv1-004-lendingclub_v2-catboost-full-features-s42,lendingclub_v2,catboost,full_features,pub_rec_per_total_acc,0.0039875970796948,low,authenticated_saved_feature_psi,False
fbv1-004-lendingclub_v2-catboost-full-features-s42,lendingclub_v2,catboost,full_features,inq_6m_per_open_acc,0.0038934844237012,low,authenticated_saved_feature_psi,False
fbv1-004-lendingclub_v2-catboost-full-features-s42,lendingclub_v2,catboost,full_features,inq_last_6mths_per_open_acc,0.0038934844237012,low,authenticated_saved_feature_psi,False
fbv1-004-lendingclub_v2-catboost-full-features-s42,lendingclub_v2,catboost,full_features,emp_length_years,0.0038835812682362,low,authenticated_saved_feature_psi,False
fbv1-004-lendingclub_v2-catboost-full-features-s42,lendingclub_v2,catboost,full_features,mths_since_last_record_inverse_recency,0.0038466574338408,low,authenticated_saved_feature_psi,False
fbv1-004-lendingclub_v2-catboost-full-features-s42,lendingclub_v2,catboost,full_features,avg_cur_bal_gap,0.0037936788178974,low,authenticated_saved_feature_psi,False
fbv1-004-lendingclub_v2-catboost-full-features-s42,lendingclub_v2,catboost,full_features,num_actv_rev_tl_per_credit_history_year,0.0037138842956727,low,authenticated_saved_feature_psi,False
fbv1-004-lendingclub_v2-catboost-full-features-s42,lendingclub_v2,catboost,full_features,tot_hi_cred_lim,0.0035504992817773,low,authenticated_saved_feature_psi,False
fbv1-004-lendingclub_v2-catboost-full-features-s42,lendingclub_v2,catboost,full_features,sqrt_tot_hi_cred_lim,0.0035504992817773,low,authenticated_saved_feature_psi,False
fbv1-004-lendingclub_v2-catboost-full-features-s42,lendingclub_v2,catboost,full_features,log_tot_hi_cred_lim,0.0035504992817773,low,authenticated_saved_feature_psi,False
fbv1-004-lendingclub_v2-catboost-full-features-s42,lendingclub_v2,catboost,full_features,mths_since_last_record,0.0035339671439441,low,authenticated_saved_feature_psi,False
fbv1-004-lendingclub_v2-catboost-full-features-s42,lendingclub_v2,catboost,full_features,mo_sin_rcnt_tl,0.0034814789653521,low,authenticated_saved_feature_psi,False
fbv1-004-lendingclub_v2-catboost-full-features-s42,lendingclub_v2,catboost,full_features,total_rev_hi_lim,0.0033725989013845,low,authenticated_saved_feature_psi,False
fbv1-004-lendingclub_v2-catboost-full-features-s42,lendingclub_v2,catboost,full_features,sqrt_total_rev_hi_lim,0.0033725989013845,low,authenticated_saved_feature_psi,False
fbv1-004-lendingclub_v2-catboost-full-features-s42,lendingclub_v2,catboost,full_features,log_total_rev_hi_lim,0.0033725989013845,low,authenticated_saved_feature_psi,False
fbv1-004-lendingclub_v2-catboost-full-features-s42,lendingclub_v2,catboost,full_features,pub_rec_per_credit_history_year,0.0033415157986334,low,authenticated_saved_feature_psi,False
fbv1-004-lendingclub_v2-catboost-full-features-s42,lendingclub_v2,catboost,full_features,num_rev_tl_bal_gt_0_per_credit_history_year,0.0033074873058379,low,authenticated_saved_feature_psi,False
fbv1-004-lendingclub_v2-catboost-full-features-s42,lendingclub_v2,catboost,full_features,active_revolving_share,0.0031851853363491,low,authenticated_saved_feature_psi,False
fbv1-004-lendingclub_v2-catboost-full-features-s42,lendingclub_v2,catboost,full_features,credit_history_years,0.003153712263205,low,authenticated_saved_feature_psi,False
fbv1-004-lendingclub_v2-catboost-full-features-s42,lendingclub_v2,catboost,full_features,credit_history_months,0.003153712263205,low,authenticated_saved_feature_psi,False
fbv1-004-lendingclub_v2-catboost-full-features-s42,lendingclub_v2,catboost,full_features,mo_sin_rcnt_tl_inverse_recency,0.003149492320817,low,authenticated_saved_feature_psi,False
fbv1-004-lendingclub_v2-catboost-full-features-s42,lendingclub_v2,catboost,full_features,num_op_rev_tl_per_open_acc,0.0031011753486763,low,authenticated_saved_feature_psi,False
fbv1-004-lendingclub_v2-catboost-full-features-s42,lendingclub_v2,catboost,full_features,log_inq_last_6mths,0.0030473212531175,low,authenticated_saved_feature_psi,False
fbv1-004-lendingclub_v2-catboost-full-features-s42,lendingclub_v2,catboost,full_features,inq_last_6mths,0.0030473212531175,low,authenticated_saved_feature_psi,False
fbv1-004-lendingclub_v2-catboost-full-features-s42,lendingclub_v2,catboost,full_features,balance_to_high_credit_limit,0.0029630799019905,low,authenticated_saved_feature_psi,False
fbv1-004-lendingclub_v2-catboost-full-features-s42,lendingclub_v2,catboost,full_features,num_bc_sats_per_total_acc,0.0029519359820162,low,authenticated_saved_feature_psi,False
fbv1-004-lendingclub_v2-catboost-full-features-s42,lendingclub_v2,catboost,full_features,num_actv_bc_tl_per_open_acc,0.0028041464695702,low,authenticated_saved_feature_psi,False
fbv1-004-lendingclub_v2-catboost-full-features-s42,lendingclub_v2,catboost,full_features,tot_coll_amt_to_loan_amnt,0.0028024514497356,low,authenticated_saved_feature_psi,False
fbv1-004-lendingclub_v2-catboost-full-features-s42,lendingclub_v2,catboost,full_features,pub_rec_bankruptcies_per_total_acc,0.0027525004039412,low,authenticated_saved_feature_psi,False
fbv1-004-lendingclub_v2-catboost-full-features-s42,lendingclub_v2,catboost,full_features,sqrt_total_bal_ex_mort,0.0026893644407172,low,authenticated_saved_feature_psi,False
fbv1-004-lendingclub_v2-catboost-full-features-s42,lendingclub_v2,catboost,full_features,total_bal_ex_mort,0.0026893644407172,low,authenticated_saved_feature_psi,False
fbv1-004-lendingclub_v2-catboost-full-features-s42,lendingclub_v2,catboost,full_features,log_total_bal_ex_mort,0.0026893644407172,low,authenticated_saved_feature_psi,False
fbv1-004-lendingclub_v2-catboost-full-features-s42,lendingclub_v2,catboost,full_features,log_tot_coll_amt,0.0026665933843632,low,authenticated_saved_feature_psi,False
fbv1-004-lendingclub_v2-catboost-full-features-s42,lendingclub_v2,catboost,full_features,tot_coll_amt,0.0026665933843632,low,authenticated_saved_feature_psi,False
fbv1-004-lendingclub_v2-catboost-full-features-s42,lendingclub_v2,catboost,full_features,sqrt_tot_coll_amt,0.0026665933843632,low,authenticated_saved_feature_psi,False
fbv1-004-lendingclub_v2-catboost-full-features-s42,lendingclub_v2,catboost,full_features,revol_bal_per_total_acc,0.0026417509588752,low,authenticated_saved_feature_psi,False
fbv1-004-lendingclub_v2-catboost-full-features-s42,lendingclub_v2,catboost,full_features,credit_history_years_x_fico,0.0026105148671702,low,authenticated_saved_feature_psi,False
fbv1-004-lendingclub_v2-catboost-full-features-s42,lendingclub_v2,catboost,full_features,num_op_rev_tl_per_total_acc,0.0025483523122838,low,authenticated_saved_feature_psi,False
fbv1-004-lendingclub_v2-catboost-full-features-s42,lendingclub_v2,catboost,full_features,open_revolving_share,0.0025483523122838,low,authenticated_saved_feature_psi,False
fbv1-004-lendingclub_v2-catboost-full-features-s42,lendingclub_v2,catboost,full_features,log_num_op_rev_tl,0.0025380381731271,low,authenticated_saved_feature_psi,False
fbv1-004-lendingclub_v2-catboost-full-features-s42,lendingclub_v2,catboost,full_features,num_op_rev_tl,0.0025380381731271,low,authenticated_saved_feature_psi,False
fbv1-004-lendingclub_v2-catboost-full-features-s42,lendingclub_v2,catboost,full_features,mort_acc_per_total_acc,0.0025307180140165,low,authenticated_saved_feature_psi,False
fbv1-004-lendingclub_v2-catboost-full-features-s42,lendingclub_v2,catboost,full_features,num_il_tl_per_credit_history_year,0.0025249217334614,low,authenticated_saved_feature_psi,False
fbv1-004-lendingclub_v2-catboost-full-features-s42,lendingclub_v2,catboost,full_features,total_bal_ex_mort_per_open_acc,0.0023982528931362,low,authenticated_saved_feature_psi,False
fbv1-004-lendingclub_v2-catboost-full-features-s42,lendingclub_v2,catboost,full_features,tot_coll_amt_to_income,0.002265097914448,low,authenticated_saved_feature_psi,False
fbv1-004-lendingclub_v2-catboost-full-features-s42,lendingclub_v2,catboost,full_features,inq_last_6mths_per_credit_history_year,0.0021808294486372,low,authenticated_saved_feature_psi,False
fbv1-004-lendingclub_v2-catboost-full-features-s42,lendingclub_v2,catboost,full_features,log_num_bc_sats,0.0021531022737606,low,authenticated_saved_feature_psi,False
fbv1-004-lendingclub_v2-catboost-full-features-s42,lendingclub_v2,catboost,full_features,num_bc_sats,0.0021531022737606,low,authenticated_saved_feature_psi,False
fbv1-004-lendingclub_v2-catboost-full-features-s42,lendingclub_v2,catboost,full_features,inq_last_6mths_per_total_acc,0.0020089871871638,low,authenticated_saved_feature_psi,False
fbv1-004-lendingclub_v2-catboost-full-features-s42,lendingclub_v2,catboost,full_features,num_bc_sats_per_credit_history_year,0.0019706311359598,low,authenticated_saved_feature_psi,False
fbv1-004-lendingclub_v2-catboost-full-features-s42,lendingclub_v2,catboost,full_features,total_bc_limit_to_total_rev_limit,0.0018377852413551,low,authenticated_saved_feature_psi,False
fbv1-004-lendingclub_v2-catboost-full-features-s42,lendingclub_v2,catboost,full_features,mths_since_recent_bc_dlq,0.0018330716038248,low,authenticated_saved_feature_psi,False
fbv1-004-lendingclub_v2-catboost-full-features-s42,lendingclub_v2,catboost,full_features,credit_lines_per_history_year,0.0018111147487434,low,authenticated_saved_feature_psi,False
fbv1-004-lendingclub_v2-catboost-full-features-s42,lendingclub_v2,catboost,full_features,pub_rec_bankruptcies_per_credit_history_year,0.0017691523896625,low,authenticated_saved_feature_psi,False
fbv1-004-lendingclub_v2-catboost-full-features-s42,lendingclub_v2,catboost,full_features,mo_sin_rcnt_rev_tl_op_inverse_recency,0.0017425463736665,low,authenticated_saved_feature_psi,False
fbv1-004-lendingclub_v2-catboost-full-features-s42,lendingclub_v2,catboost,full_features,mths_since_recent_bc_dlq_inverse_recency,0.0017172120025017,low,authenticated_saved_feature_psi,False
fbv1-004-lendingclub_v2-catboost-full-features-s42,lendingclub_v2,catboost,full_features,num_actv_rev_tl_per_total_acc,0.001711952551506,low,authenticated_saved_feature_psi,False
fbv1-004-lendingclub_v2-catboost-full-features-s42,lendingclub_v2,catboost,full_features,mo_sin_rcnt_rev_tl_op,0.0016833057298966,low,authenticated_saved_feature_psi,False
fbv1-004-lendingclub_v2-catboost-full-features-s42,lendingclub_v2,catboost,full_features,num_il_tl_per_open_acc,0.0016086891079667,low,authenticated_saved_feature_psi,False
fbv1-004-lendingclub_v2-catboost-full-features-s42,lendingclub_v2,catboost,full_features,open_acc,0.0015913971222238,low,authenticated_saved_feature_psi,False
fbv1-004-lendingclub_v2-catboost-full-features-s42,lendingclub_v2,catboost,full_features,log_open_acc,0.0015913971222238,low,authenticated_saved_feature_psi,False
fbv1-004-lendingclub_v2-catboost-full-features-s42,lendingclub_v2,catboost,full_features,mths_since_recent_inq_inverse_recency,0.0014022136353445,low,authenticated_saved_feature_psi,False
fbv1-004-lendingclub_v2-catboost-full-features-s42,lendingclub_v2,catboost,full_features,mths_since_recent_inq,0.0014005439488032,low,authenticated_saved_feature_psi,False
fbv1-004-lendingclub_v2-catboost-full-features-s42,lendingclub_v2,catboost,full_features,num_actv_bc_tl_per_credit_history_year,0.0013996768989798,low,authenticated_saved_feature_psi,False
fbv1-004-lendingclub_v2-catboost-full-features-s42,lendingclub_v2,catboost,full_features,num_sats,0.0013880602442324,low,authenticated_saved_feature_psi,False
fbv1-004-lendingclub_v2-catboost-full-features-s42,lendingclub_v2,catboost,full_features,log_num_sats,0.0013880602442324,low,authenticated_saved_feature_psi,False
fbv1-004-lendingclub_v2-catboost-full-features-s42,lendingclub_v2,catboost,full_features,num_rev_tl_bal_gt_0_per_total_acc,0.0013497796381168,low,authenticated_saved_feature_psi,False
fbv1-004-lendingclub_v2-catboost-full-features-s42,lendingclub_v2,catboost,full_features,num_accts_ever_120_pd_per_total_acc,0.0012720245800121,low,authenticated_saved_feature_psi,False
fbv1-004-lendingclub_v2-catboost-full-features-s42,lendingclub_v2,catboost,full_features,log_num_il_tl,0.0012544425327216,low,authenticated_saved_feature_psi,False
fbv1-004-lendingclub_v2-catboost-full-features-s42,lendingclub_v2,catboost,full_features,num_il_tl,0.0012544425327216,low,authenticated_saved_feature_psi,False
fbv1-004-lendingclub_v2-catboost-full-features-s42,lendingclub_v2,catboost,full_features,total_bc_limit_to_income,0.0012010605233133,low,authenticated_saved_feature_psi,False
fbv1-004-lendingclub_v2-catboost-full-features-s42,lendingclub_v2,catboost,full_features,log_tot_cur_bal,0.0011712008042223,low,authenticated_saved_feature_psi,False
fbv1-004-lendingclub_v2-catboost-full-features-s42,lendingclub_v2,catboost,full_features,sqrt_tot_cur_bal,0.0011712008042223,low,authenticated_saved_feature_psi,False
fbv1-004-lendingclub_v2-catboost-full-features-s42,lendingclub_v2,catboost,full_features,tot_cur_bal,0.0011712008042223,low,authenticated_saved_feature_psi,False
fbv1-004-lendingclub_v2-catboost-full-features-s42,lendingclub_v2,catboost,full_features,num_op_rev_tl_per_credit_history_year,0.0011330465106048,low,authenticated_saved_feature_psi,False
fbv1-004-lendingclub_v2-catboost-full-features-s42,lendingclub_v2,catboost,full_features,delinquency_pressure_x_fico,0.001112581593324,low,authenticated_saved_feature_psi,False
fbv1-004-lendingclub_v2-catboost-full-features-s42,lendingclub_v2,catboost,full_features,dti,0.0010873667543974,low,authenticated_saved_feature_psi,False
fbv1-004-lendingclub_v2-catboost-full-features-s42,lendingclub_v2,catboost,full_features,num_sats_per_credit_history_year,0.0010131709166709,low,authenticated_saved_feature_psi,False
fbv1-004-lendingclub_v2-catboost-full-features-s42,lendingclub_v2,catboost,full_features,mths_since_recent_revol_delinq,0.0009621512423139,low,authenticated_saved_feature_psi,False
fbv1-004-lendingclub_v2-catboost-full-features-s42,lendingclub_v2,catboost,full_features,tot_cur_bal_per_open_acc,0.0009588711937979,low,authenticated_saved_feature_psi,False
fbv1-004-lendingclub_v2-catboost-full-features-s42,lendingclub_v2,catboost,full_features,pub_rec,0.0009209827650938,low,authenticated_saved_feature_psi,False
fbv1-004-lendingclub_v2-catboost-full-features-s42,lendingclub_v2,catboost,full_features,log_pub_rec,0.0009209827650938,low,authenticated_saved_feature_psi,False
fbv1-004-lendingclub_v2-catboost-full-features-s42,lendingclub_v2,catboost,full_features,mths_since_recent_revol_delinq_inverse_recency,0.0009071429172711,low,authenticated_saved_feature_psi,False
fbv1-004-lendingclub_v2-catboost-full-features-s42,lendingclub_v2,catboost,full_features,tot_hi_cred_lim_to_income,0.0008391429038122,low,authenticated_saved_feature_psi,False
fbv1-004-lendingclub_v2-catboost-full-features-s42,lendingclub_v2,catboost,full_features,num_actv_bc_tl_per_total_acc,0.0008019354291025,low,authenticated_saved_feature_psi,False
fbv1-004-lendingclub_v2-catboost-full-features-s42,lendingclub_v2,catboost,full_features,bankruptcy_or_pubrec_count,0.0007646360387441,low,authenticated_saved_feature_psi,False
fbv1-004-lendingclub_v2-catboost-full-features-s42,lendingclub_v2,catboost,full_features,log_avg_cur_bal,0.0006622956085569,low,authenticated_saved_feature_psi,False
fbv1-004-lendingclub_v2-catboost-full-features-s42,lendingclub_v2,catboost,full_features,sqrt_avg_cur_bal,0.0006622956085569,low,authenticated_saved_feature_psi,False
fbv1-004-lendingclub_v2-catboost-full-features-s42,lendingclub_v2,catboost,full_features,avg_cur_bal,0.0006621825691064,low,authenticated_saved_feature_psi,False
fbv1-004-lendingclub_v2-catboost-full-features-s42,lendingclub_v2,catboost,full_features,pub_rec_per_open_acc,0.0006468317931445,low,authenticated_saved_feature_psi,False
fbv1-004-lendingclub_v2-catboost-full-features-s42,lendingclub_v2,catboost,full_features,total_rev_hi_lim_to_income,0.000559108487219,low,authenticated_saved_feature_psi,False
fbv1-004-lendingclub_v2-catboost-full-features-s42,lendingclub_v2,catboost,full_features,mths_since_last_delinq_inverse_recency,0.0005434050844783,low,authenticated_saved_feature_psi,False
fbv1-004-lendingclub_v2-catboost-full-features-s42,lendingclub_v2,catboost,full_features,pct_tl_nvr_dlq,0.0005200270077555,low,authenticated_saved_feature_psi,False
fbv1-004-lendingclub_v2-catboost-full-features-s42,lendingclub_v2,catboost,full_features,num_accts_ever_120_pd_per_credit_history_year,0.0005053681810341,low,authenticated_saved_feature_psi,False
fbv1-004-lendingclub_v2-catboost-full-features-s42,lendingclub_v2,catboost,full_features,total_bal_ex_mort_to_income,0.0004342701468031,low,authenticated_saved_feature_psi,False
fbv1-004-lendingclub_v2-catboost-full-features-s42,lendingclub_v2,catboost,full_features,mths_since_last_major_derog,0.0004217433429665,low,authenticated_saved_feature_psi,False
fbv1-004-lendingclub_v2-catboost-full-features-s42,lendingclub_v2,catboost,full_features,delinq_2yrs_per_total_acc,0.0004194947011821,low,authenticated_saved_feature_psi,False
fbv1-004-lendingclub_v2-catboost-full-features-s42,lendingclub_v2,catboost,full_features,log_pub_rec_bankruptcies,0.0004147592192819,low,authenticated_saved_feature_psi,False
fbv1-004-lendingclub_v2-catboost-full-features-s42,lendingclub_v2,catboost,full_features,pub_rec_bankruptcies,0.0004147592192819,low,authenticated_saved_feature_psi,False
fbv1-004-lendingclub_v2-catboost-full-features-s42,lendingclub_v2,catboost,full_features,mths_since_last_delinq,0.0004066007401441,low,authenticated_saved_feature_psi,False
fbv1-004-lendingclub_v2-catboost-full-features-s42,lendingclub_v2,catboost,full_features,avg_cur_bal_to_income,0.0003565823639273,low,authenticated_saved_feature_psi,False
fbv1-004-lendingclub_v2-catboost-full-features-s42,lendingclub_v2,catboost,full_features,pub_rec_bankruptcies_per_open_acc,0.000316934422455,low,authenticated_saved_feature_psi,False
fbv1-004-lendingclub_v2-catboost-full-features-s42,lendingclub_v2,catboost,full_features,mths_since_last_major_derog_inverse_recency,0.0003113644529255,low,authenticated_saved_feature_psi,False
fbv1-004-lendingclub_v2-catboost-full-features-s42,lendingclub_v2,catboost,full_features,tot_cur_bal_to_income,0.0002995888425283,low,authenticated_saved_feature_psi,False
fbv1-004-lendingclub_v2-catboost-full-features-s42,lendingclub_v2,catboost,full_features,num_accts_ever_120_pd,0.0002570407099438,low,authenticated_saved_feature_psi,False
fbv1-004-lendingclub_v2-catboost-full-features-s42,lendingclub_v2,catboost,full_features,log_num_accts_ever_120_pd,0.0002570407099438,low,authenticated_saved_feature_psi,False
fbv1-004-lendingclub_v2-catboost-full-features-s42,lendingclub_v2,catboost,full_features,num_accts_ever_120_pd_per_open_acc,0.0002264192310918,low,authenticated_saved_feature_psi,False
fbv1-004-lendingclub_v2-catboost-full-features-s42,lendingclub_v2,catboost,full_features,delinq_2yrs_per_credit_history_year,0.0002243810248943,low,authenticated_saved_feature_psi,False
fbv1-004-lendingclub_v2-catboost-full-features-s42,lendingclub_v2,catboost,full_features,num_bc_sats_per_open_acc,0.0001822684794079,low,authenticated_saved_feature_psi,False
fbv1-004-lendingclub_v2-catboost-full-features-s42,lendingclub_v2,catboost,full_features,severe_delinquency_count,7.808620404250281e-05,low,authenticated_saved_feature_psi,False
fbv1-004-lendingclub_v2-catboost-full-features-s42,lendingclub_v2,catboost,full_features,delinquency_pressure,6.335646811244138e-05,low,authenticated_saved_feature_psi,False
fbv1-004-lendingclub_v2-catboost-full-features-s42,lendingclub_v2,catboost,full_features,delinq_2yrs,2.6530528467660595e-06,low,authenticated_saved_feature_psi,False
fbv1-004-lendingclub_v2-catboost-full-features-s42,lendingclub_v2,catboost,full_features,log_delinq_2yrs,2.6530528467660595e-06,low,authenticated_saved_feature_psi,False
fbv1-004-lendingclub_v2-catboost-full-features-s42,lendingclub_v2,catboost,full_features,delinq_2yrs_per_open_acc,8.226761155912653e-07,low,authenticated_saved_feature_psi,False
fbv1-004-lendingclub_v2-catboost-full-features-s42,lendingclub_v2,catboost,full_features,verification_status_Source Verified,0.0,low,authenticated_saved_feature_psi,False
fbv1-004-lendingclub_v2-catboost-full-features-s42,lendingclub_v2,catboost,full_features,verification_status_Not Verified,0.0,low,authenticated_saved_feature_psi,False
fbv1-004-lendingclub_v2-catboost-full-features-s42,lendingclub_v2,catboost,full_features,verification_group_x_loan_to_income_band_infrequent_sklearn,0.0,low,authenticated_saved_feature_psi,False
fbv1-004-lendingclub_v2-catboost-full-features-s42,lendingclub_v2,catboost,full_features,verification_group_x_loan_to_income_band_verified__very_high,0.0,low,authenticated_saved_feature_psi,False
fbv1-004-lendingclub_v2-catboost-full-features-s42,lendingclub_v2,catboost,full_features,verification_group_x_loan_to_income_band_verified__moderate,0.0,low,authenticated_saved_feature_psi,False
fbv1-004-lendingclub_v2-catboost-full-features-s42,lendingclub_v2,catboost,full_features,verification_group_x_loan_to_income_band_verified__high,0.0,low,authenticated_saved_feature_psi,False
fbv1-004-lendingclub_v2-catboost-full-features-s42,lendingclub_v2,catboost,full_features,verification_group_x_loan_to_income_band_verified__extreme,0.0,low,authenticated_saved_feature_psi,False
fbv1-004-lendingclub_v2-catboost-full-features-s42,lendingclub_v2,catboost,full_features,utilization_pressure_band_high,0.0,low,authenticated_saved_feature_psi,False
fbv1-004-lendingclub_v2-catboost-full-features-s42,lendingclub_v2,catboost,full_features,utilization_pressure_band_extreme,0.0,low,authenticated_saved_feature_psi,False
fbv1-004-lendingclub_v2-catboost-full-features-s42,lendingclub_v2,catboost,full_features,utilization_pressure_band_Missing,0.0,low,authenticated_saved_feature_psi,False
fbv1-004-lendingclub_v2-catboost-full-features-s42,lendingclub_v2,catboost,full_features,total_bal_to_income_band_infrequent_sklearn,0.0,low,authenticated_saved_feature_psi,False
fbv1-004-lendingclub_v2-catboost-full-features-s42,lendingclub_v2,catboost,full_features,total_bal_to_income_band_very_high,0.0,low,authenticated_saved_feature_psi,False
fbv1-004-lendingclub_v2-catboost-full-features-s42,lendingclub_v2,catboost,full_features,verification_status_joint_Not Verified,0.0,low,authenticated_saved_feature_psi,False
fbv1-004-lendingclub_v2-catboost-full-features-s42,lendingclub_v2,catboost,full_features,log_num_tl_90g_dpd_24m,0.0,low,authenticated_saved_feature_psi,False
fbv1-004-lendingclub_v2-catboost-full-features-s42,lendingclub_v2,catboost,full_features,log_num_tl_30dpd,0.0,low,authenticated_saved_feature_psi,False
fbv1-004-lendingclub_v2-catboost-full-features-s42,lendingclub_v2,catboost,full_features,log_num_tl_120dpd_2m,0.0,low,authenticated_saved_feature_psi,False
fbv1-004-lendingclub_v2-catboost-full-features-s42,lendingclub_v2,catboost,full_features,verification_group_x_loan_to_income_band_source_verified__very_high,0.0,low,authenticated_saved_feature_psi,False
fbv1-004-lendingclub_v2-catboost-full-features-s42,lendingclub_v2,catboost,full_features,verification_group_x_loan_to_income_band_source_verified__moderate,0.0,low,authenticated_saved_feature_psi,False
fbv1-004-lendingclub_v2-catboost-full-features-s42,lendingclub_v2,catboost,full_features,verification_group_x_loan_to_income_band_source_verified__low,0.0,low,authenticated_saved_feature_psi,False
fbv1-004-lendingclub_v2-catboost-full-features-s42,lendingclub_v2,catboost,full_features,verification_group_x_loan_to_income_band_source_verified__high,0.0,low,authenticated_saved_feature_psi,False
fbv1-004-lendingclub_v2-catboost-full-features-s42,lendingclub_v2,catboost,full_features,verification_group_x_loan_to_income_band_source_verified__extreme,0.0,low,authenticated_saved_feature_psi,False
fbv1-004-lendingclub_v2-catboost-full-features-s42,lendingclub_v2,catboost,full_features,verification_group_x_loan_to_income_band_not_verified__very_high,0.0,low,authenticated_saved_feature_psi,False
fbv1-004-lendingclub_v2-catboost-full-features-s42,lendingclub_v2,catboost,full_features,verification_group_x_loan_to_income_band_not_verified__moderate,0.0,low,authenticated_saved_feature_psi,False
fbv1-004-lendingclub_v2-catboost-full-features-s42,lendingclub_v2,catboost,full_features,verification_group_x_loan_to_income_band_not_verified__high,0.0,low,authenticated_saved_feature_psi,False
fbv1-004-lendingclub_v2-catboost-full-features-s42,lendingclub_v2,catboost,full_features,verification_group_x_loan_to_income_band_not_verified__extreme,0.0,low,authenticated_saved_feature_psi,False
fbv1-004-lendingclub_v2-catboost-full-features-s42,lendingclub_v2,catboost,full_features,max_bal_bc_is_zero,0.0,low,authenticated_saved_feature_psi,False
fbv1-004-lendingclub_v2-catboost-full-features-s42,lendingclub_v2,catboost,full_features,log_tax_liens,0.0,low,authenticated_saved_feature_psi,False
fbv1-004-lendingclub_v2-catboost-full-features-s42,lendingclub_v2,catboost,full_features,log_delinq_amnt,0.0,low,authenticated_saved_feature_psi,False
fbv1-004-lendingclub_v2-catboost-full-features-s42,lendingclub_v2,catboost,full_features,mo_sin_old_rev_tl_op_seasoned_60m_flag,0.0,low,authenticated_saved_feature_psi,False
fbv1-004-lendingclub_v2-catboost-full-features-s42,lendingclub_v2,catboost,full_features,mo_sin_old_rev_tl_op_recent_24m_flag,0.0,low,authenticated_saved_feature_psi,False
fbv1-004-lendingclub_v2-catboost-full-features-s42,lendingclub_v2,catboost,full_features,mo_sin_old_rev_tl_op_recent_12m_flag,0.0,low,authenticated_saved_feature_psi,False
fbv1-004-lendingclub_v2-catboost-full-features-s42,lendingclub_v2,catboost,full_features,mo_sin_old_il_acct_seasoned_60m_flag,0.0,low,authenticated_saved_feature_psi,False
fbv1-004-lendingclub_v2-catboost-full-features-s42,lendingclub_v2,catboost,full_features,mo_sin_old_il_acct_recent_24m_flag,0.0,low,authenticated_saved_feature_psi,False
fbv1-004-lendingclub_v2-catboost-full-features-s42,lendingclub_v2,catboost,full_features,mo_sin_old_il_acct_recent_12m_flag,0.0,low,authenticated_saved_feature_psi,False
fbv1-004-lendingclub_v2-catboost-full-features-s42,lendingclub_v2,catboost,full_features,mo_sin_old_il_acct_missing_flag,0.0,low,authenticated_saved_feature_psi,False
fbv1-004-lendingclub_v2-catboost-full-features-s42,lendingclub_v2,catboost,full_features,log_collections_12_mths_ex_med,0.0,low,authenticated_saved_feature_psi,False
fbv1-004-lendingclub_v2-catboost-full-features-s42,lendingclub_v2,catboost,full_features,log_chargeoff_within_12_mths,0.0,low,authenticated_saved_feature_psi,False
fbv1-004-lendingclub_v2-catboost-full-features-s42,lendingclub_v2,catboost,full_features,log_acc_now_delinq,0.0,low,authenticated_saved_feature_psi,False
fbv1-004-lendingclub_v2-catboost-full-features-s42,lendingclub_v2,catboost,full_features,max_bal_bc_missing_flag,0.0,low,authenticated_saved_feature_psi,False
fbv1-004-lendingclub_v2-catboost-full-features-s42,lendingclub_v2,catboost,full_features,mths_since_last_delinq_missing_flag,0.0,low,authenticated_saved_feature_psi,False
fbv1-004-lendingclub_v2-catboost-full-features-s42,lendingclub_v2,catboost,full_features,mort_acc_positive_flag,0.0,low,authenticated_saved_feature_psi,False
fbv1-004-lendingclub_v2-catboost-full-features-s42,lendingclub_v2,catboost,full_features,mort_acc_is_zero,0.0,low,authenticated_saved_feature_psi,False
fbv1-004-lendingclub_v2-catboost-full-features-s42,lendingclub_v2,catboost,full_features,mo_sin_rcnt_tl_seasoned_60m_flag,0.0,low,authenticated_saved_feature_psi,False
fbv1-004-lendingclub_v2-catboost-full-features-s42,lendingclub_v2,catboost,full_features,mo_sin_rcnt_tl_recent_24m_flag,0.0,low,authenticated_saved_feature_psi,False
fbv1-004-lendingclub_v2-catboost-full-features-s42,lendingclub_v2,catboost,full_features,mo_sin_rcnt_tl_recent_12m_flag,0.0,low,authenticated_saved_feature_psi,False
fbv1-004-lendingclub_v2-catboost-full-features-s42,lendingclub_v2,catboost,full_features,mo_sin_rcnt_rev_tl_op_seasoned_60m_flag,0.0,low,authenticated_saved_feature_psi,False
fbv1-004-lendingclub_v2-catboost-full-features-s42,lendingclub_v2,catboost,full_features,mo_sin_rcnt_rev_tl_op_recent_24m_flag,0.0,low,authenticated_saved_feature_psi,False
fbv1-004-lendingclub_v2-catboost-full-features-s42,lendingclub_v2,catboost,full_features,mo_sin_rcnt_rev_tl_op_recent_12m_flag,0.0,low,authenticated_saved_feature_psi,False
fbv1-004-lendingclub_v2-catboost-full-features-s42,lendingclub_v2,catboost,full_features,mths_since_rcnt_il_missing_flag,0.0,low,authenticated_saved_feature_psi,False
fbv1-004-lendingclub_v2-catboost-full-features-s42,lendingclub_v2,catboost,full_features,mths_since_last_record_seasoned_60m_flag,0.0,low,authenticated_saved_feature_psi,False
fbv1-004-lendingclub_v2-catboost-full-features-s42,lendingclub_v2,catboost,full_features,mths_since_last_record_recent_24m_flag,0.0,low,authenticated_saved_feature_psi,False
fbv1-004-lendingclub_v2-catboost-full-features-s42,lendingclub_v2,catboost,full_features,mths_since_last_record_recent_12m_flag,0.0,low,authenticated_saved_feature_psi,False
fbv1-004-lendingclub_v2-catboost-full-features-s42,lendingclub_v2,catboost,full_features,mths_since_last_record_missing_flag,0.0,low,authenticated_saved_feature_psi,False
fbv1-004-lendingclub_v2-catboost-full-features-s42,lendingclub_v2,catboost,full_features,mths_since_last_major_derog_seasoned_60m_flag,0.0,low,authenticated_saved_feature_psi,False
fbv1-004-lendingclub_v2-catboost-full-features-s42,lendingclub_v2,catboost,full_features,mths_since_last_major_derog_recent_24m_flag,0.0,low,authenticated_saved_feature_psi,False
fbv1-004-lendingclub_v2-catboost-full-features-s42,lendingclub_v2,catboost,full_features,mths_since_last_major_derog_recent_12m_flag,0.0,low,authenticated_saved_feature_psi,False
fbv1-004-lendingclub_v2-catboost-full-features-s42,lendingclub_v2,catboost,full_features,mths_since_last_major_derog_missing_flag,0.0,low,authenticated_saved_feature_psi,False
fbv1-004-lendingclub_v2-catboost-full-features-s42,lendingclub_v2,catboost,full_features,mths_since_last_delinq_seasoned_60m_flag,0.0,low,authenticated_saved_feature_psi,False
fbv1-004-lendingclub_v2-catboost-full-features-s42,lendingclub_v2,catboost,full_features,mths_since_last_delinq_recent_24m_flag,0.0,low,authenticated_saved_feature_psi,False
fbv1-004-lendingclub_v2-catboost-full-features-s42,lendingclub_v2,catboost,full_features,mths_since_last_delinq_recent_12m_flag,0.0,low,authenticated_saved_feature_psi,False
fbv1-004-lendingclub_v2-catboost-full-features-s42,lendingclub_v2,catboost,full_features,mths_since_recent_inq_missing_flag,0.0,low,authenticated_saved_feature_psi,False
fbv1-004-lendingclub_v2-catboost-full-features-s42,lendingclub_v2,catboost,full_features,mths_since_recent_bc_seasoned_60m_flag,0.0,low,authenticated_saved_feature_psi,False
fbv1-004-lendingclub_v2-catboost-full-features-s42,lendingclub_v2,catboost,full_features,mths_since_recent_bc_recent_24m_flag,0.0,low,authenticated_saved_feature_psi,False
fbv1-004-lendingclub_v2-catboost-full-features-s42,lendingclub_v2,catboost,full_features,mths_since_recent_bc_recent_12m_flag,0.0,low,authenticated_saved_feature_psi,False
fbv1-004-lendingclub_v2-catboost-full-features-s42,lendingclub_v2,catboost,full_features,mths_since_recent_bc_missing_flag,0.0,low,authenticated_saved_feature_psi,False
fbv1-004-lendingclub_v2-catboost-full-features-s42,lendingclub_v2,catboost,full_features,mths_since_recent_bc_dlq_seasoned_60m_flag,0.0,low,authenticated_saved_feature_psi,False
fbv1-004-lendingclub_v2-catboost-full-features-s42,lendingclub_v2,catboost,full_features,mths_since_recent_bc_dlq_recent_24m_flag,0.0,low,authenticated_saved_feature_psi,False
fbv1-004-lendingclub_v2-catboost-full-features-s42,lendingclub_v2,catboost,full_features,mths_since_recent_bc_dlq_recent_12m_flag,0.0,low,authenticated_saved_feature_psi,False
fbv1-004-lendingclub_v2-catboost-full-features-s42,lendingclub_v2,catboost,full_features,mths_since_recent_bc_dlq_missing_flag,0.0,low,authenticated_saved_feature_psi,False
fbv1-004-lendingclub_v2-catboost-full-features-s42,lendingclub_v2,catboost,full_features,mths_since_rcnt_il_seasoned_60m_flag,0.0,low,authenticated_saved_feature_psi,False
fbv1-004-lendingclub_v2-catboost-full-features-s42,lendingclub_v2,catboost,full_features,mths_since_rcnt_il_recent_24m_flag,0.0,low,authenticated_saved_feature_psi,False
fbv1-004-lendingclub_v2-catboost-full-features-s42,lendingclub_v2,catboost,full_features,mths_since_rcnt_il_recent_12m_flag,0.0,low,authenticated_saved_feature_psi,False
fbv1-004-lendingclub_v2-catboost-full-features-s42,lendingclub_v2,catboost,full_features,inq_last_12m_positive_flag,0.0,low,authenticated_saved_feature_psi,False
fbv1-004-lendingclub_v2-catboost-full-features-s42,lendingclub_v2,catboost,full_features,inq_last_12m_missing_flag,0.0,low,authenticated_saved_feature_psi,False
fbv1-004-lendingclub_v2-catboost-full-features-s42,lendingclub_v2,catboost,full_features,num_accts_ever_120_pd_is_zero,0.0,low,authenticated_saved_feature_psi,False
fbv1-004-lendingclub_v2-catboost-full-features-s42,lendingclub_v2,catboost,full_features,mths_since_recent_revol_delinq_seasoned_60m_flag,0.0,low,authenticated_saved_feature_psi,False
fbv1-004-lendingclub_v2-catboost-full-features-s42,lendingclub_v2,catboost,full_features,mths_since_recent_revol_delinq_recent_24m_flag,0.0,low,authenticated_saved_feature_psi,False
fbv1-004-lendingclub_v2-catboost-full-features-s42,lendingclub_v2,catboost,full_features,mths_since_recent_revol_delinq_recent_12m_flag,0.0,low,authenticated_saved_feature_psi,False
fbv1-004-lendingclub_v2-catboost-full-features-s42,lendingclub_v2,catboost,full_features,mths_since_recent_revol_delinq_missing_flag,0.0,low,authenticated_saved_feature_psi,False
fbv1-004-lendingclub_v2-catboost-full-features-s42,lendingclub_v2,catboost,full_features,mths_since_recent_inq_recent_24m_flag,0.0,low,authenticated_saved_feature_psi,False
fbv1-004-lendingclub_v2-catboost-full-features-s42,lendingclub_v2,catboost,full_features,mths_since_recent_inq_recent_12m_flag,0.0,low,authenticated_saved_feature_psi,False
fbv1-004-lendingclub_v2-catboost-full-features-s42,lendingclub_v2,catboost,full_features,num_actv_rev_tl_is_zero,0.0,low,authenticated_saved_feature_psi,False
fbv1-004-lendingclub_v2-catboost-full-features-s42,lendingclub_v2,catboost,full_features,num_actv_bc_tl_positive_flag,0.0,low,authenticated_saved_feature_psi,False
fbv1-004-lendingclub_v2-catboost-full-features-s42,lendingclub_v2,catboost,full_features,num_actv_bc_tl_is_zero,0.0,low,authenticated_saved_feature_psi,False
fbv1-004-lendingclub_v2-catboost-full-features-s42,lendingclub_v2,catboost,full_features,num_accts_ever_120_pd_positive_flag,0.0,low,authenticated_saved_feature_psi,False
fbv1-004-lendingclub_v2-catboost-full-features-s42,lendingclub_v2,catboost,full_features,joint_income_available_flag,0.0,low,authenticated_saved_feature_psi,False
fbv1-004-lendingclub_v2-catboost-full-features-s42,lendingclub_v2,catboost,full_features,joint_application_flag,0.0,low,authenticated_saved_feature_psi,False
fbv1-004-lendingclub_v2-catboost-full-features-s42,lendingclub_v2,catboost,full_features,inq_last_6mths_positive_flag,0.0,low,authenticated_saved_feature_psi,False
fbv1-004-lendingclub_v2-catboost-full-features-s42,lendingclub_v2,catboost,full_features,inq_last_6mths_is_zero,0.0,low,authenticated_saved_feature_psi,False
fbv1-004-lendingclub_v2-catboost-full-features-s42,lendingclub_v2,catboost,full_features,il_util_ge_30_flag,0.0,low,authenticated_saved_feature_psi,False
fbv1-004-lendingclub_v2-catboost-full-features-s42,lendingclub_v2,catboost,full_features,num_il_tl_positive_flag,0.0,low,authenticated_saved_feature_psi,False
fbv1-004-lendingclub_v2-catboost-full-features-s42,lendingclub_v2,catboost,full_features,num_il_tl_is_zero,0.0,low,authenticated_saved_feature_psi,False
fbv1-004-lendingclub_v2-catboost-full-features-s42,lendingclub_v2,catboost,full_features,num_bc_tl_positive_flag,0.0,low,authenticated_saved_feature_psi,False
fbv1-004-lendingclub_v2-catboost-full-features-s42,lendingclub_v2,catboost,full_features,num_bc_tl_is_zero,0.0,low,authenticated_saved_feature_psi,False
fbv1-004-lendingclub_v2-catboost-full-features-s42,lendingclub_v2,catboost,full_features,num_bc_sats_positive_flag,0.0,low,authenticated_saved_feature_psi,False
fbv1-004-lendingclub_v2-catboost-full-features-s42,lendingclub_v2,catboost,full_features,num_bc_sats_is_zero,0.0,low,authenticated_saved_feature_psi,False
fbv1-004-lendingclub_v2-catboost-full-features-s42,lendingclub_v2,catboost,full_features,num_actv_rev_tl_positive_flag,0.0,low,authenticated_saved_feature_psi,False
fbv1-004-lendingclub_v2-catboost-full-features-s42,lendingclub_v2,catboost,full_features,num_rev_accts_missing_flag,0.0,low,authenticated_saved_feature_psi,False
fbv1-004-lendingclub_v2-catboost-full-features-s42,lendingclub_v2,catboost,full_features,num_op_rev_tl_positive_flag,0.0,low,authenticated_saved_feature_psi,False
fbv1-004-lendingclub_v2-catboost-full-features-s42,lendingclub_v2,catboost,full_features,num_op_rev_tl_is_zero,0.0,low,authenticated_saved_feature_psi,False
fbv1-004-lendingclub_v2-catboost-full-features-s42,lendingclub_v2,catboost,full_features,inq_last_12m_is_zero,0.0,low,authenticated_saved_feature_psi,False
fbv1-004-lendingclub_v2-catboost-full-features-s42,lendingclub_v2,catboost,full_features,inq_fi_positive_flag,0.0,low,authenticated_saved_feature_psi,False
fbv1-004-lendingclub_v2-catboost-full-features-s42,lendingclub_v2,catboost,full_features,inq_fi_missing_flag,0.0,low,authenticated_saved_feature_psi,False
fbv1-004-lendingclub_v2-catboost-full-features-s42,lendingclub_v2,catboost,full_features,inq_fi_is_zero,0.0,low,authenticated_saved_feature_psi,False
fbv1-004-lendingclub_v2-catboost-full-features-s42,lendingclub_v2,catboost,full_features,il_util_missing_flag,0.0,low,authenticated_saved_feature_psi,False
fbv1-004-lendingclub_v2-catboost-full-features-s42,lendingclub_v2,catboost,full_features,il_util_ge_90_flag,0.0,low,authenticated_saved_feature_psi,False
fbv1-004-lendingclub_v2-catboost-full-features-s42,lendingclub_v2,catboost,full_features,il_util_ge_75_flag,0.0,low,authenticated_saved_feature_psi,False
fbv1-004-lendingclub_v2-catboost-full-features-s42,lendingclub_v2,catboost,full_features,il_util_ge_50_flag,0.0,low,authenticated_saved_feature_psi,False
fbv1-004-lendingclub_v2-catboost-full-features-s42,lendingclub_v2,catboost,full_features,num_tl_120dpd_2m_per_total_acc,0.0,low,authenticated_saved_feature_psi,False
fbv1-004-lendingclub_v2-catboost-full-features-s42,lendingclub_v2,catboost,full_features,num_tl_120dpd_2m_per_open_acc,0.0,low,authenticated_saved_feature_psi,False
fbv1-004-lendingclub_v2-catboost-full-features-s42,lendingclub_v2,catboost,full_features,num_tl_120dpd_2m_per_credit_history_year,0.0,low,authenticated_saved_feature_psi,False
fbv1-004-lendingclub_v2-catboost-full-features-s42,lendingclub_v2,catboost,full_features,num_tl_120dpd_2m_missing_flag,0.0,low,authenticated_saved_feature_psi,False
fbv1-004-lendingclub_v2-catboost-full-features-s42,lendingclub_v2,catboost,full_features,num_tl_120dpd_2m_is_zero,0.0,low,authenticated_saved_feature_psi,False
fbv1-004-lendingclub_v2-catboost-full-features-s42,lendingclub_v2,catboost,full_features,num_tl_120dpd_2m,0.0,low,authenticated_saved_feature_psi,False
fbv1-004-lendingclub_v2-catboost-full-features-s42,lendingclub_v2,catboost,full_features,num_sats_positive_flag,0.0,low,authenticated_saved_feature_psi,False
fbv1-004-lendingclub_v2-catboost-full-features-s42,lendingclub_v2,catboost,full_features,num_sats_per_open_acc,0.0,low,authenticated_saved_feature_psi,False
fbv1-004-lendingclub_v2-catboost-full-features-s42,lendingclub_v2,catboost,full_features,num_sats_is_zero,0.0,low,authenticated_saved_feature_psi,False
fbv1-004-lendingclub_v2-catboost-full-features-s42,lendingclub_v2,catboost,full_features,num_rev_tl_bal_gt_0_positive_flag,0.0,low,authenticated_saved_feature_psi,False
fbv1-004-lendingclub_v2-catboost-full-features-s42,lendingclub_v2,catboost,full_features,num_rev_tl_bal_gt_0_is_zero,0.0,low,authenticated_saved_feature_psi,False
fbv1-004-lendingclub_v2-catboost-full-features-s42,lendingclub_v2,catboost,full_features,num_rev_accts_positive_flag,0.0,low,authenticated_saved_feature_psi,False
fbv1-004-lendingclub_v2-catboost-full-features-s42,lendingclub_v2,catboost,full_features,num_tl_op_past_12m_is_zero,0.0,low,authenticated_saved_feature_psi,False
fbv1-004-lendingclub_v2-catboost-full-features-s42,lendingclub_v2,catboost,full_features,num_tl_90g_dpd_24m_positive_flag,0.0,low,authenticated_saved_feature_psi,False
fbv1-004-lendingclub_v2-catboost-full-features-s42,lendingclub_v2,catboost,full_features,num_tl_90g_dpd_24m_per_total_acc,0.0,low,authenticated_saved_feature_psi,False
fbv1-004-lendingclub_v2-catboost-full-features-s42,lendingclub_v2,catboost,full_features,num_tl_90g_dpd_24m_per_open_acc,0.0,low,authenticated_saved_feature_psi,False
fbv1-004-lendingclub_v2-catboost-full-features-s42,lendingclub_v2,catboost,full_features,num_tl_90g_dpd_24m_per_credit_history_year,0.0,low,authenticated_saved_feature_psi,False
fbv1-004-lendingclub_v2-catboost-full-features-s42,lendingclub_v2,catboost,full_features,num_tl_90g_dpd_24m_is_zero,0.0,low,authenticated_saved_feature_psi,False
fbv1-004-lendingclub_v2-catboost-full-features-s42,lendingclub_v2,catboost,full_features,num_tl_90g_dpd_24m,0.0,low,authenticated_saved_feature_psi,False
fbv1-004-lendingclub_v2-catboost-full-features-s42,lendingclub_v2,catboost,full_features,num_tl_30dpd_positive_flag,0.0,low,authenticated_saved_feature_psi,False
fbv1-004-lendingclub_v2-catboost-full-features-s42,lendingclub_v2,catboost,full_features,num_tl_30dpd_per_total_acc,0.0,low,authenticated_saved_feature_psi,False
fbv1-004-lendingclub_v2-catboost-full-features-s42,lendingclub_v2,catboost,full_features,num_tl_30dpd_per_open_acc,0.0,low,authenticated_saved_feature_psi,False
fbv1-004-lendingclub_v2-catboost-full-features-s42,lendingclub_v2,catboost,full_features,num_tl_30dpd_per_credit_history_year,0.0,low,authenticated_saved_feature_psi,False
fbv1-004-lendingclub_v2-catboost-full-features-s42,lendingclub_v2,catboost,full_features,num_tl_30dpd_is_zero,0.0,low,authenticated_saved_feature_psi,False
fbv1-004-lendingclub_v2-catboost-full-features-s42,lendingclub_v2,catboost,full_features,num_tl_30dpd,0.0,low,authenticated_saved_feature_psi,False
fbv1-004-lendingclub_v2-catboost-full-features-s42,lendingclub_v2,catboost,full_features,num_tl_120dpd_2m_positive_flag,0.0,low,authenticated_saved_feature_psi,False
fbv1-004-lendingclub_v2-catboost-full-features-s42,lendingclub_v2,catboost,full_features,open_acc_6m_positive_flag,0.0,low,authenticated_saved_feature_psi,False
fbv1-004-lendingclub_v2-catboost-full-features-s42,lendingclub_v2,catboost,full_features,open_acc_6m_missing_flag,0.0,low,authenticated_saved_feature_psi,False
fbv1-004-lendingclub_v2-catboost-full-features-s42,lendingclub_v2,catboost,full_features,open_acc_6m_is_zero,0.0,low,authenticated_saved_feature_psi,False
fbv1-004-lendingclub_v2-catboost-full-features-s42,lendingclub_v2,catboost,full_features,num_tl_op_past_12m_positive_flag,0.0,low,authenticated_saved_feature_psi,False
fbv1-004-lendingclub_v2-catboost-full-features-s42,lendingclub_v2,catboost,full_features,il_util_ge_100_flag,0.0,low,authenticated_saved_feature_psi,False
fbv1-004-lendingclub_v2-catboost-full-features-s42,lendingclub_v2,catboost,full_features,high_revol_util_flag,0.0,low,authenticated_saved_feature_psi,False
fbv1-004-lendingclub_v2-catboost-full-features-s42,lendingclub_v2,catboost,full_features,high_dti_flag,0.0,low,authenticated_saved_feature_psi,False
fbv1-004-lendingclub_v2-catboost-full-features-s42,lendingclub_v2,catboost,full_features,high_bc_util_flag,0.0,low,authenticated_saved_feature_psi,False
fbv1-004-lendingclub_v2-catboost-full-features-s42,lendingclub_v2,catboost,full_features,has_recent_inquiry_flag,0.0,low,authenticated_saved_feature_psi,False
fbv1-004-lendingclub_v2-catboost-full-features-s42,lendingclub_v2,catboost,full_features,has_public_record_flag,0.0,low,authenticated_saved_feature_psi,False
fbv1-004-lendingclub_v2-catboost-full-features-s42,lendingclub_v2,catboost,full_features,has_mortgage_flag,0.0,low,authenticated_saved_feature_psi,False
fbv1-004-lendingclub_v2-catboost-full-features-s42,lendingclub_v2,catboost,full_features,fico_span,0.0,low,authenticated_saved_feature_psi,False
fbv1-004-lendingclub_v2-catboost-full-features-s42,lendingclub_v2,catboost,full_features,open_il_24m_missing_flag,0.0,low,authenticated_saved_feature_psi,False
fbv1-004-lendingclub_v2-catboost-full-features-s42,lendingclub_v2,catboost,full_features,open_il_24m_is_zero,0.0,low,authenticated_saved_feature_psi,False
fbv1-004-lendingclub_v2-catboost-full-features-s42,lendingclub_v2,catboost,full_features,open_il_12m_positive_flag,0.0,low,authenticated_saved_feature_psi,False
fbv1-004-lendingclub_v2-catboost-full-features-s42,lendingclub_v2,catboost,full_features,open_il_12m_missing_flag,0.0,low,authenticated_saved_feature_psi,False
fbv1-004-lendingclub_v2-catboost-full-features-s42,lendingclub_v2,catboost,full_features,open_il_12m_is_zero,0.0,low,authenticated_saved_feature_psi,False
fbv1-004-lendingclub_v2-catboost-full-features-s42,lendingclub_v2,catboost,full_features,open_act_il_positive_flag,0.0,low,authenticated_saved_feature_psi,False
fbv1-004-lendingclub_v2-catboost-full-features-s42,lendingclub_v2,catboost,full_features,emp_length_missing_flag,0.0,low,authenticated_saved_feature_psi,False
fbv1-004-lendingclub_v2-catboost-full-features-s42,lendingclub_v2,catboost,full_features,dti_missing_flag,0.0,low,authenticated_saved_feature_psi,False
fbv1-004-lendingclub_v2-catboost-full-features-s42,lendingclub_v2,catboost,full_features,dti_joint_missing_flag,0.0,low,authenticated_saved_feature_psi,False
fbv1-004-lendingclub_v2-catboost-full-features-s42,lendingclub_v2,catboost,full_features,open_act_il_missing_flag,0.0,low,authenticated_saved_feature_psi,False
fbv1-004-lendingclub_v2-catboost-full-features-s42,lendingclub_v2,catboost,full_features,open_act_il_is_zero,0.0,low,authenticated_saved_feature_psi,False
fbv1-004-lendingclub_v2-catboost-full-features-s42,lendingclub_v2,catboost,full_features,open_acc_positive_flag,0.0,low,authenticated_saved_feature_psi,False
fbv1-004-lendingclub_v2-catboost-full-features-s42,lendingclub_v2,catboost,full_features,open_acc_is_zero,0.0,low,authenticated_saved_feature_psi,False
fbv1-004-lendingclub_v2-catboost-full-features-s42,lendingclub_v2,catboost,full_features,open_il_24m_positive_flag,0.0,low,authenticated_saved_feature_psi,False
fbv1-004-lendingclub_v2-catboost-full-features-s42,lendingclub_v2,catboost,full_features,delinquency_history_flag,0.0,low,authenticated_saved_feature_psi,False
fbv1-004-lendingclub_v2-catboost-full-features-s42,lendingclub_v2,catboost,full_features,delinq_amnt_to_loan_amnt,0.0,low,authenticated_saved_feature_psi,False
fbv1-004-lendingclub_v2-catboost-full-features-s42,lendingclub_v2,catboost,full_features,delinq_amnt_to_income,0.0,low,authenticated_saved_feature_psi,False
fbv1-004-lendingclub_v2-catboost-full-features-s42,lendingclub_v2,catboost,full_features,delinq_amnt_is_zero,0.0,low,authenticated_saved_feature_psi,False
fbv1-004-lendingclub_v2-catboost-full-features-s42,lendingclub_v2,catboost,full_features,delinq_amnt,0.0,low,authenticated_saved_feature_psi,False
fbv1-004-lendingclub_v2-catboost-full-features-s42,lendingclub_v2,catboost,full_features,delinq_2yrs_positive_flag,0.0,low,authenticated_saved_feature_psi,False
fbv1-004-lendingclub_v2-catboost-full-features-s42,lendingclub_v2,catboost,full_features,delinq_2yrs_is_zero,0.0,low,authenticated_saved_feature_psi,False
fbv1-004-lendingclub_v2-catboost-full-features-s42,lendingclub_v2,catboost,full_features,pub_rec_bankruptcies_is_zero,0.0,low,authenticated_saved_feature_psi,False
fbv1-004-lendingclub_v2-catboost-full-features-s42,lendingclub_v2,catboost,full_features,prime_fico_flag,0.0,low,authenticated_saved_feature_psi,False
fbv1-004-lendingclub_v2-catboost-full-features-s42,lendingclub_v2,catboost,full_features,percent_bc_gt_75_missing_flag,0.0,low,authenticated_saved_feature_psi,False
fbv1-004-lendingclub_v2-catboost-full-features-s42,lendingclub_v2,catboost,full_features,open_rv_24m_positive_flag,0.0,low,authenticated_saved_feature_psi,False
fbv1-004-lendingclub_v2-catboost-full-features-s42,lendingclub_v2,catboost,full_features,open_rv_24m_missing_flag,0.0,low,authenticated_saved_feature_psi,False
fbv1-004-lendingclub_v2-catboost-full-features-s42,lendingclub_v2,catboost,full_features,open_rv_24m_is_zero,0.0,low,authenticated_saved_feature_psi,False
fbv1-004-lendingclub_v2-catboost-full-features-s42,lendingclub_v2,catboost,full_features,open_rv_12m_positive_flag,0.0,low,authenticated_saved_feature_psi,False
fbv1-004-lendingclub_v2-catboost-full-features-s42,lendingclub_v2,catboost,full_features,open_rv_12m_missing_flag,0.0,low,authenticated_saved_feature_psi,False
fbv1-004-lendingclub_v2-catboost-full-features-s42,lendingclub_v2,catboost,full_features,open_rv_12m_is_zero,0.0,low,authenticated_saved_feature_psi,False
fbv1-004-lendingclub_v2-catboost-full-features-s42,lendingclub_v2,catboost,full_features,chargeoff_within_12_mths_is_zero,0.0,low,authenticated_saved_feature_psi,False
fbv1-004-lendingclub_v2-catboost-full-features-s42,lendingclub_v2,catboost,full_features,chargeoff_within_12_mths,0.0,low,authenticated_saved_feature_psi,False
fbv1-004-lendingclub_v2-catboost-full-features-s42,lendingclub_v2,catboost,full_features,bc_util_missing_flag,0.0,low,authenticated_saved_feature_psi,False
fbv1-004-lendingclub_v2-catboost-full-features-s42,lendingclub_v2,catboost,full_features,bc_util_ge_90_flag,0.0,low,authenticated_saved_feature_psi,False
fbv1-004-lendingclub_v2-catboost-full-features-s42,lendingclub_v2,catboost,full_features,revol_bal_is_zero,0.0,low,authenticated_saved_feature_psi,False
fbv1-004-lendingclub_v2-catboost-full-features-s42,lendingclub_v2,catboost,full_features,recent_revolving_activity_flag,0.0,low,authenticated_saved_feature_psi,False
fbv1-004-lendingclub_v2-catboost-full-features-s42,lendingclub_v2,catboost,full_features,recent_opening_flag,0.0,low,authenticated_saved_feature_psi,False
fbv1-004-lendingclub_v2-catboost-full-features-s42,lendingclub_v2,catboost,full_features,recent_installment_activity_flag,0.0,low,authenticated_saved_feature_psi,False
fbv1-004-lendingclub_v2-catboost-full-features-s42,lendingclub_v2,catboost,full_features,pub_rec_positive_flag,0.0,low,authenticated_saved_feature_psi,False
fbv1-004-lendingclub_v2-catboost-full-features-s42,lendingclub_v2,catboost,full_features,pub_rec_is_zero,0.0,low,authenticated_saved_feature_psi,False
fbv1-004-lendingclub_v2-catboost-full-features-s42,lendingclub_v2,catboost,full_features,pub_rec_bankruptcies_positive_flag,0.0,low,authenticated_saved_feature_psi,False
fbv1-004-lendingclub_v2-catboost-full-features-s42,lendingclub_v2,catboost,full_features,revol_util_ge_90_flag,0.0,low,authenticated_saved_feature_psi,False
fbv1-004-lendingclub_v2-catboost-full-features-s42,lendingclub_v2,catboost,full_features,revol_util_ge_75_flag,0.0,low,authenticated_saved_feature_psi,False
fbv1-004-lendingclub_v2-catboost-full-features-s42,lendingclub_v2,catboost,full_features,revol_util_ge_50_flag,0.0,low,authenticated_saved_feature_psi,False
fbv1-004-lendingclub_v2-catboost-full-features-s42,lendingclub_v2,catboost,full_features,revol_util_ge_30_flag,0.0,low,authenticated_saved_feature_psi,False
fbv1-004-lendingclub_v2-catboost-full-features-s42,lendingclub_v2,catboost,full_features,revol_util_ge_100_flag,0.0,low,authenticated_saved_feature_psi,False
fbv1-004-lendingclub_v2-catboost-full-features-s42,lendingclub_v2,catboost,full_features,collections_12_mths_ex_med_positive_flag,0.0,low,authenticated_saved_feature_psi,False
fbv1-004-lendingclub_v2-catboost-full-features-s42,lendingclub_v2,catboost,full_features,collections_12_mths_ex_med_per_total_acc,0.0,low,authenticated_saved_feature_psi,False
fbv1-004-lendingclub_v2-catboost-full-features-s42,lendingclub_v2,catboost,full_features,collections_12_mths_ex_med_per_open_acc,0.0,low,authenticated_saved_feature_psi,False
fbv1-004-lendingclub_v2-catboost-full-features-s42,lendingclub_v2,catboost,full_features,collections_12_mths_ex_med_per_credit_history_year,0.0,low,authenticated_saved_feature_psi,False
fbv1-004-lendingclub_v2-catboost-full-features-s42,lendingclub_v2,catboost,full_features,collections_12_mths_ex_med_is_zero,0.0,low,authenticated_saved_feature_psi,False
fbv1-004-lendingclub_v2-catboost-full-features-s42,lendingclub_v2,catboost,full_features,collections_12_mths_ex_med,0.0,low,authenticated_saved_feature_psi,False
fbv1-004-lendingclub_v2-catboost-full-features-s42,lendingclub_v2,catboost,full_features,chargeoff_within_12_mths_positive_flag,0.0,low,authenticated_saved_feature_psi,False
fbv1-004-lendingclub_v2-catboost-full-features-s42,lendingclub_v2,catboost,full_features,chargeoff_within_12_mths_per_total_acc,0.0,low,authenticated_saved_feature_psi,False
fbv1-004-lendingclub_v2-catboost-full-features-s42,lendingclub_v2,catboost,full_features,chargeoff_within_12_mths_per_open_acc,0.0,low,authenticated_saved_feature_psi,False
fbv1-004-lendingclub_v2-catboost-full-features-s42,lendingclub_v2,catboost,full_features,chargeoff_within_12_mths_per_credit_history_year,0.0,low,authenticated_saved_feature_psi,False
fbv1-004-lendingclub_v2-catboost-full-features-s42,lendingclub_v2,catboost,full_features,tax_liens_positive_flag,0.0,low,authenticated_saved_feature_psi,False
fbv1-004-lendingclub_v2-catboost-full-features-s42,lendingclub_v2,catboost,full_features,tax_liens_per_total_acc,0.0,low,authenticated_saved_feature_psi,False
fbv1-004-lendingclub_v2-catboost-full-features-s42,lendingclub_v2,catboost,full_features,tax_liens_per_open_acc,0.0,low,authenticated_saved_feature_psi,False
fbv1-004-lendingclub_v2-catboost-full-features-s42,lendingclub_v2,catboost,full_features,tax_liens_per_credit_history_year,0.0,low,authenticated_saved_feature_psi,False
fbv1-004-lendingclub_v2-catboost-full-features-s42,lendingclub_v2,catboost,full_features,tax_liens_is_zero,0.0,low,authenticated_saved_feature_psi,False
fbv1-004-lendingclub_v2-catboost-full-features-s42,lendingclub_v2,catboost,full_features,tax_liens,0.0,low,authenticated_saved_feature_psi,False
fbv1-004-lendingclub_v2-catboost-full-features-s42,lendingclub_v2,catboost,full_features,sqrt_delinq_amnt,0.0,low,authenticated_saved_feature_psi,False
fbv1-004-lendingclub_v2-catboost-full-features-s42,lendingclub_v2,catboost,full_features,revol_util_missing_flag,0.0,low,authenticated_saved_feature_psi,False
fbv1-004-lendingclub_v2-catboost-full-features-s42,lendingclub_v2,catboost,full_features,total_bal_ex_mort_is_zero,0.0,low,authenticated_saved_feature_psi,False
fbv1-004-lendingclub_v2-catboost-full-features-s42,lendingclub_v2,catboost,full_features,tot_hi_cred_lim_is_zero,0.0,low,authenticated_saved_feature_psi,False
fbv1-004-lendingclub_v2-catboost-full-features-s42,lendingclub_v2,catboost,full_features,tot_cur_bal_is_zero,0.0,low,authenticated_saved_feature_psi,False
fbv1-004-lendingclub_v2-catboost-full-features-s42,lendingclub_v2,catboost,full_features,tot_coll_amt_is_zero,0.0,low,authenticated_saved_feature_psi,False
fbv1-004-lendingclub_v2-catboost-full-features-s42,lendingclub_v2,catboost,full_features,thin_file_flag,0.0,low,authenticated_saved_feature_psi,False
fbv1-004-lendingclub_v2-catboost-full-features-s42,lendingclub_v2,catboost,full_features,term_months,0.0,low,authenticated_saved_feature_psi,False
fbv1-004-lendingclub_v2-catboost-full-features-s42,lendingclub_v2,catboost,full_features,total_bc_limit_is_zero,0.0,low,authenticated_saved_feature_psi,False
fbv1-004-lendingclub_v2-catboost-full-features-s42,lendingclub_v2,catboost,full_features,total_bal_il_missing_flag,0.0,low,authenticated_saved_feature_psi,False
fbv1-004-lendingclub_v2-catboost-full-features-s42,lendingclub_v2,catboost,full_features,total_bal_il_is_zero,0.0,low,authenticated_saved_feature_psi,False
fbv1-004-lendingclub_v2-catboost-full-features-s42,lendingclub_v2,catboost,full_features,bc_util_ge_75_flag,0.0,low,authenticated_saved_feature_psi,False
fbv1-004-lendingclub_v2-catboost-full-features-s42,lendingclub_v2,catboost,full_features,bc_util_ge_50_flag,0.0,low,authenticated_saved_feature_psi,False
fbv1-004-lendingclub_v2-catboost-full-features-s42,lendingclub_v2,catboost,full_features,bc_util_ge_30_flag,0.0,low,authenticated_saved_feature_psi,False
fbv1-004-lendingclub_v2-catboost-full-features-s42,lendingclub_v2,catboost,full_features,bc_util_ge_100_flag,0.0,low,authenticated_saved_feature_psi,False
fbv1-004-lendingclub_v2-catboost-full-features-s42,lendingclub_v2,catboost,full_features,bc_open_to_buy_missing_flag,0.0,low,authenticated_saved_feature_psi,False
fbv1-004-lendingclub_v2-catboost-full-features-s42,lendingclub_v2,catboost,full_features,bc_open_to_buy_is_zero,0.0,low,authenticated_saved_feature_psi,False
fbv1-004-lendingclub_v2-catboost-full-features-s42,lendingclub_v2,catboost,full_features,bankruptcy_history_flag,0.0,low,authenticated_saved_feature_psi,False
fbv1-004-lendingclub_v2-catboost-full-features-s42,lendingclub_v2,catboost,full_features,total_cu_tl_missing_flag,0.0,low,authenticated_saved_feature_psi,False
fbv1-004-lendingclub_v2-catboost-full-features-s42,lendingclub_v2,catboost,full_features,avg_cur_bal_missing_flag,0.0,low,authenticated_saved_feature_psi,False
fbv1-004-lendingclub_v2-catboost-full-features-s42,lendingclub_v2,catboost,full_features,avg_cur_bal_is_zero,0.0,low,authenticated_saved_feature_psi,False
fbv1-004-lendingclub_v2-catboost-full-features-s42,lendingclub_v2,catboost,full_features,annual_inc_joint_missing_flag,0.0,low,authenticated_saved_feature_psi,False
fbv1-004-lendingclub_v2-catboost-full-features-s42,lendingclub_v2,catboost,full_features,annual_inc_is_zero,0.0,low,authenticated_saved_feature_psi,False
fbv1-004-lendingclub_v2-catboost-full-features-s42,lendingclub_v2,catboost,full_features,all_util_missing_flag,0.0,low,authenticated_saved_feature_psi,False
fbv1-004-lendingclub_v2-catboost-full-features-s42,lendingclub_v2,catboost,full_features,all_util_ge_90_flag,0.0,low,authenticated_saved_feature_psi,False
fbv1-004-lendingclub_v2-catboost-full-features-s42,lendingclub_v2,catboost,full_features,all_util_ge_75_flag,0.0,low,authenticated_saved_feature_psi,False
fbv1-004-lendingclub_v2-catboost-full-features-s42,lendingclub_v2,catboost,full_features,all_util_ge_50_flag,0.0,low,authenticated_saved_feature_psi,False
fbv1-004-lendingclub_v2-catboost-full-features-s42,lendingclub_v2,catboost,full_features,all_util_ge_30_flag,0.0,low,authenticated_saved_feature_psi,False
fbv1-004-lendingclub_v2-catboost-full-features-s42,lendingclub_v2,catboost,full_features,total_cu_tl_is_zero,0.0,low,authenticated_saved_feature_psi,False
fbv1-004-lendingclub_v2-catboost-full-features-s42,lendingclub_v2,catboost,full_features,addr_state_AL,0.0,low,authenticated_saved_feature_psi,False
fbv1-004-lendingclub_v2-catboost-full-features-s42,lendingclub_v2,catboost,full_features,addr_state_AK,0.0,low,authenticated_saved_feature_psi,False
fbv1-004-lendingclub_v2-catboost-full-features-s42,lendingclub_v2,catboost,full_features,acc_open_past_24mths_band_very_high,0.0,low,authenticated_saved_feature_psi,False
fbv1-004-lendingclub_v2-catboost-full-features-s42,lendingclub_v2,catboost,full_features,acc_open_past_24mths_band_none,0.0,low,authenticated_saved_feature_psi,False
fbv1-004-lendingclub_v2-catboost-full-features-s42,lendingclub_v2,catboost,full_features,acc_open_past_24mths_band_moderate,0.0,low,authenticated_saved_feature_psi,False
fbv1-004-lendingclub_v2-catboost-full-features-s42,lendingclub_v2,catboost,full_features,acc_open_past_24mths_band_light,0.0,low,authenticated_saved_feature_psi,False
fbv1-004-lendingclub_v2-catboost-full-features-s42,lendingclub_v2,catboost,full_features,acc_open_past_24mths_band_high,0.0,low,authenticated_saved_feature_psi,False
fbv1-004-lendingclub_v2-catboost-full-features-s42,lendingclub_v2,catboost,full_features,acc_open_past_24mths_band_extreme,0.0,low,authenticated_saved_feature_psi,False
fbv1-004-lendingclub_v2-catboost-full-features-s42,lendingclub_v2,catboost,full_features,very_high_dti_flag,0.0,low,authenticated_saved_feature_psi,False
fbv1-004-lendingclub_v2-catboost-full-features-s42,lendingclub_v2,catboost,full_features,verification_status_joint_missing_flag,0.0,low,authenticated_saved_feature_psi,False
fbv1-004-lendingclub_v2-catboost-full-features-s42,lendingclub_v2,catboost,full_features,total_bal_to_income_band_moderate,0.0,low,authenticated_saved_feature_psi,False
fbv1-004-lendingclub_v2-catboost-full-features-s42,lendingclub_v2,catboost,full_features,total_rev_hi_lim_is_zero,0.0,low,authenticated_saved_feature_psi,False
fbv1-004-lendingclub_v2-catboost-full-features-s42,lendingclub_v2,catboost,full_features,verification_group_verified,0.0,low,authenticated_saved_feature_psi,False
fbv1-004-lendingclub_v2-catboost-full-features-s42,lendingclub_v2,catboost,full_features,verification_status_joint_Missing,0.0,low,authenticated_saved_feature_psi,False
fbv1-004-lendingclub_v2-catboost-full-features-s42,lendingclub_v2,catboost,full_features,total_il_high_credit_limit_is_zero,0.0,low,authenticated_saved_feature_psi,False
fbv1-004-lendingclub_v2-catboost-full-features-s42,lendingclub_v2,catboost,full_features,total_cu_tl_positive_flag,0.0,low,authenticated_saved_feature_psi,False
fbv1-004-lendingclub_v2-catboost-full-features-s42,lendingclub_v2,catboost,full_features,addr_state_MA,0.0,low,authenticated_saved_feature_psi,False
fbv1-004-lendingclub_v2-catboost-full-features-s42,lendingclub_v2,catboost,full_features,addr_state_LA,0.0,low,authenticated_saved_feature_psi,False
fbv1-004-lendingclub_v2-catboost-full-features-s42,lendingclub_v2,catboost,full_features,addr_state_KY,0.0,low,authenticated_saved_feature_psi,False
fbv1-004-lendingclub_v2-catboost-full-features-s42,lendingclub_v2,catboost,full_features,addr_state_KS,0.0,low,authenticated_saved_feature_psi,False
fbv1-004-lendingclub_v2-catboost-full-features-s42,lendingclub_v2,catboost,full_features,addr_state_IN,0.0,low,authenticated_saved_feature_psi,False
fbv1-004-lendingclub_v2-catboost-full-features-s42,lendingclub_v2,catboost,full_features,addr_state_IL,0.0,low,authenticated_saved_feature_psi,False
fbv1-004-lendingclub_v2-catboost-full-features-s42,lendingclub_v2,catboost,full_features,addr_state_HI,0.0,low,authenticated_saved_feature_psi,False
fbv1-004-lendingclub_v2-catboost-full-features-s42,lendingclub_v2,catboost,full_features,addr_state_GA,0.0,low,authenticated_saved_feature_psi,False
fbv1-004-lendingclub_v2-catboost-full-features-s42,lendingclub_v2,catboost,full_features,addr_state_FL,0.0,low,authenticated_saved_feature_psi,False
fbv1-004-lendingclub_v2-catboost-full-features-s42,lendingclub_v2,catboost,full_features,addr_state_DE,0.0,low,authenticated_saved_feature_psi,False
fbv1-004-lendingclub_v2-catboost-full-features-s42,lendingclub_v2,catboost,full_features,addr_state_DC,0.0,low,authenticated_saved_feature_psi,False
fbv1-004-lendingclub_v2-catboost-full-features-s42,lendingclub_v2,catboost,full_features,addr_state_CT,0.0,low,authenticated_saved_feature_psi,False
fbv1-004-lendingclub_v2-catboost-full-features-s42,lendingclub_v2,catboost,full_features,addr_state_CO,0.0,low,authenticated_saved_feature_psi,False
fbv1-004-lendingclub_v2-catboost-full-features-s42,lendingclub_v2,catboost,full_features,addr_state_CA,0.0,low,authenticated_saved_feature_psi,False
fbv1-004-lendingclub_v2-catboost-full-features-s42,lendingclub_v2,catboost,full_features,addr_state_AZ,0.0,low,authenticated_saved_feature_psi,False
fbv1-004-lendingclub_v2-catboost-full-features-s42,lendingclub_v2,catboost,full_features,addr_state_AR,0.0,low,authenticated_saved_feature_psi,False
fbv1-004-lendingclub_v2-catboost-full-features-s42,lendingclub_v2,catboost,full_features,addr_state_OH,0.0,low,authenticated_saved_feature_psi,False
fbv1-004-lendingclub_v2-catboost-full-features-s42,lendingclub_v2,catboost,full_features,addr_state_NY,0.0,low,authenticated_saved_feature_psi,False
fbv1-004-lendingclub_v2-catboost-full-features-s42,lendingclub_v2,catboost,full_features,addr_state_NV,0.0,low,authenticated_saved_feature_psi,False
fbv1-004-lendingclub_v2-catboost-full-features-s42,lendingclub_v2,catboost,full_features,addr_state_NM,0.0,low,authenticated_saved_feature_psi,False
fbv1-004-lendingclub_v2-catboost-full-features-s42,lendingclub_v2,catboost,full_features,addr_state_NJ,0.0,low,authenticated_saved_feature_psi,False
fbv1-004-lendingclub_v2-catboost-full-features-s42,lendingclub_v2,catboost,full_features,addr_state_NH,0.0,low,authenticated_saved_feature_psi,False
fbv1-004-lendingclub_v2-catboost-full-features-s42,lendingclub_v2,catboost,full_features,addr_state_NE,0.0,low,authenticated_saved_feature_psi,False
fbv1-004-lendingclub_v2-catboost-full-features-s42,lendingclub_v2,catboost,full_features,addr_state_ND,0.0,low,authenticated_saved_feature_psi,False
fbv1-004-lendingclub_v2-catboost-full-features-s42,lendingclub_v2,catboost,full_features,addr_state_NC,0.0,low,authenticated_saved_feature_psi,False
fbv1-004-lendingclub_v2-catboost-full-features-s42,lendingclub_v2,catboost,full_features,addr_state_MT,0.0,low,authenticated_saved_feature_psi,False
fbv1-004-lendingclub_v2-catboost-full-features-s42,lendingclub_v2,catboost,full_features,addr_state_MS,0.0,low,authenticated_saved_feature_psi,False
fbv1-004-lendingclub_v2-catboost-full-features-s42,lendingclub_v2,catboost,full_features,addr_state_MO,0.0,low,authenticated_saved_feature_psi,False
fbv1-004-lendingclub_v2-catboost-full-features-s42,lendingclub_v2,catboost,full_features,addr_state_MN,0.0,low,authenticated_saved_feature_psi,False
fbv1-004-lendingclub_v2-catboost-full-features-s42,lendingclub_v2,catboost,full_features,addr_state_MI,0.0,low,authenticated_saved_feature_psi,False
fbv1-004-lendingclub_v2-catboost-full-features-s42,lendingclub_v2,catboost,full_features,addr_state_ME,0.0,low,authenticated_saved_feature_psi,False
fbv1-004-lendingclub_v2-catboost-full-features-s42,lendingclub_v2,catboost,full_features,addr_state_MD,0.0,low,authenticated_saved_feature_psi,False
fbv1-004-lendingclub_v2-catboost-full-features-s42,lendingclub_v2,catboost,full_features,addr_state_infrequent_sklearn,0.0,low,authenticated_saved_feature_psi,False
fbv1-004-lendingclub_v2-catboost-full-features-s42,lendingclub_v2,catboost,full_features,addr_state_WY,0.0,low,authenticated_saved_feature_psi,False
fbv1-004-lendingclub_v2-catboost-full-features-s42,lendingclub_v2,catboost,full_features,addr_state_WV,0.0,low,authenticated_saved_feature_psi,False
fbv1-004-lendingclub_v2-catboost-full-features-s42,lendingclub_v2,catboost,full_features,addr_state_WI,0.0,low,authenticated_saved_feature_psi,False
fbv1-004-lendingclub_v2-catboost-full-features-s42,lendingclub_v2,catboost,full_features,addr_state_WA,0.0,low,authenticated_saved_feature_psi,False
fbv1-004-lendingclub_v2-catboost-full-features-s42,lendingclub_v2,catboost,full_features,addr_state_VT,0.0,low,authenticated_saved_feature_psi,False
fbv1-004-lendingclub_v2-catboost-full-features-s42,lendingclub_v2,catboost,full_features,addr_state_VA,0.0,low,authenticated_saved_feature_psi,False
fbv1-004-lendingclub_v2-catboost-full-features-s42,lendingclub_v2,catboost,full_features,addr_state_UT,0.0,low,authenticated_saved_feature_psi,False
fbv1-004-lendingclub_v2-catboost-full-features-s42,lendingclub_v2,catboost,full_features,addr_state_TX,0.0,low,authenticated_saved_feature_psi,False
fbv1-004-lendingclub_v2-catboost-full-features-s42,lendingclub_v2,catboost,full_features,addr_state_TN,0.0,low,authenticated_saved_feature_psi,False
fbv1-004-lendingclub_v2-catboost-full-features-s42,lendingclub_v2,catboost,full_features,addr_state_SD,0.0,low,authenticated_saved_feature_psi,False
fbv1-004-lendingclub_v2-catboost-full-features-s42,lendingclub_v2,catboost,full_features,addr_state_SC,0.0,low,authenticated_saved_feature_psi,False
fbv1-004-lendingclub_v2-catboost-full-features-s42,lendingclub_v2,catboost,full_features,addr_state_RI,0.0,low,authenticated_saved_feature_psi,False
fbv1-004-lendingclub_v2-catboost-full-features-s42,lendingclub_v2,catboost,full_features,addr_state_PA,0.0,low,authenticated_saved_feature_psi,False
fbv1-004-lendingclub_v2-catboost-full-features-s42,lendingclub_v2,catboost,full_features,addr_state_OR,0.0,low,authenticated_saved_feature_psi,False
fbv1-004-lendingclub_v2-catboost-full-features-s42,lendingclub_v2,catboost,full_features,addr_state_OK,0.0,low,authenticated_saved_feature_psi,False
fbv1-004-lendingclub_v2-catboost-full-features-s42,lendingclub_v2,catboost,full_features,application_type_verification_status_Individual__Not Verified,0.0,low,authenticated_saved_feature_psi,False
fbv1-004-lendingclub_v2-catboost-full-features-s42,lendingclub_v2,catboost,full_features,application_type_Joint App,0.0,low,authenticated_saved_feature_psi,False
fbv1-004-lendingclub_v2-catboost-full-features-s42,lendingclub_v2,catboost,full_features,application_type_Individual,0.0,low,authenticated_saved_feature_psi,False
fbv1-004-lendingclub_v2-catboost-full-features-s42,lendingclub_v2,catboost,full_features,annual_inc_band_very_high,0.0,low,authenticated_saved_feature_psi,False
fbv1-004-lendingclub_v2-catboost-full-features-s42,lendingclub_v2,catboost,full_features,annual_inc_band_upper_mid,0.0,low,authenticated_saved_feature_psi,False
fbv1-004-lendingclub_v2-catboost-full-features-s42,lendingclub_v2,catboost,full_features,annual_inc_band_mid,0.0,low,authenticated_saved_feature_psi,False
fbv1-004-lendingclub_v2-catboost-full-features-s42,lendingclub_v2,catboost,full_features,annual_inc_band_lower_mid,0.0,low,authenticated_saved_feature_psi,False
fbv1-004-lendingclub_v2-catboost-full-features-s42,lendingclub_v2,catboost,full_features,annual_inc_band_low,0.0,low,authenticated_saved_feature_psi,False
fbv1-004-lendingclub_v2-catboost-full-features-s42,lendingclub_v2,catboost,full_features,annual_inc_band_high,0.0,low,authenticated_saved_feature_psi,False
fbv1-004-lendingclub_v2-catboost-full-features-s42,lendingclub_v2,catboost,full_features,all_util_band_vlow,0.0,low,authenticated_saved_feature_psi,False
fbv1-004-lendingclub_v2-catboost-full-features-s42,lendingclub_v2,catboost,full_features,all_util_band_vhigh,0.0,low,authenticated_saved_feature_psi,False
fbv1-004-lendingclub_v2-catboost-full-features-s42,lendingclub_v2,catboost,full_features,all_util_band_mid,0.0,low,authenticated_saved_feature_psi,False
fbv1-004-lendingclub_v2-catboost-full-features-s42,lendingclub_v2,catboost,full_features,all_util_band_low,0.0,low,authenticated_saved_feature_psi,False
fbv1-004-lendingclub_v2-catboost-full-features-s42,lendingclub_v2,catboost,full_features,all_util_band_high,0.0,low,authenticated_saved_feature_psi,False
fbv1-004-lendingclub_v2-catboost-full-features-s42,lendingclub_v2,catboost,full_features,all_util_band_extreme,0.0,low,authenticated_saved_feature_psi,False
fbv1-004-lendingclub_v2-catboost-full-features-s42,lendingclub_v2,catboost,full_features,all_util_band_Missing,0.0,low,authenticated_saved_feature_psi,False
fbv1-004-lendingclub_v2-catboost-full-features-s42,lendingclub_v2,catboost,full_features,bc_util_band_low,0.0,low,authenticated_saved_feature_psi,False
fbv1-004-lendingclub_v2-catboost-full-features-s42,lendingclub_v2,catboost,full_features,bc_util_band_high,0.0,low,authenticated_saved_feature_psi,False
fbv1-004-lendingclub_v2-catboost-full-features-s42,lendingclub_v2,catboost,full_features,bc_util_band_extreme,0.0,low,authenticated_saved_feature_psi,False
fbv1-004-lendingclub_v2-catboost-full-features-s42,lendingclub_v2,catboost,full_features,bc_util_band_Missing,0.0,low,authenticated_saved_feature_psi,False
fbv1-004-lendingclub_v2-catboost-full-features-s42,lendingclub_v2,catboost,full_features,bc_limit_to_income_band_infrequent_sklearn,0.0,low,authenticated_saved_feature_psi,False
fbv1-004-lendingclub_v2-catboost-full-features-s42,lendingclub_v2,catboost,full_features,bc_limit_to_income_band_very_high,0.0,low,authenticated_saved_feature_psi,False
fbv1-004-lendingclub_v2-catboost-full-features-s42,lendingclub_v2,catboost,full_features,bc_limit_to_income_band_tiny,0.0,low,authenticated_saved_feature_psi,False
fbv1-004-lendingclub_v2-catboost-full-features-s42,lendingclub_v2,catboost,full_features,bc_limit_to_income_band_moderate,0.0,low,authenticated_saved_feature_psi,False
fbv1-004-lendingclub_v2-catboost-full-features-s42,lendingclub_v2,catboost,full_features,bc_limit_to_income_band_low,0.0,low,authenticated_saved_feature_psi,False
fbv1-004-lendingclub_v2-catboost-full-features-s42,lendingclub_v2,catboost,full_features,bc_limit_to_income_band_high,0.0,low,authenticated_saved_feature_psi,False
fbv1-004-lendingclub_v2-catboost-full-features-s42,lendingclub_v2,catboost,full_features,bc_limit_to_income_band_extreme,0.0,low,authenticated_saved_feature_psi,False
fbv1-004-lendingclub_v2-catboost-full-features-s42,lendingclub_v2,catboost,full_features,application_type_verification_status_Joint App__Verified,0.0,low,authenticated_saved_feature_psi,False
fbv1-004-lendingclub_v2-catboost-full-features-s42,lendingclub_v2,catboost,full_features,application_type_verification_status_Joint App__Source Verified,0.0,low,authenticated_saved_feature_psi,False
fbv1-004-lendingclub_v2-catboost-full-features-s42,lendingclub_v2,catboost,full_features,application_type_verification_status_Joint App__Not Verified,0.0,low,authenticated_saved_feature_psi,False
fbv1-004-lendingclub_v2-catboost-full-features-s42,lendingclub_v2,catboost,full_features,application_type_verification_status_Individual__Verified,0.0,low,authenticated_saved_feature_psi,False
fbv1-004-lendingclub_v2-catboost-full-features-s42,lendingclub_v2,catboost,full_features,application_type_verification_status_Individual__Source Verified,0.0,low,authenticated_saved_feature_psi,False
fbv1-004-lendingclub_v2-catboost-full-features-s42,lendingclub_v2,catboost,full_features,delinq_2yrs_band_high,0.0,low,authenticated_saved_feature_psi,False
fbv1-004-lendingclub_v2-catboost-full-features-s42,lendingclub_v2,catboost,full_features,delinq_2yrs_band_extreme,0.0,low,authenticated_saved_feature_psi,False
fbv1-004-lendingclub_v2-catboost-full-features-s42,lendingclub_v2,catboost,full_features,credit_lines_per_history_band_very_low,0.0,low,authenticated_saved_feature_psi,False
fbv1-004-lendingclub_v2-catboost-full-features-s42,lendingclub_v2,catboost,full_features,credit_lines_per_history_band_very_high,0.0,low,authenticated_saved_feature_psi,False
fbv1-004-lendingclub_v2-catboost-full-features-s42,lendingclub_v2,catboost,full_features,credit_lines_per_history_band_upper_mid,0.0,low,authenticated_saved_feature_psi,False
fbv1-004-lendingclub_v2-catboost-full-features-s42,lendingclub_v2,catboost,full_features,credit_lines_per_history_band_mid,0.0,low,authenticated_saved_feature_psi,False
fbv1-004-lendingclub_v2-catboost-full-features-s42,lendingclub_v2,catboost,full_features,credit_lines_per_history_band_low,0.0,low,authenticated_saved_feature_psi,False
fbv1-004-lendingclub_v2-catboost-full-features-s42,lendingclub_v2,catboost,full_features,credit_lines_per_history_band_high,0.0,low,authenticated_saved_feature_psi,False
fbv1-004-lendingclub_v2-catboost-full-features-s42,lendingclub_v2,catboost,full_features,credit_history_band_young,0.0,low,authenticated_saved_feature_psi,False
fbv1-004-lendingclub_v2-catboost-full-features-s42,lendingclub_v2,catboost,full_features,credit_history_band_veteran,0.0,low,authenticated_saved_feature_psi,False
fbv1-004-lendingclub_v2-catboost-full-features-s42,lendingclub_v2,catboost,full_features,credit_history_band_seasoned,0.0,low,authenticated_saved_feature_psi,False
fbv1-004-lendingclub_v2-catboost-full-features-s42,lendingclub_v2,catboost,full_features,credit_history_band_mature,0.0,low,authenticated_saved_feature_psi,False
fbv1-004-lendingclub_v2-catboost-full-features-s42,lendingclub_v2,catboost,full_features,credit_history_band_deep,0.0,low,authenticated_saved_feature_psi,False
fbv1-004-lendingclub_v2-catboost-full-features-s42,lendingclub_v2,catboost,full_features,bc_util_band_vlow,0.0,low,authenticated_saved_feature_psi,False
fbv1-004-lendingclub_v2-catboost-full-features-s42,lendingclub_v2,catboost,full_features,bc_util_band_vhigh,0.0,low,authenticated_saved_feature_psi,False
fbv1-004-lendingclub_v2-catboost-full-features-s42,lendingclub_v2,catboost,full_features,bc_util_band_mid,0.0,low,authenticated_saved_feature_psi,False
fbv1-004-lendingclub_v2-catboost-full-features-s42,lendingclub_v2,catboost,full_features,emp_length_10+ years,0.0,low,authenticated_saved_feature_psi,False
fbv1-004-lendingclub_v2-catboost-full-features-s42,lendingclub_v2,catboost,full_features,emp_length_1 year,0.0,low,authenticated_saved_feature_psi,False
fbv1-004-lendingclub_v2-catboost-full-features-s42,lendingclub_v2,catboost,full_features,dti_band_infrequent_sklearn,0.0,low,authenticated_saved_feature_psi,False
fbv1-004-lendingclub_v2-catboost-full-features-s42,lendingclub_v2,catboost,full_features,dti_band_very_low,0.0,low,authenticated_saved_feature_psi,False
fbv1-004-lendingclub_v2-catboost-full-features-s42,lendingclub_v2,catboost,full_features,dti_band_moderate,0.0,low,authenticated_saved_feature_psi,False
fbv1-004-lendingclub_v2-catboost-full-features-s42,lendingclub_v2,catboost,full_features,dti_band_low,0.0,low,authenticated_saved_feature_psi,False
fbv1-004-lendingclub_v2-catboost-full-features-s42,lendingclub_v2,catboost,full_features,dti_band_high,0.0,low,authenticated_saved_feature_psi,False
fbv1-004-lendingclub_v2-catboost-full-features-s42,lendingclub_v2,catboost,full_features,delinquency_pressure_band_very_high,0.0,low,authenticated_saved_feature_psi,False
fbv1-004-lendingclub_v2-catboost-full-features-s42,lendingclub_v2,catboost,full_features,delinquency_pressure_band_none,0.0,low,authenticated_saved_feature_psi,False
fbv1-004-lendingclub_v2-catboost-full-features-s42,lendingclub_v2,catboost,full_features,delinquency_pressure_band_moderate,0.0,low,authenticated_saved_feature_psi,False
fbv1-004-lendingclub_v2-catboost-full-features-s42,lendingclub_v2,catboost,full_features,delinquency_pressure_band_low,0.0,low,authenticated_saved_feature_psi,False
fbv1-004-lendingclub_v2-catboost-full-features-s42,lendingclub_v2,catboost,full_features,delinquency_pressure_band_high,0.0,low,authenticated_saved_feature_psi,False
fbv1-004-lendingclub_v2-catboost-full-features-s42,lendingclub_v2,catboost,full_features,delinquency_pressure_band_extreme,0.0,low,authenticated_saved_feature_psi,False
fbv1-004-lendingclub_v2-catboost-full-features-s42,lendingclub_v2,catboost,full_features,delinq_2yrs_band_none,0.0,low,authenticated_saved_feature_psi,False
fbv1-004-lendingclub_v2-catboost-full-features-s42,lendingclub_v2,catboost,full_features,delinq_2yrs_band_moderate,0.0,low,authenticated_saved_feature_psi,False
fbv1-004-lendingclub_v2-catboost-full-features-s42,lendingclub_v2,catboost,full_features,delinq_2yrs_band_low,0.0,low,authenticated_saved_feature_psi,False
fbv1-004-lendingclub_v2-catboost-full-features-s42,lendingclub_v2,catboost,full_features,emp_length_group_under_1,0.0,low,authenticated_saved_feature_psi,False
fbv1-004-lendingclub_v2-catboost-full-features-s42,lendingclub_v2,catboost,full_features,emp_length_group_Missing,0.0,low,authenticated_saved_feature_psi,False
fbv1-004-lendingclub_v2-catboost-full-features-s42,lendingclub_v2,catboost,full_features,emp_length_group_5_to_9,0.0,low,authenticated_saved_feature_psi,False
fbv1-004-lendingclub_v2-catboost-full-features-s42,lendingclub_v2,catboost,full_features,emp_length_group_3_to_4,0.0,low,authenticated_saved_feature_psi,False
fbv1-004-lendingclub_v2-catboost-full-features-s42,lendingclub_v2,catboost,full_features,emp_length_group_1_to_2,0.0,low,authenticated_saved_feature_psi,False
fbv1-004-lendingclub_v2-catboost-full-features-s42,lendingclub_v2,catboost,full_features,emp_length_group_10_plus,0.0,low,authenticated_saved_feature_psi,False
fbv1-004-lendingclub_v2-catboost-full-features-s42,lendingclub_v2,catboost,full_features,emp_length_Missing,0.0,low,authenticated_saved_feature_psi,False
fbv1-004-lendingclub_v2-catboost-full-features-s42,lendingclub_v2,catboost,full_features,emp_length_< 1 year,0.0,low,authenticated_saved_feature_psi,False
fbv1-004-lendingclub_v2-catboost-full-features-s42,lendingclub_v2,catboost,full_features,emp_length_9 years,0.0,low,authenticated_saved_feature_psi,False
fbv1-004-lendingclub_v2-catboost-full-features-s42,lendingclub_v2,catboost,full_features,emp_length_8 years,0.0,low,authenticated_saved_feature_psi,False
fbv1-004-lendingclub_v2-catboost-full-features-s42,lendingclub_v2,catboost,full_features,emp_length_7 years,0.0,low,authenticated_saved_feature_psi,False
fbv1-004-lendingclub_v2-catboost-full-features-s42,lendingclub_v2,catboost,full_features,emp_length_6 years,0.0,low,authenticated_saved_feature_psi,False
fbv1-004-lendingclub_v2-catboost-full-features-s42,lendingclub_v2,catboost,full_features,emp_length_5 years,0.0,low,authenticated_saved_feature_psi,False
fbv1-004-lendingclub_v2-catboost-full-features-s42,lendingclub_v2,catboost,full_features,emp_length_4 years,0.0,low,authenticated_saved_feature_psi,False
fbv1-004-lendingclub_v2-catboost-full-features-s42,lendingclub_v2,catboost,full_features,emp_length_3 years,0.0,low,authenticated_saved_feature_psi,False
fbv1-004-lendingclub_v2-catboost-full-features-s42,lendingclub_v2,catboost,full_features,emp_length_2 years,0.0,low,authenticated_saved_feature_psi,False
fbv1-004-lendingclub_v2-catboost-full-features-s42,lendingclub_v2,catboost,full_features,fico_band_x_term_super_prime__60 months,0.0,low,authenticated_saved_feature_psi,False
fbv1-004-lendingclub_v2-catboost-full-features-s42,lendingclub_v2,catboost,full_features,fico_band_x_term_super_prime__36 months,0.0,low,authenticated_saved_feature_psi,False
fbv1-004-lendingclub_v2-catboost-full-features-s42,lendingclub_v2,catboost,full_features,fico_band_x_term_prime_plus__60 months,0.0,low,authenticated_saved_feature_psi,False
fbv1-004-lendingclub_v2-catboost-full-features-s42,lendingclub_v2,catboost,full_features,fico_band_x_term_prime_plus__36 months,0.0,low,authenticated_saved_feature_psi,False
fbv1-004-lendingclub_v2-catboost-full-features-s42,lendingclub_v2,catboost,full_features,fico_band_x_term_prime__60 months,0.0,low,authenticated_saved_feature_psi,False
fbv1-004-lendingclub_v2-catboost-full-features-s42,lendingclub_v2,catboost,full_features,fico_band_x_term_prime__36 months,0.0,low,authenticated_saved_feature_psi,False
fbv1-004-lendingclub_v2-catboost-full-features-s42,lendingclub_v2,catboost,full_features,fico_band_x_term_near_prime__60 months,0.0,low,authenticated_saved_feature_psi,False
fbv1-004-lendingclub_v2-catboost-full-features-s42,lendingclub_v2,catboost,full_features,fico_band_x_term_near_prime__36 months,0.0,low,authenticated_saved_feature_psi,False
fbv1-004-lendingclub_v2-catboost-full-features-s42,lendingclub_v2,catboost,full_features,fico_band_x_term_elite__60 months,0.0,low,authenticated_saved_feature_psi,False
fbv1-004-lendingclub_v2-catboost-full-features-s42,lendingclub_v2,catboost,full_features,fico_band_x_term_elite__36 months,0.0,low,authenticated_saved_feature_psi,False
fbv1-004-lendingclub_v2-catboost-full-features-s42,lendingclub_v2,catboost,full_features,fico_band_top,0.0,low,authenticated_saved_feature_psi,False
fbv1-004-lendingclub_v2-catboost-full-features-s42,lendingclub_v2,catboost,full_features,fico_band_super_prime,0.0,low,authenticated_saved_feature_psi,False
fbv1-004-lendingclub_v2-catboost-full-features-s42,lendingclub_v2,catboost,full_features,fico_band_prime_plus,0.0,low,authenticated_saved_feature_psi,False
fbv1-004-lendingclub_v2-catboost-full-features-s42,lendingclub_v2,catboost,full_features,fico_band_prime,0.0,low,authenticated_saved_feature_psi,False
fbv1-004-lendingclub_v2-catboost-full-features-s42,lendingclub_v2,catboost,full_features,fico_band_near_prime,0.0,low,authenticated_saved_feature_psi,False
fbv1-004-lendingclub_v2-catboost-full-features-s42,lendingclub_v2,catboost,full_features,fico_band_elite,0.0,low,authenticated_saved_feature_psi,False
fbv1-004-lendingclub_v2-catboost-full-features-s42,lendingclub_v2,catboost,full_features,il_util_band_vhigh,0.0,low,authenticated_saved_feature_psi,False
fbv1-004-lendingclub_v2-catboost-full-features-s42,lendingclub_v2,catboost,full_features,il_util_band_mid,0.0,low,authenticated_saved_feature_psi,False
fbv1-004-lendingclub_v2-catboost-full-features-s42,lendingclub_v2,catboost,full_features,il_util_band_low,0.0,low,authenticated_saved_feature_psi,False
fbv1-004-lendingclub_v2-catboost-full-features-s42,lendingclub_v2,catboost,full_features,il_util_band_high,0.0,low,authenticated_saved_feature_psi,False
fbv1-004-lendingclub_v2-catboost-full-features-s42,lendingclub_v2,catboost,full_features,il_util_band_extreme,0.0,low,authenticated_saved_feature_psi,False
fbv1-004-lendingclub_v2-catboost-full-features-s42,lendingclub_v2,catboost,full_features,il_util_band_Missing,0.0,low,authenticated_saved_feature_psi,False
fbv1-004-lendingclub_v2-catboost-full-features-s42,lendingclub_v2,catboost,full_features,home_ownership_group_infrequent_sklearn,0.0,low,authenticated_saved_feature_psi,False
fbv1-004-lendingclub_v2-catboost-full-features-s42,lendingclub_v2,catboost,full_features,home_ownership_group_rent,0.0,low,authenticated_saved_feature_psi,False
fbv1-004-lendingclub_v2-catboost-full-features-s42,lendingclub_v2,catboost,full_features,home_ownership_group_own,0.0,low,authenticated_saved_feature_psi,False
fbv1-004-lendingclub_v2-catboost-full-features-s42,lendingclub_v2,catboost,full_features,home_ownership_group_mortgage,0.0,low,authenticated_saved_feature_psi,False
fbv1-004-lendingclub_v2-catboost-full-features-s42,lendingclub_v2,catboost,full_features,home_ownership_infrequent_sklearn,0.0,low,authenticated_saved_feature_psi,False
fbv1-004-lendingclub_v2-catboost-full-features-s42,lendingclub_v2,catboost,full_features,home_ownership_RENT,0.0,low,authenticated_saved_feature_psi,False
fbv1-004-lendingclub_v2-catboost-full-features-s42,lendingclub_v2,catboost,full_features,home_ownership_OWN,0.0,low,authenticated_saved_feature_psi,False
fbv1-004-lendingclub_v2-catboost-full-features-s42,lendingclub_v2,catboost,full_features,home_ownership_MORTGAGE,0.0,low,authenticated_saved_feature_psi,False
fbv1-004-lendingclub_v2-catboost-full-features-s42,lendingclub_v2,catboost,full_features,fico_band_x_term_top__60 months,0.0,low,authenticated_saved_feature_psi,False
fbv1-004-lendingclub_v2-catboost-full-features-s42,lendingclub_v2,catboost,full_features,fico_band_x_term_top__36 months,0.0,low,authenticated_saved_feature_psi,False
fbv1-004-lendingclub_v2-catboost-full-features-s42,lendingclub_v2,catboost,full_features,loan_amnt_band_large,0.0,low,authenticated_saved_feature_psi,False
fbv1-004-lendingclub_v2-catboost-full-features-s42,lendingclub_v2,catboost,full_features,inq_last_6mths_band_none,0.0,low,authenticated_saved_feature_psi,False
fbv1-004-lendingclub_v2-catboost-full-features-s42,lendingclub_v2,catboost,full_features,inq_last_6mths_band_moderate,0.0,low,authenticated_saved_feature_psi,False
fbv1-004-lendingclub_v2-catboost-full-features-s42,lendingclub_v2,catboost,full_features,inq_last_6mths_band_light,0.0,low,authenticated_saved_feature_psi,False
fbv1-004-lendingclub_v2-catboost-full-features-s42,lendingclub_v2,catboost,full_features,inq_last_6mths_band_high,0.0,low,authenticated_saved_feature_psi,False
fbv1-004-lendingclub_v2-catboost-full-features-s42,lendingclub_v2,catboost,full_features,inq_last_6mths_band_extreme,0.0,low,authenticated_saved_feature_psi,False
fbv1-004-lendingclub_v2-catboost-full-features-s42,lendingclub_v2,catboost,full_features,inq_last_12m_band_very_high,0.0,low,authenticated_saved_feature_psi,False
fbv1-004-lendingclub_v2-catboost-full-features-s42,lendingclub_v2,catboost,full_features,inq_last_12m_band_none,0.0,low,authenticated_saved_feature_psi,False
fbv1-004-lendingclub_v2-catboost-full-features-s42,lendingclub_v2,catboost,full_features,inq_last_12m_band_moderate,0.0,low,authenticated_saved_feature_psi,False
fbv1-004-lendingclub_v2-catboost-full-features-s42,lendingclub_v2,catboost,full_features,inq_last_12m_band_light,0.0,low,authenticated_saved_feature_psi,False
fbv1-004-lendingclub_v2-catboost-full-features-s42,lendingclub_v2,catboost,full_features,inq_last_12m_band_high,0.0,low,authenticated_saved_feature_psi,False
fbv1-004-lendingclub_v2-catboost-full-features-s42,lendingclub_v2,catboost,full_features,inq_last_12m_band_extreme,0.0,low,authenticated_saved_feature_psi,False
fbv1-004-lendingclub_v2-catboost-full-features-s42,lendingclub_v2,catboost,full_features,inq_last_12m_band_Missing,0.0,low,authenticated_saved_feature_psi,False
fbv1-004-lendingclub_v2-catboost-full-features-s42,lendingclub_v2,catboost,full_features,initial_list_status_w,0.0,low,authenticated_saved_feature_psi,False
fbv1-004-lendingclub_v2-catboost-full-features-s42,lendingclub_v2,catboost,full_features,initial_list_status_f,0.0,low,authenticated_saved_feature_psi,False
fbv1-004-lendingclub_v2-catboost-full-features-s42,lendingclub_v2,catboost,full_features,il_util_band_vlow,0.0,low,authenticated_saved_feature_psi,False
fbv1-004-lendingclub_v2-catboost-full-features-s42,lendingclub_v2,catboost,full_features,mort_acc_band_very_high,0.0,low,authenticated_saved_feature_psi,False
fbv1-004-lendingclub_v2-catboost-full-features-s42,lendingclub_v2,catboost,full_features,mort_acc_band_none,0.0,low,authenticated_saved_feature_psi,False
fbv1-004-lendingclub_v2-catboost-full-features-s42,lendingclub_v2,catboost,full_features,mort_acc_band_moderate,0.0,low,authenticated_saved_feature_psi,False
fbv1-004-lendingclub_v2-catboost-full-features-s42,lendingclub_v2,catboost,full_features,mort_acc_band_light,0.0,low,authenticated_saved_feature_psi,False
fbv1-004-lendingclub_v2-catboost-full-features-s42,lendingclub_v2,catboost,full_features,mort_acc_band_high,0.0,low,authenticated_saved_feature_psi,False
fbv1-004-lendingclub_v2-catboost-full-features-s42,lendingclub_v2,catboost,full_features,loan_to_income_band_infrequent_sklearn,0.0,low,authenticated_saved_feature_psi,False
fbv1-004-lendingclub_v2-catboost-full-features-s42,lendingclub_v2,catboost,full_features,loan_to_income_band_very_high,0.0,low,authenticated_saved_feature_psi,False
fbv1-004-lendingclub_v2-catboost-full-features-s42,lendingclub_v2,catboost,full_features,loan_to_income_band_moderate,0.0,low,authenticated_saved_feature_psi,False
fbv1-004-lendingclub_v2-catboost-full-features-s42,lendingclub_v2,catboost,full_features,loan_to_income_band_low,0.0,low,authenticated_saved_feature_psi,False
fbv1-004-lendingclub_v2-catboost-full-features-s42,lendingclub_v2,catboost,full_features,loan_to_income_band_high,0.0,low,authenticated_saved_feature_psi,False
fbv1-004-lendingclub_v2-catboost-full-features-s42,lendingclub_v2,catboost,full_features,loan_to_income_band_extreme,0.0,low,authenticated_saved_feature_psi,False
fbv1-004-lendingclub_v2-catboost-full-features-s42,lendingclub_v2,catboost,full_features,loan_amnt_band_xlarge,0.0,low,authenticated_saved_feature_psi,False
fbv1-004-lendingclub_v2-catboost-full-features-s42,lendingclub_v2,catboost,full_features,loan_amnt_band_vsmall,0.0,low,authenticated_saved_feature_psi,False
fbv1-004-lendingclub_v2-catboost-full-features-s42,lendingclub_v2,catboost,full_features,loan_amnt_band_upper_mid,0.0,low,authenticated_saved_feature_psi,False
fbv1-004-lendingclub_v2-catboost-full-features-s42,lendingclub_v2,catboost,full_features,loan_amnt_band_small,0.0,low,authenticated_saved_feature_psi,False
fbv1-004-lendingclub_v2-catboost-full-features-s42,lendingclub_v2,catboost,full_features,loan_amnt_band_mid,0.0,low,authenticated_saved_feature_psi,False
fbv1-004-lendingclub_v2-catboost-full-features-s42,lendingclub_v2,catboost,full_features,pub_rec_band_none,0.0,low,authenticated_saved_feature_psi,False
fbv1-004-lendingclub_v2-catboost-full-features-s42,lendingclub_v2,catboost,full_features,pub_rec_band_moderate,0.0,low,authenticated_saved_feature_psi,False
fbv1-004-lendingclub_v2-catboost-full-features-s42,lendingclub_v2,catboost,full_features,pub_rec_band_low,0.0,low,authenticated_saved_feature_psi,False
fbv1-004-lendingclub_v2-catboost-full-features-s42,lendingclub_v2,catboost,full_features,pub_rec_band_high,0.0,low,authenticated_saved_feature_psi,False
fbv1-004-lendingclub_v2-catboost-full-features-s42,lendingclub_v2,catboost,full_features,open_acc_band_very_low,0.0,low,authenticated_saved_feature_psi,False
fbv1-004-lendingclub_v2-catboost-full-features-s42,lendingclub_v2,catboost,full_features,open_acc_band_very_high,0.0,low,authenticated_saved_feature_psi,False
fbv1-004-lendingclub_v2-catboost-full-features-s42,lendingclub_v2,catboost,full_features,open_acc_band_upper_mid,0.0,low,authenticated_saved_feature_psi,False
fbv1-004-lendingclub_v2-catboost-full-features-s42,lendingclub_v2,catboost,full_features,open_acc_band_mid,0.0,low,authenticated_saved_feature_psi,False
fbv1-004-lendingclub_v2-catboost-full-features-s42,lendingclub_v2,catboost,full_features,open_acc_band_low,0.0,low,authenticated_saved_feature_psi,False
fbv1-004-lendingclub_v2-catboost-full-features-s42,lendingclub_v2,catboost,full_features,open_acc_band_high,0.0,low,authenticated_saved_feature_psi,False
fbv1-004-lendingclub_v2-catboost-full-features-s42,lendingclub_v2,catboost,full_features,num_tl_op_past_12m_band_very_high,0.0,low,authenticated_saved_feature_psi,False
fbv1-004-lendingclub_v2-catboost-full-features-s42,lendingclub_v2,catboost,full_features,num_tl_op_past_12m_band_none,0.0,low,authenticated_saved_feature_psi,False
fbv1-004-lendingclub_v2-catboost-full-features-s42,lendingclub_v2,catboost,full_features,num_tl_op_past_12m_band_moderate,0.0,low,authenticated_saved_feature_psi,False
fbv1-004-lendingclub_v2-catboost-full-features-s42,lendingclub_v2,catboost,full_features,num_tl_op_past_12m_band_light,0.0,low,authenticated_saved_feature_psi,False
fbv1-004-lendingclub_v2-catboost-full-features-s42,lendingclub_v2,catboost,full_features,num_tl_op_past_12m_band_high,0.0,low,authenticated_saved_feature_psi,False
fbv1-004-lendingclub_v2-catboost-full-features-s42,lendingclub_v2,catboost,full_features,num_tl_op_past_12m_band_extreme,0.0,low,authenticated_saved_feature_psi,False
fbv1-004-lendingclub_v2-catboost-full-features-s42,lendingclub_v2,catboost,full_features,purpose_group_debt_refinance,0.0,low,authenticated_saved_feature_psi,False
fbv1-004-lendingclub_v2-catboost-full-features-s42,lendingclub_v2,catboost,full_features,purpose_group_business,0.0,low,authenticated_saved_feature_psi,False
fbv1-004-lendingclub_v2-catboost-full-features-s42,lendingclub_v2,catboost,full_features,purpose_group_asset_or_home,0.0,low,authenticated_saved_feature_psi,False
fbv1-004-lendingclub_v2-catboost-full-features-s42,lendingclub_v2,catboost,full_features,purpose_infrequent_sklearn,0.0,low,authenticated_saved_feature_psi,False
fbv1-004-lendingclub_v2-catboost-full-features-s42,lendingclub_v2,catboost,full_features,purpose_vacation,0.0,low,authenticated_saved_feature_psi,False
fbv1-004-lendingclub_v2-catboost-full-features-s42,lendingclub_v2,catboost,full_features,purpose_small_business,0.0,low,authenticated_saved_feature_psi,False
fbv1-004-lendingclub_v2-catboost-full-features-s42,lendingclub_v2,catboost,full_features,purpose_renewable_energy,0.0,low,authenticated_saved_feature_psi,False
fbv1-004-lendingclub_v2-catboost-full-features-s42,lendingclub_v2,catboost,full_features,purpose_other,0.0,low,authenticated_saved_feature_psi,False
fbv1-004-lendingclub_v2-catboost-full-features-s42,lendingclub_v2,catboost,full_features,purpose_moving,0.0,low,authenticated_saved_feature_psi,False
fbv1-004-lendingclub_v2-catboost-full-features-s42,lendingclub_v2,catboost,full_features,purpose_medical,0.0,low,authenticated_saved_feature_psi,False
fbv1-004-lendingclub_v2-catboost-full-features-s42,lendingclub_v2,catboost,full_features,purpose_major_purchase,0.0,low,authenticated_saved_feature_psi,False
fbv1-004-lendingclub_v2-catboost-full-features-s42,lendingclub_v2,catboost,full_features,purpose_house,0.0,low,authenticated_saved_feature_psi,False
fbv1-004-lendingclub_v2-catboost-full-features-s42,lendingclub_v2,catboost,full_features,purpose_home_improvement,0.0,low,authenticated_saved_feature_psi,False
fbv1-004-lendingclub_v2-catboost-full-features-s42,lendingclub_v2,catboost,full_features,purpose_debt_consolidation,0.0,low,authenticated_saved_feature_psi,False
fbv1-004-lendingclub_v2-catboost-full-features-s42,lendingclub_v2,catboost,full_features,purpose_credit_card,0.0,low,authenticated_saved_feature_psi,False
fbv1-004-lendingclub_v2-catboost-full-features-s42,lendingclub_v2,catboost,full_features,purpose_car,0.0,low,authenticated_saved_feature_psi,False
fbv1-004-lendingclub_v2-catboost-full-features-s42,lendingclub_v2,catboost,full_features,purpose_group_x_dti_band_debt_refinance__moderate,0.0,low,authenticated_saved_feature_psi,False
fbv1-004-lendingclub_v2-catboost-full-features-s42,lendingclub_v2,catboost,full_features,purpose_group_x_dti_band_debt_refinance__low,0.0,low,authenticated_saved_feature_psi,False
fbv1-004-lendingclub_v2-catboost-full-features-s42,lendingclub_v2,catboost,full_features,purpose_group_x_dti_band_debt_refinance__high,0.0,low,authenticated_saved_feature_psi,False
fbv1-004-lendingclub_v2-catboost-full-features-s42,lendingclub_v2,catboost,full_features,purpose_group_x_dti_band_business__very_low,0.0,low,authenticated_saved_feature_psi,False
fbv1-004-lendingclub_v2-catboost-full-features-s42,lendingclub_v2,catboost,full_features,purpose_group_x_dti_band_business__moderate,0.0,low,authenticated_saved_feature_psi,False
fbv1-004-lendingclub_v2-catboost-full-features-s42,lendingclub_v2,catboost,full_features,purpose_group_x_dti_band_business__low,0.0,low,authenticated_saved_feature_psi,False
fbv1-004-lendingclub_v2-catboost-full-features-s42,lendingclub_v2,catboost,full_features,purpose_group_x_dti_band_business__high,0.0,low,authenticated_saved_feature_psi,False
fbv1-004-lendingclub_v2-catboost-full-features-s42,lendingclub_v2,catboost,full_features,purpose_group_x_dti_band_asset_or_home__very_low,0.0,low,authenticated_saved_feature_psi,False
fbv1-004-lendingclub_v2-catboost-full-features-s42,lendingclub_v2,catboost,full_features,purpose_group_x_dti_band_asset_or_home__moderate,0.0,low,authenticated_saved_feature_psi,False
fbv1-004-lendingclub_v2-catboost-full-features-s42,lendingclub_v2,catboost,full_features,purpose_group_x_dti_band_asset_or_home__low,0.0,low,authenticated_saved_feature_psi,False
fbv1-004-lendingclub_v2-catboost-full-features-s42,lendingclub_v2,catboost,full_features,purpose_group_x_dti_band_asset_or_home__high,0.0,low,authenticated_saved_feature_psi,False
fbv1-004-lendingclub_v2-catboost-full-features-s42,lendingclub_v2,catboost,full_features,purpose_group_infrequent_sklearn,0.0,low,authenticated_saved_feature_psi,False
fbv1-004-lendingclub_v2-catboost-full-features-s42,lendingclub_v2,catboost,full_features,purpose_group_other,0.0,low,authenticated_saved_feature_psi,False
fbv1-004-lendingclub_v2-catboost-full-features-s42,lendingclub_v2,catboost,full_features,purpose_group_life_event,0.0,low,authenticated_saved_feature_psi,False
fbv1-004-lendingclub_v2-catboost-full-features-s42,lendingclub_v2,catboost,full_features,purpose_group_large_purchase,0.0,low,authenticated_saved_feature_psi,False
fbv1-004-lendingclub_v2-catboost-full-features-s42,lendingclub_v2,catboost,full_features,purpose_group_discretionary,0.0,low,authenticated_saved_feature_psi,False
fbv1-004-lendingclub_v2-catboost-full-features-s42,lendingclub_v2,catboost,full_features,purpose_group_x_dti_band_other__moderate,0.0,low,authenticated_saved_feature_psi,False
fbv1-004-lendingclub_v2-catboost-full-features-s42,lendingclub_v2,catboost,full_features,purpose_group_x_dti_band_other__low,0.0,low,authenticated_saved_feature_psi,False
fbv1-004-lendingclub_v2-catboost-full-features-s42,lendingclub_v2,catboost,full_features,purpose_group_x_dti_band_other__high,0.0,low,authenticated_saved_feature_psi,False
fbv1-004-lendingclub_v2-catboost-full-features-s42,lendingclub_v2,catboost,full_features,purpose_group_x_dti_band_life_event__very_low,0.0,low,authenticated_saved_feature_psi,False
fbv1-004-lendingclub_v2-catboost-full-features-s42,lendingclub_v2,catboost,full_features,purpose_group_x_dti_band_life_event__moderate,0.0,low,authenticated_saved_feature_psi,False
fbv1-004-lendingclub_v2-catboost-full-features-s42,lendingclub_v2,catboost,full_features,purpose_group_x_dti_band_life_event__low,0.0,low,authenticated_saved_feature_psi,False
fbv1-004-lendingclub_v2-catboost-full-features-s42,lendingclub_v2,catboost,full_features,purpose_group_x_dti_band_life_event__high,0.0,low,authenticated_saved_feature_psi,False
fbv1-004-lendingclub_v2-catboost-full-features-s42,lendingclub_v2,catboost,full_features,purpose_group_x_dti_band_large_purchase__very_low,0.0,low,authenticated_saved_feature_psi,False
fbv1-004-lendingclub_v2-catboost-full-features-s42,lendingclub_v2,catboost,full_features,purpose_group_x_dti_band_large_purchase__moderate,0.0,low,authenticated_saved_feature_psi,False
fbv1-004-lendingclub_v2-catboost-full-features-s42,lendingclub_v2,catboost,full_features,purpose_group_x_dti_band_large_purchase__low,0.0,low,authenticated_saved_feature_psi,False
fbv1-004-lendingclub_v2-catboost-full-features-s42,lendingclub_v2,catboost,full_features,purpose_group_x_dti_band_large_purchase__high,0.0,low,authenticated_saved_feature_psi,False
fbv1-004-lendingclub_v2-catboost-full-features-s42,lendingclub_v2,catboost,full_features,purpose_group_x_dti_band_discretionary__very_low,0.0,low,authenticated_saved_feature_psi,False
fbv1-004-lendingclub_v2-catboost-full-features-s42,lendingclub_v2,catboost,full_features,purpose_group_x_dti_band_discretionary__moderate,0.0,low,authenticated_saved_feature_psi,False
fbv1-004-lendingclub_v2-catboost-full-features-s42,lendingclub_v2,catboost,full_features,purpose_group_x_dti_band_discretionary__low,0.0,low,authenticated_saved_feature_psi,False
fbv1-004-lendingclub_v2-catboost-full-features-s42,lendingclub_v2,catboost,full_features,purpose_group_x_dti_band_discretionary__high,0.0,low,authenticated_saved_feature_psi,False
fbv1-004-lendingclub_v2-catboost-full-features-s42,lendingclub_v2,catboost,full_features,purpose_group_x_dti_band_debt_refinance__very_low,0.0,low,authenticated_saved_feature_psi,False
fbv1-004-lendingclub_v2-catboost-full-features-s42,lendingclub_v2,catboost,full_features,purpose_verification_status_house__Source Verified,0.0,low,authenticated_saved_feature_psi,False
fbv1-004-lendingclub_v2-catboost-full-features-s42,lendingclub_v2,catboost,full_features,purpose_verification_status_house__Not Verified,0.0,low,authenticated_saved_feature_psi,False
fbv1-004-lendingclub_v2-catboost-full-features-s42,lendingclub_v2,catboost,full_features,purpose_verification_status_home_improvement__Verified,0.0,low,authenticated_saved_feature_psi,False
fbv1-004-lendingclub_v2-catboost-full-features-s42,lendingclub_v2,catboost,full_features,purpose_verification_status_home_improvement__Source Verified,0.0,low,authenticated_saved_feature_psi,False
fbv1-004-lendingclub_v2-catboost-full-features-s42,lendingclub_v2,catboost,full_features,purpose_verification_status_home_improvement__Not Verified,0.0,low,authenticated_saved_feature_psi,False
fbv1-004-lendingclub_v2-catboost-full-features-s42,lendingclub_v2,catboost,full_features,purpose_verification_status_debt_consolidation__Verified,0.0,low,authenticated_saved_feature_psi,False
fbv1-004-lendingclub_v2-catboost-full-features-s42,lendingclub_v2,catboost,full_features,purpose_verification_status_debt_consolidation__Source Verified,0.0,low,authenticated_saved_feature_psi,False
fbv1-004-lendingclub_v2-catboost-full-features-s42,lendingclub_v2,catboost,full_features,purpose_verification_status_debt_consolidation__Not Verified,0.0,low,authenticated_saved_feature_psi,False
fbv1-004-lendingclub_v2-catboost-full-features-s42,lendingclub_v2,catboost,full_features,purpose_verification_status_credit_card__Verified,0.0,low,authenticated_saved_feature_psi,False
fbv1-004-lendingclub_v2-catboost-full-features-s42,lendingclub_v2,catboost,full_features,purpose_verification_status_credit_card__Source Verified,0.0,low,authenticated_saved_feature_psi,False
fbv1-004-lendingclub_v2-catboost-full-features-s42,lendingclub_v2,catboost,full_features,purpose_verification_status_credit_card__Not Verified,0.0,low,authenticated_saved_feature_psi,False
fbv1-004-lendingclub_v2-catboost-full-features-s42,lendingclub_v2,catboost,full_features,purpose_verification_status_car__Verified,0.0,low,authenticated_saved_feature_psi,False
fbv1-004-lendingclub_v2-catboost-full-features-s42,lendingclub_v2,catboost,full_features,purpose_verification_status_car__Source Verified,0.0,low,authenticated_saved_feature_psi,False
fbv1-004-lendingclub_v2-catboost-full-features-s42,lendingclub_v2,catboost,full_features,purpose_verification_status_car__Not Verified,0.0,low,authenticated_saved_feature_psi,False
fbv1-004-lendingclub_v2-catboost-full-features-s42,lendingclub_v2,catboost,full_features,purpose_group_x_dti_band_infrequent_sklearn,0.0,low,authenticated_saved_feature_psi,False
fbv1-004-lendingclub_v2-catboost-full-features-s42,lendingclub_v2,catboost,full_features,purpose_group_x_dti_band_other__very_low,0.0,low,authenticated_saved_feature_psi,False
fbv1-004-lendingclub_v2-catboost-full-features-s42,lendingclub_v2,catboost,full_features,purpose_verification_status_renewable_energy__Verified,0.0,low,authenticated_saved_feature_psi,False
fbv1-004-lendingclub_v2-catboost-full-features-s42,lendingclub_v2,catboost,full_features,purpose_verification_status_renewable_energy__Source Verified,0.0,low,authenticated_saved_feature_psi,False
fbv1-004-lendingclub_v2-catboost-full-features-s42,lendingclub_v2,catboost,full_features,purpose_verification_status_renewable_energy__Not Verified,0.0,low,authenticated_saved_feature_psi,False
fbv1-004-lendingclub_v2-catboost-full-features-s42,lendingclub_v2,catboost,full_features,purpose_verification_status_other__Verified,0.0,low,authenticated_saved_feature_psi,False
fbv1-004-lendingclub_v2-catboost-full-features-s42,lendingclub_v2,catboost,full_features,purpose_verification_status_other__Source Verified,0.0,low,authenticated_saved_feature_psi,False
fbv1-004-lendingclub_v2-catboost-full-features-s42,lendingclub_v2,catboost,full_features,purpose_verification_status_other__Not Verified,0.0,low,authenticated_saved_feature_psi,False
fbv1-004-lendingclub_v2-catboost-full-features-s42,lendingclub_v2,catboost,full_features,purpose_verification_status_moving__Verified,0.0,low,authenticated_saved_feature_psi,False
fbv1-004-lendingclub_v2-catboost-full-features-s42,lendingclub_v2,catboost,full_features,purpose_verification_status_moving__Source Verified,0.0,low,authenticated_saved_feature_psi,False
fbv1-004-lendingclub_v2-catboost-full-features-s42,lendingclub_v2,catboost,full_features,purpose_verification_status_moving__Not Verified,0.0,low,authenticated_saved_feature_psi,False
fbv1-004-lendingclub_v2-catboost-full-features-s42,lendingclub_v2,catboost,full_features,purpose_verification_status_medical__Verified,0.0,low,authenticated_saved_feature_psi,False
fbv1-004-lendingclub_v2-catboost-full-features-s42,lendingclub_v2,catboost,full_features,purpose_verification_status_medical__Source Verified,0.0,low,authenticated_saved_feature_psi,False
fbv1-004-lendingclub_v2-catboost-full-features-s42,lendingclub_v2,catboost,full_features,purpose_verification_status_medical__Not Verified,0.0,low,authenticated_saved_feature_psi,False
fbv1-004-lendingclub_v2-catboost-full-features-s42,lendingclub_v2,catboost,full_features,purpose_verification_status_major_purchase__Verified,0.0,low,authenticated_saved_feature_psi,False
fbv1-004-lendingclub_v2-catboost-full-features-s42,lendingclub_v2,catboost,full_features,purpose_verification_status_major_purchase__Source Verified,0.0,low,authenticated_saved_feature_psi,False
fbv1-004-lendingclub_v2-catboost-full-features-s42,lendingclub_v2,catboost,full_features,purpose_verification_status_major_purchase__Not Verified,0.0,low,authenticated_saved_feature_psi,False
fbv1-004-lendingclub_v2-catboost-full-features-s42,lendingclub_v2,catboost,full_features,purpose_verification_status_house__Verified,0.0,low,authenticated_saved_feature_psi,False
fbv1-004-lendingclub_v2-catboost-full-features-s42,lendingclub_v2,catboost,full_features,recent_trade_density_band_extreme,0.0,low,authenticated_saved_feature_psi,False
fbv1-004-lendingclub_v2-catboost-full-features-s42,lendingclub_v2,catboost,full_features,recent_trade_density_band_Missing,0.0,low,authenticated_saved_feature_psi,False
fbv1-004-lendingclub_v2-catboost-full-features-s42,lendingclub_v2,catboost,full_features,recent_inquiry_density_band_very_high,0.0,low,authenticated_saved_feature_psi,False
fbv1-004-lendingclub_v2-catboost-full-features-s42,lendingclub_v2,catboost,full_features,recent_inquiry_density_band_tiny,0.0,low,authenticated_saved_feature_psi,False
fbv1-004-lendingclub_v2-catboost-full-features-s42,lendingclub_v2,catboost,full_features,recent_inquiry_density_band_moderate,0.0,low,authenticated_saved_feature_psi,False
fbv1-004-lendingclub_v2-catboost-full-features-s42,lendingclub_v2,catboost,full_features,recent_inquiry_density_band_low,0.0,low,authenticated_saved_feature_psi,False
fbv1-004-lendingclub_v2-catboost-full-features-s42,lendingclub_v2,catboost,full_features,recent_inquiry_density_band_high,0.0,low,authenticated_saved_feature_psi,False
fbv1-004-lendingclub_v2-catboost-full-features-s42,lendingclub_v2,catboost,full_features,recent_inquiry_density_band_extreme,0.0,low,authenticated_saved_feature_psi,False
fbv1-004-lendingclub_v2-catboost-full-features-s42,lendingclub_v2,catboost,full_features,recent_inquiry_density_band_Missing,0.0,low,authenticated_saved_feature_psi,False
fbv1-004-lendingclub_v2-catboost-full-features-s42,lendingclub_v2,catboost,full_features,purpose_verification_status_infrequent_sklearn,0.0,low,authenticated_saved_feature_psi,False
fbv1-004-lendingclub_v2-catboost-full-features-s42,lendingclub_v2,catboost,full_features,purpose_verification_status_vacation__Verified,0.0,low,authenticated_saved_feature_psi,False
fbv1-004-lendingclub_v2-catboost-full-features-s42,lendingclub_v2,catboost,full_features,purpose_verification_status_vacation__Source Verified,0.0,low,authenticated_saved_feature_psi,False
fbv1-004-lendingclub_v2-catboost-full-features-s42,lendingclub_v2,catboost,full_features,purpose_verification_status_vacation__Not Verified,0.0,low,authenticated_saved_feature_psi,False
fbv1-004-lendingclub_v2-catboost-full-features-s42,lendingclub_v2,catboost,full_features,purpose_verification_status_small_business__Verified,0.0,low,authenticated_saved_feature_psi,False
fbv1-004-lendingclub_v2-catboost-full-features-s42,lendingclub_v2,catboost,full_features,purpose_verification_status_small_business__Source Verified,0.0,low,authenticated_saved_feature_psi,False
fbv1-004-lendingclub_v2-catboost-full-features-s42,lendingclub_v2,catboost,full_features,purpose_verification_status_small_business__Not Verified,0.0,low,authenticated_saved_feature_psi,False
fbv1-004-lendingclub_v2-catboost-full-features-s42,lendingclub_v2,catboost,full_features,revol_util_band_low,0.0,low,authenticated_saved_feature_psi,False
fbv1-004-lendingclub_v2-catboost-full-features-s42,lendingclub_v2,catboost,full_features,revol_util_band_high,0.0,low,authenticated_saved_feature_psi,False
fbv1-004-lendingclub_v2-catboost-full-features-s42,lendingclub_v2,catboost,full_features,revol_util_band_extreme,0.0,low,authenticated_saved_feature_psi,False
fbv1-004-lendingclub_v2-catboost-full-features-s42,lendingclub_v2,catboost,full_features,revol_util_band_Missing,0.0,low,authenticated_saved_feature_psi,False
fbv1-004-lendingclub_v2-catboost-full-features-s42,lendingclub_v2,catboost,full_features,revol_bal_to_income_band_infrequent_sklearn,0.0,low,authenticated_saved_feature_psi,False
fbv1-004-lendingclub_v2-catboost-full-features-s42,lendingclub_v2,catboost,full_features,revol_bal_to_income_band_very_high,0.0,low,authenticated_saved_feature_psi,False
fbv1-004-lendingclub_v2-catboost-full-features-s42,lendingclub_v2,catboost,full_features,revol_bal_to_income_band_tiny,0.0,low,authenticated_saved_feature_psi,False
fbv1-004-lendingclub_v2-catboost-full-features-s42,lendingclub_v2,catboost,full_features,revol_bal_to_income_band_moderate,0.0,low,authenticated_saved_feature_psi,False
fbv1-004-lendingclub_v2-catboost-full-features-s42,lendingclub_v2,catboost,full_features,revol_bal_to_income_band_low,0.0,low,authenticated_saved_feature_psi,False
fbv1-004-lendingclub_v2-catboost-full-features-s42,lendingclub_v2,catboost,full_features,revol_bal_to_income_band_high,0.0,low,authenticated_saved_feature_psi,False
fbv1-004-lendingclub_v2-catboost-full-features-s42,lendingclub_v2,catboost,full_features,revol_bal_to_income_band_extreme,0.0,low,authenticated_saved_feature_psi,False
fbv1-004-lendingclub_v2-catboost-full-features-s42,lendingclub_v2,catboost,full_features,recent_trade_density_band_very_high,0.0,low,authenticated_saved_feature_psi,False
fbv1-004-lendingclub_v2-catboost-full-features-s42,lendingclub_v2,catboost,full_features,recent_trade_density_band_tiny,0.0,low,authenticated_saved_feature_psi,False
fbv1-004-lendingclub_v2-catboost-full-features-s42,lendingclub_v2,catboost,full_features,recent_trade_density_band_moderate,0.0,low,authenticated_saved_feature_psi,False
fbv1-004-lendingclub_v2-catboost-full-features-s42,lendingclub_v2,catboost,full_features,recent_trade_density_band_low,0.0,low,authenticated_saved_feature_psi,False
fbv1-004-lendingclub_v2-catboost-full-features-s42,lendingclub_v2,catboost,full_features,recent_trade_density_band_high,0.0,low,authenticated_saved_feature_psi,False
fbv1-004-lendingclub_v2-catboost-full-features-s42,lendingclub_v2,catboost,full_features,term_home_ownership_infrequent_sklearn,0.0,low,authenticated_saved_feature_psi,False
fbv1-004-lendingclub_v2-catboost-full-features-s42,lendingclub_v2,catboost,full_features,term_home_ownership_60 months__RENT,0.0,low,authenticated_saved_feature_psi,False
fbv1-004-lendingclub_v2-catboost-full-features-s42,lendingclub_v2,catboost,full_features,term_home_ownership_60 months__OWN,0.0,low,authenticated_saved_feature_psi,False
fbv1-004-lendingclub_v2-catboost-full-features-s42,lendingclub_v2,catboost,full_features,term_home_ownership_60 months__MORTGAGE,0.0,low,authenticated_saved_feature_psi,False
fbv1-004-lendingclub_v2-catboost-full-features-s42,lendingclub_v2,catboost,full_features,term_home_ownership_36 months__RENT,0.0,low,authenticated_saved_feature_psi,False
fbv1-004-lendingclub_v2-catboost-full-features-s42,lendingclub_v2,catboost,full_features,term_home_ownership_36 months__OWN,0.0,low,authenticated_saved_feature_psi,False
fbv1-004-lendingclub_v2-catboost-full-features-s42,lendingclub_v2,catboost,full_features,term_home_ownership_36 months__MORTGAGE,0.0,low,authenticated_saved_feature_psi,False
fbv1-004-lendingclub_v2-catboost-full-features-s42,lendingclub_v2,catboost,full_features,term_60 months,0.0,low,authenticated_saved_feature_psi,False
fbv1-004-lendingclub_v2-catboost-full-features-s42,lendingclub_v2,catboost,full_features,term_36 months,0.0,low,authenticated_saved_feature_psi,False
fbv1-004-lendingclub_v2-catboost-full-features-s42,lendingclub_v2,catboost,full_features,state_region_group_west,0.0,low,authenticated_saved_feature_psi,False
fbv1-004-lendingclub_v2-catboost-full-features-s42,lendingclub_v2,catboost,full_features,state_region_group_south,0.0,low,authenticated_saved_feature_psi,False
fbv1-004-lendingclub_v2-catboost-full-features-s42,lendingclub_v2,catboost,full_features,state_region_group_northeast,0.0,low,authenticated_saved_feature_psi,False
fbv1-004-lendingclub_v2-catboost-full-features-s42,lendingclub_v2,catboost,full_features,state_region_group_midwest,0.0,low,authenticated_saved_feature_psi,False
fbv1-004-lendingclub_v2-catboost-full-features-s42,lendingclub_v2,catboost,full_features,revol_util_band_vlow,0.0,low,authenticated_saved_feature_psi,False
fbv1-004-lendingclub_v2-catboost-full-features-s42,lendingclub_v2,catboost,full_features,revol_util_band_vhigh,0.0,low,authenticated_saved_feature_psi,False
fbv1-004-lendingclub_v2-catboost-full-features-s42,lendingclub_v2,catboost,full_features,revol_util_band_mid,0.0,low,authenticated_saved_feature_psi,False
fbv1-004-lendingclub_v2-catboost-full-features-s42,lendingclub_v2,catboost,full_features,acc_now_delinq_is_zero,0.0,low,authenticated_saved_feature_psi,False
fbv1-004-lendingclub_v2-catboost-full-features-s42,lendingclub_v2,catboost,full_features,verification_group_source_verified,0.0,low,authenticated_saved_feature_psi,False
fbv1-004-lendingclub_v2-catboost-full-features-s42,lendingclub_v2,catboost,full_features,verification_group_not_verified,0.0,low,authenticated_saved_feature_psi,False
fbv1-004-lendingclub_v2-catboost-full-features-s42,lendingclub_v2,catboost,full_features,utilization_pressure_band_vlow,0.0,low,authenticated_saved_feature_psi,False
fbv1-004-lendingclub_v2-catboost-full-features-s42,lendingclub_v2,catboost,full_features,utilization_pressure_band_vhigh,0.0,low,authenticated_saved_feature_psi,False
fbv1-004-lendingclub_v2-catboost-full-features-s42,lendingclub_v2,catboost,full_features,utilization_pressure_band_mid,0.0,low,authenticated_saved_feature_psi,False
fbv1-004-lendingclub_v2-catboost-full-features-s42,lendingclub_v2,catboost,full_features,utilization_pressure_band_low,0.0,low,authenticated_saved_feature_psi,False
fbv1-004-lendingclub_v2-catboost-full-features-s42,lendingclub_v2,catboost,full_features,all_util_ge_100_flag,0.0,low,authenticated_saved_feature_psi,False
fbv1-004-lendingclub_v2-catboost-full-features-s42,lendingclub_v2,catboost,full_features,verification_status_Verified,0.0,low,authenticated_saved_feature_psi,False
fbv1-004-lendingclub_v2-catboost-full-features-s42,lendingclub_v2,catboost,full_features,acc_open_past_24mths_positive_flag,0.0,low,authenticated_saved_feature_psi,False
fbv1-004-lendingclub_v2-catboost-full-features-s42,lendingclub_v2,catboost,full_features,acc_open_past_24mths_is_zero,0.0,low,authenticated_saved_feature_psi,False
fbv1-004-lendingclub_v2-catboost-full-features-s42,lendingclub_v2,catboost,full_features,acc_now_delinq_positive_flag,0.0,low,authenticated_saved_feature_psi,False
fbv1-004-lendingclub_v2-catboost-full-features-s42,lendingclub_v2,catboost,full_features,acc_now_delinq_per_total_acc,0.0,low,authenticated_saved_feature_psi,False
fbv1-004-lendingclub_v2-catboost-full-features-s42,lendingclub_v2,catboost,full_features,acc_now_delinq_per_open_acc,0.0,low,authenticated_saved_feature_psi,False
fbv1-004-lendingclub_v2-catboost-full-features-s42,lendingclub_v2,catboost,full_features,acc_now_delinq_per_credit_history_year,0.0,low,authenticated_saved_feature_psi,False
fbv1-004-lendingclub_v2-catboost-full-features-s42,lendingclub_v2,catboost,full_features,term_verification_status_36 months__Not Verified,0.0,low,authenticated_saved_feature_psi,False
fbv1-004-lendingclub_v2-catboost-full-features-s42,lendingclub_v2,catboost,full_features,acc_now_delinq,0.0,low,authenticated_saved_feature_psi,False
fbv1-004-lendingclub_v2-catboost-full-features-s42,lendingclub_v2,catboost,full_features,total_bal_to_income_band_low,0.0,low,authenticated_saved_feature_psi,False
fbv1-004-lendingclub_v2-catboost-full-features-s42,lendingclub_v2,catboost,full_features,total_bal_to_income_band_high,0.0,low,authenticated_saved_feature_psi,False
fbv1-004-lendingclub_v2-catboost-full-features-s42,lendingclub_v2,catboost,full_features,total_bal_to_income_band_extreme,0.0,low,authenticated_saved_feature_psi,False
fbv1-004-lendingclub_v2-catboost-full-features-s42,lendingclub_v2,catboost,full_features,total_acc_band_very_low,0.0,low,authenticated_saved_feature_psi,False
fbv1-004-lendingclub_v2-catboost-full-features-s42,lendingclub_v2,catboost,full_features,total_acc_band_very_high,0.0,low,authenticated_saved_feature_psi,False
fbv1-004-lendingclub_v2-catboost-full-features-s42,lendingclub_v2,catboost,full_features,total_acc_band_upper_mid,0.0,low,authenticated_saved_feature_psi,False
fbv1-004-lendingclub_v2-catboost-full-features-s42,lendingclub_v2,catboost,full_features,total_acc_band_mid,0.0,low,authenticated_saved_feature_psi,False
fbv1-004-lendingclub_v2-catboost-full-features-s42,lendingclub_v2,catboost,full_features,total_acc_band_low,0.0,low,authenticated_saved_feature_psi,False
fbv1-004-lendingclub_v2-catboost-full-features-s42,lendingclub_v2,catboost,full_features,total_acc_band_high,0.0,low,authenticated_saved_feature_psi,False
fbv1-004-lendingclub_v2-catboost-full-features-s42,lendingclub_v2,catboost,full_features,term_verification_status_60 months__Verified,0.0,low,authenticated_saved_feature_psi,False
fbv1-004-lendingclub_v2-catboost-full-features-s42,lendingclub_v2,catboost,full_features,term_verification_status_60 months__Source Verified,0.0,low,authenticated_saved_feature_psi,False
fbv1-004-lendingclub_v2-catboost-full-features-s42,lendingclub_v2,catboost,full_features,term_verification_status_60 months__Not Verified,0.0,low,authenticated_saved_feature_psi,False
fbv1-004-lendingclub_v2-catboost-full-features-s42,lendingclub_v2,catboost,full_features,term_verification_status_36 months__Verified,0.0,low,authenticated_saved_feature_psi,False
fbv1-004-lendingclub_v2-catboost-full-features-s42,lendingclub_v2,catboost,full_features,term_verification_status_36 months__Source Verified,0.0,low,authenticated_saved_feature_psi,False
fbv1-004-lendingclub_v2-catboost-full-features-s42,lendingclub_v2,catboost,full_features,total_bal_to_income_band_tiny,0.0,low,authenticated_saved_feature_psi,False
fbv1-004-lendingclub_v2-catboost-full-features-s42,lendingclub_v2,catboost,full_features,acc_now_delinq_missing_flag,,unknown,authenticated_saved_feature_psi,False
fbv1-004-lendingclub_v2-catboost-full-features-s42,lendingclub_v2,catboost,full_features,acc_open_past_24mths_missing_flag,,unknown,authenticated_saved_feature_psi,False
fbv1-004-lendingclub_v2-catboost-full-features-s42,lendingclub_v2,catboost,full_features,annual_inc_missing_flag,,unknown,authenticated_saved_feature_psi,False
fbv1-004-lendingclub_v2-catboost-full-features-s42,lendingclub_v2,catboost,full_features,chargeoff_within_12_mths_missing_flag,,unknown,authenticated_saved_feature_psi,False
fbv1-004-lendingclub_v2-catboost-full-features-s42,lendingclub_v2,catboost,full_features,collections_12_mths_ex_med_missing_flag,,unknown,authenticated_saved_feature_psi,False
fbv1-004-lendingclub_v2-catboost-full-features-s42,lendingclub_v2,catboost,full_features,credit_history_months_missing_flag,,unknown,authenticated_saved_feature_psi,False
fbv1-004-lendingclub_v2-catboost-full-features-s42,lendingclub_v2,catboost,full_features,credit_history_short_flag,,unknown,authenticated_saved_feature_psi,False
fbv1-004-lendingclub_v2-catboost-full-features-s42,lendingclub_v2,catboost,full_features,delinq_2yrs_missing_flag,,unknown,authenticated_saved_feature_psi,False
fbv1-004-lendingclub_v2-catboost-full-features-s42,lendingclub_v2,catboost,full_features,delinq_amnt_missing_flag,,unknown,authenticated_saved_feature_psi,False
fbv1-004-lendingclub_v2-catboost-full-features-s42,lendingclub_v2,catboost,full_features,earliest_cr_line_missing_flag,,unknown,authenticated_saved_feature_psi,False
fbv1-004-lendingclub_v2-catboost-full-features-s42,lendingclub_v2,catboost,full_features,inq_last_6mths_missing_flag,,unknown,authenticated_saved_feature_psi,False
fbv1-004-lendingclub_v2-catboost-full-features-s42,lendingclub_v2,catboost,full_features,low_fico_flag,,unknown,authenticated_saved_feature_psi,False
fbv1-004-lendingclub_v2-catboost-full-features-s42,lendingclub_v2,catboost,full_features,mo_sin_old_rev_tl_op_missing_flag,,unknown,authenticated_saved_feature_psi,False
fbv1-004-lendingclub_v2-catboost-full-features-s42,lendingclub_v2,catboost,full_features,mo_sin_rcnt_rev_tl_op_missing_flag,,unknown,authenticated_saved_feature_psi,False
fbv1-004-lendingclub_v2-catboost-full-features-s42,lendingclub_v2,catboost,full_features,mo_sin_rcnt_tl_missing_flag,,unknown,authenticated_saved_feature_psi,False
fbv1-004-lendingclub_v2-catboost-full-features-s42,lendingclub_v2,catboost,full_features,mort_acc_missing_flag,,unknown,authenticated_saved_feature_psi,False
fbv1-004-lendingclub_v2-catboost-full-features-s42,lendingclub_v2,catboost,full_features,num_accts_ever_120_pd_missing_flag,,unknown,authenticated_saved_feature_psi,False
fbv1-004-lendingclub_v2-catboost-full-features-s42,lendingclub_v2,catboost,full_features,num_actv_bc_tl_missing_flag,,unknown,authenticated_saved_feature_psi,False
fbv1-004-lendingclub_v2-catboost-full-features-s42,lendingclub_v2,catboost,full_features,num_actv_rev_tl_missing_flag,,unknown,authenticated_saved_feature_psi,False
fbv1-004-lendingclub_v2-catboost-full-features-s42,lendingclub_v2,catboost,full_features,num_bc_sats_missing_flag,,unknown,authenticated_saved_feature_psi,False
fbv1-004-lendingclub_v2-catboost-full-features-s42,lendingclub_v2,catboost,full_features,num_bc_tl_missing_flag,,unknown,authenticated_saved_feature_psi,False
fbv1-004-lendingclub_v2-catboost-full-features-s42,lendingclub_v2,catboost,full_features,num_il_tl_missing_flag,,unknown,authenticated_saved_feature_psi,False
fbv1-004-lendingclub_v2-catboost-full-features-s42,lendingclub_v2,catboost,full_features,num_op_rev_tl_missing_flag,,unknown,authenticated_saved_feature_psi,False
fbv1-004-lendingclub_v2-catboost-full-features-s42,lendingclub_v2,catboost,full_features,num_rev_accts_is_zero,,unknown,authenticated_saved_feature_psi,False
fbv1-004-lendingclub_v2-catboost-full-features-s42,lendingclub_v2,catboost,full_features,num_rev_tl_bal_gt_0_missing_flag,,unknown,authenticated_saved_feature_psi,False
fbv1-004-lendingclub_v2-catboost-full-features-s42,lendingclub_v2,catboost,full_features,num_sats_missing_flag,,unknown,authenticated_saved_feature_psi,False
fbv1-004-lendingclub_v2-catboost-full-features-s42,lendingclub_v2,catboost,full_features,num_tl_30dpd_missing_flag,,unknown,authenticated_saved_feature_psi,False
fbv1-004-lendingclub_v2-catboost-full-features-s42,lendingclub_v2,catboost,full_features,num_tl_90g_dpd_24m_missing_flag,,unknown,authenticated_saved_feature_psi,False
fbv1-004-lendingclub_v2-catboost-full-features-s42,lendingclub_v2,catboost,full_features,num_tl_op_past_12m_missing_flag,,unknown,authenticated_saved_feature_psi,False
fbv1-004-lendingclub_v2-catboost-full-features-s42,lendingclub_v2,catboost,full_features,open_acc_missing_flag,,unknown,authenticated_saved_feature_psi,False
fbv1-004-lendingclub_v2-catboost-full-features-s42,lendingclub_v2,catboost,full_features,pct_tl_nvr_dlq_missing_flag,,unknown,authenticated_saved_feature_psi,False
fbv1-004-lendingclub_v2-catboost-full-features-s42,lendingclub_v2,catboost,full_features,pub_rec_bankruptcies_missing_flag,,unknown,authenticated_saved_feature_psi,False
fbv1-004-lendingclub_v2-catboost-full-features-s42,lendingclub_v2,catboost,full_features,pub_rec_missing_flag,,unknown,authenticated_saved_feature_psi,False
fbv1-004-lendingclub_v2-catboost-full-features-s42,lendingclub_v2,catboost,full_features,revol_bal_joint,,unknown,authenticated_saved_feature_psi,False
fbv1-004-lendingclub_v2-catboost-full-features-s42,lendingclub_v2,catboost,full_features,revol_bal_joint_is_zero,,unknown,authenticated_saved_feature_psi,False
fbv1-004-lendingclub_v2-catboost-full-features-s42,lendingclub_v2,catboost,full_features,revol_bal_joint_missing_flag,,unknown,authenticated_saved_feature_psi,False
fbv1-004-lendingclub_v2-catboost-full-features-s42,lendingclub_v2,catboost,full_features,sec_app_chargeoff_within_12_mths,,unknown,authenticated_saved_feature_psi,False
fbv1-004-lendingclub_v2-catboost-full-features-s42,lendingclub_v2,catboost,full_features,sec_app_chargeoff_within_12_mths_is_zero,,unknown,authenticated_saved_feature_psi,False
fbv1-004-lendingclub_v2-catboost-full-features-s42,lendingclub_v2,catboost,full_features,sec_app_chargeoff_within_12_mths_missing_flag,,unknown,authenticated_saved_feature_psi,False
fbv1-004-lendingclub_v2-catboost-full-features-s42,lendingclub_v2,catboost,full_features,sec_app_chargeoff_within_12_mths_positive_flag,,unknown,authenticated_saved_feature_psi,False
fbv1-004-lendingclub_v2-catboost-full-features-s42,lendingclub_v2,catboost,full_features,sec_app_collections_12_mths_ex_med,,unknown,authenticated_saved_feature_psi,False
fbv1-004-lendingclub_v2-catboost-full-features-s42,lendingclub_v2,catboost,full_features,sec_app_collections_12_mths_ex_med_is_zero,,unknown,authenticated_saved_feature_psi,False
fbv1-004-lendingclub_v2-catboost-full-features-s42,lendingclub_v2,catboost,full_features,sec_app_collections_12_mths_ex_med_missing_flag,,unknown,authenticated_saved_feature_psi,False
fbv1-004-lendingclub_v2-catboost-full-features-s42,lendingclub_v2,catboost,full_features,sec_app_collections_12_mths_ex_med_positive_flag,,unknown,authenticated_saved_feature_psi,False
fbv1-004-lendingclub_v2-catboost-full-features-s42,lendingclub_v2,catboost,full_features,sec_app_credit_history_months,,unknown,authenticated_saved_feature_psi,False
fbv1-004-lendingclub_v2-catboost-full-features-s42,lendingclub_v2,catboost,full_features,sec_app_credit_history_months_missing_flag,,unknown,authenticated_saved_feature_psi,False
fbv1-004-lendingclub_v2-catboost-full-features-s42,lendingclub_v2,catboost,full_features,sec_app_credit_history_years,,unknown,authenticated_saved_feature_psi,False
fbv1-004-lendingclub_v2-catboost-full-features-s42,lendingclub_v2,catboost,full_features,sec_app_earliest_cr_line_missing_flag,,unknown,authenticated_saved_feature_psi,False
fbv1-004-lendingclub_v2-catboost-full-features-s42,lendingclub_v2,catboost,full_features,sec_app_fico_mean,,unknown,authenticated_saved_feature_psi,False
fbv1-004-lendingclub_v2-catboost-full-features-s42,lendingclub_v2,catboost,full_features,sec_app_fico_mean_missing_flag,,unknown,authenticated_saved_feature_psi,False
fbv1-004-lendingclub_v2-catboost-full-features-s42,lendingclub_v2,catboost,full_features,sec_app_fico_range_high,,unknown,authenticated_saved_feature_psi,False
fbv1-004-lendingclub_v2-catboost-full-features-s42,lendingclub_v2,catboost,full_features,sec_app_fico_range_high_missing_flag,,unknown,authenticated_saved_feature_psi,False
fbv1-004-lendingclub_v2-catboost-full-features-s42,lendingclub_v2,catboost,full_features,sec_app_fico_range_low,,unknown,authenticated_saved_feature_psi,False
fbv1-004-lendingclub_v2-catboost-full-features-s42,lendingclub_v2,catboost,full_features,sec_app_fico_range_low_missing_flag,,unknown,authenticated_saved_feature_psi,False
fbv1-004-lendingclub_v2-catboost-full-features-s42,lendingclub_v2,catboost,full_features,sec_app_inq_last_6mths,,unknown,authenticated_saved_feature_psi,False
fbv1-004-lendingclub_v2-catboost-full-features-s42,lendingclub_v2,catboost,full_features,sec_app_inq_last_6mths_is_zero,,unknown,authenticated_saved_feature_psi,False
fbv1-004-lendingclub_v2-catboost-full-features-s42,lendingclub_v2,catboost,full_features,sec_app_inq_last_6mths_missing_flag,,unknown,authenticated_saved_feature_psi,False
fbv1-004-lendingclub_v2-catboost-full-features-s42,lendingclub_v2,catboost,full_features,sec_app_inq_last_6mths_positive_flag,,unknown,authenticated_saved_feature_psi,False
fbv1-004-lendingclub_v2-catboost-full-features-s42,lendingclub_v2,catboost,full_features,sec_app_mort_acc,,unknown,authenticated_saved_feature_psi,False
fbv1-004-lendingclub_v2-catboost-full-features-s42,lendingclub_v2,catboost,full_features,sec_app_mort_acc_is_zero,,unknown,authenticated_saved_feature_psi,False
fbv1-004-lendingclub_v2-catboost-full-features-s42,lendingclub_v2,catboost,full_features,sec_app_mort_acc_missing_flag,,unknown,authenticated_saved_feature_psi,False
fbv1-004-lendingclub_v2-catboost-full-features-s42,lendingclub_v2,catboost,full_features,sec_app_mort_acc_positive_flag,,unknown,authenticated_saved_feature_psi,False
fbv1-004-lendingclub_v2-catboost-full-features-s42,lendingclub_v2,catboost,full_features,sec_app_mths_since_last_major_derog,,unknown,authenticated_saved_feature_psi,False
fbv1-004-lendingclub_v2-catboost-full-features-s42,lendingclub_v2,catboost,full_features,sec_app_mths_since_last_major_derog_missing_flag,,unknown,authenticated_saved_feature_psi,False
fbv1-004-lendingclub_v2-catboost-full-features-s42,lendingclub_v2,catboost,full_features,sec_app_mths_since_last_major_derog_recent_12m_flag,,unknown,authenticated_saved_feature_psi,False
fbv1-004-lendingclub_v2-catboost-full-features-s42,lendingclub_v2,catboost,full_features,sec_app_mths_since_last_major_derog_recent_24m_flag,,unknown,authenticated_saved_feature_psi,False
fbv1-004-lendingclub_v2-catboost-full-features-s42,lendingclub_v2,catboost,full_features,sec_app_mths_since_last_major_derog_seasoned_60m_flag,,unknown,authenticated_saved_feature_psi,False
fbv1-004-lendingclub_v2-catboost-full-features-s42,lendingclub_v2,catboost,full_features,sec_app_num_rev_accts,,unknown,authenticated_saved_feature_psi,False
fbv1-004-lendingclub_v2-catboost-full-features-s42,lendingclub_v2,catboost,full_features,sec_app_num_rev_accts_is_zero,,unknown,authenticated_saved_feature_psi,False
fbv1-004-lendingclub_v2-catboost-full-features-s42,lendingclub_v2,catboost,full_features,sec_app_num_rev_accts_missing_flag,,unknown,authenticated_saved_feature_psi,False
fbv1-004-lendingclub_v2-catboost-full-features-s42,lendingclub_v2,catboost,full_features,sec_app_num_rev_accts_positive_flag,,unknown,authenticated_saved_feature_psi,False
fbv1-004-lendingclub_v2-catboost-full-features-s42,lendingclub_v2,catboost,full_features,sec_app_open_acc,,unknown,authenticated_saved_feature_psi,False
fbv1-004-lendingclub_v2-catboost-full-features-s42,lendingclub_v2,catboost,full_features,sec_app_open_acc_is_zero,,unknown,authenticated_saved_feature_psi,False
fbv1-004-lendingclub_v2-catboost-full-features-s42,lendingclub_v2,catboost,full_features,sec_app_open_acc_missing_flag,,unknown,authenticated_saved_feature_psi,False
fbv1-004-lendingclub_v2-catboost-full-features-s42,lendingclub_v2,catboost,full_features,sec_app_open_acc_positive_flag,,unknown,authenticated_saved_feature_psi,False
fbv1-004-lendingclub_v2-catboost-full-features-s42,lendingclub_v2,catboost,full_features,sec_app_open_act_il,,unknown,authenticated_saved_feature_psi,False
fbv1-004-lendingclub_v2-catboost-full-features-s42,lendingclub_v2,catboost,full_features,sec_app_open_act_il_is_zero,,unknown,authenticated_saved_feature_psi,False
fbv1-004-lendingclub_v2-catboost-full-features-s42,lendingclub_v2,catboost,full_features,sec_app_open_act_il_missing_flag,,unknown,authenticated_saved_feature_psi,False
fbv1-004-lendingclub_v2-catboost-full-features-s42,lendingclub_v2,catboost,full_features,sec_app_open_act_il_positive_flag,,unknown,authenticated_saved_feature_psi,False
fbv1-004-lendingclub_v2-catboost-full-features-s42,lendingclub_v2,catboost,full_features,sec_app_revol_util,,unknown,authenticated_saved_feature_psi,False
fbv1-004-lendingclub_v2-catboost-full-features-s42,lendingclub_v2,catboost,full_features,sec_app_revol_util_ge_100_flag,,unknown,authenticated_saved_feature_psi,False
fbv1-004-lendingclub_v2-catboost-full-features-s42,lendingclub_v2,catboost,full_features,sec_app_revol_util_ge_30_flag,,unknown,authenticated_saved_feature_psi,False
fbv1-004-lendingclub_v2-catboost-full-features-s42,lendingclub_v2,catboost,full_features,sec_app_revol_util_ge_50_flag,,unknown,authenticated_saved_feature_psi,False
fbv1-004-lendingclub_v2-catboost-full-features-s42,lendingclub_v2,catboost,full_features,sec_app_revol_util_ge_75_flag,,unknown,authenticated_saved_feature_psi,False
fbv1-004-lendingclub_v2-catboost-full-features-s42,lendingclub_v2,catboost,full_features,sec_app_revol_util_ge_90_flag,,unknown,authenticated_saved_feature_psi,False
fbv1-004-lendingclub_v2-catboost-full-features-s42,lendingclub_v2,catboost,full_features,sec_app_revol_util_missing_flag,,unknown,authenticated_saved_feature_psi,False
fbv1-004-lendingclub_v2-catboost-full-features-s42,lendingclub_v2,catboost,full_features,second_app_present_flag,,unknown,authenticated_saved_feature_psi,False
fbv1-004-lendingclub_v2-catboost-full-features-s42,lendingclub_v2,catboost,full_features,tax_liens_missing_flag,,unknown,authenticated_saved_feature_psi,False
fbv1-004-lendingclub_v2-catboost-full-features-s42,lendingclub_v2,catboost,full_features,tot_coll_amt_missing_flag,,unknown,authenticated_saved_feature_psi,False
fbv1-004-lendingclub_v2-catboost-full-features-s42,lendingclub_v2,catboost,full_features,tot_cur_bal_missing_flag,,unknown,authenticated_saved_feature_psi,False
fbv1-004-lendingclub_v2-catboost-full-features-s42,lendingclub_v2,catboost,full_features,tot_hi_cred_lim_missing_flag,,unknown,authenticated_saved_feature_psi,False
fbv1-004-lendingclub_v2-catboost-full-features-s42,lendingclub_v2,catboost,full_features,total_acc_missing_flag,,unknown,authenticated_saved_feature_psi,False
fbv1-004-lendingclub_v2-catboost-full-features-s42,lendingclub_v2,catboost,full_features,total_acc_positive_flag,,unknown,authenticated_saved_feature_psi,False
fbv1-004-lendingclub_v2-catboost-full-features-s42,lendingclub_v2,catboost,full_features,total_bal_ex_mort_missing_flag,,unknown,authenticated_saved_feature_psi,False
fbv1-004-lendingclub_v2-catboost-full-features-s42,lendingclub_v2,catboost,full_features,total_bc_limit_missing_flag,,unknown,authenticated_saved_feature_psi,False
fbv1-004-lendingclub_v2-catboost-full-features-s42,lendingclub_v2,catboost,full_features,total_il_high_credit_limit_missing_flag,,unknown,authenticated_saved_feature_psi,False
fbv1-004-lendingclub_v2-catboost-full-features-s42,lendingclub_v2,catboost,full_features,total_rev_hi_lim_missing_flag,,unknown,authenticated_saved_feature_psi,False
fbv1-005-homecredit-lr-random-k-s42,homecredit,lr,random_k,PREV_HOUR_APPR_PROCESS_START_MAX,0.0428715882180009,low,authenticated_saved_feature_psi,False
fbv1-005-homecredit-lr-random-k-s42,homecredit,lr,random_k,CC_AMT_INST_MIN_REGULARITY_VAR,0.0277257975263056,low,authenticated_saved_feature_psi,False
fbv1-005-homecredit-lr-random-k-s42,homecredit,lr,random_k,CC_AMT_DRAWINGS_ATM_CURRENT_MIN,0.017130990542785,low,authenticated_saved_feature_psi,False
fbv1-005-homecredit-lr-random-k-s42,homecredit,lr,random_k,POS_CNT_INSTALMENT_SUM,0.0139985710983313,low,authenticated_saved_feature_psi,False
fbv1-005-homecredit-lr-random-k-s42,homecredit,lr,random_k,BURO_DAYS_CREDIT_UPDATE_MAX,0.0122852875785272,low,authenticated_saved_feature_psi,False
fbv1-005-homecredit-lr-random-k-s42,homecredit,lr,random_k,PREV_RATE_DOWN_PAYMENT_MAX,0.0117719118267149,low,authenticated_saved_feature_psi,False
fbv1-005-homecredit-lr-random-k-s42,homecredit,lr,random_k,PREV_SELLERPLACE_AREA_MAX,0.0113657154711909,low,authenticated_saved_feature_psi,False
fbv1-005-homecredit-lr-random-k-s42,homecredit,lr,random_k,BURO_AMT_CREDIT_MAX_OVERDUE_VAR,0.0073879539667206,low,authenticated_saved_feature_psi,False
fbv1-005-homecredit-lr-random-k-s42,homecredit,lr,random_k,BURO_BB_MONTHS_BALANCE_MEAN_SUM,0.006386169646379,low,authenticated_saved_feature_psi,False
fbv1-005-homecredit-lr-random-k-s42,homecredit,lr,random_k,BURO_DAYS_CREDIT_MIN,0.0030791818890453,low,authenticated_saved_feature_psi,False
fbv1-005-homecredit-lr-random-k-s42,homecredit,lr,random_k,BURO_DAYS_ENDDATE_FACT_MIN,0.0030677857183815,low,authenticated_saved_feature_psi,False
fbv1-005-homecredit-lr-random-k-s42,homecredit,lr,random_k,BURO_DEBT_RATIO_SUM,0.002503431590032,low,authenticated_saved_feature_psi,False
fbv1-005-homecredit-lr-random-k-s42,homecredit,lr,random_k,POS_TOTAL_INSTALMENT_PROG_MIN,0.0013388601137927,low,authenticated_saved_feature_psi,False
fbv1-005-homecredit-lr-random-k-s42,homecredit,lr,random_k,OBS_60_CNT_SOCIAL_CIRCLE,0.0004030922385129,low,authenticated_saved_feature_psi,False
fbv1-005-homecredit-lr-random-k-s42,homecredit,lr,random_k,REGION_RATING_CLIENT_W_CITY,2.095588355133655e-05,low,authenticated_saved_feature_psi,False
fbv1-005-homecredit-lr-random-k-s42,homecredit,lr,random_k,BURO_CNT_CREDIT_PROLONG_MIN,4.94600707348902e-06,low,authenticated_saved_feature_psi,False
fbv1-005-homecredit-lr-random-k-s42,homecredit,lr,random_k,POS_SK_DPD_MIN,0.0,low,authenticated_saved_feature_psi,False
fbv1-005-homecredit-lr-random-k-s42,homecredit,lr,random_k,REG_CITY_NOT_WORK_CITY,0.0,low,authenticated_saved_feature_psi,False
fbv1-005-homecredit-lr-random-k-s42,homecredit,lr,random_k,FLAG_DOCUMENT_6,0.0,low,authenticated_saved_feature_psi,False
fbv1-005-homecredit-lr-random-k-s42,homecredit,lr,random_k,FLAG_DOCUMENT_16,0.0,low,authenticated_saved_feature_psi,False
fbv1-006-homecredit-catboost-random-k-s42,homecredit,catboost,random_k,PREV_recent_decision_SUM,0.1170914735361598,moderate,authenticated_saved_feature_psi,False
fbv1-006-homecredit-catboost-random-k-s42,homecredit,catboost,random_k,PREV_HOUR_APPR_PROCESS_START_MAX,0.0428715882180009,low,authenticated_saved_feature_psi,False
fbv1-006-homecredit-catboost-random-k-s42,homecredit,catboost,random_k,CC_AMT_INST_MIN_REGULARITY_VAR,0.0277257975263056,low,authenticated_saved_feature_psi,False
fbv1-006-homecredit-catboost-random-k-s42,homecredit,catboost,random_k,PREV_DAYS_LAST_DUE_1ST_VERSION_MEAN,0.0254462711185238,low,authenticated_saved_feature_psi,False
fbv1-006-homecredit-catboost-random-k-s42,homecredit,catboost,random_k,PREV_RATE_INTEREST_PRIVILEGED_MEAN,0.0198430864075054,low,authenticated_saved_feature_psi,False
fbv1-006-homecredit-catboost-random-k-s42,homecredit,catboost,random_k,POS_CNT_INSTALMENT_MEAN,0.0192124344962385,low,authenticated_saved_feature_psi,False
fbv1-006-homecredit-catboost-random-k-s42,homecredit,catboost,random_k,CC_AMT_DRAWINGS_ATM_CURRENT_MIN,0.017130990542785,low,authenticated_saved_feature_psi,False
fbv1-006-homecredit-catboost-random-k-s42,homecredit,catboost,random_k,POS_CNT_INSTALMENT_SUM,0.0139985710983313,low,authenticated_saved_feature_psi,False
fbv1-006-homecredit-catboost-random-k-s42,homecredit,catboost,random_k,BURO_DAYS_CREDIT_UPDATE_MAX,0.0122852875785272,low,authenticated_saved_feature_psi,False
fbv1-006-homecredit-catboost-random-k-s42,homecredit,catboost,random_k,INSTAL_NUM_INSTALMENT_NUMBER_VAR,0.0119984782235065,low,authenticated_saved_feature_psi,False
fbv1-006-homecredit-catboost-random-k-s42,homecredit,catboost,random_k,PREV_RATE_DOWN_PAYMENT_MAX,0.0117719118267149,low,authenticated_saved_feature_psi,False
fbv1-006-homecredit-catboost-random-k-s42,homecredit,catboost,random_k,CC_CNT_DRAWINGS_POS_CURRENT_MEAN,0.0113927750595814,low,authenticated_saved_feature_psi,False
fbv1-006-homecredit-catboost-random-k-s42,homecredit,catboost,random_k,PREV_SELLERPLACE_AREA_MAX,0.0113657154711909,low,authenticated_saved_feature_psi,False
fbv1-006-homecredit-catboost-random-k-s42,homecredit,catboost,random_k,INSTAL_PAYMENT_RATIO_MEAN,0.0087337049791449,low,authenticated_saved_feature_psi,False
fbv1-006-homecredit-catboost-random-k-s42,homecredit,catboost,random_k,BURO_AMT_CREDIT_MAX_OVERDUE_VAR,0.0073879539667206,low,authenticated_saved_feature_psi,False
fbv1-006-homecredit-catboost-random-k-s42,homecredit,catboost,random_k,BURO_BB_MONTHS_BALANCE_MIN_SUM,0.0067348731809357,low,authenticated_saved_feature_psi,False
fbv1-006-homecredit-catboost-random-k-s42,homecredit,catboost,random_k,BURO_BB_MONTHS_BALANCE_MEAN_SUM,0.006386169646379,low,authenticated_saved_feature_psi,False
fbv1-006-homecredit-catboost-random-k-s42,homecredit,catboost,random_k,CC_PAYMENT_DIV_MIN_VAR,0.0053274033187256,low,authenticated_saved_feature_psi,False
fbv1-006-homecredit-catboost-random-k-s42,homecredit,catboost,random_k,BURO_DAYS_CREDIT_MIN,0.0030791818890453,low,authenticated_saved_feature_psi,False
fbv1-006-homecredit-catboost-random-k-s42,homecredit,catboost,random_k,BURO_DAYS_ENDDATE_FACT_MIN,0.0030677857183815,low,authenticated_saved_feature_psi,False
fbv1-006-homecredit-catboost-random-k-s42,homecredit,catboost,random_k,BURO_DAYS_CREDIT_UPDATE_MEAN,0.002720471907992,low,authenticated_saved_feature_psi,False
fbv1-006-homecredit-catboost-random-k-s42,homecredit,catboost,random_k,BURO_DEBT_RATIO_SUM,0.002503431590032,low,authenticated_saved_feature_psi,False
fbv1-006-homecredit-catboost-random-k-s42,homecredit,catboost,random_k,POS_TOTAL_INSTALMENT_PROG_MIN,0.0013388601137927,low,authenticated_saved_feature_psi,False
fbv1-006-homecredit-catboost-random-k-s42,homecredit,catboost,random_k,POS_SK_DPD_SUM,0.0011900120948934,low,authenticated_saved_feature_psi,False
fbv1-006-homecredit-catboost-random-k-s42,homecredit,catboost,random_k,OBS_60_CNT_SOCIAL_CIRCLE,0.0004030922385129,low,authenticated_saved_feature_psi,False
fbv1-006-homecredit-catboost-random-k-s42,homecredit,catboost,random_k,LIVINGAREA_AVG,0.0002749724355726,low,authenticated_saved_feature_psi,False
fbv1-006-homecredit-catboost-random-k-s42,homecredit,catboost,random_k,COMMONAREA_AVG,0.0001837612802809,low,authenticated_saved_feature_psi,False
fbv1-006-homecredit-catboost-random-k-s42,homecredit,catboost,random_k,POS_SK_DPD_DEF_MAX,0.000149789814123,low,authenticated_saved_feature_psi,False
fbv1-006-homecredit-catboost-random-k-s42,homecredit,catboost,random_k,LIVINGAPARTMENTS_MEDI,0.0001216154748341,low,authenticated_saved_feature_psi,False
fbv1-006-homecredit-catboost-random-k-s42,homecredit,catboost,random_k,NONLIVINGAREA_AVG,6.056358070541906e-05,low,authenticated_saved_feature_psi,False
fbv1-006-homecredit-catboost-random-k-s42,homecredit,catboost,random_k,NONLIVINGAREA_MEDI,5.384893230805044e-05,low,authenticated_saved_feature_psi,False
fbv1-006-homecredit-catboost-random-k-s42,homecredit,catboost,random_k,YEARS_BUILD_AVG,5.048516611358992e-05,low,authenticated_saved_feature_psi,False
fbv1-006-homecredit-catboost-random-k-s42,homecredit,catboost,random_k,REGION_RATING_CLIENT_W_CITY,2.095588355133655e-05,low,authenticated_saved_feature_psi,False
fbv1-006-homecredit-catboost-random-k-s42,homecredit,catboost,random_k,BURO_CNT_CREDIT_PROLONG_MIN,4.94600707348902e-06,low,authenticated_saved_feature_psi,False
fbv1-006-homecredit-catboost-random-k-s42,homecredit,catboost,random_k,FLAG_DOCUMENT_6,0.0,low,authenticated_saved_feature_psi,False
fbv1-006-homecredit-catboost-random-k-s42,homecredit,catboost,random_k,REG_CITY_NOT_WORK_CITY,0.0,low,authenticated_saved_feature_psi,False
fbv1-006-homecredit-catboost-random-k-s42,homecredit,catboost,random_k,POS_SK_DPD_MIN,0.0,low,authenticated_saved_feature_psi,False
fbv1-006-homecredit-catboost-random-k-s42,homecredit,catboost,random_k,FLAG_DOCUMENT_16,0.0,low,authenticated_saved_feature_psi,False
fbv1-006-homecredit-catboost-random-k-s42,homecredit,catboost,random_k,FLAG_DOCUMENT_4,0.0,low,authenticated_saved_feature_psi,False
fbv1-006-homecredit-catboost-random-k-s42,homecredit,catboost,random_k,POS_SK_DPD_DEF_MIN,,unknown,authenticated_saved_feature_psi,False
fbv1-007-lendingclub_v2-lr-random-k-s42,lendingclub_v2,lr,random_k,log_open_acc_6m,2.4867965871490494,high,authenticated_saved_feature_psi,False
fbv1-007-lendingclub_v2-lr-random-k-s42,lendingclub_v2,lr,random_k,open_act_il_per_open_acc,1.5785939962762066,high,authenticated_saved_feature_psi,False
fbv1-007-lendingclub_v2-lr-random-k-s42,lendingclub_v2,lr,random_k,num_tl_op_past_12m_per_total_acc,0.0181952060772152,low,authenticated_saved_feature_psi,False
fbv1-007-lendingclub_v2-lr-random-k-s42,lendingclub_v2,lr,random_k,sqrt_total_rev_hi_lim,0.0033725989013845,low,authenticated_saved_feature_psi,False
fbv1-007-lendingclub_v2-lr-random-k-s42,lendingclub_v2,lr,random_k,open_revolving_share,0.0025483523122838,low,authenticated_saved_feature_psi,False
fbv1-007-lendingclub_v2-lr-random-k-s42,lendingclub_v2,lr,random_k,total_bc_limit_to_total_rev_limit,0.0018377852413551,low,authenticated_saved_feature_psi,False
fbv1-007-lendingclub_v2-lr-random-k-s42,lendingclub_v2,lr,random_k,tot_cur_bal,0.0011712008042223,low,authenticated_saved_feature_psi,False
fbv1-007-lendingclub_v2-lr-random-k-s42,lendingclub_v2,lr,random_k,delinquency_pressure_x_fico,0.001112581593324,low,authenticated_saved_feature_psi,False
fbv1-007-lendingclub_v2-lr-random-k-s42,lendingclub_v2,lr,random_k,num_accts_ever_120_pd_positive_flag,0.0,low,authenticated_saved_feature_psi,False
fbv1-007-lendingclub_v2-lr-random-k-s42,lendingclub_v2,lr,random_k,delinq_2yrs_positive_flag,0.0,low,authenticated_saved_feature_psi,False
fbv1-007-lendingclub_v2-lr-random-k-s42,lendingclub_v2,lr,random_k,tax_liens_per_total_acc,0.0,low,authenticated_saved_feature_psi,False
fbv1-007-lendingclub_v2-lr-random-k-s42,lendingclub_v2,lr,random_k,num_sats_is_zero,0.0,low,authenticated_saved_feature_psi,False
fbv1-007-lendingclub_v2-lr-random-k-s42,lendingclub_v2,lr,random_k,num_actv_rev_tl_positive_flag,0.0,low,authenticated_saved_feature_psi,False
fbv1-007-lendingclub_v2-lr-random-k-s42,lendingclub_v2,lr,random_k,open_act_il_positive_flag,0.0,low,authenticated_saved_feature_psi,False
fbv1-007-lendingclub_v2-lr-random-k-s42,lendingclub_v2,lr,random_k,bc_util_missing_flag,0.0,low,authenticated_saved_feature_psi,False
fbv1-007-lendingclub_v2-lr-random-k-s42,lendingclub_v2,lr,random_k,mths_since_last_delinq_recent_24m_flag,0.0,low,authenticated_saved_feature_psi,False
fbv1-007-lendingclub_v2-lr-random-k-s42,lendingclub_v2,lr,random_k,delinq_2yrs_is_zero,0.0,low,authenticated_saved_feature_psi,False
fbv1-007-lendingclub_v2-lr-random-k-s42,lendingclub_v2,lr,random_k,tax_liens_per_credit_history_year,0.0,low,authenticated_saved_feature_psi,False
fbv1-007-lendingclub_v2-lr-random-k-s42,lendingclub_v2,lr,random_k,il_util_band_Missing,0.0,low,authenticated_saved_feature_psi,False
fbv1-007-lendingclub_v2-lr-random-k-s42,lendingclub_v2,lr,random_k,il_util_band_extreme,0.0,low,authenticated_saved_feature_psi,False
fbv1-007-lendingclub_v2-lr-random-k-s42,lendingclub_v2,lr,random_k,il_util_band_high,0.0,low,authenticated_saved_feature_psi,False
fbv1-007-lendingclub_v2-lr-random-k-s42,lendingclub_v2,lr,random_k,il_util_band_low,0.0,low,authenticated_saved_feature_psi,False
fbv1-007-lendingclub_v2-lr-random-k-s42,lendingclub_v2,lr,random_k,il_util_band_mid,0.0,low,authenticated_saved_feature_psi,False
fbv1-007-lendingclub_v2-lr-random-k-s42,lendingclub_v2,lr,random_k,il_util_band_vhigh,0.0,low,authenticated_saved_feature_psi,False
fbv1-007-lendingclub_v2-lr-random-k-s42,lendingclub_v2,lr,random_k,il_util_band_vlow,0.0,low,authenticated_saved_feature_psi,False
fbv1-007-lendingclub_v2-lr-random-k-s42,lendingclub_v2,lr,random_k,sec_app_mort_acc,,unknown,authenticated_saved_feature_psi,False
fbv1-008-lendingclub_v2-catboost-random-k-s42,lendingclub_v2,catboost,random_k,log_open_acc_6m,2.4867965871490494,high,authenticated_saved_feature_psi,False
fbv1-008-lendingclub_v2-catboost-random-k-s42,lendingclub_v2,catboost,random_k,open_act_il_per_open_acc,1.5785939962762066,high,authenticated_saved_feature_psi,False
fbv1-008-lendingclub_v2-catboost-random-k-s42,lendingclub_v2,catboost,random_k,total_bal_il,1.3060741910111986,high,authenticated_saved_feature_psi,False
fbv1-008-lendingclub_v2-catboost-random-k-s42,lendingclub_v2,catboost,random_k,num_bc_sats_share,0.0297555565093642,low,authenticated_saved_feature_psi,False
fbv1-008-lendingclub_v2-catboost-random-k-s42,lendingclub_v2,catboost,random_k,num_tl_op_past_12m_per_total_acc,0.0181952060772152,low,authenticated_saved_feature_psi,False
fbv1-008-lendingclub_v2-catboost-random-k-s42,lendingclub_v2,catboost,random_k,loan_to_income_x_fico,0.0117929456525409,low,authenticated_saved_feature_psi,False
fbv1-008-lendingclub_v2-catboost-random-k-s42,lendingclub_v2,catboost,random_k,log_total_il_high_credit_limit,0.0077390187691243,low,authenticated_saved_feature_psi,False
fbv1-008-lendingclub_v2-catboost-random-k-s42,lendingclub_v2,catboost,random_k,log_total_acc,0.0048973890850011,low,authenticated_saved_feature_psi,False
fbv1-008-lendingclub_v2-catboost-random-k-s42,lendingclub_v2,catboost,random_k,sqrt_total_rev_hi_lim,0.0033725989013845,low,authenticated_saved_feature_psi,False
fbv1-008-lendingclub_v2-catboost-random-k-s42,lendingclub_v2,catboost,random_k,pub_rec_bankruptcies_per_total_acc,0.0027525004039412,low,authenticated_saved_feature_psi,False
fbv1-008-lendingclub_v2-catboost-random-k-s42,lendingclub_v2,catboost,random_k,sqrt_total_bal_ex_mort,0.0026893644407172,low,authenticated_saved_feature_psi,False
fbv1-008-lendingclub_v2-catboost-random-k-s42,lendingclub_v2,catboost,random_k,open_revolving_share,0.0025483523122838,low,authenticated_saved_feature_psi,False
fbv1-008-lendingclub_v2-catboost-random-k-s42,lendingclub_v2,catboost,random_k,total_bc_limit_to_total_rev_limit,0.0018377852413551,low,authenticated_saved_feature_psi,False
fbv1-008-lendingclub_v2-catboost-random-k-s42,lendingclub_v2,catboost,random_k,credit_lines_per_history_year,0.0018111147487434,low,authenticated_saved_feature_psi,False
fbv1-008-lendingclub_v2-catboost-random-k-s42,lendingclub_v2,catboost,random_k,tot_cur_bal,0.0011712008042223,low,authenticated_saved_feature_psi,False
fbv1-008-lendingclub_v2-catboost-random-k-s42,lendingclub_v2,catboost,random_k,delinquency_pressure_x_fico,0.001112581593324,low,authenticated_saved_feature_psi,False
fbv1-008-lendingclub_v2-catboost-random-k-s42,lendingclub_v2,catboost,random_k,num_accts_ever_120_pd_positive_flag,0.0,low,authenticated_saved_feature_psi,False
fbv1-008-lendingclub_v2-catboost-random-k-s42,lendingclub_v2,catboost,random_k,delinq_2yrs_positive_flag,0.0,low,authenticated_saved_feature_psi,False
fbv1-008-lendingclub_v2-catboost-random-k-s42,lendingclub_v2,catboost,random_k,tax_liens_per_total_acc,0.0,low,authenticated_saved_feature_psi,False
fbv1-008-lendingclub_v2-catboost-random-k-s42,lendingclub_v2,catboost,random_k,num_sats_is_zero,0.0,low,authenticated_saved_feature_psi,False
fbv1-008-lendingclub_v2-catboost-random-k-s42,lendingclub_v2,catboost,random_k,num_actv_rev_tl_positive_flag,0.0,low,authenticated_saved_feature_psi,False
fbv1-008-lendingclub_v2-catboost-random-k-s42,lendingclub_v2,catboost,random_k,tax_liens_per_credit_history_year,0.0,low,authenticated_saved_feature_psi,False
fbv1-008-lendingclub_v2-catboost-random-k-s42,lendingclub_v2,catboost,random_k,mths_since_last_delinq_recent_24m_flag,0.0,low,authenticated_saved_feature_psi,False
fbv1-008-lendingclub_v2-catboost-random-k-s42,lendingclub_v2,catboost,random_k,bc_util_missing_flag,0.0,low,authenticated_saved_feature_psi,False
fbv1-008-lendingclub_v2-catboost-random-k-s42,lendingclub_v2,catboost,random_k,open_act_il_positive_flag,0.0,low,authenticated_saved_feature_psi,False
fbv1-008-lendingclub_v2-catboost-random-k-s42,lendingclub_v2,catboost,random_k,emp_length_missing_flag,0.0,low,authenticated_saved_feature_psi,False
fbv1-008-lendingclub_v2-catboost-random-k-s42,lendingclub_v2,catboost,random_k,open_act_il_missing_flag,0.0,low,authenticated_saved_feature_psi,False
fbv1-008-lendingclub_v2-catboost-random-k-s42,lendingclub_v2,catboost,random_k,mths_since_recent_bc_dlq_recent_24m_flag,0.0,low,authenticated_saved_feature_psi,False
fbv1-008-lendingclub_v2-catboost-random-k-s42,lendingclub_v2,catboost,random_k,delinq_2yrs_is_zero,0.0,low,authenticated_saved_feature_psi,False
fbv1-008-lendingclub_v2-catboost-random-k-s42,lendingclub_v2,catboost,random_k,inq_last_12m_positive_flag,0.0,low,authenticated_saved_feature_psi,False
fbv1-008-lendingclub_v2-catboost-random-k-s42,lendingclub_v2,catboost,random_k,inq_last_6mths_positive_flag,0.0,low,authenticated_saved_feature_psi,False
fbv1-008-lendingclub_v2-catboost-random-k-s42,lendingclub_v2,catboost,random_k,annual_inc_is_zero,0.0,low,authenticated_saved_feature_psi,False
fbv1-008-lendingclub_v2-catboost-random-k-s42,lendingclub_v2,catboost,random_k,mths_since_recent_bc_dlq_missing_flag,0.0,low,authenticated_saved_feature_psi,False
fbv1-008-lendingclub_v2-catboost-random-k-s42,lendingclub_v2,catboost,random_k,num_tl_90g_dpd_24m_per_credit_history_year,0.0,low,authenticated_saved_feature_psi,False
fbv1-008-lendingclub_v2-catboost-random-k-s42,lendingclub_v2,catboost,random_k,il_util_band_Missing,0.0,low,authenticated_saved_feature_psi,False
fbv1-008-lendingclub_v2-catboost-random-k-s42,lendingclub_v2,catboost,random_k,il_util_band_extreme,0.0,low,authenticated_saved_feature_psi,False
fbv1-008-lendingclub_v2-catboost-random-k-s42,lendingclub_v2,catboost,random_k,il_util_band_high,0.0,low,authenticated_saved_feature_psi,False
fbv1-008-lendingclub_v2-catboost-random-k-s42,lendingclub_v2,catboost,random_k,il_util_band_low,0.0,low,authenticated_saved_feature_psi,False
fbv1-008-lendingclub_v2-catboost-random-k-s42,lendingclub_v2,catboost,random_k,il_util_band_mid,0.0,low,authenticated_saved_feature_psi,False
fbv1-008-lendingclub_v2-catboost-random-k-s42,lendingclub_v2,catboost,random_k,il_util_band_vhigh,0.0,low,authenticated_saved_feature_psi,False
fbv1-008-lendingclub_v2-catboost-random-k-s42,lendingclub_v2,catboost,random_k,il_util_band_vlow,0.0,low,authenticated_saved_feature_psi,False
fbv1-008-lendingclub_v2-catboost-random-k-s42,lendingclub_v2,catboost,random_k,sec_app_mort_acc,,unknown,authenticated_saved_feature_psi,False
fbv1-008-lendingclub_v2-catboost-random-k-s42,lendingclub_v2,catboost,random_k,sec_app_num_rev_accts_positive_flag,,unknown,authenticated_saved_feature_psi,False
fbv1-008-lendingclub_v2-catboost-random-k-s42,lendingclub_v2,catboost,random_k,sec_app_mths_since_last_major_derog_recent_12m_flag,,unknown,authenticated_saved_feature_psi,False
fbv1-008-lendingclub_v2-catboost-random-k-s42,lendingclub_v2,catboost,random_k,total_acc_positive_flag,,unknown,authenticated_saved_feature_psi,False
fbv1-008-lendingclub_v2-catboost-random-k-s42,lendingclub_v2,catboost,random_k,sec_app_credit_history_months,,unknown,authenticated_saved_feature_psi,False
fbv1-009-homecredit-lr-iv-woe-s42,homecredit,lr,iv_woe,PREV_INTEREST_ESTIMATE_VAR,0.0774384249230514,low,authenticated_saved_feature_psi,False
fbv1-009-homecredit-lr-iv-woe-s42,homecredit,lr,iv_woe,EXT_SOURCE_3,0.020728354694539,low,authenticated_saved_feature_psi,False
fbv1-009-homecredit-lr-iv-woe-s42,homecredit,lr,iv_woe,BURO_DAYS_CREDIT_MAX,0.0118606546540912,low,authenticated_saved_feature_psi,False
fbv1-009-homecredit-lr-iv-woe-s42,homecredit,lr,iv_woe,INSTAL_PAYMENT_RATIO_MEAN,0.0087337049791449,low,authenticated_saved_feature_psi,False
fbv1-009-homecredit-lr-iv-woe-s42,homecredit,lr,iv_woe,BURO_DEBT_CREDIT_DIFF_MIN,0.0077218216755122,low,authenticated_saved_feature_psi,False
fbv1-009-homecredit-lr-iv-woe-s42,homecredit,lr,iv_woe,BURO_DEBT_CREDIT_DIFF_MEAN,0.0061123564502056,low,authenticated_saved_feature_psi,False
fbv1-009-homecredit-lr-iv-woe-s42,homecredit,lr,iv_woe,DAYS_BIRTH,0.0058051531867432,low,authenticated_saved_feature_psi,False
fbv1-009-homecredit-lr-iv-woe-s42,homecredit,lr,iv_woe,BURO_DAYS_CREDIT_ENDDATE_SUM,0.0053727892790047,low,authenticated_saved_feature_psi,False
fbv1-009-homecredit-lr-iv-woe-s42,homecredit,lr,iv_woe,DAYS_EMPLOYED,0.0039292888885869,low,authenticated_saved_feature_psi,False
fbv1-009-homecredit-lr-iv-woe-s42,homecredit,lr,iv_woe,INSTAL_IS_LATE_MEAN,0.0037967812601098,low,authenticated_saved_feature_psi,False
fbv1-009-homecredit-lr-iv-woe-s42,homecredit,lr,iv_woe,BURO_DAYS_CREDIT_MEAN,0.003142309958593,low,authenticated_saved_feature_psi,False
fbv1-009-homecredit-lr-iv-woe-s42,homecredit,lr,iv_woe,BURO_DAYS_CREDIT_MIN,0.0030791818890453,low,authenticated_saved_feature_psi,False
fbv1-009-homecredit-lr-iv-woe-s42,homecredit,lr,iv_woe,BURO_DAYS_CREDIT_ENDDATE_MEAN,0.0028189839882717,low,authenticated_saved_feature_psi,False
fbv1-009-homecredit-lr-iv-woe-s42,homecredit,lr,iv_woe,BURO_DAYS_CREDIT_UPDATE_MEAN,0.002720471907992,low,authenticated_saved_feature_psi,False
fbv1-009-homecredit-lr-iv-woe-s42,homecredit,lr,iv_woe,BURO_DEBT_RATIO_SUM,0.002503431590032,low,authenticated_saved_feature_psi,False
fbv1-009-homecredit-lr-iv-woe-s42,homecredit,lr,iv_woe,BURO_DEBT_RATIO_MEAN,0.0024467405713515,low,authenticated_saved_feature_psi,False
fbv1-009-homecredit-lr-iv-woe-s42,homecredit,lr,iv_woe,BURO_DEBT_RATIO_MAX,0.002445262426434,low,authenticated_saved_feature_psi,False
fbv1-009-homecredit-lr-iv-woe-s42,homecredit,lr,iv_woe,EXT_SOURCE_2,0.0017907560370425,low,authenticated_saved_feature_psi,False
fbv1-009-homecredit-lr-iv-woe-s42,homecredit,lr,iv_woe,EXT_SOURCE_1,0.0005418708919522,low,authenticated_saved_feature_psi,False
fbv1-009-homecredit-lr-iv-woe-s42,homecredit,lr,iv_woe,BURO_DEBT_RATIO_VAR,0.0002011570637143,low,authenticated_saved_feature_psi,False
fbv1-010-homecredit-catboost-iv-woe-s42,homecredit,catboost,iv_woe,PREV_INTEREST_ESTIMATE_VAR,0.0774384249230514,low,authenticated_saved_feature_psi,False
fbv1-010-homecredit-catboost-iv-woe-s42,homecredit,catboost,iv_woe,PREV_INTEREST_ESTIMATE_MAX,0.0639268824804577,low,authenticated_saved_feature_psi,False
fbv1-010-homecredit-catboost-iv-woe-s42,homecredit,catboost,iv_woe,INSTAL_DAYS_INSTALMENT_VAR,0.0578650904526889,low,authenticated_saved_feature_psi,False
fbv1-010-homecredit-catboost-iv-woe-s42,homecredit,catboost,iv_woe,POS_MONTHS_BALANCE_VAR,0.0571736292328748,low,authenticated_saved_feature_psi,False
fbv1-010-homecredit-catboost-iv-woe-s42,homecredit,catboost,iv_woe,INSTAL_DAYS_ENTRY_PAYMENT_VAR,0.054843731054879,low,authenticated_saved_feature_psi,False
fbv1-010-homecredit-catboost-iv-woe-s42,homecredit,catboost,iv_woe,CC_CNT_DRAWINGS_CURRENT_MEAN,0.0327300469646266,low,authenticated_saved_feature_psi,False
fbv1-010-homecredit-catboost-iv-woe-s42,homecredit,catboost,iv_woe,CC_LIMIT_USE_MEAN,0.0297540591198756,low,authenticated_saved_feature_psi,False
fbv1-010-homecredit-catboost-iv-woe-s42,homecredit,catboost,iv_woe,CC_CNT_DRAWINGS_CURRENT_VAR,0.0259678612303508,low,authenticated_saved_feature_psi,False
fbv1-010-homecredit-catboost-iv-woe-s42,homecredit,catboost,iv_woe,EXT_SOURCE_3,0.020728354694539,low,authenticated_saved_feature_psi,False
fbv1-010-homecredit-catboost-iv-woe-s42,homecredit,catboost,iv_woe,BURO_DAYS_CREDIT_MAX,0.0118606546540912,low,authenticated_saved_feature_psi,False
fbv1-010-homecredit-catboost-iv-woe-s42,homecredit,catboost,iv_woe,INSTAL_PAYMENT_DIFF_MEAN,0.0093498998202679,low,authenticated_saved_feature_psi,False
fbv1-010-homecredit-catboost-iv-woe-s42,homecredit,catboost,iv_woe,INSTAL_PAYMENT_RATIO_MEAN,0.0087337049791449,low,authenticated_saved_feature_psi,False
fbv1-010-homecredit-catboost-iv-woe-s42,homecredit,catboost,iv_woe,BURO_AMT_CREDIT_SUM_DEBT_MEAN,0.0082909020674199,low,authenticated_saved_feature_psi,False
fbv1-010-homecredit-catboost-iv-woe-s42,homecredit,catboost,iv_woe,BURO_DEBT_CREDIT_DIFF_MIN,0.0077218216755122,low,authenticated_saved_feature_psi,False
fbv1-010-homecredit-catboost-iv-woe-s42,homecredit,catboost,iv_woe,BURO_DEBT_CREDIT_DIFF_MEAN,0.0061123564502056,low,authenticated_saved_feature_psi,False
fbv1-010-homecredit-catboost-iv-woe-s42,homecredit,catboost,iv_woe,DAYS_BIRTH,0.0058051531867432,low,authenticated_saved_feature_psi,False
fbv1-010-homecredit-catboost-iv-woe-s42,homecredit,catboost,iv_woe,BURO_DAYS_CREDIT_ENDDATE_SUM,0.0053727892790047,low,authenticated_saved_feature_psi,False
fbv1-010-homecredit-catboost-iv-woe-s42,homecredit,catboost,iv_woe,BURO_DAYS_ENDDATE_FACT_SUM,0.0053138412735834,low,authenticated_saved_feature_psi,False
fbv1-010-homecredit-catboost-iv-woe-s42,homecredit,catboost,iv_woe,AMT_GOODS_PRICE,0.0047675755087858,low,authenticated_saved_feature_psi,False
fbv1-010-homecredit-catboost-iv-woe-s42,homecredit,catboost,iv_woe,BURO_DAYS_CREDIT_UPDATE_MIN,0.0039347080258073,low,authenticated_saved_feature_psi,False
fbv1-010-homecredit-catboost-iv-woe-s42,homecredit,catboost,iv_woe,DAYS_EMPLOYED,0.0039292888885869,low,authenticated_saved_feature_psi,False
fbv1-010-homecredit-catboost-iv-woe-s42,homecredit,catboost,iv_woe,BURO_DAYS_CREDIT_ENDDATE_MAX,0.0038829799795105,low,authenticated_saved_feature_psi,False
fbv1-010-homecredit-catboost-iv-woe-s42,homecredit,catboost,iv_woe,INSTAL_IS_LATE_MEAN,0.0037967812601098,low,authenticated_saved_feature_psi,False
fbv1-010-homecredit-catboost-iv-woe-s42,homecredit,catboost,iv_woe,BURO_DAYS_CREDIT_ENDDATE_MIN,0.0035358409039616,low,authenticated_saved_feature_psi,False
fbv1-010-homecredit-catboost-iv-woe-s42,homecredit,catboost,iv_woe,INSTAL_IS_UNDERPAID_MEAN,0.0032876441593319,low,authenticated_saved_feature_psi,False
fbv1-010-homecredit-catboost-iv-woe-s42,homecredit,catboost,iv_woe,BURO_DAYS_CREDIT_MEAN,0.003142309958593,low,authenticated_saved_feature_psi,False
fbv1-010-homecredit-catboost-iv-woe-s42,homecredit,catboost,iv_woe,BURO_DAYS_CREDIT_MIN,0.0030791818890453,low,authenticated_saved_feature_psi,False
fbv1-010-homecredit-catboost-iv-woe-s42,homecredit,catboost,iv_woe,BURO_DAYS_ENDDATE_FACT_MIN,0.0030677857183815,low,authenticated_saved_feature_psi,False
fbv1-010-homecredit-catboost-iv-woe-s42,homecredit,catboost,iv_woe,BURO_DAYS_CREDIT_ENDDATE_MEAN,0.0028189839882717,low,authenticated_saved_feature_psi,False
fbv1-010-homecredit-catboost-iv-woe-s42,homecredit,catboost,iv_woe,BURO_DAYS_ENDDATE_FACT_MEAN,0.0027253972144929,low,authenticated_saved_feature_psi,False
fbv1-010-homecredit-catboost-iv-woe-s42,homecredit,catboost,iv_woe,BURO_DAYS_CREDIT_UPDATE_MEAN,0.002720471907992,low,authenticated_saved_feature_psi,False
fbv1-010-homecredit-catboost-iv-woe-s42,homecredit,catboost,iv_woe,BURO_DEBT_RATIO_SUM,0.002503431590032,low,authenticated_saved_feature_psi,False
fbv1-010-homecredit-catboost-iv-woe-s42,homecredit,catboost,iv_woe,BURO_DEBT_RATIO_MEAN,0.0024467405713515,low,authenticated_saved_feature_psi,False
fbv1-010-homecredit-catboost-iv-woe-s42,homecredit,catboost,iv_woe,BURO_DEBT_RATIO_MAX,0.002445262426434,low,authenticated_saved_feature_psi,False
fbv1-010-homecredit-catboost-iv-woe-s42,homecredit,catboost,iv_woe,EXT_SOURCE_2,0.0017907560370425,low,authenticated_saved_feature_psi,False
fbv1-010-homecredit-catboost-iv-woe-s42,homecredit,catboost,iv_woe,EXT_SOURCE_1,0.0005418708919522,low,authenticated_saved_feature_psi,False
fbv1-010-homecredit-catboost-iv-woe-s42,homecredit,catboost,iv_woe,BURO_DEBT_RATIO_VAR,0.0002011570637143,low,authenticated_saved_feature_psi,False
fbv1-010-homecredit-catboost-iv-woe-s42,homecredit,catboost,iv_woe,NAME_INCOME_TYPE_Commercial associate,0.0,low,authenticated_saved_feature_psi,False
fbv1-010-homecredit-catboost-iv-woe-s42,homecredit,catboost,iv_woe,NAME_INCOME_TYPE_Pensioner,0.0,low,authenticated_saved_feature_psi,False
fbv1-010-homecredit-catboost-iv-woe-s42,homecredit,catboost,iv_woe,NAME_INCOME_TYPE_State servant,0.0,low,authenticated_saved_feature_psi,False
fbv1-010-homecredit-catboost-iv-woe-s42,homecredit,catboost,iv_woe,NAME_INCOME_TYPE_Working,0.0,low,authenticated_saved_feature_psi,False
fbv1-010-homecredit-catboost-iv-woe-s42,homecredit,catboost,iv_woe,NAME_INCOME_TYPE_infrequent_sklearn,0.0,low,authenticated_saved_feature_psi,False
fbv1-010-homecredit-catboost-iv-woe-s42,homecredit,catboost,iv_woe,OCCUPATION_TYPE_Accountants,0.0,low,authenticated_saved_feature_psi,False
fbv1-010-homecredit-catboost-iv-woe-s42,homecredit,catboost,iv_woe,OCCUPATION_TYPE_Cleaning staff,0.0,low,authenticated_saved_feature_psi,False
fbv1-010-homecredit-catboost-iv-woe-s42,homecredit,catboost,iv_woe,OCCUPATION_TYPE_Cooking staff,0.0,low,authenticated_saved_feature_psi,False
fbv1-010-homecredit-catboost-iv-woe-s42,homecredit,catboost,iv_woe,OCCUPATION_TYPE_Core staff,0.0,low,authenticated_saved_feature_psi,False
fbv1-010-homecredit-catboost-iv-woe-s42,homecredit,catboost,iv_woe,OCCUPATION_TYPE_Drivers,0.0,low,authenticated_saved_feature_psi,False
fbv1-010-homecredit-catboost-iv-woe-s42,homecredit,catboost,iv_woe,OCCUPATION_TYPE_HR staff,0.0,low,authenticated_saved_feature_psi,False
fbv1-010-homecredit-catboost-iv-woe-s42,homecredit,catboost,iv_woe,OCCUPATION_TYPE_High skill tech staff,0.0,low,authenticated_saved_feature_psi,False
fbv1-010-homecredit-catboost-iv-woe-s42,homecredit,catboost,iv_woe,OCCUPATION_TYPE_IT staff,0.0,low,authenticated_saved_feature_psi,False
fbv1-010-homecredit-catboost-iv-woe-s42,homecredit,catboost,iv_woe,OCCUPATION_TYPE_Laborers,0.0,low,authenticated_saved_feature_psi,False
fbv1-010-homecredit-catboost-iv-woe-s42,homecredit,catboost,iv_woe,OCCUPATION_TYPE_Low-skill Laborers,0.0,low,authenticated_saved_feature_psi,False
fbv1-010-homecredit-catboost-iv-woe-s42,homecredit,catboost,iv_woe,OCCUPATION_TYPE_Managers,0.0,low,authenticated_saved_feature_psi,False
fbv1-010-homecredit-catboost-iv-woe-s42,homecredit,catboost,iv_woe,OCCUPATION_TYPE_Medicine staff,0.0,low,authenticated_saved_feature_psi,False
fbv1-010-homecredit-catboost-iv-woe-s42,homecredit,catboost,iv_woe,OCCUPATION_TYPE_Missing,0.0,low,authenticated_saved_feature_psi,False
fbv1-010-homecredit-catboost-iv-woe-s42,homecredit,catboost,iv_woe,OCCUPATION_TYPE_Private service staff,0.0,low,authenticated_saved_feature_psi,False
fbv1-010-homecredit-catboost-iv-woe-s42,homecredit,catboost,iv_woe,OCCUPATION_TYPE_Realty agents,0.0,low,authenticated_saved_feature_psi,False
fbv1-010-homecredit-catboost-iv-woe-s42,homecredit,catboost,iv_woe,OCCUPATION_TYPE_Sales staff,0.0,low,authenticated_saved_feature_psi,False
fbv1-010-homecredit-catboost-iv-woe-s42,homecredit,catboost,iv_woe,OCCUPATION_TYPE_Secretaries,0.0,low,authenticated_saved_feature_psi,False
fbv1-010-homecredit-catboost-iv-woe-s42,homecredit,catboost,iv_woe,OCCUPATION_TYPE_Security staff,0.0,low,authenticated_saved_feature_psi,False
fbv1-010-homecredit-catboost-iv-woe-s42,homecredit,catboost,iv_woe,OCCUPATION_TYPE_Waiters/barmen staff,0.0,low,authenticated_saved_feature_psi,False
fbv1-010-homecredit-catboost-iv-woe-s42,homecredit,catboost,iv_woe,ORGANIZATION_TYPE_Advertising,0.0,low,authenticated_saved_feature_psi,False
fbv1-010-homecredit-catboost-iv-woe-s42,homecredit,catboost,iv_woe,ORGANIZATION_TYPE_Agriculture,0.0,low,authenticated_saved_feature_psi,False
fbv1-010-homecredit-catboost-iv-woe-s42,homecredit,catboost,iv_woe,ORGANIZATION_TYPE_Bank,0.0,low,authenticated_saved_feature_psi,False
fbv1-010-homecredit-catboost-iv-woe-s42,homecredit,catboost,iv_woe,ORGANIZATION_TYPE_Business Entity Type 1,0.0,low,authenticated_saved_feature_psi,False
fbv1-010-homecredit-catboost-iv-woe-s42,homecredit,catboost,iv_woe,ORGANIZATION_TYPE_Business Entity Type 2,0.0,low,authenticated_saved_feature_psi,False
fbv1-010-homecredit-catboost-iv-woe-s42,homecredit,catboost,iv_woe,ORGANIZATION_TYPE_Business Entity Type 3,0.0,low,authenticated_saved_feature_psi,False
fbv1-010-homecredit-catboost-iv-woe-s42,homecredit,catboost,iv_woe,ORGANIZATION_TYPE_Cleaning,0.0,low,authenticated_saved_feature_psi,False
fbv1-010-homecredit-catboost-iv-woe-s42,homecredit,catboost,iv_woe,ORGANIZATION_TYPE_Construction,0.0,low,authenticated_saved_feature_psi,False
fbv1-010-homecredit-catboost-iv-woe-s42,homecredit,catboost,iv_woe,ORGANIZATION_TYPE_Culture,0.0,low,authenticated_saved_feature_psi,False
fbv1-010-homecredit-catboost-iv-woe-s42,homecredit,catboost,iv_woe,ORGANIZATION_TYPE_Electricity,0.0,low,authenticated_saved_feature_psi,False
fbv1-010-homecredit-catboost-iv-woe-s42,homecredit,catboost,iv_woe,ORGANIZATION_TYPE_Emergency,0.0,low,authenticated_saved_feature_psi,False
fbv1-010-homecredit-catboost-iv-woe-s42,homecredit,catboost,iv_woe,ORGANIZATION_TYPE_Government,0.0,low,authenticated_saved_feature_psi,False
fbv1-010-homecredit-catboost-iv-woe-s42,homecredit,catboost,iv_woe,ORGANIZATION_TYPE_Hotel,0.0,low,authenticated_saved_feature_psi,False
fbv1-010-homecredit-catboost-iv-woe-s42,homecredit,catboost,iv_woe,ORGANIZATION_TYPE_Housing,0.0,low,authenticated_saved_feature_psi,False
fbv1-010-homecredit-catboost-iv-woe-s42,homecredit,catboost,iv_woe,ORGANIZATION_TYPE_Industry: type 1,0.0,low,authenticated_saved_feature_psi,False
fbv1-010-homecredit-catboost-iv-woe-s42,homecredit,catboost,iv_woe,ORGANIZATION_TYPE_Industry: type 10,0.0,low,authenticated_saved_feature_psi,False
fbv1-010-homecredit-catboost-iv-woe-s42,homecredit,catboost,iv_woe,ORGANIZATION_TYPE_Industry: type 11,0.0,low,authenticated_saved_feature_psi,False
fbv1-010-homecredit-catboost-iv-woe-s42,homecredit,catboost,iv_woe,ORGANIZATION_TYPE_Industry: type 12,0.0,low,authenticated_saved_feature_psi,False
fbv1-010-homecredit-catboost-iv-woe-s42,homecredit,catboost,iv_woe,ORGANIZATION_TYPE_Industry: type 13,0.0,low,authenticated_saved_feature_psi,False
fbv1-010-homecredit-catboost-iv-woe-s42,homecredit,catboost,iv_woe,ORGANIZATION_TYPE_Industry: type 2,0.0,low,authenticated_saved_feature_psi,False
fbv1-010-homecredit-catboost-iv-woe-s42,homecredit,catboost,iv_woe,ORGANIZATION_TYPE_Industry: type 3,0.0,low,authenticated_saved_feature_psi,False
fbv1-010-homecredit-catboost-iv-woe-s42,homecredit,catboost,iv_woe,ORGANIZATION_TYPE_Industry: type 4,0.0,low,authenticated_saved_feature_psi,False
fbv1-010-homecredit-catboost-iv-woe-s42,homecredit,catboost,iv_woe,ORGANIZATION_TYPE_Industry: type 5,0.0,low,authenticated_saved_feature_psi,False
fbv1-010-homecredit-catboost-iv-woe-s42,homecredit,catboost,iv_woe,ORGANIZATION_TYPE_Industry: type 6,0.0,low,authenticated_saved_feature_psi,False
fbv1-010-homecredit-catboost-iv-woe-s42,homecredit,catboost,iv_woe,ORGANIZATION_TYPE_Industry: type 7,0.0,low,authenticated_saved_feature_psi,False
fbv1-010-homecredit-catboost-iv-woe-s42,homecredit,catboost,iv_woe,ORGANIZATION_TYPE_Industry: type 8,0.0,low,authenticated_saved_feature_psi,False
fbv1-010-homecredit-catboost-iv-woe-s42,homecredit,catboost,iv_woe,ORGANIZATION_TYPE_Industry: type 9,0.0,low,authenticated_saved_feature_psi,False
fbv1-010-homecredit-catboost-iv-woe-s42,homecredit,catboost,iv_woe,ORGANIZATION_TYPE_Insurance,0.0,low,authenticated_saved_feature_psi,False
fbv1-010-homecredit-catboost-iv-woe-s42,homecredit,catboost,iv_woe,ORGANIZATION_TYPE_Kindergarten,0.0,low,authenticated_saved_feature_psi,False
fbv1-010-homecredit-catboost-iv-woe-s42,homecredit,catboost,iv_woe,ORGANIZATION_TYPE_Legal Services,0.0,low,authenticated_saved_feature_psi,False
fbv1-010-homecredit-catboost-iv-woe-s42,homecredit,catboost,iv_woe,ORGANIZATION_TYPE_Medicine,0.0,low,authenticated_saved_feature_psi,False
fbv1-010-homecredit-catboost-iv-woe-s42,homecredit,catboost,iv_woe,ORGANIZATION_TYPE_Military,0.0,low,authenticated_saved_feature_psi,False
fbv1-010-homecredit-catboost-iv-woe-s42,homecredit,catboost,iv_woe,ORGANIZATION_TYPE_Mobile,0.0,low,authenticated_saved_feature_psi,False
fbv1-010-homecredit-catboost-iv-woe-s42,homecredit,catboost,iv_woe,ORGANIZATION_TYPE_Other,0.0,low,authenticated_saved_feature_psi,False
fbv1-010-homecredit-catboost-iv-woe-s42,homecredit,catboost,iv_woe,ORGANIZATION_TYPE_Police,0.0,low,authenticated_saved_feature_psi,False
fbv1-010-homecredit-catboost-iv-woe-s42,homecredit,catboost,iv_woe,ORGANIZATION_TYPE_Postal,0.0,low,authenticated_saved_feature_psi,False
fbv1-010-homecredit-catboost-iv-woe-s42,homecredit,catboost,iv_woe,ORGANIZATION_TYPE_Realtor,0.0,low,authenticated_saved_feature_psi,False
fbv1-010-homecredit-catboost-iv-woe-s42,homecredit,catboost,iv_woe,ORGANIZATION_TYPE_Religion,0.0,low,authenticated_saved_feature_psi,False
fbv1-010-homecredit-catboost-iv-woe-s42,homecredit,catboost,iv_woe,ORGANIZATION_TYPE_Restaurant,0.0,low,authenticated_saved_feature_psi,False
fbv1-010-homecredit-catboost-iv-woe-s42,homecredit,catboost,iv_woe,ORGANIZATION_TYPE_School,0.0,low,authenticated_saved_feature_psi,False
fbv1-010-homecredit-catboost-iv-woe-s42,homecredit,catboost,iv_woe,ORGANIZATION_TYPE_Security,0.0,low,authenticated_saved_feature_psi,False
fbv1-010-homecredit-catboost-iv-woe-s42,homecredit,catboost,iv_woe,ORGANIZATION_TYPE_Security Ministries,0.0,low,authenticated_saved_feature_psi,False
fbv1-010-homecredit-catboost-iv-woe-s42,homecredit,catboost,iv_woe,ORGANIZATION_TYPE_Self-employed,0.0,low,authenticated_saved_feature_psi,False
fbv1-010-homecredit-catboost-iv-woe-s42,homecredit,catboost,iv_woe,ORGANIZATION_TYPE_Services,0.0,low,authenticated_saved_feature_psi,False
fbv1-010-homecredit-catboost-iv-woe-s42,homecredit,catboost,iv_woe,ORGANIZATION_TYPE_Telecom,0.0,low,authenticated_saved_feature_psi,False
fbv1-010-homecredit-catboost-iv-woe-s42,homecredit,catboost,iv_woe,ORGANIZATION_TYPE_Trade: type 1,0.0,low,authenticated_saved_feature_psi,False
fbv1-010-homecredit-catboost-iv-woe-s42,homecredit,catboost,iv_woe,ORGANIZATION_TYPE_Trade: type 2,0.0,low,authenticated_saved_feature_psi,False
fbv1-010-homecredit-catboost-iv-woe-s42,homecredit,catboost,iv_woe,ORGANIZATION_TYPE_Trade: type 3,0.0,low,authenticated_saved_feature_psi,False
fbv1-010-homecredit-catboost-iv-woe-s42,homecredit,catboost,iv_woe,ORGANIZATION_TYPE_Trade: type 4,0.0,low,authenticated_saved_feature_psi,False
fbv1-010-homecredit-catboost-iv-woe-s42,homecredit,catboost,iv_woe,ORGANIZATION_TYPE_Trade: type 5,0.0,low,authenticated_saved_feature_psi,False
fbv1-010-homecredit-catboost-iv-woe-s42,homecredit,catboost,iv_woe,ORGANIZATION_TYPE_Trade: type 6,0.0,low,authenticated_saved_feature_psi,False
fbv1-010-homecredit-catboost-iv-woe-s42,homecredit,catboost,iv_woe,ORGANIZATION_TYPE_Trade: type 7,0.0,low,authenticated_saved_feature_psi,False
fbv1-010-homecredit-catboost-iv-woe-s42,homecredit,catboost,iv_woe,ORGANIZATION_TYPE_Transport: type 1,0.0,low,authenticated_saved_feature_psi,False
fbv1-010-homecredit-catboost-iv-woe-s42,homecredit,catboost,iv_woe,ORGANIZATION_TYPE_Transport: type 2,0.0,low,authenticated_saved_feature_psi,False
fbv1-010-homecredit-catboost-iv-woe-s42,homecredit,catboost,iv_woe,ORGANIZATION_TYPE_Transport: type 3,0.0,low,authenticated_saved_feature_psi,False
fbv1-010-homecredit-catboost-iv-woe-s42,homecredit,catboost,iv_woe,ORGANIZATION_TYPE_Transport: type 4,0.0,low,authenticated_saved_feature_psi,False
fbv1-010-homecredit-catboost-iv-woe-s42,homecredit,catboost,iv_woe,ORGANIZATION_TYPE_University,0.0,low,authenticated_saved_feature_psi,False
fbv1-010-homecredit-catboost-iv-woe-s42,homecredit,catboost,iv_woe,ORGANIZATION_TYPE_XNA,0.0,low,authenticated_saved_feature_psi,False
fbv1-011-lendingclub_v2-lr-iv-woe-s42,lendingclub_v2,lr,iv_woe,bc_open_to_buy_to_loan_amnt,0.0300417526253424,low,authenticated_saved_feature_psi,False
fbv1-011-lendingclub_v2-lr-iv-woe-s42,lendingclub_v2,lr,iv_woe,acc_open_past_24mths_per_total_acc,0.0279079751277425,low,authenticated_saved_feature_psi,False
fbv1-011-lendingclub_v2-lr-iv-woe-s42,lendingclub_v2,lr,iv_woe,acc_open_past_24mths_share,0.0279079751277425,low,authenticated_saved_feature_psi,False
fbv1-011-lendingclub_v2-lr-iv-woe-s42,lendingclub_v2,lr,iv_woe,term_x_loan_to_income,0.0169743018807053,low,authenticated_saved_feature_psi,False
fbv1-011-lendingclub_v2-lr-iv-woe-s42,lendingclub_v2,lr,iv_woe,loan_to_income,0.012637828456172,low,authenticated_saved_feature_psi,False
fbv1-011-lendingclub_v2-lr-iv-woe-s42,lendingclub_v2,lr,iv_woe,loan_amnt_to_income,0.012637828456172,low,authenticated_saved_feature_psi,False
fbv1-011-lendingclub_v2-lr-iv-woe-s42,lendingclub_v2,lr,iv_woe,acc_open_past_24mths_per_credit_history_year,0.012607140849712,low,authenticated_saved_feature_psi,False
fbv1-011-lendingclub_v2-lr-iv-woe-s42,lendingclub_v2,lr,iv_woe,total_bc_limit_to_loan_amnt,0.0125781853725098,low,authenticated_saved_feature_psi,False
fbv1-011-lendingclub_v2-lr-iv-woe-s42,lendingclub_v2,lr,iv_woe,loan_to_income_x_fico,0.0117929456525409,low,authenticated_saved_feature_psi,False
fbv1-011-lendingclub_v2-lr-iv-woe-s42,lendingclub_v2,lr,iv_woe,tot_hi_cred_lim_to_loan_amnt,0.008509045935386,low,authenticated_saved_feature_psi,False
fbv1-011-lendingclub_v2-lr-iv-woe-s42,lendingclub_v2,lr,iv_woe,fico_mean,0.0049296297322064,low,authenticated_saved_feature_psi,False
fbv1-011-lendingclub_v2-lr-iv-woe-s42,lendingclub_v2,lr,iv_woe,fico_midpoint_scaled,0.0049296297322064,low,authenticated_saved_feature_psi,False
fbv1-011-lendingclub_v2-lr-iv-woe-s42,lendingclub_v2,lr,iv_woe,fico_range_low,0.0049296297322064,low,authenticated_saved_feature_psi,False
fbv1-011-lendingclub_v2-lr-iv-woe-s42,lendingclub_v2,lr,iv_woe,fico_range_high,0.0049296297322064,low,authenticated_saved_feature_psi,False
fbv1-011-lendingclub_v2-lr-iv-woe-s42,lendingclub_v2,lr,iv_woe,term_months,0.0,low,authenticated_saved_feature_psi,False
fbv1-011-lendingclub_v2-lr-iv-woe-s42,lendingclub_v2,lr,iv_woe,term_home_ownership_36 months__MORTGAGE,0.0,low,authenticated_saved_feature_psi,False
fbv1-011-lendingclub_v2-lr-iv-woe-s42,lendingclub_v2,lr,iv_woe,term_home_ownership_36 months__OWN,0.0,low,authenticated_saved_feature_psi,False
fbv1-011-lendingclub_v2-lr-iv-woe-s42,lendingclub_v2,lr,iv_woe,term_home_ownership_36 months__RENT,0.0,low,authenticated_saved_feature_psi,False
fbv1-011-lendingclub_v2-lr-iv-woe-s42,lendingclub_v2,lr,iv_woe,term_home_ownership_60 months__MORTGAGE,0.0,low,authenticated_saved_feature_psi,False
fbv1-011-lendingclub_v2-lr-iv-woe-s42,lendingclub_v2,lr,iv_woe,term_home_ownership_60 months__OWN,0.0,low,authenticated_saved_feature_psi,False
fbv1-011-lendingclub_v2-lr-iv-woe-s42,lendingclub_v2,lr,iv_woe,term_home_ownership_60 months__RENT,0.0,low,authenticated_saved_feature_psi,False
fbv1-011-lendingclub_v2-lr-iv-woe-s42,lendingclub_v2,lr,iv_woe,term_home_ownership_infrequent_sklearn,0.0,low,authenticated_saved_feature_psi,False
fbv1-011-lendingclub_v2-lr-iv-woe-s42,lendingclub_v2,lr,iv_woe,term_verification_status_36 months__Not Verified,0.0,low,authenticated_saved_feature_psi,False
fbv1-011-lendingclub_v2-lr-iv-woe-s42,lendingclub_v2,lr,iv_woe,term_verification_status_36 months__Source Verified,0.0,low,authenticated_saved_feature_psi,False
fbv1-011-lendingclub_v2-lr-iv-woe-s42,lendingclub_v2,lr,iv_woe,term_verification_status_36 months__Verified,0.0,low,authenticated_saved_feature_psi,False
fbv1-011-lendingclub_v2-lr-iv-woe-s42,lendingclub_v2,lr,iv_woe,term_verification_status_60 months__Not Verified,0.0,low,authenticated_saved_feature_psi,False
fbv1-011-lendingclub_v2-lr-iv-woe-s42,lendingclub_v2,lr,iv_woe,term_verification_status_60 months__Source Verified,0.0,low,authenticated_saved_feature_psi,False
fbv1-011-lendingclub_v2-lr-iv-woe-s42,lendingclub_v2,lr,iv_woe,term_verification_status_60 months__Verified,0.0,low,authenticated_saved_feature_psi,False
fbv1-011-lendingclub_v2-lr-iv-woe-s42,lendingclub_v2,lr,iv_woe,term_36 months,0.0,low,authenticated_saved_feature_psi,False
fbv1-011-lendingclub_v2-lr-iv-woe-s42,lendingclub_v2,lr,iv_woe,term_60 months,0.0,low,authenticated_saved_feature_psi,False
fbv1-011-lendingclub_v2-lr-iv-woe-s42,lendingclub_v2,lr,iv_woe,fico_band_x_term_elite__36 months,0.0,low,authenticated_saved_feature_psi,False
fbv1-011-lendingclub_v2-lr-iv-woe-s42,lendingclub_v2,lr,iv_woe,fico_band_x_term_elite__60 months,0.0,low,authenticated_saved_feature_psi,False
fbv1-011-lendingclub_v2-lr-iv-woe-s42,lendingclub_v2,lr,iv_woe,fico_band_x_term_near_prime__36 months,0.0,low,authenticated_saved_feature_psi,False
fbv1-011-lendingclub_v2-lr-iv-woe-s42,lendingclub_v2,lr,iv_woe,fico_band_x_term_near_prime__60 months,0.0,low,authenticated_saved_feature_psi,False
fbv1-011-lendingclub_v2-lr-iv-woe-s42,lendingclub_v2,lr,iv_woe,fico_band_x_term_prime__36 months,0.0,low,authenticated_saved_feature_psi,False
fbv1-011-lendingclub_v2-lr-iv-woe-s42,lendingclub_v2,lr,iv_woe,fico_band_x_term_prime__60 months,0.0,low,authenticated_saved_feature_psi,False
fbv1-011-lendingclub_v2-lr-iv-woe-s42,lendingclub_v2,lr,iv_woe,fico_band_x_term_prime_plus__36 months,0.0,low,authenticated_saved_feature_psi,False
fbv1-011-lendingclub_v2-lr-iv-woe-s42,lendingclub_v2,lr,iv_woe,fico_band_x_term_prime_plus__60 months,0.0,low,authenticated_saved_feature_psi,False
fbv1-011-lendingclub_v2-lr-iv-woe-s42,lendingclub_v2,lr,iv_woe,fico_band_x_term_super_prime__36 months,0.0,low,authenticated_saved_feature_psi,False
fbv1-011-lendingclub_v2-lr-iv-woe-s42,lendingclub_v2,lr,iv_woe,fico_band_x_term_super_prime__60 months,0.0,low,authenticated_saved_feature_psi,False
fbv1-011-lendingclub_v2-lr-iv-woe-s42,lendingclub_v2,lr,iv_woe,fico_band_x_term_top__36 months,0.0,low,authenticated_saved_feature_psi,False
fbv1-011-lendingclub_v2-lr-iv-woe-s42,lendingclub_v2,lr,iv_woe,fico_band_x_term_top__60 months,0.0,low,authenticated_saved_feature_psi,False
fbv1-011-lendingclub_v2-lr-iv-woe-s42,lendingclub_v2,lr,iv_woe,fico_band_elite,0.0,low,authenticated_saved_feature_psi,False
fbv1-011-lendingclub_v2-lr-iv-woe-s42,lendingclub_v2,lr,iv_woe,fico_band_near_prime,0.0,low,authenticated_saved_feature_psi,False
fbv1-011-lendingclub_v2-lr-iv-woe-s42,lendingclub_v2,lr,iv_woe,fico_band_prime,0.0,low,authenticated_saved_feature_psi,False
fbv1-011-lendingclub_v2-lr-iv-woe-s42,lendingclub_v2,lr,iv_woe,fico_band_prime_plus,0.0,low,authenticated_saved_feature_psi,False
fbv1-011-lendingclub_v2-lr-iv-woe-s42,lendingclub_v2,lr,iv_woe,fico_band_super_prime,0.0,low,authenticated_saved_feature_psi,False
fbv1-011-lendingclub_v2-lr-iv-woe-s42,lendingclub_v2,lr,iv_woe,fico_band_top,0.0,low,authenticated_saved_feature_psi,False
fbv1-012-lendingclub_v2-catboost-iv-woe-s42,lendingclub_v2,catboost,iv_woe,bc_open_to_buy_to_loan_amnt,0.0300417526253424,low,authenticated_saved_feature_psi,False
fbv1-012-lendingclub_v2-catboost-iv-woe-s42,lendingclub_v2,catboost,iv_woe,acc_open_past_24mths_share,0.0279079751277425,low,authenticated_saved_feature_psi,False
fbv1-012-lendingclub_v2-catboost-iv-woe-s42,lendingclub_v2,catboost,iv_woe,acc_open_past_24mths_per_total_acc,0.0279079751277425,low,authenticated_saved_feature_psi,False
fbv1-012-lendingclub_v2-catboost-iv-woe-s42,lendingclub_v2,catboost,iv_woe,loan_to_total_limit,0.0182069582098285,low,authenticated_saved_feature_psi,False
fbv1-012-lendingclub_v2-catboost-iv-woe-s42,lendingclub_v2,catboost,iv_woe,loan_to_total_credit_limit_v2,0.0182069582098285,low,authenticated_saved_feature_psi,False
fbv1-012-lendingclub_v2-catboost-iv-woe-s42,lendingclub_v2,catboost,iv_woe,num_tl_op_past_12m_share,0.0181952060772152,low,authenticated_saved_feature_psi,False
fbv1-012-lendingclub_v2-catboost-iv-woe-s42,lendingclub_v2,catboost,iv_woe,num_tl_op_past_12m_per_total_acc,0.0181952060772152,low,authenticated_saved_feature_psi,False
fbv1-012-lendingclub_v2-catboost-iv-woe-s42,lendingclub_v2,catboost,iv_woe,term_x_loan_to_income,0.0169743018807053,low,authenticated_saved_feature_psi,False
fbv1-012-lendingclub_v2-catboost-iv-woe-s42,lendingclub_v2,catboost,iv_woe,acc_open_past_24mths_per_open_acc,0.0161825974011042,low,authenticated_saved_feature_psi,False
fbv1-012-lendingclub_v2-catboost-iv-woe-s42,lendingclub_v2,catboost,iv_woe,num_tl_op_past_12m,0.0157202468814718,low,authenticated_saved_feature_psi,False
fbv1-012-lendingclub_v2-catboost-iv-woe-s42,lendingclub_v2,catboost,iv_woe,log_num_tl_op_past_12m,0.0157202468814718,low,authenticated_saved_feature_psi,False
fbv1-012-lendingclub_v2-catboost-iv-woe-s42,lendingclub_v2,catboost,iv_woe,dti_x_revol_util,0.015628565883268,low,authenticated_saved_feature_psi,False
fbv1-012-lendingclub_v2-catboost-iv-woe-s42,lendingclub_v2,catboost,iv_woe,dti_x_bc_util,0.0154729477779661,low,authenticated_saved_feature_psi,False
fbv1-012-lendingclub_v2-catboost-iv-woe-s42,lendingclub_v2,catboost,iv_woe,log_acc_open_past_24mths,0.0150282310414455,low,authenticated_saved_feature_psi,False
fbv1-012-lendingclub_v2-catboost-iv-woe-s42,lendingclub_v2,catboost,iv_woe,acc_open_past_24mths,0.0150282310414455,low,authenticated_saved_feature_psi,False
fbv1-012-lendingclub_v2-catboost-iv-woe-s42,lendingclub_v2,catboost,iv_woe,total_rev_hi_lim_to_loan_amnt,0.0144625700611583,low,authenticated_saved_feature_psi,False
fbv1-012-lendingclub_v2-catboost-iv-woe-s42,lendingclub_v2,catboost,iv_woe,loan_to_income,0.012637828456172,low,authenticated_saved_feature_psi,False
fbv1-012-lendingclub_v2-catboost-iv-woe-s42,lendingclub_v2,catboost,iv_woe,loan_amnt_to_income,0.012637828456172,low,authenticated_saved_feature_psi,False
fbv1-012-lendingclub_v2-catboost-iv-woe-s42,lendingclub_v2,catboost,iv_woe,acc_open_past_24mths_per_credit_history_year,0.012607140849712,low,authenticated_saved_feature_psi,False
fbv1-012-lendingclub_v2-catboost-iv-woe-s42,lendingclub_v2,catboost,iv_woe,total_bc_limit_to_loan_amnt,0.0125781853725098,low,authenticated_saved_feature_psi,False
fbv1-012-lendingclub_v2-catboost-iv-woe-s42,lendingclub_v2,catboost,iv_woe,loan_to_income_x_fico,0.0117929456525409,low,authenticated_saved_feature_psi,False
fbv1-012-lendingclub_v2-catboost-iv-woe-s42,lendingclub_v2,catboost,iv_woe,num_tl_op_past_12m_per_credit_history_year,0.0109234944910251,low,authenticated_saved_feature_psi,False
fbv1-012-lendingclub_v2-catboost-iv-woe-s42,lendingclub_v2,catboost,iv_woe,tot_hi_cred_lim_to_loan_amnt,0.008509045935386,low,authenticated_saved_feature_psi,False
fbv1-012-lendingclub_v2-catboost-iv-woe-s42,lendingclub_v2,catboost,iv_woe,tot_cur_bal_to_loan_amnt,0.0055059435980842,low,authenticated_saved_feature_psi,False
fbv1-012-lendingclub_v2-catboost-iv-woe-s42,lendingclub_v2,catboost,iv_woe,fico_range_low,0.0049296297322064,low,authenticated_saved_feature_psi,False
fbv1-012-lendingclub_v2-catboost-iv-woe-s42,lendingclub_v2,catboost,iv_woe,fico_range_high,0.0049296297322064,low,authenticated_saved_feature_psi,False
fbv1-012-lendingclub_v2-catboost-iv-woe-s42,lendingclub_v2,catboost,iv_woe,fico_mean,0.0049296297322064,low,authenticated_saved_feature_psi,False
fbv1-012-lendingclub_v2-catboost-iv-woe-s42,lendingclub_v2,catboost,iv_woe,fico_midpoint_scaled,0.0049296297322064,low,authenticated_saved_feature_psi,False
fbv1-012-lendingclub_v2-catboost-iv-woe-s42,lendingclub_v2,catboost,iv_woe,avg_cur_bal_to_loan_amnt,0.0040595432235471,low,authenticated_saved_feature_psi,False
fbv1-012-lendingclub_v2-catboost-iv-woe-s42,lendingclub_v2,catboost,iv_woe,balance_to_high_credit_limit,0.0029630799019905,low,authenticated_saved_feature_psi,False
fbv1-012-lendingclub_v2-catboost-iv-woe-s42,lendingclub_v2,catboost,iv_woe,dti,0.0010873667543974,low,authenticated_saved_feature_psi,False
fbv1-012-lendingclub_v2-catboost-iv-woe-s42,lendingclub_v2,catboost,iv_woe,term_months,0.0,low,authenticated_saved_feature_psi,False
fbv1-012-lendingclub_v2-catboost-iv-woe-s42,lendingclub_v2,catboost,iv_woe,prime_fico_flag,0.0,low,authenticated_saved_feature_psi,False
fbv1-012-lendingclub_v2-catboost-iv-woe-s42,lendingclub_v2,catboost,iv_woe,term_home_ownership_36 months__MORTGAGE,0.0,low,authenticated_saved_feature_psi,False
fbv1-012-lendingclub_v2-catboost-iv-woe-s42,lendingclub_v2,catboost,iv_woe,term_home_ownership_36 months__OWN,0.0,low,authenticated_saved_feature_psi,False
fbv1-012-lendingclub_v2-catboost-iv-woe-s42,lendingclub_v2,catboost,iv_woe,term_home_ownership_36 months__RENT,0.0,low,authenticated_saved_feature_psi,False
fbv1-012-lendingclub_v2-catboost-iv-woe-s42,lendingclub_v2,catboost,iv_woe,term_home_ownership_60 months__MORTGAGE,0.0,low,authenticated_saved_feature_psi,False
fbv1-012-lendingclub_v2-catboost-iv-woe-s42,lendingclub_v2,catboost,iv_woe,term_home_ownership_60 months__OWN,0.0,low,authenticated_saved_feature_psi,False
fbv1-012-lendingclub_v2-catboost-iv-woe-s42,lendingclub_v2,catboost,iv_woe,term_home_ownership_60 months__RENT,0.0,low,authenticated_saved_feature_psi,False
fbv1-012-lendingclub_v2-catboost-iv-woe-s42,lendingclub_v2,catboost,iv_woe,term_home_ownership_infrequent_sklearn,0.0,low,authenticated_saved_feature_psi,False
fbv1-012-lendingclub_v2-catboost-iv-woe-s42,lendingclub_v2,catboost,iv_woe,term_verification_status_36 months__Not Verified,0.0,low,authenticated_saved_feature_psi,False
fbv1-012-lendingclub_v2-catboost-iv-woe-s42,lendingclub_v2,catboost,iv_woe,term_verification_status_36 months__Source Verified,0.0,low,authenticated_saved_feature_psi,False
fbv1-012-lendingclub_v2-catboost-iv-woe-s42,lendingclub_v2,catboost,iv_woe,term_verification_status_36 months__Verified,0.0,low,authenticated_saved_feature_psi,False
fbv1-012-lendingclub_v2-catboost-iv-woe-s42,lendingclub_v2,catboost,iv_woe,term_verification_status_60 months__Not Verified,0.0,low,authenticated_saved_feature_psi,False
fbv1-012-lendingclub_v2-catboost-iv-woe-s42,lendingclub_v2,catboost,iv_woe,term_verification_status_60 months__Source Verified,0.0,low,authenticated_saved_feature_psi,False
fbv1-012-lendingclub_v2-catboost-iv-woe-s42,lendingclub_v2,catboost,iv_woe,term_verification_status_60 months__Verified,0.0,low,authenticated_saved_feature_psi,False
fbv1-012-lendingclub_v2-catboost-iv-woe-s42,lendingclub_v2,catboost,iv_woe,term_36 months,0.0,low,authenticated_saved_feature_psi,False
fbv1-012-lendingclub_v2-catboost-iv-woe-s42,lendingclub_v2,catboost,iv_woe,term_60 months,0.0,low,authenticated_saved_feature_psi,False
fbv1-012-lendingclub_v2-catboost-iv-woe-s42,lendingclub_v2,catboost,iv_woe,fico_band_x_term_elite__36 months,0.0,low,authenticated_saved_feature_psi,False
fbv1-012-lendingclub_v2-catboost-iv-woe-s42,lendingclub_v2,catboost,iv_woe,fico_band_x_term_elite__60 months,0.0,low,authenticated_saved_feature_psi,False
fbv1-012-lendingclub_v2-catboost-iv-woe-s42,lendingclub_v2,catboost,iv_woe,fico_band_x_term_near_prime__36 months,0.0,low,authenticated_saved_feature_psi,False
fbv1-012-lendingclub_v2-catboost-iv-woe-s42,lendingclub_v2,catboost,iv_woe,fico_band_x_term_near_prime__60 months,0.0,low,authenticated_saved_feature_psi,False
fbv1-012-lendingclub_v2-catboost-iv-woe-s42,lendingclub_v2,catboost,iv_woe,fico_band_x_term_prime__36 months,0.0,low,authenticated_saved_feature_psi,False
fbv1-012-lendingclub_v2-catboost-iv-woe-s42,lendingclub_v2,catboost,iv_woe,fico_band_x_term_prime__60 months,0.0,low,authenticated_saved_feature_psi,False
fbv1-012-lendingclub_v2-catboost-iv-woe-s42,lendingclub_v2,catboost,iv_woe,fico_band_x_term_prime_plus__36 months,0.0,low,authenticated_saved_feature_psi,False
fbv1-012-lendingclub_v2-catboost-iv-woe-s42,lendingclub_v2,catboost,iv_woe,fico_band_x_term_prime_plus__60 months,0.0,low,authenticated_saved_feature_psi,False
fbv1-012-lendingclub_v2-catboost-iv-woe-s42,lendingclub_v2,catboost,iv_woe,fico_band_x_term_super_prime__36 months,0.0,low,authenticated_saved_feature_psi,False
fbv1-012-lendingclub_v2-catboost-iv-woe-s42,lendingclub_v2,catboost,iv_woe,fico_band_x_term_super_prime__60 months,0.0,low,authenticated_saved_feature_psi,False
fbv1-012-lendingclub_v2-catboost-iv-woe-s42,lendingclub_v2,catboost,iv_woe,fico_band_x_term_top__36 months,0.0,low,authenticated_saved_feature_psi,False
fbv1-012-lendingclub_v2-catboost-iv-woe-s42,lendingclub_v2,catboost,iv_woe,fico_band_x_term_top__60 months,0.0,low,authenticated_saved_feature_psi,False
fbv1-012-lendingclub_v2-catboost-iv-woe-s42,lendingclub_v2,catboost,iv_woe,fico_band_elite,0.0,low,authenticated_saved_feature_psi,False
fbv1-012-lendingclub_v2-catboost-iv-woe-s42,lendingclub_v2,catboost,iv_woe,fico_band_near_prime,0.0,low,authenticated_saved_feature_psi,False
fbv1-012-lendingclub_v2-catboost-iv-woe-s42,lendingclub_v2,catboost,iv_woe,fico_band_prime,0.0,low,authenticated_saved_feature_psi,False
fbv1-012-lendingclub_v2-catboost-iv-woe-s42,lendingclub_v2,catboost,iv_woe,fico_band_prime_plus,0.0,low,authenticated_saved_feature_psi,False
fbv1-012-lendingclub_v2-catboost-iv-woe-s42,lendingclub_v2,catboost,iv_woe,fico_band_super_prime,0.0,low,authenticated_saved_feature_psi,False
fbv1-012-lendingclub_v2-catboost-iv-woe-s42,lendingclub_v2,catboost,iv_woe,fico_band_top,0.0,low,authenticated_saved_feature_psi,False
fbv1-012-lendingclub_v2-catboost-iv-woe-s42,lendingclub_v2,catboost,iv_woe,acc_open_past_24mths_band_extreme,0.0,low,authenticated_saved_feature_psi,False
fbv1-012-lendingclub_v2-catboost-iv-woe-s42,lendingclub_v2,catboost,iv_woe,acc_open_past_24mths_band_high,0.0,low,authenticated_saved_feature_psi,False
fbv1-012-lendingclub_v2-catboost-iv-woe-s42,lendingclub_v2,catboost,iv_woe,acc_open_past_24mths_band_light,0.0,low,authenticated_saved_feature_psi,False
fbv1-012-lendingclub_v2-catboost-iv-woe-s42,lendingclub_v2,catboost,iv_woe,acc_open_past_24mths_band_moderate,0.0,low,authenticated_saved_feature_psi,False
fbv1-012-lendingclub_v2-catboost-iv-woe-s42,lendingclub_v2,catboost,iv_woe,acc_open_past_24mths_band_none,0.0,low,authenticated_saved_feature_psi,False
fbv1-012-lendingclub_v2-catboost-iv-woe-s42,lendingclub_v2,catboost,iv_woe,acc_open_past_24mths_band_very_high,0.0,low,authenticated_saved_feature_psi,False
fbv1-012-lendingclub_v2-catboost-iv-woe-s42,lendingclub_v2,catboost,iv_woe,dti_band_high,0.0,low,authenticated_saved_feature_psi,False
fbv1-012-lendingclub_v2-catboost-iv-woe-s42,lendingclub_v2,catboost,iv_woe,dti_band_low,0.0,low,authenticated_saved_feature_psi,False
fbv1-012-lendingclub_v2-catboost-iv-woe-s42,lendingclub_v2,catboost,iv_woe,dti_band_moderate,0.0,low,authenticated_saved_feature_psi,False
fbv1-012-lendingclub_v2-catboost-iv-woe-s42,lendingclub_v2,catboost,iv_woe,dti_band_very_low,0.0,low,authenticated_saved_feature_psi,False
fbv1-012-lendingclub_v2-catboost-iv-woe-s42,lendingclub_v2,catboost,iv_woe,dti_band_infrequent_sklearn,0.0,low,authenticated_saved_feature_psi,False
fbv1-013-homecredit-lr-mrmr-mutual-information-s42,homecredit,lr,mrmr_mutual_information,AMT_REQ_CREDIT_BUREAU_QRT,0.2864298456580416,high,authenticated_saved_feature_psi,False
fbv1-013-homecredit-lr-mrmr-mutual-information-s42,homecredit,lr,mrmr_mutual_information,EXT_SOURCE_3,0.020728354694539,low,authenticated_saved_feature_psi,False
fbv1-013-homecredit-lr-mrmr-mutual-information-s42,homecredit,lr,mrmr_mutual_information,CC_AMT_DRAWINGS_ATM_CURRENT_MIN,0.017130990542785,low,authenticated_saved_feature_psi,False
fbv1-013-homecredit-lr-mrmr-mutual-information-s42,homecredit,lr,mrmr_mutual_information,PREV_AMT_DOWN_PAYMENT_SUM,0.0134603656668472,low,authenticated_saved_feature_psi,False
fbv1-013-homecredit-lr-mrmr-mutual-information-s42,homecredit,lr,mrmr_mutual_information,CC_CNT_DRAWINGS_ATM_CURRENT_MEAN,0.0107650910750107,low,authenticated_saved_feature_psi,False
fbv1-013-homecredit-lr-mrmr-mutual-information-s42,homecredit,lr,mrmr_mutual_information,BURO_AMT_CREDIT_SUM_LIMIT_MIN,0.0026754315940814,low,authenticated_saved_feature_psi,False
fbv1-013-homecredit-lr-mrmr-mutual-information-s42,homecredit,lr,mrmr_mutual_information,EXT_SOURCE_2,0.0017907560370425,low,authenticated_saved_feature_psi,False
fbv1-013-homecredit-lr-mrmr-mutual-information-s42,homecredit,lr,mrmr_mutual_information,EXT_SOURCE_1,0.0005418708919522,low,authenticated_saved_feature_psi,False
fbv1-013-homecredit-lr-mrmr-mutual-information-s42,homecredit,lr,mrmr_mutual_information,COMMONAREA_AVG,0.0001837612802809,low,authenticated_saved_feature_psi,False
fbv1-013-homecredit-lr-mrmr-mutual-information-s42,homecredit,lr,mrmr_mutual_information,PREV_DAYS_FIRST_DRAWING_VAR,6.581476079991338e-06,low,authenticated_saved_feature_psi,False
fbv1-013-homecredit-lr-mrmr-mutual-information-s42,homecredit,lr,mrmr_mutual_information,DEF_30_CNT_SOCIAL_CIRCLE,4.109553859523336e-06,low,authenticated_saved_feature_psi,False
fbv1-013-homecredit-lr-mrmr-mutual-information-s42,homecredit,lr,mrmr_mutual_information,PREV_RATE_INTEREST_PRIMARY_VAR,3.054486393688976e-06,low,authenticated_saved_feature_psi,False
fbv1-013-homecredit-lr-mrmr-mutual-information-s42,homecredit,lr,mrmr_mutual_information,POS_LATE_PAYMENT_MEAN,1.8890583453949169e-06,low,authenticated_saved_feature_psi,False
fbv1-013-homecredit-lr-mrmr-mutual-information-s42,homecredit,lr,mrmr_mutual_information,FLAG_WORK_PHONE,0.0,low,authenticated_saved_feature_psi,False
fbv1-013-homecredit-lr-mrmr-mutual-information-s42,homecredit,lr,mrmr_mutual_information,FLAG_CONT_MOBILE,0.0,low,authenticated_saved_feature_psi,False
fbv1-013-homecredit-lr-mrmr-mutual-information-s42,homecredit,lr,mrmr_mutual_information,FLAG_DOCUMENT_3,0.0,low,authenticated_saved_feature_psi,False
fbv1-013-homecredit-lr-mrmr-mutual-information-s42,homecredit,lr,mrmr_mutual_information,PREV_NFLAG_LAST_APPL_IN_DAY_MEAN,0.0,low,authenticated_saved_feature_psi,False
fbv1-013-homecredit-lr-mrmr-mutual-information-s42,homecredit,lr,mrmr_mutual_information,CODE_GENDER_F,0.0,low,authenticated_saved_feature_psi,False
fbv1-013-homecredit-lr-mrmr-mutual-information-s42,homecredit,lr,mrmr_mutual_information,CODE_GENDER_M,0.0,low,authenticated_saved_feature_psi,False
fbv1-013-homecredit-lr-mrmr-mutual-information-s42,homecredit,lr,mrmr_mutual_information,CODE_GENDER_infrequent_sklearn,0.0,low,authenticated_saved_feature_psi,False
fbv1-013-homecredit-lr-mrmr-mutual-information-s42,homecredit,lr,mrmr_mutual_information,WEEKDAY_APPR_PROCESS_START_FRIDAY,0.0,low,authenticated_saved_feature_psi,False
fbv1-013-homecredit-lr-mrmr-mutual-information-s42,homecredit,lr,mrmr_mutual_information,WEEKDAY_APPR_PROCESS_START_MONDAY,0.0,low,authenticated_saved_feature_psi,False
fbv1-013-homecredit-lr-mrmr-mutual-information-s42,homecredit,lr,mrmr_mutual_information,WEEKDAY_APPR_PROCESS_START_SATURDAY,0.0,low,authenticated_saved_feature_psi,False
fbv1-013-homecredit-lr-mrmr-mutual-information-s42,homecredit,lr,mrmr_mutual_information,WEEKDAY_APPR_PROCESS_START_SUNDAY,0.0,low,authenticated_saved_feature_psi,False
fbv1-013-homecredit-lr-mrmr-mutual-information-s42,homecredit,lr,mrmr_mutual_information,WEEKDAY_APPR_PROCESS_START_THURSDAY,0.0,low,authenticated_saved_feature_psi,False
fbv1-013-homecredit-lr-mrmr-mutual-information-s42,homecredit,lr,mrmr_mutual_information,WEEKDAY_APPR_PROCESS_START_TUESDAY,0.0,low,authenticated_saved_feature_psi,False
fbv1-013-homecredit-lr-mrmr-mutual-information-s42,homecredit,lr,mrmr_mutual_information,WEEKDAY_APPR_PROCESS_START_WEDNESDAY,0.0,low,authenticated_saved_feature_psi,False
fbv1-013-homecredit-lr-mrmr-mutual-information-s42,homecredit,lr,mrmr_mutual_information,NAME_HOUSING_TYPE_Co-op apartment,0.0,low,authenticated_saved_feature_psi,False
fbv1-013-homecredit-lr-mrmr-mutual-information-s42,homecredit,lr,mrmr_mutual_information,NAME_HOUSING_TYPE_House / apartment,0.0,low,authenticated_saved_feature_psi,False
fbv1-013-homecredit-lr-mrmr-mutual-information-s42,homecredit,lr,mrmr_mutual_information,NAME_HOUSING_TYPE_Municipal apartment,0.0,low,authenticated_saved_feature_psi,False
fbv1-013-homecredit-lr-mrmr-mutual-information-s42,homecredit,lr,mrmr_mutual_information,NAME_HOUSING_TYPE_Office apartment,0.0,low,authenticated_saved_feature_psi,False
fbv1-013-homecredit-lr-mrmr-mutual-information-s42,homecredit,lr,mrmr_mutual_information,NAME_HOUSING_TYPE_Rented apartment,0.0,low,authenticated_saved_feature_psi,False
fbv1-013-homecredit-lr-mrmr-mutual-information-s42,homecredit,lr,mrmr_mutual_information,NAME_HOUSING_TYPE_With parents,0.0,low,authenticated_saved_feature_psi,False
fbv1-014-homecredit-catboost-mrmr-mutual-information-s42,homecredit,catboost,mrmr_mutual_information,PREV_DAYS_DECISION_MAX,12.511347253236298,high,authenticated_saved_feature_psi,False
fbv1-014-homecredit-catboost-mrmr-mutual-information-s42,homecredit,catboost,mrmr_mutual_information,AMT_REQ_CREDIT_BUREAU_QRT,0.2864298456580416,high,authenticated_saved_feature_psi,False
fbv1-014-homecredit-catboost-mrmr-mutual-information-s42,homecredit,catboost,mrmr_mutual_information,PREV_INTEREST_ESTIMATE_MAX,0.0639268824804577,low,authenticated_saved_feature_psi,False
fbv1-014-homecredit-catboost-mrmr-mutual-information-s42,homecredit,catboost,mrmr_mutual_information,CC_LIMIT_USE_MIN,0.0319935366161149,low,authenticated_saved_feature_psi,False
fbv1-014-homecredit-catboost-mrmr-mutual-information-s42,homecredit,catboost,mrmr_mutual_information,CC_AMT_RECEIVABLE_PRINCIPAL_MIN,0.0301920093370043,low,authenticated_saved_feature_psi,False
fbv1-014-homecredit-catboost-mrmr-mutual-information-s42,homecredit,catboost,mrmr_mutual_information,CC_AMT_BALANCE_MIN,0.0292539748685236,low,authenticated_saved_feature_psi,False
fbv1-014-homecredit-catboost-mrmr-mutual-information-s42,homecredit,catboost,mrmr_mutual_information,EXT_SOURCE_3,0.020728354694539,low,authenticated_saved_feature_psi,False
fbv1-014-homecredit-catboost-mrmr-mutual-information-s42,homecredit,catboost,mrmr_mutual_information,PREV_RATE_INTEREST_PRIVILEGED_MAX,0.0199152551819375,low,authenticated_saved_feature_psi,False
fbv1-014-homecredit-catboost-mrmr-mutual-information-s42,homecredit,catboost,mrmr_mutual_information,CC_AMT_DRAWINGS_ATM_CURRENT_MIN,0.017130990542785,low,authenticated_saved_feature_psi,False
fbv1-014-homecredit-catboost-mrmr-mutual-information-s42,homecredit,catboost,mrmr_mutual_information,PREV_AMT_DOWN_PAYMENT_SUM,0.0134603656668472,low,authenticated_saved_feature_psi,False
fbv1-014-homecredit-catboost-mrmr-mutual-information-s42,homecredit,catboost,mrmr_mutual_information,PREV_RATE_INTEREST_PRIMARY_MEAN,0.0123270319113801,low,authenticated_saved_feature_psi,False
fbv1-014-homecredit-catboost-mrmr-mutual-information-s42,homecredit,catboost,mrmr_mutual_information,CC_CNT_DRAWINGS_ATM_CURRENT_MEAN,0.0107650910750107,low,authenticated_saved_feature_psi,False
fbv1-014-homecredit-catboost-mrmr-mutual-information-s42,homecredit,catboost,mrmr_mutual_information,INSTAL_PAYMENT_RATIO_MAX,0.0074677812875934,low,authenticated_saved_feature_psi,False
fbv1-014-homecredit-catboost-mrmr-mutual-information-s42,homecredit,catboost,mrmr_mutual_information,BURO_AMT_CREDIT_MAX_OVERDUE_VAR,0.0073879539667206,low,authenticated_saved_feature_psi,False
fbv1-014-homecredit-catboost-mrmr-mutual-information-s42,homecredit,catboost,mrmr_mutual_information,BURO_BB_MONTHS_BALANCE_MAX_MAX,0.0038986162044769,low,authenticated_saved_feature_psi,False
fbv1-014-homecredit-catboost-mrmr-mutual-information-s42,homecredit,catboost,mrmr_mutual_information,AMT_CREDIT,0.0035368145621176,low,authenticated_saved_feature_psi,False
fbv1-014-homecredit-catboost-mrmr-mutual-information-s42,homecredit,catboost,mrmr_mutual_information,BURO_AMT_CREDIT_SUM_DEBT_MIN,0.0028699952755609,low,authenticated_saved_feature_psi,False
fbv1-014-homecredit-catboost-mrmr-mutual-information-s42,homecredit,catboost,mrmr_mutual_information,BURO_AMT_CREDIT_SUM_LIMIT_MIN,0.0026754315940814,low,authenticated_saved_feature_psi,False
fbv1-014-homecredit-catboost-mrmr-mutual-information-s42,homecredit,catboost,mrmr_mutual_information,EXT_SOURCE_2,0.0017907560370425,low,authenticated_saved_feature_psi,False
fbv1-014-homecredit-catboost-mrmr-mutual-information-s42,homecredit,catboost,mrmr_mutual_information,DAYS_ID_PUBLISH,0.0009913686441323,low,authenticated_saved_feature_psi,False
fbv1-014-homecredit-catboost-mrmr-mutual-information-s42,homecredit,catboost,mrmr_mutual_information,DAYS_REGISTRATION,0.0008141816578874,low,authenticated_saved_feature_psi,False
fbv1-014-homecredit-catboost-mrmr-mutual-information-s42,homecredit,catboost,mrmr_mutual_information,EXT_SOURCE_1,0.0005418708919522,low,authenticated_saved_feature_psi,False
fbv1-014-homecredit-catboost-mrmr-mutual-information-s42,homecredit,catboost,mrmr_mutual_information,HOUR_APPR_PROCESS_START,0.0003114803392052,low,authenticated_saved_feature_psi,False
fbv1-014-homecredit-catboost-mrmr-mutual-information-s42,homecredit,catboost,mrmr_mutual_information,COMMONAREA_AVG,0.0001837612802809,low,authenticated_saved_feature_psi,False
fbv1-014-homecredit-catboost-mrmr-mutual-information-s42,homecredit,catboost,mrmr_mutual_information,AMT_REQ_CREDIT_BUREAU_MON,7.762172103536723e-05,low,authenticated_saved_feature_psi,False
fbv1-014-homecredit-catboost-mrmr-mutual-information-s42,homecredit,catboost,mrmr_mutual_information,PREV_DAYS_FIRST_DRAWING_VAR,6.581476079991338e-06,low,authenticated_saved_feature_psi,False
fbv1-014-homecredit-catboost-mrmr-mutual-information-s42,homecredit,catboost,mrmr_mutual_information,DEF_30_CNT_SOCIAL_CIRCLE,4.109553859523336e-06,low,authenticated_saved_feature_psi,False
fbv1-014-homecredit-catboost-mrmr-mutual-information-s42,homecredit,catboost,mrmr_mutual_information,PREV_RATE_INTEREST_PRIMARY_VAR,3.054486393688976e-06,low,authenticated_saved_feature_psi,False
fbv1-014-homecredit-catboost-mrmr-mutual-information-s42,homecredit,catboost,mrmr_mutual_information,POS_LATE_PAYMENT_MEAN,1.8890583453949169e-06,low,authenticated_saved_feature_psi,False
fbv1-014-homecredit-catboost-mrmr-mutual-information-s42,homecredit,catboost,mrmr_mutual_information,FLAG_CONT_MOBILE,0.0,low,authenticated_saved_feature_psi,False
fbv1-014-homecredit-catboost-mrmr-mutual-information-s42,homecredit,catboost,mrmr_mutual_information,PREV_NFLAG_LAST_APPL_IN_DAY_MEAN,0.0,low,authenticated_saved_feature_psi,False
fbv1-014-homecredit-catboost-mrmr-mutual-information-s42,homecredit,catboost,mrmr_mutual_information,FLAG_WORK_PHONE,0.0,low,authenticated_saved_feature_psi,False
fbv1-014-homecredit-catboost-mrmr-mutual-information-s42,homecredit,catboost,mrmr_mutual_information,FLAG_DOCUMENT_3,0.0,low,authenticated_saved_feature_psi,False
fbv1-014-homecredit-catboost-mrmr-mutual-information-s42,homecredit,catboost,mrmr_mutual_information,LIVE_CITY_NOT_WORK_CITY,0.0,low,authenticated_saved_feature_psi,False
fbv1-014-homecredit-catboost-mrmr-mutual-information-s42,homecredit,catboost,mrmr_mutual_information,CODE_GENDER_F,0.0,low,authenticated_saved_feature_psi,False
fbv1-014-homecredit-catboost-mrmr-mutual-information-s42,homecredit,catboost,mrmr_mutual_information,CODE_GENDER_M,0.0,low,authenticated_saved_feature_psi,False
fbv1-014-homecredit-catboost-mrmr-mutual-information-s42,homecredit,catboost,mrmr_mutual_information,CODE_GENDER_infrequent_sklearn,0.0,low,authenticated_saved_feature_psi,False
fbv1-014-homecredit-catboost-mrmr-mutual-information-s42,homecredit,catboost,mrmr_mutual_information,WEEKDAY_APPR_PROCESS_START_FRIDAY,0.0,low,authenticated_saved_feature_psi,False
fbv1-014-homecredit-catboost-mrmr-mutual-information-s42,homecredit,catboost,mrmr_mutual_information,WEEKDAY_APPR_PROCESS_START_MONDAY,0.0,low,authenticated_saved_feature_psi,False
fbv1-014-homecredit-catboost-mrmr-mutual-information-s42,homecredit,catboost,mrmr_mutual_information,WEEKDAY_APPR_PROCESS_START_SATURDAY,0.0,low,authenticated_saved_feature_psi,False
fbv1-014-homecredit-catboost-mrmr-mutual-information-s42,homecredit,catboost,mrmr_mutual_information,WEEKDAY_APPR_PROCESS_START_SUNDAY,0.0,low,authenticated_saved_feature_psi,False
fbv1-014-homecredit-catboost-mrmr-mutual-information-s42,homecredit,catboost,mrmr_mutual_information,WEEKDAY_APPR_PROCESS_START_THURSDAY,0.0,low,authenticated_saved_feature_psi,False
fbv1-014-homecredit-catboost-mrmr-mutual-information-s42,homecredit,catboost,mrmr_mutual_information,WEEKDAY_APPR_PROCESS_START_TUESDAY,0.0,low,authenticated_saved_feature_psi,False
fbv1-014-homecredit-catboost-mrmr-mutual-information-s42,homecredit,catboost,mrmr_mutual_information,WEEKDAY_APPR_PROCESS_START_WEDNESDAY,0.0,low,authenticated_saved_feature_psi,False
fbv1-014-homecredit-catboost-mrmr-mutual-information-s42,homecredit,catboost,mrmr_mutual_information,NAME_HOUSING_TYPE_Co-op apartment,0.0,low,authenticated_saved_feature_psi,False
fbv1-014-homecredit-catboost-mrmr-mutual-information-s42,homecredit,catboost,mrmr_mutual_information,NAME_HOUSING_TYPE_House / apartment,0.0,low,authenticated_saved_feature_psi,False
fbv1-014-homecredit-catboost-mrmr-mutual-information-s42,homecredit,catboost,mrmr_mutual_information,NAME_HOUSING_TYPE_Municipal apartment,0.0,low,authenticated_saved_feature_psi,False
fbv1-014-homecredit-catboost-mrmr-mutual-information-s42,homecredit,catboost,mrmr_mutual_information,NAME_HOUSING_TYPE_Office apartment,0.0,low,authenticated_saved_feature_psi,False
fbv1-014-homecredit-catboost-mrmr-mutual-information-s42,homecredit,catboost,mrmr_mutual_information,NAME_HOUSING_TYPE_Rented apartment,0.0,low,authenticated_saved_feature_psi,False
fbv1-014-homecredit-catboost-mrmr-mutual-information-s42,homecredit,catboost,mrmr_mutual_information,NAME_HOUSING_TYPE_With parents,0.0,low,authenticated_saved_feature_psi,False
fbv1-014-homecredit-catboost-mrmr-mutual-information-s42,homecredit,catboost,mrmr_mutual_information,NAME_EDUCATION_TYPE_Academic degree,0.0,low,authenticated_saved_feature_psi,False
fbv1-014-homecredit-catboost-mrmr-mutual-information-s42,homecredit,catboost,mrmr_mutual_information,NAME_EDUCATION_TYPE_Higher education,0.0,low,authenticated_saved_feature_psi,False
fbv1-014-homecredit-catboost-mrmr-mutual-information-s42,homecredit,catboost,mrmr_mutual_information,NAME_EDUCATION_TYPE_Incomplete higher,0.0,low,authenticated_saved_feature_psi,False
fbv1-014-homecredit-catboost-mrmr-mutual-information-s42,homecredit,catboost,mrmr_mutual_information,NAME_EDUCATION_TYPE_Lower secondary,0.0,low,authenticated_saved_feature_psi,False
fbv1-014-homecredit-catboost-mrmr-mutual-information-s42,homecredit,catboost,mrmr_mutual_information,NAME_EDUCATION_TYPE_Secondary / secondary special,0.0,low,authenticated_saved_feature_psi,False
fbv1-014-homecredit-catboost-mrmr-mutual-information-s42,homecredit,catboost,mrmr_mutual_information,NAME_TYPE_SUITE_Children,0.0,low,authenticated_saved_feature_psi,False
fbv1-014-homecredit-catboost-mrmr-mutual-information-s42,homecredit,catboost,mrmr_mutual_information,NAME_TYPE_SUITE_Family,0.0,low,authenticated_saved_feature_psi,False
fbv1-014-homecredit-catboost-mrmr-mutual-information-s42,homecredit,catboost,mrmr_mutual_information,NAME_TYPE_SUITE_Group of people,0.0,low,authenticated_saved_feature_psi,False
fbv1-014-homecredit-catboost-mrmr-mutual-information-s42,homecredit,catboost,mrmr_mutual_information,NAME_TYPE_SUITE_Missing,0.0,low,authenticated_saved_feature_psi,False
fbv1-014-homecredit-catboost-mrmr-mutual-information-s42,homecredit,catboost,mrmr_mutual_information,NAME_TYPE_SUITE_Other_A,0.0,low,authenticated_saved_feature_psi,False
fbv1-014-homecredit-catboost-mrmr-mutual-information-s42,homecredit,catboost,mrmr_mutual_information,NAME_TYPE_SUITE_Other_B,0.0,low,authenticated_saved_feature_psi,False
fbv1-014-homecredit-catboost-mrmr-mutual-information-s42,homecredit,catboost,mrmr_mutual_information,"NAME_TYPE_SUITE_Spouse, partner",0.0,low,authenticated_saved_feature_psi,False
fbv1-014-homecredit-catboost-mrmr-mutual-information-s42,homecredit,catboost,mrmr_mutual_information,NAME_TYPE_SUITE_Unaccompanied,0.0,low,authenticated_saved_feature_psi,False
fbv1-014-homecredit-catboost-mrmr-mutual-information-s42,homecredit,catboost,mrmr_mutual_information,NAME_FAMILY_STATUS_Civil marriage,0.0,low,authenticated_saved_feature_psi,False
fbv1-014-homecredit-catboost-mrmr-mutual-information-s42,homecredit,catboost,mrmr_mutual_information,NAME_FAMILY_STATUS_Married,0.0,low,authenticated_saved_feature_psi,False
fbv1-014-homecredit-catboost-mrmr-mutual-information-s42,homecredit,catboost,mrmr_mutual_information,NAME_FAMILY_STATUS_Separated,0.0,low,authenticated_saved_feature_psi,False
fbv1-014-homecredit-catboost-mrmr-mutual-information-s42,homecredit,catboost,mrmr_mutual_information,NAME_FAMILY_STATUS_Single / not married,0.0,low,authenticated_saved_feature_psi,False
fbv1-014-homecredit-catboost-mrmr-mutual-information-s42,homecredit,catboost,mrmr_mutual_information,NAME_FAMILY_STATUS_Widow,0.0,low,authenticated_saved_feature_psi,False
fbv1-015-lendingclub_v2-lr-mrmr-mutual-information-s42,lendingclub_v2,lr,mrmr_mutual_information,dti_adjusted_il_util,1.9377799710156616,high,authenticated_saved_feature_psi,False
fbv1-015-lendingclub_v2-lr-mrmr-mutual-information-s42,lendingclub_v2,lr,mrmr_mutual_information,joint_dti_gap,0.0461469192141155,low,authenticated_saved_feature_psi,False
fbv1-015-lendingclub_v2-lr-mrmr-mutual-information-s42,lendingclub_v2,lr,mrmr_mutual_information,log_num_tl_op_past_12m,0.0157202468814718,low,authenticated_saved_feature_psi,False
fbv1-015-lendingclub_v2-lr-mrmr-mutual-information-s42,lendingclub_v2,lr,mrmr_mutual_information,dti_x_bc_util,0.0154729477779661,low,authenticated_saved_feature_psi,False
fbv1-015-lendingclub_v2-lr-mrmr-mutual-information-s42,lendingclub_v2,lr,mrmr_mutual_information,loan_amnt_to_income,0.012637828456172,low,authenticated_saved_feature_psi,False
fbv1-015-lendingclub_v2-lr-mrmr-mutual-information-s42,lendingclub_v2,lr,mrmr_mutual_information,total_bc_limit_to_loan_amnt,0.0125781853725098,low,authenticated_saved_feature_psi,False
fbv1-015-lendingclub_v2-lr-mrmr-mutual-information-s42,lendingclub_v2,lr,mrmr_mutual_information,joint_income_to_single_income,0.0087466841698811,low,authenticated_saved_feature_psi,False
fbv1-015-lendingclub_v2-lr-mrmr-mutual-information-s42,lendingclub_v2,lr,mrmr_mutual_information,fico_mean,0.0049296297322064,low,authenticated_saved_feature_psi,False
fbv1-015-lendingclub_v2-lr-mrmr-mutual-information-s42,lendingclub_v2,lr,mrmr_mutual_information,num_rev_accts_positive_flag,0.0,low,authenticated_saved_feature_psi,False
fbv1-015-lendingclub_v2-lr-mrmr-mutual-information-s42,lendingclub_v2,lr,mrmr_mutual_information,num_sats_positive_flag,0.0,low,authenticated_saved_feature_psi,False
fbv1-015-lendingclub_v2-lr-mrmr-mutual-information-s42,lendingclub_v2,lr,mrmr_mutual_information,open_acc_positive_flag,0.0,low,authenticated_saved_feature_psi,False
fbv1-015-lendingclub_v2-lr-mrmr-mutual-information-s42,lendingclub_v2,lr,mrmr_mutual_information,collections_12_mths_ex_med_is_zero,0.0,low,authenticated_saved_feature_psi,False
fbv1-015-lendingclub_v2-lr-mrmr-mutual-information-s42,lendingclub_v2,lr,mrmr_mutual_information,delinq_amnt_is_zero,0.0,low,authenticated_saved_feature_psi,False
fbv1-015-lendingclub_v2-lr-mrmr-mutual-information-s42,lendingclub_v2,lr,mrmr_mutual_information,chargeoff_within_12_mths_is_zero,0.0,low,authenticated_saved_feature_psi,False
fbv1-015-lendingclub_v2-lr-mrmr-mutual-information-s42,lendingclub_v2,lr,mrmr_mutual_information,term_home_ownership_36 months__MORTGAGE,0.0,low,authenticated_saved_feature_psi,False
fbv1-015-lendingclub_v2-lr-mrmr-mutual-information-s42,lendingclub_v2,lr,mrmr_mutual_information,term_home_ownership_36 months__OWN,0.0,low,authenticated_saved_feature_psi,False
fbv1-015-lendingclub_v2-lr-mrmr-mutual-information-s42,lendingclub_v2,lr,mrmr_mutual_information,term_home_ownership_36 months__RENT,0.0,low,authenticated_saved_feature_psi,False
fbv1-015-lendingclub_v2-lr-mrmr-mutual-information-s42,lendingclub_v2,lr,mrmr_mutual_information,term_home_ownership_60 months__MORTGAGE,0.0,low,authenticated_saved_feature_psi,False
fbv1-015-lendingclub_v2-lr-mrmr-mutual-information-s42,lendingclub_v2,lr,mrmr_mutual_information,term_home_ownership_60 months__OWN,0.0,low,authenticated_saved_feature_psi,False
fbv1-015-lendingclub_v2-lr-mrmr-mutual-information-s42,lendingclub_v2,lr,mrmr_mutual_information,term_home_ownership_60 months__RENT,0.0,low,authenticated_saved_feature_psi,False
fbv1-015-lendingclub_v2-lr-mrmr-mutual-information-s42,lendingclub_v2,lr,mrmr_mutual_information,term_home_ownership_infrequent_sklearn,0.0,low,authenticated_saved_feature_psi,False
fbv1-015-lendingclub_v2-lr-mrmr-mutual-information-s42,lendingclub_v2,lr,mrmr_mutual_information,bc_limit_to_income_band_extreme,0.0,low,authenticated_saved_feature_psi,False
fbv1-015-lendingclub_v2-lr-mrmr-mutual-information-s42,lendingclub_v2,lr,mrmr_mutual_information,bc_limit_to_income_band_high,0.0,low,authenticated_saved_feature_psi,False
fbv1-015-lendingclub_v2-lr-mrmr-mutual-information-s42,lendingclub_v2,lr,mrmr_mutual_information,bc_limit_to_income_band_low,0.0,low,authenticated_saved_feature_psi,False
fbv1-015-lendingclub_v2-lr-mrmr-mutual-information-s42,lendingclub_v2,lr,mrmr_mutual_information,bc_limit_to_income_band_moderate,0.0,low,authenticated_saved_feature_psi,False
fbv1-015-lendingclub_v2-lr-mrmr-mutual-information-s42,lendingclub_v2,lr,mrmr_mutual_information,bc_limit_to_income_band_tiny,0.0,low,authenticated_saved_feature_psi,False
fbv1-015-lendingclub_v2-lr-mrmr-mutual-information-s42,lendingclub_v2,lr,mrmr_mutual_information,bc_limit_to_income_band_very_high,0.0,low,authenticated_saved_feature_psi,False
fbv1-015-lendingclub_v2-lr-mrmr-mutual-information-s42,lendingclub_v2,lr,mrmr_mutual_information,bc_limit_to_income_band_infrequent_sklearn,0.0,low,authenticated_saved_feature_psi,False
fbv1-015-lendingclub_v2-lr-mrmr-mutual-information-s42,lendingclub_v2,lr,mrmr_mutual_information,loan_to_income_band_extreme,0.0,low,authenticated_saved_feature_psi,False
fbv1-015-lendingclub_v2-lr-mrmr-mutual-information-s42,lendingclub_v2,lr,mrmr_mutual_information,loan_to_income_band_high,0.0,low,authenticated_saved_feature_psi,False
fbv1-015-lendingclub_v2-lr-mrmr-mutual-information-s42,lendingclub_v2,lr,mrmr_mutual_information,loan_to_income_band_low,0.0,low,authenticated_saved_feature_psi,False
fbv1-015-lendingclub_v2-lr-mrmr-mutual-information-s42,lendingclub_v2,lr,mrmr_mutual_information,loan_to_income_band_moderate,0.0,low,authenticated_saved_feature_psi,False
fbv1-015-lendingclub_v2-lr-mrmr-mutual-information-s42,lendingclub_v2,lr,mrmr_mutual_information,loan_to_income_band_very_high,0.0,low,authenticated_saved_feature_psi,False
fbv1-015-lendingclub_v2-lr-mrmr-mutual-information-s42,lendingclub_v2,lr,mrmr_mutual_information,loan_to_income_band_infrequent_sklearn,0.0,low,authenticated_saved_feature_psi,False
fbv1-015-lendingclub_v2-lr-mrmr-mutual-information-s42,lendingclub_v2,lr,mrmr_mutual_information,application_type_verification_status_Individual__Not Verified,0.0,low,authenticated_saved_feature_psi,False
fbv1-015-lendingclub_v2-lr-mrmr-mutual-information-s42,lendingclub_v2,lr,mrmr_mutual_information,application_type_verification_status_Individual__Source Verified,0.0,low,authenticated_saved_feature_psi,False
fbv1-015-lendingclub_v2-lr-mrmr-mutual-information-s42,lendingclub_v2,lr,mrmr_mutual_information,application_type_verification_status_Individual__Verified,0.0,low,authenticated_saved_feature_psi,False
fbv1-015-lendingclub_v2-lr-mrmr-mutual-information-s42,lendingclub_v2,lr,mrmr_mutual_information,application_type_verification_status_Joint App__Not Verified,0.0,low,authenticated_saved_feature_psi,False
fbv1-015-lendingclub_v2-lr-mrmr-mutual-information-s42,lendingclub_v2,lr,mrmr_mutual_information,application_type_verification_status_Joint App__Source Verified,0.0,low,authenticated_saved_feature_psi,False
fbv1-015-lendingclub_v2-lr-mrmr-mutual-information-s42,lendingclub_v2,lr,mrmr_mutual_information,application_type_verification_status_Joint App__Verified,0.0,low,authenticated_saved_feature_psi,False
fbv1-015-lendingclub_v2-lr-mrmr-mutual-information-s42,lendingclub_v2,lr,mrmr_mutual_information,revol_bal_to_income_band_extreme,0.0,low,authenticated_saved_feature_psi,False
fbv1-015-lendingclub_v2-lr-mrmr-mutual-information-s42,lendingclub_v2,lr,mrmr_mutual_information,revol_bal_to_income_band_high,0.0,low,authenticated_saved_feature_psi,False
fbv1-015-lendingclub_v2-lr-mrmr-mutual-information-s42,lendingclub_v2,lr,mrmr_mutual_information,revol_bal_to_income_band_low,0.0,low,authenticated_saved_feature_psi,False
fbv1-015-lendingclub_v2-lr-mrmr-mutual-information-s42,lendingclub_v2,lr,mrmr_mutual_information,revol_bal_to_income_band_moderate,0.0,low,authenticated_saved_feature_psi,False
fbv1-015-lendingclub_v2-lr-mrmr-mutual-information-s42,lendingclub_v2,lr,mrmr_mutual_information,revol_bal_to_income_band_tiny,0.0,low,authenticated_saved_feature_psi,False
fbv1-015-lendingclub_v2-lr-mrmr-mutual-information-s42,lendingclub_v2,lr,mrmr_mutual_information,revol_bal_to_income_band_very_high,0.0,low,authenticated_saved_feature_psi,False
fbv1-015-lendingclub_v2-lr-mrmr-mutual-information-s42,lendingclub_v2,lr,mrmr_mutual_information,revol_bal_to_income_band_infrequent_sklearn,0.0,low,authenticated_saved_feature_psi,False
fbv1-015-lendingclub_v2-lr-mrmr-mutual-information-s42,lendingclub_v2,lr,mrmr_mutual_information,total_bal_to_income_band_extreme,0.0,low,authenticated_saved_feature_psi,False
fbv1-015-lendingclub_v2-lr-mrmr-mutual-information-s42,lendingclub_v2,lr,mrmr_mutual_information,total_bal_to_income_band_high,0.0,low,authenticated_saved_feature_psi,False
fbv1-015-lendingclub_v2-lr-mrmr-mutual-information-s42,lendingclub_v2,lr,mrmr_mutual_information,total_bal_to_income_band_low,0.0,low,authenticated_saved_feature_psi,False
fbv1-015-lendingclub_v2-lr-mrmr-mutual-information-s42,lendingclub_v2,lr,mrmr_mutual_information,total_bal_to_income_band_moderate,0.0,low,authenticated_saved_feature_psi,False
fbv1-015-lendingclub_v2-lr-mrmr-mutual-information-s42,lendingclub_v2,lr,mrmr_mutual_information,total_bal_to_income_band_tiny,0.0,low,authenticated_saved_feature_psi,False
fbv1-015-lendingclub_v2-lr-mrmr-mutual-information-s42,lendingclub_v2,lr,mrmr_mutual_information,total_bal_to_income_band_very_high,0.0,low,authenticated_saved_feature_psi,False
fbv1-015-lendingclub_v2-lr-mrmr-mutual-information-s42,lendingclub_v2,lr,mrmr_mutual_information,total_bal_to_income_band_infrequent_sklearn,0.0,low,authenticated_saved_feature_psi,False
fbv1-016-lendingclub_v2-catboost-mrmr-mutual-information-s42,lendingclub_v2,catboost,mrmr_mutual_information,dti_adjusted_il_util,1.9377799710156616,high,authenticated_saved_feature_psi,False
fbv1-016-lendingclub_v2-catboost-mrmr-mutual-information-s42,lendingclub_v2,catboost,mrmr_mutual_information,log_open_il_24m,1.7909561402516745,high,authenticated_saved_feature_psi,False
fbv1-016-lendingclub_v2-catboost-mrmr-mutual-information-s42,lendingclub_v2,catboost,mrmr_mutual_information,mths_since_rcnt_il,0.9731065495660232,high,authenticated_saved_feature_psi,False
fbv1-016-lendingclub_v2-catboost-mrmr-mutual-information-s42,lendingclub_v2,catboost,mrmr_mutual_information,joint_dti_gap,0.0461469192141155,low,authenticated_saved_feature_psi,False
fbv1-016-lendingclub_v2-catboost-mrmr-mutual-information-s42,lendingclub_v2,catboost,mrmr_mutual_information,dti_joint,0.0287749357160018,low,authenticated_saved_feature_psi,False
fbv1-016-lendingclub_v2-catboost-mrmr-mutual-information-s42,lendingclub_v2,catboost,mrmr_mutual_information,annual_inc_joint,0.025773255024493,low,authenticated_saved_feature_psi,False
fbv1-016-lendingclub_v2-catboost-mrmr-mutual-information-s42,lendingclub_v2,catboost,mrmr_mutual_information,log_num_tl_op_past_12m,0.0157202468814718,low,authenticated_saved_feature_psi,False
fbv1-016-lendingclub_v2-catboost-mrmr-mutual-information-s42,lendingclub_v2,catboost,mrmr_mutual_information,dti_x_bc_util,0.0154729477779661,low,authenticated_saved_feature_psi,False
fbv1-016-lendingclub_v2-catboost-mrmr-mutual-information-s42,lendingclub_v2,catboost,mrmr_mutual_information,loan_amnt_to_income,0.012637828456172,low,authenticated_saved_feature_psi,False
fbv1-016-lendingclub_v2-catboost-mrmr-mutual-information-s42,lendingclub_v2,catboost,mrmr_mutual_information,total_bc_limit_to_loan_amnt,0.0125781853725098,low,authenticated_saved_feature_psi,False
fbv1-016-lendingclub_v2-catboost-mrmr-mutual-information-s42,lendingclub_v2,catboost,mrmr_mutual_information,joint_income_to_single_income,0.0087466841698811,low,authenticated_saved_feature_psi,False
fbv1-016-lendingclub_v2-catboost-mrmr-mutual-information-s42,lendingclub_v2,catboost,mrmr_mutual_information,fico_mean,0.0049296297322064,low,authenticated_saved_feature_psi,False
fbv1-016-lendingclub_v2-catboost-mrmr-mutual-information-s42,lendingclub_v2,catboost,mrmr_mutual_information,mths_since_last_record_inverse_recency,0.0038466574338408,low,authenticated_saved_feature_psi,False
fbv1-016-lendingclub_v2-catboost-mrmr-mutual-information-s42,lendingclub_v2,catboost,mrmr_mutual_information,num_rev_tl_bal_gt_0_per_credit_history_year,0.0033074873058379,low,authenticated_saved_feature_psi,False
fbv1-016-lendingclub_v2-catboost-mrmr-mutual-information-s42,lendingclub_v2,catboost,mrmr_mutual_information,inq_last_6mths,0.0030473212531175,low,authenticated_saved_feature_psi,False
fbv1-016-lendingclub_v2-catboost-mrmr-mutual-information-s42,lendingclub_v2,catboost,mrmr_mutual_information,chargeoff_within_12_mths_is_zero,0.0,low,authenticated_saved_feature_psi,False
fbv1-016-lendingclub_v2-catboost-mrmr-mutual-information-s42,lendingclub_v2,catboost,mrmr_mutual_information,num_rev_accts_positive_flag,0.0,low,authenticated_saved_feature_psi,False
fbv1-016-lendingclub_v2-catboost-mrmr-mutual-information-s42,lendingclub_v2,catboost,mrmr_mutual_information,num_sats_positive_flag,0.0,low,authenticated_saved_feature_psi,False
fbv1-016-lendingclub_v2-catboost-mrmr-mutual-information-s42,lendingclub_v2,catboost,mrmr_mutual_information,open_acc_positive_flag,0.0,low,authenticated_saved_feature_psi,False
fbv1-016-lendingclub_v2-catboost-mrmr-mutual-information-s42,lendingclub_v2,catboost,mrmr_mutual_information,delinq_amnt_is_zero,0.0,low,authenticated_saved_feature_psi,False
fbv1-016-lendingclub_v2-catboost-mrmr-mutual-information-s42,lendingclub_v2,catboost,mrmr_mutual_information,tax_liens_is_zero,0.0,low,authenticated_saved_feature_psi,False
fbv1-016-lendingclub_v2-catboost-mrmr-mutual-information-s42,lendingclub_v2,catboost,mrmr_mutual_information,mo_sin_old_rev_tl_op_seasoned_60m_flag,0.0,low,authenticated_saved_feature_psi,False
fbv1-016-lendingclub_v2-catboost-mrmr-mutual-information-s42,lendingclub_v2,catboost,mrmr_mutual_information,num_op_rev_tl_positive_flag,0.0,low,authenticated_saved_feature_psi,False
fbv1-016-lendingclub_v2-catboost-mrmr-mutual-information-s42,lendingclub_v2,catboost,mrmr_mutual_information,num_rev_tl_bal_gt_0_positive_flag,0.0,low,authenticated_saved_feature_psi,False
fbv1-016-lendingclub_v2-catboost-mrmr-mutual-information-s42,lendingclub_v2,catboost,mrmr_mutual_information,mths_since_recent_bc_seasoned_60m_flag,0.0,low,authenticated_saved_feature_psi,False
fbv1-016-lendingclub_v2-catboost-mrmr-mutual-information-s42,lendingclub_v2,catboost,mrmr_mutual_information,dti_joint_missing_flag,0.0,low,authenticated_saved_feature_psi,False
fbv1-016-lendingclub_v2-catboost-mrmr-mutual-information-s42,lendingclub_v2,catboost,mrmr_mutual_information,num_bc_tl_positive_flag,0.0,low,authenticated_saved_feature_psi,False
fbv1-016-lendingclub_v2-catboost-mrmr-mutual-information-s42,lendingclub_v2,catboost,mrmr_mutual_information,collections_12_mths_ex_med_is_zero,0.0,low,authenticated_saved_feature_psi,False
fbv1-016-lendingclub_v2-catboost-mrmr-mutual-information-s42,lendingclub_v2,catboost,mrmr_mutual_information,very_high_dti_flag,0.0,low,authenticated_saved_feature_psi,False
fbv1-016-lendingclub_v2-catboost-mrmr-mutual-information-s42,lendingclub_v2,catboost,mrmr_mutual_information,num_tl_30dpd_is_zero,0.0,low,authenticated_saved_feature_psi,False
fbv1-016-lendingclub_v2-catboost-mrmr-mutual-information-s42,lendingclub_v2,catboost,mrmr_mutual_information,annual_inc_joint_missing_flag,0.0,low,authenticated_saved_feature_psi,False
fbv1-016-lendingclub_v2-catboost-mrmr-mutual-information-s42,lendingclub_v2,catboost,mrmr_mutual_information,verification_status_joint_missing_flag,0.0,low,authenticated_saved_feature_psi,False
fbv1-016-lendingclub_v2-catboost-mrmr-mutual-information-s42,lendingclub_v2,catboost,mrmr_mutual_information,term_home_ownership_36 months__MORTGAGE,0.0,low,authenticated_saved_feature_psi,False
fbv1-016-lendingclub_v2-catboost-mrmr-mutual-information-s42,lendingclub_v2,catboost,mrmr_mutual_information,term_home_ownership_36 months__OWN,0.0,low,authenticated_saved_feature_psi,False
fbv1-016-lendingclub_v2-catboost-mrmr-mutual-information-s42,lendingclub_v2,catboost,mrmr_mutual_information,term_home_ownership_36 months__RENT,0.0,low,authenticated_saved_feature_psi,False
fbv1-016-lendingclub_v2-catboost-mrmr-mutual-information-s42,lendingclub_v2,catboost,mrmr_mutual_information,term_home_ownership_60 months__MORTGAGE,0.0,low,authenticated_saved_feature_psi,False
fbv1-016-lendingclub_v2-catboost-mrmr-mutual-information-s42,lendingclub_v2,catboost,mrmr_mutual_information,term_home_ownership_60 months__OWN,0.0,low,authenticated_saved_feature_psi,False
fbv1-016-lendingclub_v2-catboost-mrmr-mutual-information-s42,lendingclub_v2,catboost,mrmr_mutual_information,term_home_ownership_60 months__RENT,0.0,low,authenticated_saved_feature_psi,False
fbv1-016-lendingclub_v2-catboost-mrmr-mutual-information-s42,lendingclub_v2,catboost,mrmr_mutual_information,term_home_ownership_infrequent_sklearn,0.0,low,authenticated_saved_feature_psi,False
fbv1-016-lendingclub_v2-catboost-mrmr-mutual-information-s42,lendingclub_v2,catboost,mrmr_mutual_information,bc_limit_to_income_band_extreme,0.0,low,authenticated_saved_feature_psi,False
fbv1-016-lendingclub_v2-catboost-mrmr-mutual-information-s42,lendingclub_v2,catboost,mrmr_mutual_information,bc_limit_to_income_band_high,0.0,low,authenticated_saved_feature_psi,False
fbv1-016-lendingclub_v2-catboost-mrmr-mutual-information-s42,lendingclub_v2,catboost,mrmr_mutual_information,bc_limit_to_income_band_low,0.0,low,authenticated_saved_feature_psi,False
fbv1-016-lendingclub_v2-catboost-mrmr-mutual-information-s42,lendingclub_v2,catboost,mrmr_mutual_information,bc_limit_to_income_band_moderate,0.0,low,authenticated_saved_feature_psi,False
fbv1-016-lendingclub_v2-catboost-mrmr-mutual-information-s42,lendingclub_v2,catboost,mrmr_mutual_information,bc_limit_to_income_band_tiny,0.0,low,authenticated_saved_feature_psi,False
fbv1-016-lendingclub_v2-catboost-mrmr-mutual-information-s42,lendingclub_v2,catboost,mrmr_mutual_information,bc_limit_to_income_band_very_high,0.0,low,authenticated_saved_feature_psi,False
fbv1-016-lendingclub_v2-catboost-mrmr-mutual-information-s42,lendingclub_v2,catboost,mrmr_mutual_information,bc_limit_to_income_band_infrequent_sklearn,0.0,low,authenticated_saved_feature_psi,False
fbv1-016-lendingclub_v2-catboost-mrmr-mutual-information-s42,lendingclub_v2,catboost,mrmr_mutual_information,loan_to_income_band_extreme,0.0,low,authenticated_saved_feature_psi,False
fbv1-016-lendingclub_v2-catboost-mrmr-mutual-information-s42,lendingclub_v2,catboost,mrmr_mutual_information,loan_to_income_band_high,0.0,low,authenticated_saved_feature_psi,False
fbv1-016-lendingclub_v2-catboost-mrmr-mutual-information-s42,lendingclub_v2,catboost,mrmr_mutual_information,loan_to_income_band_low,0.0,low,authenticated_saved_feature_psi,False
fbv1-016-lendingclub_v2-catboost-mrmr-mutual-information-s42,lendingclub_v2,catboost,mrmr_mutual_information,loan_to_income_band_moderate,0.0,low,authenticated_saved_feature_psi,False
fbv1-016-lendingclub_v2-catboost-mrmr-mutual-information-s42,lendingclub_v2,catboost,mrmr_mutual_information,loan_to_income_band_very_high,0.0,low,authenticated_saved_feature_psi,False
fbv1-016-lendingclub_v2-catboost-mrmr-mutual-information-s42,lendingclub_v2,catboost,mrmr_mutual_information,loan_to_income_band_infrequent_sklearn,0.0,low,authenticated_saved_feature_psi,False
fbv1-016-lendingclub_v2-catboost-mrmr-mutual-information-s42,lendingclub_v2,catboost,mrmr_mutual_information,application_type_verification_status_Individual__Not Verified,0.0,low,authenticated_saved_feature_psi,False
fbv1-016-lendingclub_v2-catboost-mrmr-mutual-information-s42,lendingclub_v2,catboost,mrmr_mutual_information,application_type_verification_status_Individual__Source Verified,0.0,low,authenticated_saved_feature_psi,False
fbv1-016-lendingclub_v2-catboost-mrmr-mutual-information-s42,lendingclub_v2,catboost,mrmr_mutual_information,application_type_verification_status_Individual__Verified,0.0,low,authenticated_saved_feature_psi,False
fbv1-016-lendingclub_v2-catboost-mrmr-mutual-information-s42,lendingclub_v2,catboost,mrmr_mutual_information,application_type_verification_status_Joint App__Not Verified,0.0,low,authenticated_saved_feature_psi,False
fbv1-016-lendingclub_v2-catboost-mrmr-mutual-information-s42,lendingclub_v2,catboost,mrmr_mutual_information,application_type_verification_status_Joint App__Source Verified,0.0,low,authenticated_saved_feature_psi,False
fbv1-016-lendingclub_v2-catboost-mrmr-mutual-information-s42,lendingclub_v2,catboost,mrmr_mutual_information,application_type_verification_status_Joint App__Verified,0.0,low,authenticated_saved_feature_psi,False
fbv1-016-lendingclub_v2-catboost-mrmr-mutual-information-s42,lendingclub_v2,catboost,mrmr_mutual_information,revol_bal_to_income_band_extreme,0.0,low,authenticated_saved_feature_psi,False
fbv1-016-lendingclub_v2-catboost-mrmr-mutual-information-s42,lendingclub_v2,catboost,mrmr_mutual_information,revol_bal_to_income_band_high,0.0,low,authenticated_saved_feature_psi,False
fbv1-016-lendingclub_v2-catboost-mrmr-mutual-information-s42,lendingclub_v2,catboost,mrmr_mutual_information,revol_bal_to_income_band_low,0.0,low,authenticated_saved_feature_psi,False
fbv1-016-lendingclub_v2-catboost-mrmr-mutual-information-s42,lendingclub_v2,catboost,mrmr_mutual_information,revol_bal_to_income_band_moderate,0.0,low,authenticated_saved_feature_psi,False
fbv1-016-lendingclub_v2-catboost-mrmr-mutual-information-s42,lendingclub_v2,catboost,mrmr_mutual_information,revol_bal_to_income_band_tiny,0.0,low,authenticated_saved_feature_psi,False
fbv1-016-lendingclub_v2-catboost-mrmr-mutual-information-s42,lendingclub_v2,catboost,mrmr_mutual_information,revol_bal_to_income_band_very_high,0.0,low,authenticated_saved_feature_psi,False
fbv1-016-lendingclub_v2-catboost-mrmr-mutual-information-s42,lendingclub_v2,catboost,mrmr_mutual_information,revol_bal_to_income_band_infrequent_sklearn,0.0,low,authenticated_saved_feature_psi,False
fbv1-016-lendingclub_v2-catboost-mrmr-mutual-information-s42,lendingclub_v2,catboost,mrmr_mutual_information,total_bal_to_income_band_extreme,0.0,low,authenticated_saved_feature_psi,False
fbv1-016-lendingclub_v2-catboost-mrmr-mutual-information-s42,lendingclub_v2,catboost,mrmr_mutual_information,total_bal_to_income_band_high,0.0,low,authenticated_saved_feature_psi,False
fbv1-016-lendingclub_v2-catboost-mrmr-mutual-information-s42,lendingclub_v2,catboost,mrmr_mutual_information,total_bal_to_income_band_low,0.0,low,authenticated_saved_feature_psi,False
fbv1-016-lendingclub_v2-catboost-mrmr-mutual-information-s42,lendingclub_v2,catboost,mrmr_mutual_information,total_bal_to_income_band_moderate,0.0,low,authenticated_saved_feature_psi,False
fbv1-016-lendingclub_v2-catboost-mrmr-mutual-information-s42,lendingclub_v2,catboost,mrmr_mutual_information,total_bal_to_income_band_tiny,0.0,low,authenticated_saved_feature_psi,False
fbv1-016-lendingclub_v2-catboost-mrmr-mutual-information-s42,lendingclub_v2,catboost,mrmr_mutual_information,total_bal_to_income_band_very_high,0.0,low,authenticated_saved_feature_psi,False
fbv1-016-lendingclub_v2-catboost-mrmr-mutual-information-s42,lendingclub_v2,catboost,mrmr_mutual_information,total_bal_to_income_band_infrequent_sklearn,0.0,low,authenticated_saved_feature_psi,False
fbv1-016-lendingclub_v2-catboost-mrmr-mutual-information-s42,lendingclub_v2,catboost,mrmr_mutual_information,term_36 months,0.0,low,authenticated_saved_feature_psi,False
fbv1-016-lendingclub_v2-catboost-mrmr-mutual-information-s42,lendingclub_v2,catboost,mrmr_mutual_information,term_60 months,0.0,low,authenticated_saved_feature_psi,False
fbv1-016-lendingclub_v2-catboost-mrmr-mutual-information-s42,lendingclub_v2,catboost,mrmr_mutual_information,addr_state_AK,0.0,low,authenticated_saved_feature_psi,False
fbv1-016-lendingclub_v2-catboost-mrmr-mutual-information-s42,lendingclub_v2,catboost,mrmr_mutual_information,addr_state_AL,0.0,low,authenticated_saved_feature_psi,False
fbv1-016-lendingclub_v2-catboost-mrmr-mutual-information-s42,lendingclub_v2,catboost,mrmr_mutual_information,addr_state_AR,0.0,low,authenticated_saved_feature_psi,False
fbv1-016-lendingclub_v2-catboost-mrmr-mutual-information-s42,lendingclub_v2,catboost,mrmr_mutual_information,addr_state_AZ,0.0,low,authenticated_saved_feature_psi,False
fbv1-016-lendingclub_v2-catboost-mrmr-mutual-information-s42,lendingclub_v2,catboost,mrmr_mutual_information,addr_state_CA,0.0,low,authenticated_saved_feature_psi,False
fbv1-016-lendingclub_v2-catboost-mrmr-mutual-information-s42,lendingclub_v2,catboost,mrmr_mutual_information,addr_state_CO,0.0,low,authenticated_saved_feature_psi,False
fbv1-016-lendingclub_v2-catboost-mrmr-mutual-information-s42,lendingclub_v2,catboost,mrmr_mutual_information,addr_state_CT,0.0,low,authenticated_saved_feature_psi,False
fbv1-016-lendingclub_v2-catboost-mrmr-mutual-information-s42,lendingclub_v2,catboost,mrmr_mutual_information,addr_state_DC,0.0,low,authenticated_saved_feature_psi,False
fbv1-016-lendingclub_v2-catboost-mrmr-mutual-information-s42,lendingclub_v2,catboost,mrmr_mutual_information,addr_state_DE,0.0,low,authenticated_saved_feature_psi,False
fbv1-016-lendingclub_v2-catboost-mrmr-mutual-information-s42,lendingclub_v2,catboost,mrmr_mutual_information,addr_state_FL,0.0,low,authenticated_saved_feature_psi,False
fbv1-016-lendingclub_v2-catboost-mrmr-mutual-information-s42,lendingclub_v2,catboost,mrmr_mutual_information,addr_state_GA,0.0,low,authenticated_saved_feature_psi,False
fbv1-016-lendingclub_v2-catboost-mrmr-mutual-information-s42,lendingclub_v2,catboost,mrmr_mutual_information,addr_state_HI,0.0,low,authenticated_saved_feature_psi,False
fbv1-016-lendingclub_v2-catboost-mrmr-mutual-information-s42,lendingclub_v2,catboost,mrmr_mutual_information,addr_state_IL,0.0,low,authenticated_saved_feature_psi,False
fbv1-016-lendingclub_v2-catboost-mrmr-mutual-information-s42,lendingclub_v2,catboost,mrmr_mutual_information,addr_state_IN,0.0,low,authenticated_saved_feature_psi,False
fbv1-016-lendingclub_v2-catboost-mrmr-mutual-information-s42,lendingclub_v2,catboost,mrmr_mutual_information,addr_state_KS,0.0,low,authenticated_saved_feature_psi,False
fbv1-016-lendingclub_v2-catboost-mrmr-mutual-information-s42,lendingclub_v2,catboost,mrmr_mutual_information,addr_state_KY,0.0,low,authenticated_saved_feature_psi,False
fbv1-016-lendingclub_v2-catboost-mrmr-mutual-information-s42,lendingclub_v2,catboost,mrmr_mutual_information,addr_state_LA,0.0,low,authenticated_saved_feature_psi,False
fbv1-016-lendingclub_v2-catboost-mrmr-mutual-information-s42,lendingclub_v2,catboost,mrmr_mutual_information,addr_state_MA,0.0,low,authenticated_saved_feature_psi,False
fbv1-016-lendingclub_v2-catboost-mrmr-mutual-information-s42,lendingclub_v2,catboost,mrmr_mutual_information,addr_state_MD,0.0,low,authenticated_saved_feature_psi,False
fbv1-016-lendingclub_v2-catboost-mrmr-mutual-information-s42,lendingclub_v2,catboost,mrmr_mutual_information,addr_state_ME,0.0,low,authenticated_saved_feature_psi,False
fbv1-016-lendingclub_v2-catboost-mrmr-mutual-information-s42,lendingclub_v2,catboost,mrmr_mutual_information,addr_state_MI,0.0,low,authenticated_saved_feature_psi,False
fbv1-016-lendingclub_v2-catboost-mrmr-mutual-information-s42,lendingclub_v2,catboost,mrmr_mutual_information,addr_state_MN,0.0,low,authenticated_saved_feature_psi,False
fbv1-016-lendingclub_v2-catboost-mrmr-mutual-information-s42,lendingclub_v2,catboost,mrmr_mutual_information,addr_state_MO,0.0,low,authenticated_saved_feature_psi,False
fbv1-016-lendingclub_v2-catboost-mrmr-mutual-information-s42,lendingclub_v2,catboost,mrmr_mutual_information,addr_state_MS,0.0,low,authenticated_saved_feature_psi,False
fbv1-016-lendingclub_v2-catboost-mrmr-mutual-information-s42,lendingclub_v2,catboost,mrmr_mutual_information,addr_state_MT,0.0,low,authenticated_saved_feature_psi,False
fbv1-016-lendingclub_v2-catboost-mrmr-mutual-information-s42,lendingclub_v2,catboost,mrmr_mutual_information,addr_state_NC,0.0,low,authenticated_saved_feature_psi,False
fbv1-016-lendingclub_v2-catboost-mrmr-mutual-information-s42,lendingclub_v2,catboost,mrmr_mutual_information,addr_state_ND,0.0,low,authenticated_saved_feature_psi,False
fbv1-016-lendingclub_v2-catboost-mrmr-mutual-information-s42,lendingclub_v2,catboost,mrmr_mutual_information,addr_state_NE,0.0,low,authenticated_saved_feature_psi,False
fbv1-016-lendingclub_v2-catboost-mrmr-mutual-information-s42,lendingclub_v2,catboost,mrmr_mutual_information,addr_state_NH,0.0,low,authenticated_saved_feature_psi,False
fbv1-016-lendingclub_v2-catboost-mrmr-mutual-information-s42,lendingclub_v2,catboost,mrmr_mutual_information,addr_state_NJ,0.0,low,authenticated_saved_feature_psi,False
fbv1-016-lendingclub_v2-catboost-mrmr-mutual-information-s42,lendingclub_v2,catboost,mrmr_mutual_information,addr_state_NM,0.0,low,authenticated_saved_feature_psi,False
fbv1-016-lendingclub_v2-catboost-mrmr-mutual-information-s42,lendingclub_v2,catboost,mrmr_mutual_information,addr_state_NV,0.0,low,authenticated_saved_feature_psi,False
fbv1-016-lendingclub_v2-catboost-mrmr-mutual-information-s42,lendingclub_v2,catboost,mrmr_mutual_information,addr_state_NY,0.0,low,authenticated_saved_feature_psi,False
fbv1-016-lendingclub_v2-catboost-mrmr-mutual-information-s42,lendingclub_v2,catboost,mrmr_mutual_information,addr_state_OH,0.0,low,authenticated_saved_feature_psi,False
fbv1-016-lendingclub_v2-catboost-mrmr-mutual-information-s42,lendingclub_v2,catboost,mrmr_mutual_information,addr_state_OK,0.0,low,authenticated_saved_feature_psi,False
fbv1-016-lendingclub_v2-catboost-mrmr-mutual-information-s42,lendingclub_v2,catboost,mrmr_mutual_information,addr_state_OR,0.0,low,authenticated_saved_feature_psi,False
fbv1-016-lendingclub_v2-catboost-mrmr-mutual-information-s42,lendingclub_v2,catboost,mrmr_mutual_information,addr_state_PA,0.0,low,authenticated_saved_feature_psi,False
fbv1-016-lendingclub_v2-catboost-mrmr-mutual-information-s42,lendingclub_v2,catboost,mrmr_mutual_information,addr_state_RI,0.0,low,authenticated_saved_feature_psi,False
fbv1-016-lendingclub_v2-catboost-mrmr-mutual-information-s42,lendingclub_v2,catboost,mrmr_mutual_information,addr_state_SC,0.0,low,authenticated_saved_feature_psi,False
fbv1-016-lendingclub_v2-catboost-mrmr-mutual-information-s42,lendingclub_v2,catboost,mrmr_mutual_information,addr_state_SD,0.0,low,authenticated_saved_feature_psi,False
fbv1-016-lendingclub_v2-catboost-mrmr-mutual-information-s42,lendingclub_v2,catboost,mrmr_mutual_information,addr_state_TN,0.0,low,authenticated_saved_feature_psi,False
fbv1-016-lendingclub_v2-catboost-mrmr-mutual-information-s42,lendingclub_v2,catboost,mrmr_mutual_information,addr_state_TX,0.0,low,authenticated_saved_feature_psi,False
fbv1-016-lendingclub_v2-catboost-mrmr-mutual-information-s42,lendingclub_v2,catboost,mrmr_mutual_information,addr_state_UT,0.0,low,authenticated_saved_feature_psi,False
fbv1-016-lendingclub_v2-catboost-mrmr-mutual-information-s42,lendingclub_v2,catboost,mrmr_mutual_information,addr_state_VA,0.0,low,authenticated_saved_feature_psi,False
fbv1-016-lendingclub_v2-catboost-mrmr-mutual-information-s42,lendingclub_v2,catboost,mrmr_mutual_information,addr_state_VT,0.0,low,authenticated_saved_feature_psi,False
fbv1-016-lendingclub_v2-catboost-mrmr-mutual-information-s42,lendingclub_v2,catboost,mrmr_mutual_information,addr_state_WA,0.0,low,authenticated_saved_feature_psi,False
fbv1-016-lendingclub_v2-catboost-mrmr-mutual-information-s42,lendingclub_v2,catboost,mrmr_mutual_information,addr_state_WI,0.0,low,authenticated_saved_feature_psi,False
fbv1-016-lendingclub_v2-catboost-mrmr-mutual-information-s42,lendingclub_v2,catboost,mrmr_mutual_information,addr_state_WV,0.0,low,authenticated_saved_feature_psi,False
fbv1-016-lendingclub_v2-catboost-mrmr-mutual-information-s42,lendingclub_v2,catboost,mrmr_mutual_information,addr_state_WY,0.0,low,authenticated_saved_feature_psi,False
fbv1-016-lendingclub_v2-catboost-mrmr-mutual-information-s42,lendingclub_v2,catboost,mrmr_mutual_information,addr_state_infrequent_sklearn,0.0,low,authenticated_saved_feature_psi,False
fbv1-017-homecredit-lr-lasso-l1-logistic-s42,homecredit,lr,lasso_l1_logistic,PREV_DAYS_FIRST_DUE_MIN,0.0547459648200915,low,authenticated_saved_feature_psi,False
fbv1-017-homecredit-lr-lasso-l1-logistic-s42,homecredit,lr,lasso_l1_logistic,INSTAL_DAYS_ENTRY_PAYMENT_MIN,0.0489279584526063,low,authenticated_saved_feature_psi,False
fbv1-017-homecredit-lr-lasso-l1-logistic-s42,homecredit,lr,lasso_l1_logistic,POS_CNT_INSTALMENT_FUTURE_SUM,0.0339809817533801,low,authenticated_saved_feature_psi,False
fbv1-017-homecredit-lr-lasso-l1-logistic-s42,homecredit,lr,lasso_l1_logistic,CC_AMT_PAYMENT_CURRENT_SUM,0.0305899184247212,low,authenticated_saved_feature_psi,False
fbv1-017-homecredit-lr-lasso-l1-logistic-s42,homecredit,lr,lasso_l1_logistic,EXT_SOURCE_3,0.020728354694539,low,authenticated_saved_feature_psi,False
fbv1-017-homecredit-lr-lasso-l1-logistic-s42,homecredit,lr,lasso_l1_logistic,CC_AMT_CREDIT_LIMIT_ACTUAL_MEAN,0.0171998728680103,low,authenticated_saved_feature_psi,False
fbv1-017-homecredit-lr-lasso-l1-logistic-s42,homecredit,lr,lasso_l1_logistic,INSTAL_NUM_INSTALMENT_NUMBER_VAR,0.0119984782235065,low,authenticated_saved_feature_psi,False
fbv1-017-homecredit-lr-lasso-l1-logistic-s42,homecredit,lr,lasso_l1_logistic,AMT_ANNUITY,0.0061668376515196,low,authenticated_saved_feature_psi,False
fbv1-017-homecredit-lr-lasso-l1-logistic-s42,homecredit,lr,lasso_l1_logistic,AMT_GOODS_PRICE,0.0047675755087858,low,authenticated_saved_feature_psi,False
fbv1-017-homecredit-lr-lasso-l1-logistic-s42,homecredit,lr,lasso_l1_logistic,DAYS_EMPLOYED,0.0039292888885869,low,authenticated_saved_feature_psi,False
fbv1-017-homecredit-lr-lasso-l1-logistic-s42,homecredit,lr,lasso_l1_logistic,INSTAL_IS_LATE_MEAN,0.0037967812601098,low,authenticated_saved_feature_psi,False
fbv1-017-homecredit-lr-lasso-l1-logistic-s42,homecredit,lr,lasso_l1_logistic,AMT_CREDIT,0.0035368145621176,low,authenticated_saved_feature_psi,False
fbv1-017-homecredit-lr-lasso-l1-logistic-s42,homecredit,lr,lasso_l1_logistic,BURO_DEBT_CREDIT_DIFF_SUM,0.0028768408379473,low,authenticated_saved_feature_psi,False
fbv1-017-homecredit-lr-lasso-l1-logistic-s42,homecredit,lr,lasso_l1_logistic,BURO_AMT_CREDIT_SUM_SUM,0.0018932247274941,low,authenticated_saved_feature_psi,False
fbv1-017-homecredit-lr-lasso-l1-logistic-s42,homecredit,lr,lasso_l1_logistic,EXT_SOURCE_2,0.0017907560370425,low,authenticated_saved_feature_psi,False
fbv1-017-homecredit-lr-lasso-l1-logistic-s42,homecredit,lr,lasso_l1_logistic,EXT_SOURCE_1,0.0005418708919522,low,authenticated_saved_feature_psi,False
fbv1-017-homecredit-lr-lasso-l1-logistic-s42,homecredit,lr,lasso_l1_logistic,CNT_FAM_MEMBERS,0.0001519851228183,low,authenticated_saved_feature_psi,False
fbv1-017-homecredit-lr-lasso-l1-logistic-s42,homecredit,lr,lasso_l1_logistic,CNT_CHILDREN,3.7257202702192494e-05,low,authenticated_saved_feature_psi,False
fbv1-017-homecredit-lr-lasso-l1-logistic-s42,homecredit,lr,lasso_l1_logistic,CODE_GENDER_F,0.0,low,authenticated_saved_feature_psi,False
fbv1-017-homecredit-lr-lasso-l1-logistic-s42,homecredit,lr,lasso_l1_logistic,CODE_GENDER_M,0.0,low,authenticated_saved_feature_psi,False
fbv1-017-homecredit-lr-lasso-l1-logistic-s42,homecredit,lr,lasso_l1_logistic,CODE_GENDER_infrequent_sklearn,0.0,low,authenticated_saved_feature_psi,False
fbv1-017-homecredit-lr-lasso-l1-logistic-s42,homecredit,lr,lasso_l1_logistic,NAME_EDUCATION_TYPE_Academic degree,0.0,low,authenticated_saved_feature_psi,False
fbv1-017-homecredit-lr-lasso-l1-logistic-s42,homecredit,lr,lasso_l1_logistic,NAME_EDUCATION_TYPE_Higher education,0.0,low,authenticated_saved_feature_psi,False
fbv1-017-homecredit-lr-lasso-l1-logistic-s42,homecredit,lr,lasso_l1_logistic,NAME_EDUCATION_TYPE_Incomplete higher,0.0,low,authenticated_saved_feature_psi,False
fbv1-017-homecredit-lr-lasso-l1-logistic-s42,homecredit,lr,lasso_l1_logistic,NAME_EDUCATION_TYPE_Lower secondary,0.0,low,authenticated_saved_feature_psi,False
fbv1-017-homecredit-lr-lasso-l1-logistic-s42,homecredit,lr,lasso_l1_logistic,NAME_EDUCATION_TYPE_Secondary / secondary special,0.0,low,authenticated_saved_feature_psi,False
fbv1-018-homecredit-catboost-lasso-l1-logistic-s42,homecredit,catboost,lasso_l1_logistic,PREV_ASK_GRANT_RATIO_MIN,0.4730896319700171,high,authenticated_saved_feature_psi,False
fbv1-018-homecredit-catboost-lasso-l1-logistic-s42,homecredit,catboost,lasso_l1_logistic,PREV_ASK_GRANT_RATIO_MEAN,0.4171956274381661,high,authenticated_saved_feature_psi,False
fbv1-018-homecredit-catboost-lasso-l1-logistic-s42,homecredit,catboost,lasso_l1_logistic,AMT_REQ_CREDIT_BUREAU_QRT,0.2864298456580416,high,authenticated_saved_feature_psi,False
fbv1-018-homecredit-catboost-lasso-l1-logistic-s42,homecredit,catboost,lasso_l1_logistic,POS_MONTHS_BALANCE_MAX,0.2539442077609402,high,authenticated_saved_feature_psi,False
fbv1-018-homecredit-catboost-lasso-l1-logistic-s42,homecredit,catboost,lasso_l1_logistic,PREV_DAYS_FIRST_DUE_VAR,0.076767244272892,low,authenticated_saved_feature_psi,False
fbv1-018-homecredit-catboost-lasso-l1-logistic-s42,homecredit,catboost,lasso_l1_logistic,PREV_INTEREST_ESTIMATE_MAX,0.0639268824804577,low,authenticated_saved_feature_psi,False
fbv1-018-homecredit-catboost-lasso-l1-logistic-s42,homecredit,catboost,lasso_l1_logistic,PREV_DAYS_FIRST_DUE_MIN,0.0547459648200915,low,authenticated_saved_feature_psi,False
fbv1-018-homecredit-catboost-lasso-l1-logistic-s42,homecredit,catboost,lasso_l1_logistic,INSTAL_DAYS_ENTRY_PAYMENT_MIN,0.0489279584526063,low,authenticated_saved_feature_psi,False
fbv1-018-homecredit-catboost-lasso-l1-logistic-s42,homecredit,catboost,lasso_l1_logistic,POS_TOTAL_INSTALMENT_PROG_SUM,0.0358892785550117,low,authenticated_saved_feature_psi,False
fbv1-018-homecredit-catboost-lasso-l1-logistic-s42,homecredit,catboost,lasso_l1_logistic,POS_CNT_INSTALMENT_FUTURE_SUM,0.0339809817533801,low,authenticated_saved_feature_psi,False
fbv1-018-homecredit-catboost-lasso-l1-logistic-s42,homecredit,catboost,lasso_l1_logistic,CC_CNT_DRAWINGS_CURRENT_MAX,0.0331205880045567,low,authenticated_saved_feature_psi,False
fbv1-018-homecredit-catboost-lasso-l1-logistic-s42,homecredit,catboost,lasso_l1_logistic,CC_AMT_PAYMENT_CURRENT_SUM,0.0305899184247212,low,authenticated_saved_feature_psi,False
fbv1-018-homecredit-catboost-lasso-l1-logistic-s42,homecredit,catboost,lasso_l1_logistic,CC_AMT_BALANCE_MEAN,0.0222226104565354,low,authenticated_saved_feature_psi,False
fbv1-018-homecredit-catboost-lasso-l1-logistic-s42,homecredit,catboost,lasso_l1_logistic,INSTAL_NUM_INSTALMENT_NUMBER_MEAN,0.0221826354999094,low,authenticated_saved_feature_psi,False
fbv1-018-homecredit-catboost-lasso-l1-logistic-s42,homecredit,catboost,lasso_l1_logistic,CC_AMT_DRAWINGS_CURRENT_SUM,0.0209226067476432,low,authenticated_saved_feature_psi,False
fbv1-018-homecredit-catboost-lasso-l1-logistic-s42,homecredit,catboost,lasso_l1_logistic,EXT_SOURCE_3,0.020728354694539,low,authenticated_saved_feature_psi,False
fbv1-018-homecredit-catboost-lasso-l1-logistic-s42,homecredit,catboost,lasso_l1_logistic,CC_AMT_CREDIT_LIMIT_ACTUAL_MEAN,0.0171998728680103,low,authenticated_saved_feature_psi,False
fbv1-018-homecredit-catboost-lasso-l1-logistic-s42,homecredit,catboost,lasso_l1_logistic,INSTAL_NUM_INSTALMENT_NUMBER_VAR,0.0119984782235065,low,authenticated_saved_feature_psi,False
fbv1-018-homecredit-catboost-lasso-l1-logistic-s42,homecredit,catboost,lasso_l1_logistic,BURO_BB_MONTHS_BALANCE_VAR_SUM,0.0080302390310312,low,authenticated_saved_feature_psi,False
fbv1-018-homecredit-catboost-lasso-l1-logistic-s42,homecredit,catboost,lasso_l1_logistic,PREV_AMT_ANNUITY_MEAN,0.0065192715992804,low,authenticated_saved_feature_psi,False
fbv1-018-homecredit-catboost-lasso-l1-logistic-s42,homecredit,catboost,lasso_l1_logistic,AMT_ANNUITY,0.0061668376515196,low,authenticated_saved_feature_psi,False
fbv1-018-homecredit-catboost-lasso-l1-logistic-s42,homecredit,catboost,lasso_l1_logistic,AMT_GOODS_PRICE,0.0047675755087858,low,authenticated_saved_feature_psi,False
fbv1-018-homecredit-catboost-lasso-l1-logistic-s42,homecredit,catboost,lasso_l1_logistic,BURO_AMT_CREDIT_SUM_MAX,0.0045555897604201,low,authenticated_saved_feature_psi,False
fbv1-018-homecredit-catboost-lasso-l1-logistic-s42,homecredit,catboost,lasso_l1_logistic,DAYS_EMPLOYED,0.0039292888885869,low,authenticated_saved_feature_psi,False
fbv1-018-homecredit-catboost-lasso-l1-logistic-s42,homecredit,catboost,lasso_l1_logistic,INSTAL_IS_LATE_MEAN,0.0037967812601098,low,authenticated_saved_feature_psi,False
fbv1-018-homecredit-catboost-lasso-l1-logistic-s42,homecredit,catboost,lasso_l1_logistic,AMT_CREDIT,0.0035368145621176,low,authenticated_saved_feature_psi,False
fbv1-018-homecredit-catboost-lasso-l1-logistic-s42,homecredit,catboost,lasso_l1_logistic,BURO_DEBT_CREDIT_DIFF_SUM,0.0028768408379473,low,authenticated_saved_feature_psi,False
fbv1-018-homecredit-catboost-lasso-l1-logistic-s42,homecredit,catboost,lasso_l1_logistic,BURO_AMT_CREDIT_SUM_SUM,0.0018932247274941,low,authenticated_saved_feature_psi,False
fbv1-018-homecredit-catboost-lasso-l1-logistic-s42,homecredit,catboost,lasso_l1_logistic,EXT_SOURCE_2,0.0017907560370425,low,authenticated_saved_feature_psi,False
fbv1-018-homecredit-catboost-lasso-l1-logistic-s42,homecredit,catboost,lasso_l1_logistic,INSTAL_PAYMENT_RATIO_MIN,0.0010392394867373,low,authenticated_saved_feature_psi,False
fbv1-018-homecredit-catboost-lasso-l1-logistic-s42,homecredit,catboost,lasso_l1_logistic,EXT_SOURCE_1,0.0005418708919522,low,authenticated_saved_feature_psi,False
fbv1-018-homecredit-catboost-lasso-l1-logistic-s42,homecredit,catboost,lasso_l1_logistic,POS_SK_DPD_DEF_VAR,0.0004507846184714,low,authenticated_saved_feature_psi,False
fbv1-018-homecredit-catboost-lasso-l1-logistic-s42,homecredit,catboost,lasso_l1_logistic,CNT_FAM_MEMBERS,0.0001519851228183,low,authenticated_saved_feature_psi,False
fbv1-018-homecredit-catboost-lasso-l1-logistic-s42,homecredit,catboost,lasso_l1_logistic,BURO_AMT_CREDIT_SUM_OVERDUE_VAR,3.898618879724437e-05,low,authenticated_saved_feature_psi,False
fbv1-018-homecredit-catboost-lasso-l1-logistic-s42,homecredit,catboost,lasso_l1_logistic,CNT_CHILDREN,3.7257202702192494e-05,low,authenticated_saved_feature_psi,False
fbv1-018-homecredit-catboost-lasso-l1-logistic-s42,homecredit,catboost,lasso_l1_logistic,FLAG_EMP_PHONE,0.0,low,authenticated_saved_feature_psi,False
fbv1-018-homecredit-catboost-lasso-l1-logistic-s42,homecredit,catboost,lasso_l1_logistic,FLAG_DOCUMENT_14,0.0,low,authenticated_saved_feature_psi,False
fbv1-018-homecredit-catboost-lasso-l1-logistic-s42,homecredit,catboost,lasso_l1_logistic,CODE_GENDER_F,0.0,low,authenticated_saved_feature_psi,False
fbv1-018-homecredit-catboost-lasso-l1-logistic-s42,homecredit,catboost,lasso_l1_logistic,CODE_GENDER_M,0.0,low,authenticated_saved_feature_psi,False
fbv1-018-homecredit-catboost-lasso-l1-logistic-s42,homecredit,catboost,lasso_l1_logistic,CODE_GENDER_infrequent_sklearn,0.0,low,authenticated_saved_feature_psi,False
fbv1-018-homecredit-catboost-lasso-l1-logistic-s42,homecredit,catboost,lasso_l1_logistic,NAME_EDUCATION_TYPE_Academic degree,0.0,low,authenticated_saved_feature_psi,False
fbv1-018-homecredit-catboost-lasso-l1-logistic-s42,homecredit,catboost,lasso_l1_logistic,NAME_EDUCATION_TYPE_Higher education,0.0,low,authenticated_saved_feature_psi,False
fbv1-018-homecredit-catboost-lasso-l1-logistic-s42,homecredit,catboost,lasso_l1_logistic,NAME_EDUCATION_TYPE_Incomplete higher,0.0,low,authenticated_saved_feature_psi,False
fbv1-018-homecredit-catboost-lasso-l1-logistic-s42,homecredit,catboost,lasso_l1_logistic,NAME_EDUCATION_TYPE_Lower secondary,0.0,low,authenticated_saved_feature_psi,False
fbv1-018-homecredit-catboost-lasso-l1-logistic-s42,homecredit,catboost,lasso_l1_logistic,NAME_EDUCATION_TYPE_Secondary / secondary special,0.0,low,authenticated_saved_feature_psi,False
fbv1-018-homecredit-catboost-lasso-l1-logistic-s42,homecredit,catboost,lasso_l1_logistic,FLAG_OWN_CAR_N,0.0,low,authenticated_saved_feature_psi,False
fbv1-018-homecredit-catboost-lasso-l1-logistic-s42,homecredit,catboost,lasso_l1_logistic,FLAG_OWN_CAR_Y,0.0,low,authenticated_saved_feature_psi,False
fbv1-019-lendingclub_v2-lr-lasso-l1-logistic-s42,lendingclub_v2,lr,lasso_l1_logistic,log_revol_bal,0.0070311167993492,low,authenticated_saved_feature_psi,False
fbv1-019-lendingclub_v2-lr-lasso-l1-logistic-s42,lendingclub_v2,lr,lasso_l1_logistic,sqrt_total_bc_limit,0.00516863796197,low,authenticated_saved_feature_psi,False
fbv1-019-lendingclub_v2-lr-lasso-l1-logistic-s42,lendingclub_v2,lr,lasso_l1_logistic,fico_midpoint_scaled,0.0049296297322064,low,authenticated_saved_feature_psi,False
fbv1-019-lendingclub_v2-lr-lasso-l1-logistic-s42,lendingclub_v2,lr,lasso_l1_logistic,log_annual_inc,0.0047716352058489,low,authenticated_saved_feature_psi,False
fbv1-019-lendingclub_v2-lr-lasso-l1-logistic-s42,lendingclub_v2,lr,lasso_l1_logistic,sqrt_annual_inc,0.0047716352058489,low,authenticated_saved_feature_psi,False
fbv1-019-lendingclub_v2-lr-lasso-l1-logistic-s42,lendingclub_v2,lr,lasso_l1_logistic,total_il_high_credit_limit_to_income,0.0041137682116963,low,authenticated_saved_feature_psi,False
fbv1-019-lendingclub_v2-lr-lasso-l1-logistic-s42,lendingclub_v2,lr,lasso_l1_logistic,log_tot_hi_cred_lim,0.0035504992817773,low,authenticated_saved_feature_psi,False
fbv1-019-lendingclub_v2-lr-lasso-l1-logistic-s42,lendingclub_v2,lr,lasso_l1_logistic,log_total_rev_hi_lim,0.0033725989013845,low,authenticated_saved_feature_psi,False
fbv1-019-lendingclub_v2-lr-lasso-l1-logistic-s42,lendingclub_v2,lr,lasso_l1_logistic,sqrt_total_bal_ex_mort,0.0026893644407172,low,authenticated_saved_feature_psi,False
fbv1-019-lendingclub_v2-lr-lasso-l1-logistic-s42,lendingclub_v2,lr,lasso_l1_logistic,credit_history_years_x_fico,0.0026105148671702,low,authenticated_saved_feature_psi,False
fbv1-019-lendingclub_v2-lr-lasso-l1-logistic-s42,lendingclub_v2,lr,lasso_l1_logistic,log_tot_cur_bal,0.0011712008042223,low,authenticated_saved_feature_psi,False
fbv1-019-lendingclub_v2-lr-lasso-l1-logistic-s42,lendingclub_v2,lr,lasso_l1_logistic,dti,0.0010873667543974,low,authenticated_saved_feature_psi,False
fbv1-019-lendingclub_v2-lr-lasso-l1-logistic-s42,lendingclub_v2,lr,lasso_l1_logistic,sqrt_avg_cur_bal,0.0006622956085569,low,authenticated_saved_feature_psi,False
fbv1-019-lendingclub_v2-lr-lasso-l1-logistic-s42,lendingclub_v2,lr,lasso_l1_logistic,total_bal_ex_mort_to_income,0.0004342701468031,low,authenticated_saved_feature_psi,False
fbv1-019-lendingclub_v2-lr-lasso-l1-logistic-s42,lendingclub_v2,lr,lasso_l1_logistic,term_months,0.0,low,authenticated_saved_feature_psi,False
fbv1-019-lendingclub_v2-lr-lasso-l1-logistic-s42,lendingclub_v2,lr,lasso_l1_logistic,purpose_verification_status_car__Not Verified,0.0,low,authenticated_saved_feature_psi,False
fbv1-019-lendingclub_v2-lr-lasso-l1-logistic-s42,lendingclub_v2,lr,lasso_l1_logistic,purpose_verification_status_car__Source Verified,0.0,low,authenticated_saved_feature_psi,False
fbv1-019-lendingclub_v2-lr-lasso-l1-logistic-s42,lendingclub_v2,lr,lasso_l1_logistic,purpose_verification_status_car__Verified,0.0,low,authenticated_saved_feature_psi,False
fbv1-019-lendingclub_v2-lr-lasso-l1-logistic-s42,lendingclub_v2,lr,lasso_l1_logistic,purpose_verification_status_credit_card__Not Verified,0.0,low,authenticated_saved_feature_psi,False
fbv1-019-lendingclub_v2-lr-lasso-l1-logistic-s42,lendingclub_v2,lr,lasso_l1_logistic,purpose_verification_status_credit_card__Source Verified,0.0,low,authenticated_saved_feature_psi,False
fbv1-019-lendingclub_v2-lr-lasso-l1-logistic-s42,lendingclub_v2,lr,lasso_l1_logistic,purpose_verification_status_credit_card__Verified,0.0,low,authenticated_saved_feature_psi,False
fbv1-019-lendingclub_v2-lr-lasso-l1-logistic-s42,lendingclub_v2,lr,lasso_l1_logistic,purpose_verification_status_debt_consolidation__Not Verified,0.0,low,authenticated_saved_feature_psi,False
fbv1-019-lendingclub_v2-lr-lasso-l1-logistic-s42,lendingclub_v2,lr,lasso_l1_logistic,purpose_verification_status_debt_consolidation__Source Verified,0.0,low,authenticated_saved_feature_psi,False
fbv1-019-lendingclub_v2-lr-lasso-l1-logistic-s42,lendingclub_v2,lr,lasso_l1_logistic,purpose_verification_status_debt_consolidation__Verified,0.0,low,authenticated_saved_feature_psi,False
fbv1-019-lendingclub_v2-lr-lasso-l1-logistic-s42,lendingclub_v2,lr,lasso_l1_logistic,purpose_verification_status_home_improvement__Not Verified,0.0,low,authenticated_saved_feature_psi,False
fbv1-019-lendingclub_v2-lr-lasso-l1-logistic-s42,lendingclub_v2,lr,lasso_l1_logistic,purpose_verification_status_home_improvement__Source Verified,0.0,low,authenticated_saved_feature_psi,False
fbv1-019-lendingclub_v2-lr-lasso-l1-logistic-s42,lendingclub_v2,lr,lasso_l1_logistic,purpose_verification_status_home_improvement__Verified,0.0,low,authenticated_saved_feature_psi,False
fbv1-019-lendingclub_v2-lr-lasso-l1-logistic-s42,lendingclub_v2,lr,lasso_l1_logistic,purpose_verification_status_house__Not Verified,0.0,low,authenticated_saved_feature_psi,False
fbv1-019-lendingclub_v2-lr-lasso-l1-logistic-s42,lendingclub_v2,lr,lasso_l1_logistic,purpose_verification_status_house__Source Verified,0.0,low,authenticated_saved_feature_psi,False
fbv1-019-lendingclub_v2-lr-lasso-l1-logistic-s42,lendingclub_v2,lr,lasso_l1_logistic,purpose_verification_status_house__Verified,0.0,low,authenticated_saved_feature_psi,False
fbv1-019-lendingclub_v2-lr-lasso-l1-logistic-s42,lendingclub_v2,lr,lasso_l1_logistic,purpose_verification_status_major_purchase__Not Verified,0.0,low,authenticated_saved_feature_psi,False
fbv1-019-lendingclub_v2-lr-lasso-l1-logistic-s42,lendingclub_v2,lr,lasso_l1_logistic,purpose_verification_status_major_purchase__Source Verified,0.0,low,authenticated_saved_feature_psi,False
fbv1-019-lendingclub_v2-lr-lasso-l1-logistic-s42,lendingclub_v2,lr,lasso_l1_logistic,purpose_verification_status_major_purchase__Verified,0.0,low,authenticated_saved_feature_psi,False
fbv1-019-lendingclub_v2-lr-lasso-l1-logistic-s42,lendingclub_v2,lr,lasso_l1_logistic,purpose_verification_status_medical__Not Verified,0.0,low,authenticated_saved_feature_psi,False
fbv1-019-lendingclub_v2-lr-lasso-l1-logistic-s42,lendingclub_v2,lr,lasso_l1_logistic,purpose_verification_status_medical__Source Verified,0.0,low,authenticated_saved_feature_psi,False
fbv1-019-lendingclub_v2-lr-lasso-l1-logistic-s42,lendingclub_v2,lr,lasso_l1_logistic,purpose_verification_status_medical__Verified,0.0,low,authenticated_saved_feature_psi,False
fbv1-019-lendingclub_v2-lr-lasso-l1-logistic-s42,lendingclub_v2,lr,lasso_l1_logistic,purpose_verification_status_moving__Not Verified,0.0,low,authenticated_saved_feature_psi,False
fbv1-019-lendingclub_v2-lr-lasso-l1-logistic-s42,lendingclub_v2,lr,lasso_l1_logistic,purpose_verification_status_moving__Source Verified,0.0,low,authenticated_saved_feature_psi,False
fbv1-019-lendingclub_v2-lr-lasso-l1-logistic-s42,lendingclub_v2,lr,lasso_l1_logistic,purpose_verification_status_moving__Verified,0.0,low,authenticated_saved_feature_psi,False
fbv1-019-lendingclub_v2-lr-lasso-l1-logistic-s42,lendingclub_v2,lr,lasso_l1_logistic,purpose_verification_status_other__Not Verified,0.0,low,authenticated_saved_feature_psi,False
fbv1-019-lendingclub_v2-lr-lasso-l1-logistic-s42,lendingclub_v2,lr,lasso_l1_logistic,purpose_verification_status_other__Source Verified,0.0,low,authenticated_saved_feature_psi,False
fbv1-019-lendingclub_v2-lr-lasso-l1-logistic-s42,lendingclub_v2,lr,lasso_l1_logistic,purpose_verification_status_other__Verified,0.0,low,authenticated_saved_feature_psi,False
fbv1-019-lendingclub_v2-lr-lasso-l1-logistic-s42,lendingclub_v2,lr,lasso_l1_logistic,purpose_verification_status_renewable_energy__Not Verified,0.0,low,authenticated_saved_feature_psi,False
fbv1-019-lendingclub_v2-lr-lasso-l1-logistic-s42,lendingclub_v2,lr,lasso_l1_logistic,purpose_verification_status_renewable_energy__Source Verified,0.0,low,authenticated_saved_feature_psi,False
fbv1-019-lendingclub_v2-lr-lasso-l1-logistic-s42,lendingclub_v2,lr,lasso_l1_logistic,purpose_verification_status_renewable_energy__Verified,0.0,low,authenticated_saved_feature_psi,False
fbv1-019-lendingclub_v2-lr-lasso-l1-logistic-s42,lendingclub_v2,lr,lasso_l1_logistic,purpose_verification_status_small_business__Not Verified,0.0,low,authenticated_saved_feature_psi,False
fbv1-019-lendingclub_v2-lr-lasso-l1-logistic-s42,lendingclub_v2,lr,lasso_l1_logistic,purpose_verification_status_small_business__Source Verified,0.0,low,authenticated_saved_feature_psi,False
fbv1-019-lendingclub_v2-lr-lasso-l1-logistic-s42,lendingclub_v2,lr,lasso_l1_logistic,purpose_verification_status_small_business__Verified,0.0,low,authenticated_saved_feature_psi,False
fbv1-019-lendingclub_v2-lr-lasso-l1-logistic-s42,lendingclub_v2,lr,lasso_l1_logistic,purpose_verification_status_vacation__Not Verified,0.0,low,authenticated_saved_feature_psi,False
fbv1-019-lendingclub_v2-lr-lasso-l1-logistic-s42,lendingclub_v2,lr,lasso_l1_logistic,purpose_verification_status_vacation__Source Verified,0.0,low,authenticated_saved_feature_psi,False
fbv1-019-lendingclub_v2-lr-lasso-l1-logistic-s42,lendingclub_v2,lr,lasso_l1_logistic,purpose_verification_status_vacation__Verified,0.0,low,authenticated_saved_feature_psi,False
fbv1-019-lendingclub_v2-lr-lasso-l1-logistic-s42,lendingclub_v2,lr,lasso_l1_logistic,purpose_verification_status_infrequent_sklearn,0.0,low,authenticated_saved_feature_psi,False
fbv1-019-lendingclub_v2-lr-lasso-l1-logistic-s42,lendingclub_v2,lr,lasso_l1_logistic,purpose_car,0.0,low,authenticated_saved_feature_psi,False
fbv1-019-lendingclub_v2-lr-lasso-l1-logistic-s42,lendingclub_v2,lr,lasso_l1_logistic,purpose_credit_card,0.0,low,authenticated_saved_feature_psi,False
fbv1-019-lendingclub_v2-lr-lasso-l1-logistic-s42,lendingclub_v2,lr,lasso_l1_logistic,purpose_debt_consolidation,0.0,low,authenticated_saved_feature_psi,False
fbv1-019-lendingclub_v2-lr-lasso-l1-logistic-s42,lendingclub_v2,lr,lasso_l1_logistic,purpose_home_improvement,0.0,low,authenticated_saved_feature_psi,False
fbv1-019-lendingclub_v2-lr-lasso-l1-logistic-s42,lendingclub_v2,lr,lasso_l1_logistic,purpose_house,0.0,low,authenticated_saved_feature_psi,False
fbv1-019-lendingclub_v2-lr-lasso-l1-logistic-s42,lendingclub_v2,lr,lasso_l1_logistic,purpose_major_purchase,0.0,low,authenticated_saved_feature_psi,False
fbv1-019-lendingclub_v2-lr-lasso-l1-logistic-s42,lendingclub_v2,lr,lasso_l1_logistic,purpose_medical,0.0,low,authenticated_saved_feature_psi,False
fbv1-019-lendingclub_v2-lr-lasso-l1-logistic-s42,lendingclub_v2,lr,lasso_l1_logistic,purpose_moving,0.0,low,authenticated_saved_feature_psi,False
fbv1-019-lendingclub_v2-lr-lasso-l1-logistic-s42,lendingclub_v2,lr,lasso_l1_logistic,purpose_other,0.0,low,authenticated_saved_feature_psi,False
fbv1-019-lendingclub_v2-lr-lasso-l1-logistic-s42,lendingclub_v2,lr,lasso_l1_logistic,purpose_renewable_energy,0.0,low,authenticated_saved_feature_psi,False
fbv1-019-lendingclub_v2-lr-lasso-l1-logistic-s42,lendingclub_v2,lr,lasso_l1_logistic,purpose_small_business,0.0,low,authenticated_saved_feature_psi,False
fbv1-019-lendingclub_v2-lr-lasso-l1-logistic-s42,lendingclub_v2,lr,lasso_l1_logistic,purpose_vacation,0.0,low,authenticated_saved_feature_psi,False
fbv1-019-lendingclub_v2-lr-lasso-l1-logistic-s42,lendingclub_v2,lr,lasso_l1_logistic,purpose_infrequent_sklearn,0.0,low,authenticated_saved_feature_psi,False
fbv1-019-lendingclub_v2-lr-lasso-l1-logistic-s42,lendingclub_v2,lr,lasso_l1_logistic,purpose_group_x_dti_band_asset_or_home__high,0.0,low,authenticated_saved_feature_psi,False
fbv1-019-lendingclub_v2-lr-lasso-l1-logistic-s42,lendingclub_v2,lr,lasso_l1_logistic,purpose_group_x_dti_band_asset_or_home__low,0.0,low,authenticated_saved_feature_psi,False
fbv1-019-lendingclub_v2-lr-lasso-l1-logistic-s42,lendingclub_v2,lr,lasso_l1_logistic,purpose_group_x_dti_band_asset_or_home__moderate,0.0,low,authenticated_saved_feature_psi,False
fbv1-019-lendingclub_v2-lr-lasso-l1-logistic-s42,lendingclub_v2,lr,lasso_l1_logistic,purpose_group_x_dti_band_asset_or_home__very_low,0.0,low,authenticated_saved_feature_psi,False
fbv1-019-lendingclub_v2-lr-lasso-l1-logistic-s42,lendingclub_v2,lr,lasso_l1_logistic,purpose_group_x_dti_band_business__high,0.0,low,authenticated_saved_feature_psi,False
fbv1-019-lendingclub_v2-lr-lasso-l1-logistic-s42,lendingclub_v2,lr,lasso_l1_logistic,purpose_group_x_dti_band_business__low,0.0,low,authenticated_saved_feature_psi,False
fbv1-019-lendingclub_v2-lr-lasso-l1-logistic-s42,lendingclub_v2,lr,lasso_l1_logistic,purpose_group_x_dti_band_business__moderate,0.0,low,authenticated_saved_feature_psi,False
fbv1-019-lendingclub_v2-lr-lasso-l1-logistic-s42,lendingclub_v2,lr,lasso_l1_logistic,purpose_group_x_dti_band_business__very_low,0.0,low,authenticated_saved_feature_psi,False
fbv1-019-lendingclub_v2-lr-lasso-l1-logistic-s42,lendingclub_v2,lr,lasso_l1_logistic,purpose_group_x_dti_band_debt_refinance__high,0.0,low,authenticated_saved_feature_psi,False
fbv1-019-lendingclub_v2-lr-lasso-l1-logistic-s42,lendingclub_v2,lr,lasso_l1_logistic,purpose_group_x_dti_band_debt_refinance__low,0.0,low,authenticated_saved_feature_psi,False
fbv1-019-lendingclub_v2-lr-lasso-l1-logistic-s42,lendingclub_v2,lr,lasso_l1_logistic,purpose_group_x_dti_band_debt_refinance__moderate,0.0,low,authenticated_saved_feature_psi,False
fbv1-019-lendingclub_v2-lr-lasso-l1-logistic-s42,lendingclub_v2,lr,lasso_l1_logistic,purpose_group_x_dti_band_debt_refinance__very_low,0.0,low,authenticated_saved_feature_psi,False
fbv1-019-lendingclub_v2-lr-lasso-l1-logistic-s42,lendingclub_v2,lr,lasso_l1_logistic,purpose_group_x_dti_band_discretionary__high,0.0,low,authenticated_saved_feature_psi,False
fbv1-019-lendingclub_v2-lr-lasso-l1-logistic-s42,lendingclub_v2,lr,lasso_l1_logistic,purpose_group_x_dti_band_discretionary__low,0.0,low,authenticated_saved_feature_psi,False
fbv1-019-lendingclub_v2-lr-lasso-l1-logistic-s42,lendingclub_v2,lr,lasso_l1_logistic,purpose_group_x_dti_band_discretionary__moderate,0.0,low,authenticated_saved_feature_psi,False
fbv1-019-lendingclub_v2-lr-lasso-l1-logistic-s42,lendingclub_v2,lr,lasso_l1_logistic,purpose_group_x_dti_band_discretionary__very_low,0.0,low,authenticated_saved_feature_psi,False
fbv1-019-lendingclub_v2-lr-lasso-l1-logistic-s42,lendingclub_v2,lr,lasso_l1_logistic,purpose_group_x_dti_band_large_purchase__high,0.0,low,authenticated_saved_feature_psi,False
fbv1-019-lendingclub_v2-lr-lasso-l1-logistic-s42,lendingclub_v2,lr,lasso_l1_logistic,purpose_group_x_dti_band_large_purchase__low,0.0,low,authenticated_saved_feature_psi,False
fbv1-019-lendingclub_v2-lr-lasso-l1-logistic-s42,lendingclub_v2,lr,lasso_l1_logistic,purpose_group_x_dti_band_large_purchase__moderate,0.0,low,authenticated_saved_feature_psi,False
fbv1-019-lendingclub_v2-lr-lasso-l1-logistic-s42,lendingclub_v2,lr,lasso_l1_logistic,purpose_group_x_dti_band_large_purchase__very_low,0.0,low,authenticated_saved_feature_psi,False
fbv1-019-lendingclub_v2-lr-lasso-l1-logistic-s42,lendingclub_v2,lr,lasso_l1_logistic,purpose_group_x_dti_band_life_event__high,0.0,low,authenticated_saved_feature_psi,False
fbv1-019-lendingclub_v2-lr-lasso-l1-logistic-s42,lendingclub_v2,lr,lasso_l1_logistic,purpose_group_x_dti_band_life_event__low,0.0,low,authenticated_saved_feature_psi,False
fbv1-019-lendingclub_v2-lr-lasso-l1-logistic-s42,lendingclub_v2,lr,lasso_l1_logistic,purpose_group_x_dti_band_life_event__moderate,0.0,low,authenticated_saved_feature_psi,False
fbv1-019-lendingclub_v2-lr-lasso-l1-logistic-s42,lendingclub_v2,lr,lasso_l1_logistic,purpose_group_x_dti_band_life_event__very_low,0.0,low,authenticated_saved_feature_psi,False
fbv1-019-lendingclub_v2-lr-lasso-l1-logistic-s42,lendingclub_v2,lr,lasso_l1_logistic,purpose_group_x_dti_band_other__high,0.0,low,authenticated_saved_feature_psi,False
fbv1-019-lendingclub_v2-lr-lasso-l1-logistic-s42,lendingclub_v2,lr,lasso_l1_logistic,purpose_group_x_dti_band_other__low,0.0,low,authenticated_saved_feature_psi,False
fbv1-019-lendingclub_v2-lr-lasso-l1-logistic-s42,lendingclub_v2,lr,lasso_l1_logistic,purpose_group_x_dti_band_other__moderate,0.0,low,authenticated_saved_feature_psi,False
fbv1-019-lendingclub_v2-lr-lasso-l1-logistic-s42,lendingclub_v2,lr,lasso_l1_logistic,purpose_group_x_dti_band_other__very_low,0.0,low,authenticated_saved_feature_psi,False
fbv1-019-lendingclub_v2-lr-lasso-l1-logistic-s42,lendingclub_v2,lr,lasso_l1_logistic,purpose_group_x_dti_band_infrequent_sklearn,0.0,low,authenticated_saved_feature_psi,False
fbv1-019-lendingclub_v2-lr-lasso-l1-logistic-s42,lendingclub_v2,lr,lasso_l1_logistic,purpose_group_asset_or_home,0.0,low,authenticated_saved_feature_psi,False
fbv1-019-lendingclub_v2-lr-lasso-l1-logistic-s42,lendingclub_v2,lr,lasso_l1_logistic,purpose_group_business,0.0,low,authenticated_saved_feature_psi,False
fbv1-019-lendingclub_v2-lr-lasso-l1-logistic-s42,lendingclub_v2,lr,lasso_l1_logistic,purpose_group_debt_refinance,0.0,low,authenticated_saved_feature_psi,False
fbv1-019-lendingclub_v2-lr-lasso-l1-logistic-s42,lendingclub_v2,lr,lasso_l1_logistic,purpose_group_discretionary,0.0,low,authenticated_saved_feature_psi,False
fbv1-019-lendingclub_v2-lr-lasso-l1-logistic-s42,lendingclub_v2,lr,lasso_l1_logistic,purpose_group_large_purchase,0.0,low,authenticated_saved_feature_psi,False
fbv1-019-lendingclub_v2-lr-lasso-l1-logistic-s42,lendingclub_v2,lr,lasso_l1_logistic,purpose_group_life_event,0.0,low,authenticated_saved_feature_psi,False
fbv1-019-lendingclub_v2-lr-lasso-l1-logistic-s42,lendingclub_v2,lr,lasso_l1_logistic,purpose_group_other,0.0,low,authenticated_saved_feature_psi,False
fbv1-019-lendingclub_v2-lr-lasso-l1-logistic-s42,lendingclub_v2,lr,lasso_l1_logistic,purpose_group_infrequent_sklearn,0.0,low,authenticated_saved_feature_psi,False
fbv1-019-lendingclub_v2-lr-lasso-l1-logistic-s42,lendingclub_v2,lr,lasso_l1_logistic,term_home_ownership_36 months__MORTGAGE,0.0,low,authenticated_saved_feature_psi,False
fbv1-019-lendingclub_v2-lr-lasso-l1-logistic-s42,lendingclub_v2,lr,lasso_l1_logistic,term_home_ownership_36 months__OWN,0.0,low,authenticated_saved_feature_psi,False
fbv1-019-lendingclub_v2-lr-lasso-l1-logistic-s42,lendingclub_v2,lr,lasso_l1_logistic,term_home_ownership_36 months__RENT,0.0,low,authenticated_saved_feature_psi,False
fbv1-019-lendingclub_v2-lr-lasso-l1-logistic-s42,lendingclub_v2,lr,lasso_l1_logistic,term_home_ownership_60 months__MORTGAGE,0.0,low,authenticated_saved_feature_psi,False
fbv1-019-lendingclub_v2-lr-lasso-l1-logistic-s42,lendingclub_v2,lr,lasso_l1_logistic,term_home_ownership_60 months__OWN,0.0,low,authenticated_saved_feature_psi,False
fbv1-019-lendingclub_v2-lr-lasso-l1-logistic-s42,lendingclub_v2,lr,lasso_l1_logistic,term_home_ownership_60 months__RENT,0.0,low,authenticated_saved_feature_psi,False
fbv1-019-lendingclub_v2-lr-lasso-l1-logistic-s42,lendingclub_v2,lr,lasso_l1_logistic,term_home_ownership_infrequent_sklearn,0.0,low,authenticated_saved_feature_psi,False
fbv1-020-lendingclub_v2-catboost-lasso-l1-logistic-s42,lendingclub_v2,catboost,lasso_l1_logistic,joint_dti_gap,0.0461469192141155,low,authenticated_saved_feature_psi,False
fbv1-020-lendingclub_v2-catboost-lasso-l1-logistic-s42,lendingclub_v2,catboost,lasso_l1_logistic,percent_bc_gt_75,0.0323577278519161,low,authenticated_saved_feature_psi,False
fbv1-020-lendingclub_v2-catboost-lasso-l1-logistic-s42,lendingclub_v2,catboost,lasso_l1_logistic,mo_sin_old_rev_tl_op,0.0180084623296454,low,authenticated_saved_feature_psi,False
fbv1-020-lendingclub_v2-catboost-lasso-l1-logistic-s42,lendingclub_v2,catboost,lasso_l1_logistic,term_x_loan_to_income,0.0169743018807053,low,authenticated_saved_feature_psi,False
fbv1-020-lendingclub_v2-catboost-lasso-l1-logistic-s42,lendingclub_v2,catboost,lasso_l1_logistic,log_num_bc_tl,0.0162961416082937,low,authenticated_saved_feature_psi,False
fbv1-020-lendingclub_v2-catboost-lasso-l1-logistic-s42,lendingclub_v2,catboost,lasso_l1_logistic,log_num_tl_op_past_12m,0.0157202468814718,low,authenticated_saved_feature_psi,False
fbv1-020-lendingclub_v2-catboost-lasso-l1-logistic-s42,lendingclub_v2,catboost,lasso_l1_logistic,log_acc_open_past_24mths,0.0150282310414455,low,authenticated_saved_feature_psi,False
fbv1-020-lendingclub_v2-catboost-lasso-l1-logistic-s42,lendingclub_v2,catboost,lasso_l1_logistic,acc_open_past_24mths,0.0150282310414455,low,authenticated_saved_feature_psi,False
fbv1-020-lendingclub_v2-catboost-lasso-l1-logistic-s42,lendingclub_v2,catboost,lasso_l1_logistic,total_bc_limit_to_loan_amnt,0.0125781853725098,low,authenticated_saved_feature_psi,False
fbv1-020-lendingclub_v2-catboost-lasso-l1-logistic-s42,lendingclub_v2,catboost,lasso_l1_logistic,num_rev_accts,0.0121097794498606,low,authenticated_saved_feature_psi,False
fbv1-020-lendingclub_v2-catboost-lasso-l1-logistic-s42,lendingclub_v2,catboost,lasso_l1_logistic,loan_amnt,0.0097776514225326,low,authenticated_saved_feature_psi,False
fbv1-020-lendingclub_v2-catboost-lasso-l1-logistic-s42,lendingclub_v2,catboost,lasso_l1_logistic,num_bc_tl_per_total_acc,0.0079410940301462,low,authenticated_saved_feature_psi,False
fbv1-020-lendingclub_v2-catboost-lasso-l1-logistic-s42,lendingclub_v2,catboost,lasso_l1_logistic,log_total_il_high_credit_limit,0.0077390187691243,low,authenticated_saved_feature_psi,False
fbv1-020-lendingclub_v2-catboost-lasso-l1-logistic-s42,lendingclub_v2,catboost,lasso_l1_logistic,total_il_high_credit_limit,0.0077390187691243,low,authenticated_saved_feature_psi,False
fbv1-020-lendingclub_v2-catboost-lasso-l1-logistic-s42,lendingclub_v2,catboost,lasso_l1_logistic,log_revol_bal,0.0070311167993492,low,authenticated_saved_feature_psi,False
fbv1-020-lendingclub_v2-catboost-lasso-l1-logistic-s42,lendingclub_v2,catboost,lasso_l1_logistic,sqrt_total_bc_limit,0.00516863796197,low,authenticated_saved_feature_psi,False
fbv1-020-lendingclub_v2-catboost-lasso-l1-logistic-s42,lendingclub_v2,catboost,lasso_l1_logistic,total_bc_limit,0.00516863796197,low,authenticated_saved_feature_psi,False
fbv1-020-lendingclub_v2-catboost-lasso-l1-logistic-s42,lendingclub_v2,catboost,lasso_l1_logistic,fico_midpoint_scaled,0.0049296297322064,low,authenticated_saved_feature_psi,False
fbv1-020-lendingclub_v2-catboost-lasso-l1-logistic-s42,lendingclub_v2,catboost,lasso_l1_logistic,sqrt_annual_inc,0.0047716352058489,low,authenticated_saved_feature_psi,False
fbv1-020-lendingclub_v2-catboost-lasso-l1-logistic-s42,lendingclub_v2,catboost,lasso_l1_logistic,log_annual_inc,0.0047716352058489,low,authenticated_saved_feature_psi,False
fbv1-020-lendingclub_v2-catboost-lasso-l1-logistic-s42,lendingclub_v2,catboost,lasso_l1_logistic,total_il_high_credit_limit_to_income,0.0041137682116963,low,authenticated_saved_feature_psi,False
fbv1-020-lendingclub_v2-catboost-lasso-l1-logistic-s42,lendingclub_v2,catboost,lasso_l1_logistic,sqrt_tot_hi_cred_lim,0.0035504992817773,low,authenticated_saved_feature_psi,False
fbv1-020-lendingclub_v2-catboost-lasso-l1-logistic-s42,lendingclub_v2,catboost,lasso_l1_logistic,log_tot_hi_cred_lim,0.0035504992817773,low,authenticated_saved_feature_psi,False
fbv1-020-lendingclub_v2-catboost-lasso-l1-logistic-s42,lendingclub_v2,catboost,lasso_l1_logistic,log_total_rev_hi_lim,0.0033725989013845,low,authenticated_saved_feature_psi,False
fbv1-020-lendingclub_v2-catboost-lasso-l1-logistic-s42,lendingclub_v2,catboost,lasso_l1_logistic,sqrt_total_bal_ex_mort,0.0026893644407172,low,authenticated_saved_feature_psi,False
fbv1-020-lendingclub_v2-catboost-lasso-l1-logistic-s42,lendingclub_v2,catboost,lasso_l1_logistic,total_bal_ex_mort,0.0026893644407172,low,authenticated_saved_feature_psi,False
fbv1-020-lendingclub_v2-catboost-lasso-l1-logistic-s42,lendingclub_v2,catboost,lasso_l1_logistic,credit_history_years_x_fico,0.0026105148671702,low,authenticated_saved_feature_psi,False
fbv1-020-lendingclub_v2-catboost-lasso-l1-logistic-s42,lendingclub_v2,catboost,lasso_l1_logistic,total_bc_limit_to_income,0.0012010605233133,low,authenticated_saved_feature_psi,False
fbv1-020-lendingclub_v2-catboost-lasso-l1-logistic-s42,lendingclub_v2,catboost,lasso_l1_logistic,log_tot_cur_bal,0.0011712008042223,low,authenticated_saved_feature_psi,False
fbv1-020-lendingclub_v2-catboost-lasso-l1-logistic-s42,lendingclub_v2,catboost,lasso_l1_logistic,dti,0.0010873667543974,low,authenticated_saved_feature_psi,False
fbv1-020-lendingclub_v2-catboost-lasso-l1-logistic-s42,lendingclub_v2,catboost,lasso_l1_logistic,sqrt_avg_cur_bal,0.0006622956085569,low,authenticated_saved_feature_psi,False
fbv1-020-lendingclub_v2-catboost-lasso-l1-logistic-s42,lendingclub_v2,catboost,lasso_l1_logistic,total_bal_ex_mort_to_income,0.0004342701468031,low,authenticated_saved_feature_psi,False
fbv1-020-lendingclub_v2-catboost-lasso-l1-logistic-s42,lendingclub_v2,catboost,lasso_l1_logistic,term_months,0.0,low,authenticated_saved_feature_psi,False
fbv1-020-lendingclub_v2-catboost-lasso-l1-logistic-s42,lendingclub_v2,catboost,lasso_l1_logistic,total_il_high_credit_limit_is_zero,0.0,low,authenticated_saved_feature_psi,False
fbv1-020-lendingclub_v2-catboost-lasso-l1-logistic-s42,lendingclub_v2,catboost,lasso_l1_logistic,purpose_verification_status_car__Not Verified,0.0,low,authenticated_saved_feature_psi,False
fbv1-020-lendingclub_v2-catboost-lasso-l1-logistic-s42,lendingclub_v2,catboost,lasso_l1_logistic,purpose_verification_status_car__Source Verified,0.0,low,authenticated_saved_feature_psi,False
fbv1-020-lendingclub_v2-catboost-lasso-l1-logistic-s42,lendingclub_v2,catboost,lasso_l1_logistic,purpose_verification_status_car__Verified,0.0,low,authenticated_saved_feature_psi,False
fbv1-020-lendingclub_v2-catboost-lasso-l1-logistic-s42,lendingclub_v2,catboost,lasso_l1_logistic,purpose_verification_status_credit_card__Not Verified,0.0,low,authenticated_saved_feature_psi,False
fbv1-020-lendingclub_v2-catboost-lasso-l1-logistic-s42,lendingclub_v2,catboost,lasso_l1_logistic,purpose_verification_status_credit_card__Source Verified,0.0,low,authenticated_saved_feature_psi,False
fbv1-020-lendingclub_v2-catboost-lasso-l1-logistic-s42,lendingclub_v2,catboost,lasso_l1_logistic,purpose_verification_status_credit_card__Verified,0.0,low,authenticated_saved_feature_psi,False
fbv1-020-lendingclub_v2-catboost-lasso-l1-logistic-s42,lendingclub_v2,catboost,lasso_l1_logistic,purpose_verification_status_debt_consolidation__Not Verified,0.0,low,authenticated_saved_feature_psi,False
fbv1-020-lendingclub_v2-catboost-lasso-l1-logistic-s42,lendingclub_v2,catboost,lasso_l1_logistic,purpose_verification_status_debt_consolidation__Source Verified,0.0,low,authenticated_saved_feature_psi,False
fbv1-020-lendingclub_v2-catboost-lasso-l1-logistic-s42,lendingclub_v2,catboost,lasso_l1_logistic,purpose_verification_status_debt_consolidation__Verified,0.0,low,authenticated_saved_feature_psi,False
fbv1-020-lendingclub_v2-catboost-lasso-l1-logistic-s42,lendingclub_v2,catboost,lasso_l1_logistic,purpose_verification_status_home_improvement__Not Verified,0.0,low,authenticated_saved_feature_psi,False
fbv1-020-lendingclub_v2-catboost-lasso-l1-logistic-s42,lendingclub_v2,catboost,lasso_l1_logistic,purpose_verification_status_home_improvement__Source Verified,0.0,low,authenticated_saved_feature_psi,False
fbv1-020-lendingclub_v2-catboost-lasso-l1-logistic-s42,lendingclub_v2,catboost,lasso_l1_logistic,purpose_verification_status_home_improvement__Verified,0.0,low,authenticated_saved_feature_psi,False
fbv1-020-lendingclub_v2-catboost-lasso-l1-logistic-s42,lendingclub_v2,catboost,lasso_l1_logistic,purpose_verification_status_house__Not Verified,0.0,low,authenticated_saved_feature_psi,False
fbv1-020-lendingclub_v2-catboost-lasso-l1-logistic-s42,lendingclub_v2,catboost,lasso_l1_logistic,purpose_verification_status_house__Source Verified,0.0,low,authenticated_saved_feature_psi,False
fbv1-020-lendingclub_v2-catboost-lasso-l1-logistic-s42,lendingclub_v2,catboost,lasso_l1_logistic,purpose_verification_status_house__Verified,0.0,low,authenticated_saved_feature_psi,False
fbv1-020-lendingclub_v2-catboost-lasso-l1-logistic-s42,lendingclub_v2,catboost,lasso_l1_logistic,purpose_verification_status_major_purchase__Not Verified,0.0,low,authenticated_saved_feature_psi,False
fbv1-020-lendingclub_v2-catboost-lasso-l1-logistic-s42,lendingclub_v2,catboost,lasso_l1_logistic,purpose_verification_status_major_purchase__Source Verified,0.0,low,authenticated_saved_feature_psi,False
fbv1-020-lendingclub_v2-catboost-lasso-l1-logistic-s42,lendingclub_v2,catboost,lasso_l1_logistic,purpose_verification_status_major_purchase__Verified,0.0,low,authenticated_saved_feature_psi,False
fbv1-020-lendingclub_v2-catboost-lasso-l1-logistic-s42,lendingclub_v2,catboost,lasso_l1_logistic,purpose_verification_status_medical__Not Verified,0.0,low,authenticated_saved_feature_psi,False
fbv1-020-lendingclub_v2-catboost-lasso-l1-logistic-s42,lendingclub_v2,catboost,lasso_l1_logistic,purpose_verification_status_medical__Source Verified,0.0,low,authenticated_saved_feature_psi,False
fbv1-020-lendingclub_v2-catboost-lasso-l1-logistic-s42,lendingclub_v2,catboost,lasso_l1_logistic,purpose_verification_status_medical__Verified,0.0,low,authenticated_saved_feature_psi,False
fbv1-020-lendingclub_v2-catboost-lasso-l1-logistic-s42,lendingclub_v2,catboost,lasso_l1_logistic,purpose_verification_status_moving__Not Verified,0.0,low,authenticated_saved_feature_psi,False
fbv1-020-lendingclub_v2-catboost-lasso-l1-logistic-s42,lendingclub_v2,catboost,lasso_l1_logistic,purpose_verification_status_moving__Source Verified,0.0,low,authenticated_saved_feature_psi,False
fbv1-020-lendingclub_v2-catboost-lasso-l1-logistic-s42,lendingclub_v2,catboost,lasso_l1_logistic,purpose_verification_status_moving__Verified,0.0,low,authenticated_saved_feature_psi,False
fbv1-020-lendingclub_v2-catboost-lasso-l1-logistic-s42,lendingclub_v2,catboost,lasso_l1_logistic,purpose_verification_status_other__Not Verified,0.0,low,authenticated_saved_feature_psi,False
fbv1-020-lendingclub_v2-catboost-lasso-l1-logistic-s42,lendingclub_v2,catboost,lasso_l1_logistic,purpose_verification_status_other__Source Verified,0.0,low,authenticated_saved_feature_psi,False
fbv1-020-lendingclub_v2-catboost-lasso-l1-logistic-s42,lendingclub_v2,catboost,lasso_l1_logistic,purpose_verification_status_other__Verified,0.0,low,authenticated_saved_feature_psi,False
fbv1-020-lendingclub_v2-catboost-lasso-l1-logistic-s42,lendingclub_v2,catboost,lasso_l1_logistic,purpose_verification_status_renewable_energy__Not Verified,0.0,low,authenticated_saved_feature_psi,False
fbv1-020-lendingclub_v2-catboost-lasso-l1-logistic-s42,lendingclub_v2,catboost,lasso_l1_logistic,purpose_verification_status_renewable_energy__Source Verified,0.0,low,authenticated_saved_feature_psi,False
fbv1-020-lendingclub_v2-catboost-lasso-l1-logistic-s42,lendingclub_v2,catboost,lasso_l1_logistic,purpose_verification_status_renewable_energy__Verified,0.0,low,authenticated_saved_feature_psi,False
fbv1-020-lendingclub_v2-catboost-lasso-l1-logistic-s42,lendingclub_v2,catboost,lasso_l1_logistic,purpose_verification_status_small_business__Not Verified,0.0,low,authenticated_saved_feature_psi,False
fbv1-020-lendingclub_v2-catboost-lasso-l1-logistic-s42,lendingclub_v2,catboost,lasso_l1_logistic,purpose_verification_status_small_business__Source Verified,0.0,low,authenticated_saved_feature_psi,False
fbv1-020-lendingclub_v2-catboost-lasso-l1-logistic-s42,lendingclub_v2,catboost,lasso_l1_logistic,purpose_verification_status_small_business__Verified,0.0,low,authenticated_saved_feature_psi,False
fbv1-020-lendingclub_v2-catboost-lasso-l1-logistic-s42,lendingclub_v2,catboost,lasso_l1_logistic,purpose_verification_status_vacation__Not Verified,0.0,low,authenticated_saved_feature_psi,False
fbv1-020-lendingclub_v2-catboost-lasso-l1-logistic-s42,lendingclub_v2,catboost,lasso_l1_logistic,purpose_verification_status_vacation__Source Verified,0.0,low,authenticated_saved_feature_psi,False
fbv1-020-lendingclub_v2-catboost-lasso-l1-logistic-s42,lendingclub_v2,catboost,lasso_l1_logistic,purpose_verification_status_vacation__Verified,0.0,low,authenticated_saved_feature_psi,False
fbv1-020-lendingclub_v2-catboost-lasso-l1-logistic-s42,lendingclub_v2,catboost,lasso_l1_logistic,purpose_verification_status_infrequent_sklearn,0.0,low,authenticated_saved_feature_psi,False
fbv1-020-lendingclub_v2-catboost-lasso-l1-logistic-s42,lendingclub_v2,catboost,lasso_l1_logistic,purpose_car,0.0,low,authenticated_saved_feature_psi,False
fbv1-020-lendingclub_v2-catboost-lasso-l1-logistic-s42,lendingclub_v2,catboost,lasso_l1_logistic,purpose_credit_card,0.0,low,authenticated_saved_feature_psi,False
fbv1-020-lendingclub_v2-catboost-lasso-l1-logistic-s42,lendingclub_v2,catboost,lasso_l1_logistic,purpose_debt_consolidation,0.0,low,authenticated_saved_feature_psi,False
fbv1-020-lendingclub_v2-catboost-lasso-l1-logistic-s42,lendingclub_v2,catboost,lasso_l1_logistic,purpose_home_improvement,0.0,low,authenticated_saved_feature_psi,False
fbv1-020-lendingclub_v2-catboost-lasso-l1-logistic-s42,lendingclub_v2,catboost,lasso_l1_logistic,purpose_house,0.0,low,authenticated_saved_feature_psi,False
fbv1-020-lendingclub_v2-catboost-lasso-l1-logistic-s42,lendingclub_v2,catboost,lasso_l1_logistic,purpose_major_purchase,0.0,low,authenticated_saved_feature_psi,False
fbv1-020-lendingclub_v2-catboost-lasso-l1-logistic-s42,lendingclub_v2,catboost,lasso_l1_logistic,purpose_medical,0.0,low,authenticated_saved_feature_psi,False
fbv1-020-lendingclub_v2-catboost-lasso-l1-logistic-s42,lendingclub_v2,catboost,lasso_l1_logistic,purpose_moving,0.0,low,authenticated_saved_feature_psi,False
fbv1-020-lendingclub_v2-catboost-lasso-l1-logistic-s42,lendingclub_v2,catboost,lasso_l1_logistic,purpose_other,0.0,low,authenticated_saved_feature_psi,False
fbv1-020-lendingclub_v2-catboost-lasso-l1-logistic-s42,lendingclub_v2,catboost,lasso_l1_logistic,purpose_renewable_energy,0.0,low,authenticated_saved_feature_psi,False
fbv1-020-lendingclub_v2-catboost-lasso-l1-logistic-s42,lendingclub_v2,catboost,lasso_l1_logistic,purpose_small_business,0.0,low,authenticated_saved_feature_psi,False
fbv1-020-lendingclub_v2-catboost-lasso-l1-logistic-s42,lendingclub_v2,catboost,lasso_l1_logistic,purpose_vacation,0.0,low,authenticated_saved_feature_psi,False
fbv1-020-lendingclub_v2-catboost-lasso-l1-logistic-s42,lendingclub_v2,catboost,lasso_l1_logistic,purpose_infrequent_sklearn,0.0,low,authenticated_saved_feature_psi,False
fbv1-020-lendingclub_v2-catboost-lasso-l1-logistic-s42,lendingclub_v2,catboost,lasso_l1_logistic,purpose_group_x_dti_band_asset_or_home__high,0.0,low,authenticated_saved_feature_psi,False
fbv1-020-lendingclub_v2-catboost-lasso-l1-logistic-s42,lendingclub_v2,catboost,lasso_l1_logistic,purpose_group_x_dti_band_asset_or_home__low,0.0,low,authenticated_saved_feature_psi,False
fbv1-020-lendingclub_v2-catboost-lasso-l1-logistic-s42,lendingclub_v2,catboost,lasso_l1_logistic,purpose_group_x_dti_band_asset_or_home__moderate,0.0,low,authenticated_saved_feature_psi,False
fbv1-020-lendingclub_v2-catboost-lasso-l1-logistic-s42,lendingclub_v2,catboost,lasso_l1_logistic,purpose_group_x_dti_band_asset_or_home__very_low,0.0,low,authenticated_saved_feature_psi,False
fbv1-020-lendingclub_v2-catboost-lasso-l1-logistic-s42,lendingclub_v2,catboost,lasso_l1_logistic,purpose_group_x_dti_band_business__high,0.0,low,authenticated_saved_feature_psi,False
fbv1-020-lendingclub_v2-catboost-lasso-l1-logistic-s42,lendingclub_v2,catboost,lasso_l1_logistic,purpose_group_x_dti_band_business__low,0.0,low,authenticated_saved_feature_psi,False
fbv1-020-lendingclub_v2-catboost-lasso-l1-logistic-s42,lendingclub_v2,catboost,lasso_l1_logistic,purpose_group_x_dti_band_business__moderate,0.0,low,authenticated_saved_feature_psi,False
fbv1-020-lendingclub_v2-catboost-lasso-l1-logistic-s42,lendingclub_v2,catboost,lasso_l1_logistic,purpose_group_x_dti_band_business__very_low,0.0,low,authenticated_saved_feature_psi,False
fbv1-020-lendingclub_v2-catboost-lasso-l1-logistic-s42,lendingclub_v2,catboost,lasso_l1_logistic,purpose_group_x_dti_band_debt_refinance__high,0.0,low,authenticated_saved_feature_psi,False
fbv1-020-lendingclub_v2-catboost-lasso-l1-logistic-s42,lendingclub_v2,catboost,lasso_l1_logistic,purpose_group_x_dti_band_debt_refinance__low,0.0,low,authenticated_saved_feature_psi,False
fbv1-020-lendingclub_v2-catboost-lasso-l1-logistic-s42,lendingclub_v2,catboost,lasso_l1_logistic,purpose_group_x_dti_band_debt_refinance__moderate,0.0,low,authenticated_saved_feature_psi,False
fbv1-020-lendingclub_v2-catboost-lasso-l1-logistic-s42,lendingclub_v2,catboost,lasso_l1_logistic,purpose_group_x_dti_band_debt_refinance__very_low,0.0,low,authenticated_saved_feature_psi,False
fbv1-020-lendingclub_v2-catboost-lasso-l1-logistic-s42,lendingclub_v2,catboost,lasso_l1_logistic,purpose_group_x_dti_band_discretionary__high,0.0,low,authenticated_saved_feature_psi,False
fbv1-020-lendingclub_v2-catboost-lasso-l1-logistic-s42,lendingclub_v2,catboost,lasso_l1_logistic,purpose_group_x_dti_band_discretionary__low,0.0,low,authenticated_saved_feature_psi,False
fbv1-020-lendingclub_v2-catboost-lasso-l1-logistic-s42,lendingclub_v2,catboost,lasso_l1_logistic,purpose_group_x_dti_band_discretionary__moderate,0.0,low,authenticated_saved_feature_psi,False
fbv1-020-lendingclub_v2-catboost-lasso-l1-logistic-s42,lendingclub_v2,catboost,lasso_l1_logistic,purpose_group_x_dti_band_discretionary__very_low,0.0,low,authenticated_saved_feature_psi,False
fbv1-020-lendingclub_v2-catboost-lasso-l1-logistic-s42,lendingclub_v2,catboost,lasso_l1_logistic,purpose_group_x_dti_band_large_purchase__high,0.0,low,authenticated_saved_feature_psi,False
fbv1-020-lendingclub_v2-catboost-lasso-l1-logistic-s42,lendingclub_v2,catboost,lasso_l1_logistic,purpose_group_x_dti_band_large_purchase__low,0.0,low,authenticated_saved_feature_psi,False
fbv1-020-lendingclub_v2-catboost-lasso-l1-logistic-s42,lendingclub_v2,catboost,lasso_l1_logistic,purpose_group_x_dti_band_large_purchase__moderate,0.0,low,authenticated_saved_feature_psi,False
fbv1-020-lendingclub_v2-catboost-lasso-l1-logistic-s42,lendingclub_v2,catboost,lasso_l1_logistic,purpose_group_x_dti_band_large_purchase__very_low,0.0,low,authenticated_saved_feature_psi,False
fbv1-020-lendingclub_v2-catboost-lasso-l1-logistic-s42,lendingclub_v2,catboost,lasso_l1_logistic,purpose_group_x_dti_band_life_event__high,0.0,low,authenticated_saved_feature_psi,False
fbv1-020-lendingclub_v2-catboost-lasso-l1-logistic-s42,lendingclub_v2,catboost,lasso_l1_logistic,purpose_group_x_dti_band_life_event__low,0.0,low,authenticated_saved_feature_psi,False
fbv1-020-lendingclub_v2-catboost-lasso-l1-logistic-s42,lendingclub_v2,catboost,lasso_l1_logistic,purpose_group_x_dti_band_life_event__moderate,0.0,low,authenticated_saved_feature_psi,False
fbv1-020-lendingclub_v2-catboost-lasso-l1-logistic-s42,lendingclub_v2,catboost,lasso_l1_logistic,purpose_group_x_dti_band_life_event__very_low,0.0,low,authenticated_saved_feature_psi,False
fbv1-020-lendingclub_v2-catboost-lasso-l1-logistic-s42,lendingclub_v2,catboost,lasso_l1_logistic,purpose_group_x_dti_band_other__high,0.0,low,authenticated_saved_feature_psi,False
fbv1-020-lendingclub_v2-catboost-lasso-l1-logistic-s42,lendingclub_v2,catboost,lasso_l1_logistic,purpose_group_x_dti_band_other__low,0.0,low,authenticated_saved_feature_psi,False
fbv1-020-lendingclub_v2-catboost-lasso-l1-logistic-s42,lendingclub_v2,catboost,lasso_l1_logistic,purpose_group_x_dti_band_other__moderate,0.0,low,authenticated_saved_feature_psi,False
fbv1-020-lendingclub_v2-catboost-lasso-l1-logistic-s42,lendingclub_v2,catboost,lasso_l1_logistic,purpose_group_x_dti_band_other__very_low,0.0,low,authenticated_saved_feature_psi,False
fbv1-020-lendingclub_v2-catboost-lasso-l1-logistic-s42,lendingclub_v2,catboost,lasso_l1_logistic,purpose_group_x_dti_band_infrequent_sklearn,0.0,low,authenticated_saved_feature_psi,False
fbv1-020-lendingclub_v2-catboost-lasso-l1-logistic-s42,lendingclub_v2,catboost,lasso_l1_logistic,purpose_group_asset_or_home,0.0,low,authenticated_saved_feature_psi,False
fbv1-020-lendingclub_v2-catboost-lasso-l1-logistic-s42,lendingclub_v2,catboost,lasso_l1_logistic,purpose_group_business,0.0,low,authenticated_saved_feature_psi,False
fbv1-020-lendingclub_v2-catboost-lasso-l1-logistic-s42,lendingclub_v2,catboost,lasso_l1_logistic,purpose_group_debt_refinance,0.0,low,authenticated_saved_feature_psi,False
fbv1-020-lendingclub_v2-catboost-lasso-l1-logistic-s42,lendingclub_v2,catboost,lasso_l1_logistic,purpose_group_discretionary,0.0,low,authenticated_saved_feature_psi,False
fbv1-020-lendingclub_v2-catboost-lasso-l1-logistic-s42,lendingclub_v2,catboost,lasso_l1_logistic,purpose_group_large_purchase,0.0,low,authenticated_saved_feature_psi,False
fbv1-020-lendingclub_v2-catboost-lasso-l1-logistic-s42,lendingclub_v2,catboost,lasso_l1_logistic,purpose_group_life_event,0.0,low,authenticated_saved_feature_psi,False
fbv1-020-lendingclub_v2-catboost-lasso-l1-logistic-s42,lendingclub_v2,catboost,lasso_l1_logistic,purpose_group_other,0.0,low,authenticated_saved_feature_psi,False
fbv1-020-lendingclub_v2-catboost-lasso-l1-logistic-s42,lendingclub_v2,catboost,lasso_l1_logistic,purpose_group_infrequent_sklearn,0.0,low,authenticated_saved_feature_psi,False
fbv1-020-lendingclub_v2-catboost-lasso-l1-logistic-s42,lendingclub_v2,catboost,lasso_l1_logistic,term_home_ownership_36 months__MORTGAGE,0.0,low,authenticated_saved_feature_psi,False
fbv1-020-lendingclub_v2-catboost-lasso-l1-logistic-s42,lendingclub_v2,catboost,lasso_l1_logistic,term_home_ownership_36 months__OWN,0.0,low,authenticated_saved_feature_psi,False
fbv1-020-lendingclub_v2-catboost-lasso-l1-logistic-s42,lendingclub_v2,catboost,lasso_l1_logistic,term_home_ownership_36 months__RENT,0.0,low,authenticated_saved_feature_psi,False
fbv1-020-lendingclub_v2-catboost-lasso-l1-logistic-s42,lendingclub_v2,catboost,lasso_l1_logistic,term_home_ownership_60 months__MORTGAGE,0.0,low,authenticated_saved_feature_psi,False
fbv1-020-lendingclub_v2-catboost-lasso-l1-logistic-s42,lendingclub_v2,catboost,lasso_l1_logistic,term_home_ownership_60 months__OWN,0.0,low,authenticated_saved_feature_psi,False
fbv1-020-lendingclub_v2-catboost-lasso-l1-logistic-s42,lendingclub_v2,catboost,lasso_l1_logistic,term_home_ownership_60 months__RENT,0.0,low,authenticated_saved_feature_psi,False
fbv1-020-lendingclub_v2-catboost-lasso-l1-logistic-s42,lendingclub_v2,catboost,lasso_l1_logistic,term_home_ownership_infrequent_sklearn,0.0,low,authenticated_saved_feature_psi,False
fbv1-020-lendingclub_v2-catboost-lasso-l1-logistic-s42,lendingclub_v2,catboost,lasso_l1_logistic,dti_band_high,0.0,low,authenticated_saved_feature_psi,False
fbv1-020-lendingclub_v2-catboost-lasso-l1-logistic-s42,lendingclub_v2,catboost,lasso_l1_logistic,dti_band_low,0.0,low,authenticated_saved_feature_psi,False
fbv1-020-lendingclub_v2-catboost-lasso-l1-logistic-s42,lendingclub_v2,catboost,lasso_l1_logistic,dti_band_moderate,0.0,low,authenticated_saved_feature_psi,False
fbv1-020-lendingclub_v2-catboost-lasso-l1-logistic-s42,lendingclub_v2,catboost,lasso_l1_logistic,dti_band_very_low,0.0,low,authenticated_saved_feature_psi,False
fbv1-020-lendingclub_v2-catboost-lasso-l1-logistic-s42,lendingclub_v2,catboost,lasso_l1_logistic,dti_band_infrequent_sklearn,0.0,low,authenticated_saved_feature_psi,False
fbv1-021-homecredit-lr-legacy-rf-relevance-corr-s42,homecredit,lr,legacy_rf_relevance_corr,PREV_INTEREST_ESTIMATE_VAR,0.0774384249230514,low,authenticated_saved_feature_psi,False
fbv1-021-homecredit-lr-legacy-rf-relevance-corr-s42,homecredit,lr,legacy_rf_relevance_corr,PREV_INTEREST_ESTIMATE_MAX,0.0639268824804577,low,authenticated_saved_feature_psi,False
fbv1-021-homecredit-lr-legacy-rf-relevance-corr-s42,homecredit,lr,legacy_rf_relevance_corr,POS_MONTHS_BALANCE_VAR,0.0571736292328748,low,authenticated_saved_feature_psi,False
fbv1-021-homecredit-lr-legacy-rf-relevance-corr-s42,homecredit,lr,legacy_rf_relevance_corr,EXT_SOURCE_3,0.020728354694539,low,authenticated_saved_feature_psi,False
fbv1-021-homecredit-lr-legacy-rf-relevance-corr-s42,homecredit,lr,legacy_rf_relevance_corr,PREV_INTEREST_ESTIMATE_MEAN,0.0180194375097055,low,authenticated_saved_feature_psi,False
fbv1-021-homecredit-lr-legacy-rf-relevance-corr-s42,homecredit,lr,legacy_rf_relevance_corr,CC_CNT_DRAWINGS_ATM_CURRENT_MEAN,0.0107650910750107,low,authenticated_saved_feature_psi,False
fbv1-021-homecredit-lr-legacy-rf-relevance-corr-s42,homecredit,lr,legacy_rf_relevance_corr,INSTAL_PAYMENT_DIFF_MEAN,0.0093498998202679,low,authenticated_saved_feature_psi,False
fbv1-021-homecredit-lr-legacy-rf-relevance-corr-s42,homecredit,lr,legacy_rf_relevance_corr,INSTAL_PAYMENT_RATIO_MEAN,0.0087337049791449,low,authenticated_saved_feature_psi,False
fbv1-021-homecredit-lr-legacy-rf-relevance-corr-s42,homecredit,lr,legacy_rf_relevance_corr,BURO_DEBT_CREDIT_DIFF_MIN,0.0077218216755122,low,authenticated_saved_feature_psi,False
fbv1-021-homecredit-lr-legacy-rf-relevance-corr-s42,homecredit,lr,legacy_rf_relevance_corr,DAYS_BIRTH,0.0058051531867432,low,authenticated_saved_feature_psi,False
fbv1-021-homecredit-lr-legacy-rf-relevance-corr-s42,homecredit,lr,legacy_rf_relevance_corr,DAYS_EMPLOYED,0.0039292888885869,low,authenticated_saved_feature_psi,False
fbv1-021-homecredit-lr-legacy-rf-relevance-corr-s42,homecredit,lr,legacy_rf_relevance_corr,INSTAL_IS_LATE_MEAN,0.0037967812601098,low,authenticated_saved_feature_psi,False
fbv1-021-homecredit-lr-legacy-rf-relevance-corr-s42,homecredit,lr,legacy_rf_relevance_corr,BURO_DAYS_CREDIT_MEAN,0.003142309958593,low,authenticated_saved_feature_psi,False
fbv1-021-homecredit-lr-legacy-rf-relevance-corr-s42,homecredit,lr,legacy_rf_relevance_corr,BURO_DEBT_RATIO_SUM,0.002503431590032,low,authenticated_saved_feature_psi,False
fbv1-021-homecredit-lr-legacy-rf-relevance-corr-s42,homecredit,lr,legacy_rf_relevance_corr,BURO_DEBT_RATIO_MEAN,0.0024467405713515,low,authenticated_saved_feature_psi,False
fbv1-021-homecredit-lr-legacy-rf-relevance-corr-s42,homecredit,lr,legacy_rf_relevance_corr,BURO_DEBT_RATIO_MAX,0.002445262426434,low,authenticated_saved_feature_psi,False
fbv1-021-homecredit-lr-legacy-rf-relevance-corr-s42,homecredit,lr,legacy_rf_relevance_corr,EXT_SOURCE_2,0.0017907560370425,low,authenticated_saved_feature_psi,False
fbv1-021-homecredit-lr-legacy-rf-relevance-corr-s42,homecredit,lr,legacy_rf_relevance_corr,DAYS_REGISTRATION,0.0008141816578874,low,authenticated_saved_feature_psi,False
fbv1-021-homecredit-lr-legacy-rf-relevance-corr-s42,homecredit,lr,legacy_rf_relevance_corr,EXT_SOURCE_1,0.0005418708919522,low,authenticated_saved_feature_psi,False
fbv1-021-homecredit-lr-legacy-rf-relevance-corr-s42,homecredit,lr,legacy_rf_relevance_corr,POS_SK_DPD_DEF_MEAN,0.0001578525383809,low,authenticated_saved_feature_psi,False
fbv1-022-homecredit-catboost-legacy-rf-relevance-corr-s42,homecredit,catboost,legacy_rf_relevance_corr,PREV_INTEREST_ESTIMATE_SUM,0.0934769330009382,low,authenticated_saved_feature_psi,False
fbv1-022-homecredit-catboost-legacy-rf-relevance-corr-s42,homecredit,catboost,legacy_rf_relevance_corr,PREV_INTEREST_ESTIMATE_VAR,0.0774384249230514,low,authenticated_saved_feature_psi,False
fbv1-022-homecredit-catboost-legacy-rf-relevance-corr-s42,homecredit,catboost,legacy_rf_relevance_corr,PREV_INTEREST_ESTIMATE_MAX,0.0639268824804577,low,authenticated_saved_feature_psi,False
fbv1-022-homecredit-catboost-legacy-rf-relevance-corr-s42,homecredit,catboost,legacy_rf_relevance_corr,POS_MONTHS_BALANCE_VAR,0.0571736292328748,low,authenticated_saved_feature_psi,False
fbv1-022-homecredit-catboost-legacy-rf-relevance-corr-s42,homecredit,catboost,legacy_rf_relevance_corr,INSTAL_DAYS_ENTRY_PAYMENT_VAR,0.054843731054879,low,authenticated_saved_feature_psi,False
fbv1-022-homecredit-catboost-legacy-rf-relevance-corr-s42,homecredit,catboost,legacy_rf_relevance_corr,PREV_ASK_GRANT_RATIO_MAX,0.0393957189639692,low,authenticated_saved_feature_psi,False
fbv1-022-homecredit-catboost-legacy-rf-relevance-corr-s42,homecredit,catboost,legacy_rf_relevance_corr,CC_LIMIT_USE_MEAN,0.0297540591198756,low,authenticated_saved_feature_psi,False
fbv1-022-homecredit-catboost-legacy-rf-relevance-corr-s42,homecredit,catboost,legacy_rf_relevance_corr,CC_CNT_DRAWINGS_CURRENT_VAR,0.0259678612303508,low,authenticated_saved_feature_psi,False
fbv1-022-homecredit-catboost-legacy-rf-relevance-corr-s42,homecredit,catboost,legacy_rf_relevance_corr,EXT_SOURCE_3,0.020728354694539,low,authenticated_saved_feature_psi,False
fbv1-022-homecredit-catboost-legacy-rf-relevance-corr-s42,homecredit,catboost,legacy_rf_relevance_corr,INSTAL_DAYS_DIFF_MAX,0.0201253097674174,low,authenticated_saved_feature_psi,False
fbv1-022-homecredit-catboost-legacy-rf-relevance-corr-s42,homecredit,catboost,legacy_rf_relevance_corr,PREV_INTEREST_ESTIMATE_MEAN,0.0180194375097055,low,authenticated_saved_feature_psi,False
fbv1-022-homecredit-catboost-legacy-rf-relevance-corr-s42,homecredit,catboost,legacy_rf_relevance_corr,INSTAL_DAYS_DIFF_VAR,0.0127669416232057,low,authenticated_saved_feature_psi,False
fbv1-022-homecredit-catboost-legacy-rf-relevance-corr-s42,homecredit,catboost,legacy_rf_relevance_corr,BURO_DAYS_CREDIT_MAX,0.0118606546540912,low,authenticated_saved_feature_psi,False
fbv1-022-homecredit-catboost-legacy-rf-relevance-corr-s42,homecredit,catboost,legacy_rf_relevance_corr,INSTAL_AMT_PAYMENT_MAX,0.0108389485684451,low,authenticated_saved_feature_psi,False
fbv1-022-homecredit-catboost-legacy-rf-relevance-corr-s42,homecredit,catboost,legacy_rf_relevance_corr,CC_CNT_DRAWINGS_ATM_CURRENT_MEAN,0.0107650910750107,low,authenticated_saved_feature_psi,False
fbv1-022-homecredit-catboost-legacy-rf-relevance-corr-s42,homecredit,catboost,legacy_rf_relevance_corr,INSTAL_PAYMENT_DIFF_MEAN,0.0093498998202679,low,authenticated_saved_feature_psi,False
fbv1-022-homecredit-catboost-legacy-rf-relevance-corr-s42,homecredit,catboost,legacy_rf_relevance_corr,INSTAL_PAYMENT_RATIO_MEAN,0.0087337049791449,low,authenticated_saved_feature_psi,False
fbv1-022-homecredit-catboost-legacy-rf-relevance-corr-s42,homecredit,catboost,legacy_rf_relevance_corr,BURO_DEBT_CREDIT_DIFF_MIN,0.0077218216755122,low,authenticated_saved_feature_psi,False
fbv1-022-homecredit-catboost-legacy-rf-relevance-corr-s42,homecredit,catboost,legacy_rf_relevance_corr,CC_CNT_DRAWINGS_ATM_CURRENT_VAR,0.0075424793294599,low,authenticated_saved_feature_psi,False
fbv1-022-homecredit-catboost-legacy-rf-relevance-corr-s42,homecredit,catboost,legacy_rf_relevance_corr,AMT_ANNUITY,0.0061668376515196,low,authenticated_saved_feature_psi,False
fbv1-022-homecredit-catboost-legacy-rf-relevance-corr-s42,homecredit,catboost,legacy_rf_relevance_corr,BURO_DEBT_CREDIT_DIFF_MEAN,0.0061123564502056,low,authenticated_saved_feature_psi,False
fbv1-022-homecredit-catboost-legacy-rf-relevance-corr-s42,homecredit,catboost,legacy_rf_relevance_corr,DAYS_BIRTH,0.0058051531867432,low,authenticated_saved_feature_psi,False
fbv1-022-homecredit-catboost-legacy-rf-relevance-corr-s42,homecredit,catboost,legacy_rf_relevance_corr,BURO_DAYS_CREDIT_ENDDATE_SUM,0.0053727892790047,low,authenticated_saved_feature_psi,False
fbv1-022-homecredit-catboost-legacy-rf-relevance-corr-s42,homecredit,catboost,legacy_rf_relevance_corr,INSTAL_DAYS_DIFF_MIN,0.0042643887070362,low,authenticated_saved_feature_psi,False
fbv1-022-homecredit-catboost-legacy-rf-relevance-corr-s42,homecredit,catboost,legacy_rf_relevance_corr,DAYS_EMPLOYED,0.0039292888885869,low,authenticated_saved_feature_psi,False
fbv1-022-homecredit-catboost-legacy-rf-relevance-corr-s42,homecredit,catboost,legacy_rf_relevance_corr,INSTAL_IS_LATE_MEAN,0.0037967812601098,low,authenticated_saved_feature_psi,False
fbv1-022-homecredit-catboost-legacy-rf-relevance-corr-s42,homecredit,catboost,legacy_rf_relevance_corr,INSTAL_IS_UNDERPAID_MEAN,0.0032876441593319,low,authenticated_saved_feature_psi,False
fbv1-022-homecredit-catboost-legacy-rf-relevance-corr-s42,homecredit,catboost,legacy_rf_relevance_corr,BURO_DAYS_CREDIT_MEAN,0.003142309958593,low,authenticated_saved_feature_psi,False
fbv1-022-homecredit-catboost-legacy-rf-relevance-corr-s42,homecredit,catboost,legacy_rf_relevance_corr,BURO_DEBT_RATIO_SUM,0.002503431590032,low,authenticated_saved_feature_psi,False
fbv1-022-homecredit-catboost-legacy-rf-relevance-corr-s42,homecredit,catboost,legacy_rf_relevance_corr,BURO_DEBT_RATIO_MEAN,0.0024467405713515,low,authenticated_saved_feature_psi,False
fbv1-022-homecredit-catboost-legacy-rf-relevance-corr-s42,homecredit,catboost,legacy_rf_relevance_corr,BURO_DEBT_RATIO_MAX,0.002445262426434,low,authenticated_saved_feature_psi,False
fbv1-022-homecredit-catboost-legacy-rf-relevance-corr-s42,homecredit,catboost,legacy_rf_relevance_corr,EXT_SOURCE_2,0.0017907560370425,low,authenticated_saved_feature_psi,False
fbv1-022-homecredit-catboost-legacy-rf-relevance-corr-s42,homecredit,catboost,legacy_rf_relevance_corr,DAYS_ID_PUBLISH,0.0009913686441323,low,authenticated_saved_feature_psi,False
fbv1-022-homecredit-catboost-legacy-rf-relevance-corr-s42,homecredit,catboost,legacy_rf_relevance_corr,DAYS_REGISTRATION,0.0008141816578874,low,authenticated_saved_feature_psi,False
fbv1-022-homecredit-catboost-legacy-rf-relevance-corr-s42,homecredit,catboost,legacy_rf_relevance_corr,EXT_SOURCE_1,0.0005418708919522,low,authenticated_saved_feature_psi,False
fbv1-022-homecredit-catboost-legacy-rf-relevance-corr-s42,homecredit,catboost,legacy_rf_relevance_corr,POS_SK_DPD_DEF_VAR,0.0004507846184714,low,authenticated_saved_feature_psi,False
fbv1-022-homecredit-catboost-legacy-rf-relevance-corr-s42,homecredit,catboost,legacy_rf_relevance_corr,POS_SK_DPD_DEF_MEAN,0.0001578525383809,low,authenticated_saved_feature_psi,False
fbv1-022-homecredit-catboost-legacy-rf-relevance-corr-s42,homecredit,catboost,legacy_rf_relevance_corr,CC_LIMIT_USE_MAX,0.0001565874374448,low,authenticated_saved_feature_psi,False
fbv1-022-homecredit-catboost-legacy-rf-relevance-corr-s42,homecredit,catboost,legacy_rf_relevance_corr,BURO_AMT_CREDIT_SUM_OVERDUE_MEAN,0.0001061242732188,low,authenticated_saved_feature_psi,False
fbv1-022-homecredit-catboost-legacy-rf-relevance-corr-s42,homecredit,catboost,legacy_rf_relevance_corr,NAME_EDUCATION_TYPE_Academic degree,0.0,low,authenticated_saved_feature_psi,False
fbv1-022-homecredit-catboost-legacy-rf-relevance-corr-s42,homecredit,catboost,legacy_rf_relevance_corr,NAME_EDUCATION_TYPE_Higher education,0.0,low,authenticated_saved_feature_psi,False
fbv1-022-homecredit-catboost-legacy-rf-relevance-corr-s42,homecredit,catboost,legacy_rf_relevance_corr,NAME_EDUCATION_TYPE_Incomplete higher,0.0,low,authenticated_saved_feature_psi,False
fbv1-022-homecredit-catboost-legacy-rf-relevance-corr-s42,homecredit,catboost,legacy_rf_relevance_corr,NAME_EDUCATION_TYPE_Lower secondary,0.0,low,authenticated_saved_feature_psi,False
fbv1-022-homecredit-catboost-legacy-rf-relevance-corr-s42,homecredit,catboost,legacy_rf_relevance_corr,NAME_EDUCATION_TYPE_Secondary / secondary special,0.0,low,authenticated_saved_feature_psi,False
fbv1-023-lendingclub_v2-lr-legacy-rf-relevance-corr-s42,lendingclub_v2,lr,legacy_rf_relevance_corr,acc_open_past_24mths_share,0.0279079751277425,low,authenticated_saved_feature_psi,False
fbv1-023-lendingclub_v2-lr-legacy-rf-relevance-corr-s42,lendingclub_v2,lr,legacy_rf_relevance_corr,acc_open_past_24mths_per_total_acc,0.0279079751277425,low,authenticated_saved_feature_psi,False
fbv1-023-lendingclub_v2-lr-legacy-rf-relevance-corr-s42,lendingclub_v2,lr,legacy_rf_relevance_corr,term_x_loan_to_income,0.0169743018807053,low,authenticated_saved_feature_psi,False
fbv1-023-lendingclub_v2-lr-legacy-rf-relevance-corr-s42,lendingclub_v2,lr,legacy_rf_relevance_corr,acc_open_past_24mths,0.0150282310414455,low,authenticated_saved_feature_psi,False
fbv1-023-lendingclub_v2-lr-legacy-rf-relevance-corr-s42,lendingclub_v2,lr,legacy_rf_relevance_corr,loan_amnt_to_income,0.012637828456172,low,authenticated_saved_feature_psi,False
fbv1-023-lendingclub_v2-lr-legacy-rf-relevance-corr-s42,lendingclub_v2,lr,legacy_rf_relevance_corr,loan_to_income,0.012637828456172,low,authenticated_saved_feature_psi,False
fbv1-023-lendingclub_v2-lr-legacy-rf-relevance-corr-s42,lendingclub_v2,lr,legacy_rf_relevance_corr,acc_open_past_24mths_per_credit_history_year,0.012607140849712,low,authenticated_saved_feature_psi,False
fbv1-023-lendingclub_v2-lr-legacy-rf-relevance-corr-s42,lendingclub_v2,lr,legacy_rf_relevance_corr,total_bc_limit_to_loan_amnt,0.0125781853725098,low,authenticated_saved_feature_psi,False
fbv1-023-lendingclub_v2-lr-legacy-rf-relevance-corr-s42,lendingclub_v2,lr,legacy_rf_relevance_corr,fico_mean,0.0049296297322064,low,authenticated_saved_feature_psi,False
fbv1-023-lendingclub_v2-lr-legacy-rf-relevance-corr-s42,lendingclub_v2,lr,legacy_rf_relevance_corr,fico_range_high,0.0049296297322064,low,authenticated_saved_feature_psi,False
fbv1-023-lendingclub_v2-lr-legacy-rf-relevance-corr-s42,lendingclub_v2,lr,legacy_rf_relevance_corr,fico_midpoint_scaled,0.0049296297322064,low,authenticated_saved_feature_psi,False
fbv1-023-lendingclub_v2-lr-legacy-rf-relevance-corr-s42,lendingclub_v2,lr,legacy_rf_relevance_corr,fico_range_low,0.0049296297322064,low,authenticated_saved_feature_psi,False
fbv1-023-lendingclub_v2-lr-legacy-rf-relevance-corr-s42,lendingclub_v2,lr,legacy_rf_relevance_corr,dti,0.0010873667543974,low,authenticated_saved_feature_psi,False
fbv1-023-lendingclub_v2-lr-legacy-rf-relevance-corr-s42,lendingclub_v2,lr,legacy_rf_relevance_corr,log_avg_cur_bal,0.0006622956085569,low,authenticated_saved_feature_psi,False
fbv1-023-lendingclub_v2-lr-legacy-rf-relevance-corr-s42,lendingclub_v2,lr,legacy_rf_relevance_corr,avg_cur_bal,0.0006621825691064,low,authenticated_saved_feature_psi,False
fbv1-023-lendingclub_v2-lr-legacy-rf-relevance-corr-s42,lendingclub_v2,lr,legacy_rf_relevance_corr,term_months,0.0,low,authenticated_saved_feature_psi,False
fbv1-023-lendingclub_v2-lr-legacy-rf-relevance-corr-s42,lendingclub_v2,lr,legacy_rf_relevance_corr,high_dti_flag,0.0,low,authenticated_saved_feature_psi,False
fbv1-023-lendingclub_v2-lr-legacy-rf-relevance-corr-s42,lendingclub_v2,lr,legacy_rf_relevance_corr,term_home_ownership_36 months__MORTGAGE,0.0,low,authenticated_saved_feature_psi,False
fbv1-023-lendingclub_v2-lr-legacy-rf-relevance-corr-s42,lendingclub_v2,lr,legacy_rf_relevance_corr,term_home_ownership_36 months__OWN,0.0,low,authenticated_saved_feature_psi,False
fbv1-023-lendingclub_v2-lr-legacy-rf-relevance-corr-s42,lendingclub_v2,lr,legacy_rf_relevance_corr,term_home_ownership_36 months__RENT,0.0,low,authenticated_saved_feature_psi,False
fbv1-023-lendingclub_v2-lr-legacy-rf-relevance-corr-s42,lendingclub_v2,lr,legacy_rf_relevance_corr,term_home_ownership_60 months__MORTGAGE,0.0,low,authenticated_saved_feature_psi,False
fbv1-023-lendingclub_v2-lr-legacy-rf-relevance-corr-s42,lendingclub_v2,lr,legacy_rf_relevance_corr,term_home_ownership_60 months__OWN,0.0,low,authenticated_saved_feature_psi,False
fbv1-023-lendingclub_v2-lr-legacy-rf-relevance-corr-s42,lendingclub_v2,lr,legacy_rf_relevance_corr,term_home_ownership_60 months__RENT,0.0,low,authenticated_saved_feature_psi,False
fbv1-023-lendingclub_v2-lr-legacy-rf-relevance-corr-s42,lendingclub_v2,lr,legacy_rf_relevance_corr,term_home_ownership_infrequent_sklearn,0.0,low,authenticated_saved_feature_psi,False
fbv1-023-lendingclub_v2-lr-legacy-rf-relevance-corr-s42,lendingclub_v2,lr,legacy_rf_relevance_corr,term_verification_status_36 months__Not Verified,0.0,low,authenticated_saved_feature_psi,False
fbv1-023-lendingclub_v2-lr-legacy-rf-relevance-corr-s42,lendingclub_v2,lr,legacy_rf_relevance_corr,term_verification_status_36 months__Source Verified,0.0,low,authenticated_saved_feature_psi,False
fbv1-023-lendingclub_v2-lr-legacy-rf-relevance-corr-s42,lendingclub_v2,lr,legacy_rf_relevance_corr,term_verification_status_36 months__Verified,0.0,low,authenticated_saved_feature_psi,False
fbv1-023-lendingclub_v2-lr-legacy-rf-relevance-corr-s42,lendingclub_v2,lr,legacy_rf_relevance_corr,term_verification_status_60 months__Not Verified,0.0,low,authenticated_saved_feature_psi,False
fbv1-023-lendingclub_v2-lr-legacy-rf-relevance-corr-s42,lendingclub_v2,lr,legacy_rf_relevance_corr,term_verification_status_60 months__Source Verified,0.0,low,authenticated_saved_feature_psi,False
fbv1-023-lendingclub_v2-lr-legacy-rf-relevance-corr-s42,lendingclub_v2,lr,legacy_rf_relevance_corr,term_verification_status_60 months__Verified,0.0,low,authenticated_saved_feature_psi,False
fbv1-023-lendingclub_v2-lr-legacy-rf-relevance-corr-s42,lendingclub_v2,lr,legacy_rf_relevance_corr,term_36 months,0.0,low,authenticated_saved_feature_psi,False
fbv1-023-lendingclub_v2-lr-legacy-rf-relevance-corr-s42,lendingclub_v2,lr,legacy_rf_relevance_corr,term_60 months,0.0,low,authenticated_saved_feature_psi,False
fbv1-024-lendingclub_v2-catboost-legacy-rf-relevance-corr-s42,lendingclub_v2,catboost,legacy_rf_relevance_corr,total_bc_limit_per_bc_trade,0.0331218526874237,low,authenticated_saved_feature_psi,False
fbv1-024-lendingclub_v2-catboost-legacy-rf-relevance-corr-s42,lendingclub_v2,catboost,legacy_rf_relevance_corr,bc_open_to_buy_to_loan_amnt,0.0300417526253424,low,authenticated_saved_feature_psi,False
fbv1-024-lendingclub_v2-catboost-legacy-rf-relevance-corr-s42,lendingclub_v2,catboost,legacy_rf_relevance_corr,acc_open_past_24mths_per_total_acc,0.0279079751277425,low,authenticated_saved_feature_psi,False
fbv1-024-lendingclub_v2-catboost-legacy-rf-relevance-corr-s42,lendingclub_v2,catboost,legacy_rf_relevance_corr,acc_open_past_24mths_share,0.0279079751277425,low,authenticated_saved_feature_psi,False
fbv1-024-lendingclub_v2-catboost-legacy-rf-relevance-corr-s42,lendingclub_v2,catboost,legacy_rf_relevance_corr,num_tl_op_past_12m_share,0.0181952060772152,low,authenticated_saved_feature_psi,False
fbv1-024-lendingclub_v2-catboost-legacy-rf-relevance-corr-s42,lendingclub_v2,catboost,legacy_rf_relevance_corr,num_tl_op_past_12m_per_total_acc,0.0181952060772152,low,authenticated_saved_feature_psi,False
fbv1-024-lendingclub_v2-catboost-legacy-rf-relevance-corr-s42,lendingclub_v2,catboost,legacy_rf_relevance_corr,term_x_loan_to_income,0.0169743018807053,low,authenticated_saved_feature_psi,False
fbv1-024-lendingclub_v2-catboost-legacy-rf-relevance-corr-s42,lendingclub_v2,catboost,legacy_rf_relevance_corr,dti_x_revol_util,0.015628565883268,low,authenticated_saved_feature_psi,False
fbv1-024-lendingclub_v2-catboost-legacy-rf-relevance-corr-s42,lendingclub_v2,catboost,legacy_rf_relevance_corr,dti_x_bc_util,0.0154729477779661,low,authenticated_saved_feature_psi,False
fbv1-024-lendingclub_v2-catboost-legacy-rf-relevance-corr-s42,lendingclub_v2,catboost,legacy_rf_relevance_corr,log_acc_open_past_24mths,0.0150282310414455,low,authenticated_saved_feature_psi,False
fbv1-024-lendingclub_v2-catboost-legacy-rf-relevance-corr-s42,lendingclub_v2,catboost,legacy_rf_relevance_corr,acc_open_past_24mths,0.0150282310414455,low,authenticated_saved_feature_psi,False
fbv1-024-lendingclub_v2-catboost-legacy-rf-relevance-corr-s42,lendingclub_v2,catboost,legacy_rf_relevance_corr,loan_amnt_to_income,0.012637828456172,low,authenticated_saved_feature_psi,False
fbv1-024-lendingclub_v2-catboost-legacy-rf-relevance-corr-s42,lendingclub_v2,catboost,legacy_rf_relevance_corr,loan_to_income,0.012637828456172,low,authenticated_saved_feature_psi,False
fbv1-024-lendingclub_v2-catboost-legacy-rf-relevance-corr-s42,lendingclub_v2,catboost,legacy_rf_relevance_corr,acc_open_past_24mths_per_credit_history_year,0.012607140849712,low,authenticated_saved_feature_psi,False
fbv1-024-lendingclub_v2-catboost-legacy-rf-relevance-corr-s42,lendingclub_v2,catboost,legacy_rf_relevance_corr,total_bc_limit_to_loan_amnt,0.0125781853725098,low,authenticated_saved_feature_psi,False
fbv1-024-lendingclub_v2-catboost-legacy-rf-relevance-corr-s42,lendingclub_v2,catboost,legacy_rf_relevance_corr,loan_to_income_x_fico,0.0117929456525409,low,authenticated_saved_feature_psi,False
fbv1-024-lendingclub_v2-catboost-legacy-rf-relevance-corr-s42,lendingclub_v2,catboost,legacy_rf_relevance_corr,num_tl_op_past_12m_per_credit_history_year,0.0109234944910251,low,authenticated_saved_feature_psi,False
fbv1-024-lendingclub_v2-catboost-legacy-rf-relevance-corr-s42,lendingclub_v2,catboost,legacy_rf_relevance_corr,tot_hi_cred_lim_to_loan_amnt,0.008509045935386,low,authenticated_saved_feature_psi,False
fbv1-024-lendingclub_v2-catboost-legacy-rf-relevance-corr-s42,lendingclub_v2,catboost,legacy_rf_relevance_corr,mort_acc_per_open_acc,0.0077366828243769,low,authenticated_saved_feature_psi,False
fbv1-024-lendingclub_v2-catboost-legacy-rf-relevance-corr-s42,lendingclub_v2,catboost,legacy_rf_relevance_corr,fico_range_high,0.0049296297322064,low,authenticated_saved_feature_psi,False
fbv1-024-lendingclub_v2-catboost-legacy-rf-relevance-corr-s42,lendingclub_v2,catboost,legacy_rf_relevance_corr,fico_midpoint_scaled,0.0049296297322064,low,authenticated_saved_feature_psi,False
fbv1-024-lendingclub_v2-catboost-legacy-rf-relevance-corr-s42,lendingclub_v2,catboost,legacy_rf_relevance_corr,fico_range_low,0.0049296297322064,low,authenticated_saved_feature_psi,False
fbv1-024-lendingclub_v2-catboost-legacy-rf-relevance-corr-s42,lendingclub_v2,catboost,legacy_rf_relevance_corr,fico_mean,0.0049296297322064,low,authenticated_saved_feature_psi,False
fbv1-024-lendingclub_v2-catboost-legacy-rf-relevance-corr-s42,lendingclub_v2,catboost,legacy_rf_relevance_corr,tot_hi_cred_lim,0.0035504992817773,low,authenticated_saved_feature_psi,False
fbv1-024-lendingclub_v2-catboost-legacy-rf-relevance-corr-s42,lendingclub_v2,catboost,legacy_rf_relevance_corr,balance_to_high_credit_limit,0.0029630799019905,low,authenticated_saved_feature_psi,False
fbv1-024-lendingclub_v2-catboost-legacy-rf-relevance-corr-s42,lendingclub_v2,catboost,legacy_rf_relevance_corr,inq_last_6mths_per_credit_history_year,0.0021808294486372,low,authenticated_saved_feature_psi,False
fbv1-024-lendingclub_v2-catboost-legacy-rf-relevance-corr-s42,lendingclub_v2,catboost,legacy_rf_relevance_corr,dti,0.0010873667543974,low,authenticated_saved_feature_psi,False
fbv1-024-lendingclub_v2-catboost-legacy-rf-relevance-corr-s42,lendingclub_v2,catboost,legacy_rf_relevance_corr,tot_cur_bal_per_open_acc,0.0009588711937979,low,authenticated_saved_feature_psi,False
fbv1-024-lendingclub_v2-catboost-legacy-rf-relevance-corr-s42,lendingclub_v2,catboost,legacy_rf_relevance_corr,log_avg_cur_bal,0.0006622956085569,low,authenticated_saved_feature_psi,False
fbv1-024-lendingclub_v2-catboost-legacy-rf-relevance-corr-s42,lendingclub_v2,catboost,legacy_rf_relevance_corr,sqrt_avg_cur_bal,0.0006622956085569,low,authenticated_saved_feature_psi,False
fbv1-024-lendingclub_v2-catboost-legacy-rf-relevance-corr-s42,lendingclub_v2,catboost,legacy_rf_relevance_corr,avg_cur_bal,0.0006621825691064,low,authenticated_saved_feature_psi,False
fbv1-024-lendingclub_v2-catboost-legacy-rf-relevance-corr-s42,lendingclub_v2,catboost,legacy_rf_relevance_corr,term_months,0.0,low,authenticated_saved_feature_psi,False
fbv1-024-lendingclub_v2-catboost-legacy-rf-relevance-corr-s42,lendingclub_v2,catboost,legacy_rf_relevance_corr,high_dti_flag,0.0,low,authenticated_saved_feature_psi,False
fbv1-024-lendingclub_v2-catboost-legacy-rf-relevance-corr-s42,lendingclub_v2,catboost,legacy_rf_relevance_corr,prime_fico_flag,0.0,low,authenticated_saved_feature_psi,False
fbv1-024-lendingclub_v2-catboost-legacy-rf-relevance-corr-s42,lendingclub_v2,catboost,legacy_rf_relevance_corr,recent_opening_flag,0.0,low,authenticated_saved_feature_psi,False
fbv1-024-lendingclub_v2-catboost-legacy-rf-relevance-corr-s42,lendingclub_v2,catboost,legacy_rf_relevance_corr,term_home_ownership_36 months__MORTGAGE,0.0,low,authenticated_saved_feature_psi,False
fbv1-024-lendingclub_v2-catboost-legacy-rf-relevance-corr-s42,lendingclub_v2,catboost,legacy_rf_relevance_corr,term_home_ownership_36 months__OWN,0.0,low,authenticated_saved_feature_psi,False
fbv1-024-lendingclub_v2-catboost-legacy-rf-relevance-corr-s42,lendingclub_v2,catboost,legacy_rf_relevance_corr,term_home_ownership_36 months__RENT,0.0,low,authenticated_saved_feature_psi,False
fbv1-024-lendingclub_v2-catboost-legacy-rf-relevance-corr-s42,lendingclub_v2,catboost,legacy_rf_relevance_corr,term_home_ownership_60 months__MORTGAGE,0.0,low,authenticated_saved_feature_psi,False
fbv1-024-lendingclub_v2-catboost-legacy-rf-relevance-corr-s42,lendingclub_v2,catboost,legacy_rf_relevance_corr,term_home_ownership_60 months__OWN,0.0,low,authenticated_saved_feature_psi,False
fbv1-024-lendingclub_v2-catboost-legacy-rf-relevance-corr-s42,lendingclub_v2,catboost,legacy_rf_relevance_corr,term_home_ownership_60 months__RENT,0.0,low,authenticated_saved_feature_psi,False
fbv1-024-lendingclub_v2-catboost-legacy-rf-relevance-corr-s42,lendingclub_v2,catboost,legacy_rf_relevance_corr,term_home_ownership_infrequent_sklearn,0.0,low,authenticated_saved_feature_psi,False
fbv1-024-lendingclub_v2-catboost-legacy-rf-relevance-corr-s42,lendingclub_v2,catboost,legacy_rf_relevance_corr,term_verification_status_36 months__Not Verified,0.0,low,authenticated_saved_feature_psi,False
fbv1-024-lendingclub_v2-catboost-legacy-rf-relevance-corr-s42,lendingclub_v2,catboost,legacy_rf_relevance_corr,term_verification_status_36 months__Source Verified,0.0,low,authenticated_saved_feature_psi,False
fbv1-024-lendingclub_v2-catboost-legacy-rf-relevance-corr-s42,lendingclub_v2,catboost,legacy_rf_relevance_corr,term_verification_status_36 months__Verified,0.0,low,authenticated_saved_feature_psi,False
fbv1-024-lendingclub_v2-catboost-legacy-rf-relevance-corr-s42,lendingclub_v2,catboost,legacy_rf_relevance_corr,term_verification_status_60 months__Not Verified,0.0,low,authenticated_saved_feature_psi,False
fbv1-024-lendingclub_v2-catboost-legacy-rf-relevance-corr-s42,lendingclub_v2,catboost,legacy_rf_relevance_corr,term_verification_status_60 months__Source Verified,0.0,low,authenticated_saved_feature_psi,False
fbv1-024-lendingclub_v2-catboost-legacy-rf-relevance-corr-s42,lendingclub_v2,catboost,legacy_rf_relevance_corr,term_verification_status_60 months__Verified,0.0,low,authenticated_saved_feature_psi,False
fbv1-024-lendingclub_v2-catboost-legacy-rf-relevance-corr-s42,lendingclub_v2,catboost,legacy_rf_relevance_corr,term_36 months,0.0,low,authenticated_saved_feature_psi,False
fbv1-024-lendingclub_v2-catboost-legacy-rf-relevance-corr-s42,lendingclub_v2,catboost,legacy_rf_relevance_corr,term_60 months,0.0,low,authenticated_saved_feature_psi,False
fbv1-024-lendingclub_v2-catboost-legacy-rf-relevance-corr-s42,lendingclub_v2,catboost,legacy_rf_relevance_corr,purpose_verification_status_car__Not Verified,0.0,low,authenticated_saved_feature_psi,False
fbv1-024-lendingclub_v2-catboost-legacy-rf-relevance-corr-s42,lendingclub_v2,catboost,legacy_rf_relevance_corr,purpose_verification_status_car__Source Verified,0.0,low,authenticated_saved_feature_psi,False
fbv1-024-lendingclub_v2-catboost-legacy-rf-relevance-corr-s42,lendingclub_v2,catboost,legacy_rf_relevance_corr,purpose_verification_status_car__Verified,0.0,low,authenticated_saved_feature_psi,False
fbv1-024-lendingclub_v2-catboost-legacy-rf-relevance-corr-s42,lendingclub_v2,catboost,legacy_rf_relevance_corr,purpose_verification_status_credit_card__Not Verified,0.0,low,authenticated_saved_feature_psi,False
fbv1-024-lendingclub_v2-catboost-legacy-rf-relevance-corr-s42,lendingclub_v2,catboost,legacy_rf_relevance_corr,purpose_verification_status_credit_card__Source Verified,0.0,low,authenticated_saved_feature_psi,False
fbv1-024-lendingclub_v2-catboost-legacy-rf-relevance-corr-s42,lendingclub_v2,catboost,legacy_rf_relevance_corr,purpose_verification_status_credit_card__Verified,0.0,low,authenticated_saved_feature_psi,False
fbv1-024-lendingclub_v2-catboost-legacy-rf-relevance-corr-s42,lendingclub_v2,catboost,legacy_rf_relevance_corr,purpose_verification_status_debt_consolidation__Not Verified,0.0,low,authenticated_saved_feature_psi,False
fbv1-024-lendingclub_v2-catboost-legacy-rf-relevance-corr-s42,lendingclub_v2,catboost,legacy_rf_relevance_corr,purpose_verification_status_debt_consolidation__Source Verified,0.0,low,authenticated_saved_feature_psi,False
fbv1-024-lendingclub_v2-catboost-legacy-rf-relevance-corr-s42,lendingclub_v2,catboost,legacy_rf_relevance_corr,purpose_verification_status_debt_consolidation__Verified,0.0,low,authenticated_saved_feature_psi,False
fbv1-024-lendingclub_v2-catboost-legacy-rf-relevance-corr-s42,lendingclub_v2,catboost,legacy_rf_relevance_corr,purpose_verification_status_home_improvement__Not Verified,0.0,low,authenticated_saved_feature_psi,False
fbv1-024-lendingclub_v2-catboost-legacy-rf-relevance-corr-s42,lendingclub_v2,catboost,legacy_rf_relevance_corr,purpose_verification_status_home_improvement__Source Verified,0.0,low,authenticated_saved_feature_psi,False
fbv1-024-lendingclub_v2-catboost-legacy-rf-relevance-corr-s42,lendingclub_v2,catboost,legacy_rf_relevance_corr,purpose_verification_status_home_improvement__Verified,0.0,low,authenticated_saved_feature_psi,False
fbv1-024-lendingclub_v2-catboost-legacy-rf-relevance-corr-s42,lendingclub_v2,catboost,legacy_rf_relevance_corr,purpose_verification_status_house__Not Verified,0.0,low,authenticated_saved_feature_psi,False
fbv1-024-lendingclub_v2-catboost-legacy-rf-relevance-corr-s42,lendingclub_v2,catboost,legacy_rf_relevance_corr,purpose_verification_status_house__Source Verified,0.0,low,authenticated_saved_feature_psi,False
fbv1-024-lendingclub_v2-catboost-legacy-rf-relevance-corr-s42,lendingclub_v2,catboost,legacy_rf_relevance_corr,purpose_verification_status_house__Verified,0.0,low,authenticated_saved_feature_psi,False
fbv1-024-lendingclub_v2-catboost-legacy-rf-relevance-corr-s42,lendingclub_v2,catboost,legacy_rf_relevance_corr,purpose_verification_status_major_purchase__Not Verified,0.0,low,authenticated_saved_feature_psi,False
fbv1-024-lendingclub_v2-catboost-legacy-rf-relevance-corr-s42,lendingclub_v2,catboost,legacy_rf_relevance_corr,purpose_verification_status_major_purchase__Source Verified,0.0,low,authenticated_saved_feature_psi,False
fbv1-024-lendingclub_v2-catboost-legacy-rf-relevance-corr-s42,lendingclub_v2,catboost,legacy_rf_relevance_corr,purpose_verification_status_major_purchase__Verified,0.0,low,authenticated_saved_feature_psi,False
fbv1-024-lendingclub_v2-catboost-legacy-rf-relevance-corr-s42,lendingclub_v2,catboost,legacy_rf_relevance_corr,purpose_verification_status_medical__Not Verified,0.0,low,authenticated_saved_feature_psi,False
fbv1-024-lendingclub_v2-catboost-legacy-rf-relevance-corr-s42,lendingclub_v2,catboost,legacy_rf_relevance_corr,purpose_verification_status_medical__Source Verified,0.0,low,authenticated_saved_feature_psi,False
fbv1-024-lendingclub_v2-catboost-legacy-rf-relevance-corr-s42,lendingclub_v2,catboost,legacy_rf_relevance_corr,purpose_verification_status_medical__Verified,0.0,low,authenticated_saved_feature_psi,False
fbv1-024-lendingclub_v2-catboost-legacy-rf-relevance-corr-s42,lendingclub_v2,catboost,legacy_rf_relevance_corr,purpose_verification_status_moving__Not Verified,0.0,low,authenticated_saved_feature_psi,False
fbv1-024-lendingclub_v2-catboost-legacy-rf-relevance-corr-s42,lendingclub_v2,catboost,legacy_rf_relevance_corr,purpose_verification_status_moving__Source Verified,0.0,low,authenticated_saved_feature_psi,False
fbv1-024-lendingclub_v2-catboost-legacy-rf-relevance-corr-s42,lendingclub_v2,catboost,legacy_rf_relevance_corr,purpose_verification_status_moving__Verified,0.0,low,authenticated_saved_feature_psi,False
fbv1-024-lendingclub_v2-catboost-legacy-rf-relevance-corr-s42,lendingclub_v2,catboost,legacy_rf_relevance_corr,purpose_verification_status_other__Not Verified,0.0,low,authenticated_saved_feature_psi,False
fbv1-024-lendingclub_v2-catboost-legacy-rf-relevance-corr-s42,lendingclub_v2,catboost,legacy_rf_relevance_corr,purpose_verification_status_other__Source Verified,0.0,low,authenticated_saved_feature_psi,False
fbv1-024-lendingclub_v2-catboost-legacy-rf-relevance-corr-s42,lendingclub_v2,catboost,legacy_rf_relevance_corr,purpose_verification_status_other__Verified,0.0,low,authenticated_saved_feature_psi,False
fbv1-024-lendingclub_v2-catboost-legacy-rf-relevance-corr-s42,lendingclub_v2,catboost,legacy_rf_relevance_corr,purpose_verification_status_renewable_energy__Not Verified,0.0,low,authenticated_saved_feature_psi,False
fbv1-024-lendingclub_v2-catboost-legacy-rf-relevance-corr-s42,lendingclub_v2,catboost,legacy_rf_relevance_corr,purpose_verification_status_renewable_energy__Source Verified,0.0,low,authenticated_saved_feature_psi,False
fbv1-024-lendingclub_v2-catboost-legacy-rf-relevance-corr-s42,lendingclub_v2,catboost,legacy_rf_relevance_corr,purpose_verification_status_renewable_energy__Verified,0.0,low,authenticated_saved_feature_psi,False
fbv1-024-lendingclub_v2-catboost-legacy-rf-relevance-corr-s42,lendingclub_v2,catboost,legacy_rf_relevance_corr,purpose_verification_status_small_business__Not Verified,0.0,low,authenticated_saved_feature_psi,False
fbv1-024-lendingclub_v2-catboost-legacy-rf-relevance-corr-s42,lendingclub_v2,catboost,legacy_rf_relevance_corr,purpose_verification_status_small_business__Source Verified,0.0,low,authenticated_saved_feature_psi,False
fbv1-024-lendingclub_v2-catboost-legacy-rf-relevance-corr-s42,lendingclub_v2,catboost,legacy_rf_relevance_corr,purpose_verification_status_small_business__Verified,0.0,low,authenticated_saved_feature_psi,False
fbv1-024-lendingclub_v2-catboost-legacy-rf-relevance-corr-s42,lendingclub_v2,catboost,legacy_rf_relevance_corr,purpose_verification_status_vacation__Not Verified,0.0,low,authenticated_saved_feature_psi,False
fbv1-024-lendingclub_v2-catboost-legacy-rf-relevance-corr-s42,lendingclub_v2,catboost,legacy_rf_relevance_corr,purpose_verification_status_vacation__Source Verified,0.0,low,authenticated_saved_feature_psi,False
fbv1-024-lendingclub_v2-catboost-legacy-rf-relevance-corr-s42,lendingclub_v2,catboost,legacy_rf_relevance_corr,purpose_verification_status_vacation__Verified,0.0,low,authenticated_saved_feature_psi,False
fbv1-024-lendingclub_v2-catboost-legacy-rf-relevance-corr-s42,lendingclub_v2,catboost,legacy_rf_relevance_corr,purpose_verification_status_infrequent_sklearn,0.0,low,authenticated_saved_feature_psi,False
fbv1-024-lendingclub_v2-catboost-legacy-rf-relevance-corr-s42,lendingclub_v2,catboost,legacy_rf_relevance_corr,dti_band_high,0.0,low,authenticated_saved_feature_psi,False
fbv1-024-lendingclub_v2-catboost-legacy-rf-relevance-corr-s42,lendingclub_v2,catboost,legacy_rf_relevance_corr,dti_band_low,0.0,low,authenticated_saved_feature_psi,False
fbv1-024-lendingclub_v2-catboost-legacy-rf-relevance-corr-s42,lendingclub_v2,catboost,legacy_rf_relevance_corr,dti_band_moderate,0.0,low,authenticated_saved_feature_psi,False
fbv1-024-lendingclub_v2-catboost-legacy-rf-relevance-corr-s42,lendingclub_v2,catboost,legacy_rf_relevance_corr,dti_band_very_low,0.0,low,authenticated_saved_feature_psi,False
fbv1-024-lendingclub_v2-catboost-legacy-rf-relevance-corr-s42,lendingclub_v2,catboost,legacy_rf_relevance_corr,dti_band_infrequent_sklearn,0.0,low,authenticated_saved_feature_psi,False
fbv1-025-homecredit-lr-catboost-shap-s42,homecredit,lr,catboost_shap,PREV_DAYS_LAST_DUE_1ST_VERSION_MAX,0.3254230120809057,high,authenticated_saved_feature_psi,False
fbv1-025-homecredit-lr-catboost-shap-s42,homecredit,lr,catboost_shap,PREV_INTEREST_ESTIMATE_MAX,0.0639268824804577,low,authenticated_saved_feature_psi,False
fbv1-025-homecredit-lr-catboost-shap-s42,homecredit,lr,catboost_shap,EXT_SOURCE_3,0.020728354694539,low,authenticated_saved_feature_psi,False
fbv1-025-homecredit-lr-catboost-shap-s42,homecredit,lr,catboost_shap,INSTAL_AMT_PAYMENT_SUM,0.0137606775208418,low,authenticated_saved_feature_psi,False
fbv1-025-homecredit-lr-catboost-shap-s42,homecredit,lr,catboost_shap,BURO_DEBT_CREDIT_DIFF_MIN,0.0077218216755122,low,authenticated_saved_feature_psi,False
fbv1-025-homecredit-lr-catboost-shap-s42,homecredit,lr,catboost_shap,AMT_ANNUITY,0.0061668376515196,low,authenticated_saved_feature_psi,False
fbv1-025-homecredit-lr-catboost-shap-s42,homecredit,lr,catboost_shap,DAYS_BIRTH,0.0058051531867432,low,authenticated_saved_feature_psi,False
fbv1-025-homecredit-lr-catboost-shap-s42,homecredit,lr,catboost_shap,AMT_GOODS_PRICE,0.0047675755087858,low,authenticated_saved_feature_psi,False
fbv1-025-homecredit-lr-catboost-shap-s42,homecredit,lr,catboost_shap,DAYS_EMPLOYED,0.0039292888885869,low,authenticated_saved_feature_psi,False
fbv1-025-homecredit-lr-catboost-shap-s42,homecredit,lr,catboost_shap,INSTAL_IS_LATE_MEAN,0.0037967812601098,low,authenticated_saved_feature_psi,False
fbv1-025-homecredit-lr-catboost-shap-s42,homecredit,lr,catboost_shap,AMT_CREDIT,0.0035368145621176,low,authenticated_saved_feature_psi,False
fbv1-025-homecredit-lr-catboost-shap-s42,homecredit,lr,catboost_shap,BURO_DEBT_CREDIT_DIFF_SUM,0.0028768408379473,low,authenticated_saved_feature_psi,False
fbv1-025-homecredit-lr-catboost-shap-s42,homecredit,lr,catboost_shap,BURO_DEBT_RATIO_MAX,0.002445262426434,low,authenticated_saved_feature_psi,False
fbv1-025-homecredit-lr-catboost-shap-s42,homecredit,lr,catboost_shap,EXT_SOURCE_2,0.0017907560370425,low,authenticated_saved_feature_psi,False
fbv1-025-homecredit-lr-catboost-shap-s42,homecredit,lr,catboost_shap,EXT_SOURCE_1,0.0005418708919522,low,authenticated_saved_feature_psi,False
fbv1-025-homecredit-lr-catboost-shap-s42,homecredit,lr,catboost_shap,FLAG_DOCUMENT_3,0.0,low,authenticated_saved_feature_psi,False
fbv1-025-homecredit-lr-catboost-shap-s42,homecredit,lr,catboost_shap,CODE_GENDER_F,0.0,low,authenticated_saved_feature_psi,False
fbv1-025-homecredit-lr-catboost-shap-s42,homecredit,lr,catboost_shap,CODE_GENDER_M,0.0,low,authenticated_saved_feature_psi,False
fbv1-025-homecredit-lr-catboost-shap-s42,homecredit,lr,catboost_shap,CODE_GENDER_infrequent_sklearn,0.0,low,authenticated_saved_feature_psi,False
fbv1-025-homecredit-lr-catboost-shap-s42,homecredit,lr,catboost_shap,NAME_EDUCATION_TYPE_Academic degree,0.0,low,authenticated_saved_feature_psi,False
fbv1-025-homecredit-lr-catboost-shap-s42,homecredit,lr,catboost_shap,NAME_EDUCATION_TYPE_Higher education,0.0,low,authenticated_saved_feature_psi,False
fbv1-025-homecredit-lr-catboost-shap-s42,homecredit,lr,catboost_shap,NAME_EDUCATION_TYPE_Incomplete higher,0.0,low,authenticated_saved_feature_psi,False
fbv1-025-homecredit-lr-catboost-shap-s42,homecredit,lr,catboost_shap,NAME_EDUCATION_TYPE_Lower secondary,0.0,low,authenticated_saved_feature_psi,False
fbv1-025-homecredit-lr-catboost-shap-s42,homecredit,lr,catboost_shap,NAME_EDUCATION_TYPE_Secondary / secondary special,0.0,low,authenticated_saved_feature_psi,False
fbv1-025-homecredit-lr-catboost-shap-s42,homecredit,lr,catboost_shap,NAME_INCOME_TYPE_Commercial associate,0.0,low,authenticated_saved_feature_psi,False
fbv1-025-homecredit-lr-catboost-shap-s42,homecredit,lr,catboost_shap,NAME_INCOME_TYPE_Pensioner,0.0,low,authenticated_saved_feature_psi,False
fbv1-025-homecredit-lr-catboost-shap-s42,homecredit,lr,catboost_shap,NAME_INCOME_TYPE_State servant,0.0,low,authenticated_saved_feature_psi,False
fbv1-025-homecredit-lr-catboost-shap-s42,homecredit,lr,catboost_shap,NAME_INCOME_TYPE_Working,0.0,low,authenticated_saved_feature_psi,False
fbv1-025-homecredit-lr-catboost-shap-s42,homecredit,lr,catboost_shap,NAME_INCOME_TYPE_infrequent_sklearn,0.0,low,authenticated_saved_feature_psi,False
fbv1-025-homecredit-lr-catboost-shap-s42,homecredit,lr,catboost_shap,OCCUPATION_TYPE_Accountants,0.0,low,authenticated_saved_feature_psi,False
fbv1-025-homecredit-lr-catboost-shap-s42,homecredit,lr,catboost_shap,OCCUPATION_TYPE_Cleaning staff,0.0,low,authenticated_saved_feature_psi,False
fbv1-025-homecredit-lr-catboost-shap-s42,homecredit,lr,catboost_shap,OCCUPATION_TYPE_Cooking staff,0.0,low,authenticated_saved_feature_psi,False
fbv1-025-homecredit-lr-catboost-shap-s42,homecredit,lr,catboost_shap,OCCUPATION_TYPE_Core staff,0.0,low,authenticated_saved_feature_psi,False
fbv1-025-homecredit-lr-catboost-shap-s42,homecredit,lr,catboost_shap,OCCUPATION_TYPE_Drivers,0.0,low,authenticated_saved_feature_psi,False
fbv1-025-homecredit-lr-catboost-shap-s42,homecredit,lr,catboost_shap,OCCUPATION_TYPE_HR staff,0.0,low,authenticated_saved_feature_psi,False
fbv1-025-homecredit-lr-catboost-shap-s42,homecredit,lr,catboost_shap,OCCUPATION_TYPE_High skill tech staff,0.0,low,authenticated_saved_feature_psi,False
fbv1-025-homecredit-lr-catboost-shap-s42,homecredit,lr,catboost_shap,OCCUPATION_TYPE_IT staff,0.0,low,authenticated_saved_feature_psi,False
fbv1-025-homecredit-lr-catboost-shap-s42,homecredit,lr,catboost_shap,OCCUPATION_TYPE_Laborers,0.0,low,authenticated_saved_feature_psi,False
fbv1-025-homecredit-lr-catboost-shap-s42,homecredit,lr,catboost_shap,OCCUPATION_TYPE_Low-skill Laborers,0.0,low,authenticated_saved_feature_psi,False
fbv1-025-homecredit-lr-catboost-shap-s42,homecredit,lr,catboost_shap,OCCUPATION_TYPE_Managers,0.0,low,authenticated_saved_feature_psi,False
fbv1-025-homecredit-lr-catboost-shap-s42,homecredit,lr,catboost_shap,OCCUPATION_TYPE_Medicine staff,0.0,low,authenticated_saved_feature_psi,False
fbv1-025-homecredit-lr-catboost-shap-s42,homecredit,lr,catboost_shap,OCCUPATION_TYPE_Missing,0.0,low,authenticated_saved_feature_psi,False
fbv1-025-homecredit-lr-catboost-shap-s42,homecredit,lr,catboost_shap,OCCUPATION_TYPE_Private service staff,0.0,low,authenticated_saved_feature_psi,False
fbv1-025-homecredit-lr-catboost-shap-s42,homecredit,lr,catboost_shap,OCCUPATION_TYPE_Realty agents,0.0,low,authenticated_saved_feature_psi,False
fbv1-025-homecredit-lr-catboost-shap-s42,homecredit,lr,catboost_shap,OCCUPATION_TYPE_Sales staff,0.0,low,authenticated_saved_feature_psi,False
fbv1-025-homecredit-lr-catboost-shap-s42,homecredit,lr,catboost_shap,OCCUPATION_TYPE_Secretaries,0.0,low,authenticated_saved_feature_psi,False
fbv1-025-homecredit-lr-catboost-shap-s42,homecredit,lr,catboost_shap,OCCUPATION_TYPE_Security staff,0.0,low,authenticated_saved_feature_psi,False
fbv1-025-homecredit-lr-catboost-shap-s42,homecredit,lr,catboost_shap,OCCUPATION_TYPE_Waiters/barmen staff,0.0,low,authenticated_saved_feature_psi,False
fbv1-026-homecredit-catboost-catboost-shap-s42,homecredit,catboost,catboost_shap,PREV_DAYS_LAST_DUE_1ST_VERSION_MAX,0.3254230120809057,high,authenticated_saved_feature_psi,False
fbv1-026-homecredit-catboost-catboost-shap-s42,homecredit,catboost,catboost_shap,PREV_DAYS_LAST_DUE_MAX,0.0812576509829495,low,authenticated_saved_feature_psi,False
fbv1-026-homecredit-catboost-catboost-shap-s42,homecredit,catboost,catboost_shap,PREV_INTEREST_ESTIMATE_MAX,0.0639268824804577,low,authenticated_saved_feature_psi,False
fbv1-026-homecredit-catboost-catboost-shap-s42,homecredit,catboost,catboost_shap,INSTAL_DAYS_INSTALMENT_VAR,0.0578650904526889,low,authenticated_saved_feature_psi,False
fbv1-026-homecredit-catboost-catboost-shap-s42,homecredit,catboost,catboost_shap,PREV_AMT_ANNUITY_MIN,0.0567295453169564,low,authenticated_saved_feature_psi,False
fbv1-026-homecredit-catboost-catboost-shap-s42,homecredit,catboost,catboost_shap,POS_TOTAL_INSTALMENT_PROG_MEAN,0.0334401648316066,low,authenticated_saved_feature_psi,False
fbv1-026-homecredit-catboost-catboost-shap-s42,homecredit,catboost,catboost_shap,EXT_SOURCE_3,0.020728354694539,low,authenticated_saved_feature_psi,False
fbv1-026-homecredit-catboost-catboost-shap-s42,homecredit,catboost,catboost_shap,INSTAL_DAYS_DIFF_MAX,0.0201253097674174,low,authenticated_saved_feature_psi,False
fbv1-026-homecredit-catboost-catboost-shap-s42,homecredit,catboost,catboost_shap,PREV_INTEREST_ESTIMATE_MEAN,0.0180194375097055,low,authenticated_saved_feature_psi,False
fbv1-026-homecredit-catboost-catboost-shap-s42,homecredit,catboost,catboost_shap,INSTAL_AMT_PAYMENT_SUM,0.0137606775208418,low,authenticated_saved_feature_psi,False
fbv1-026-homecredit-catboost-catboost-shap-s42,homecredit,catboost,catboost_shap,PREV_AMT_DOWN_PAYMENT_SUM,0.0134603656668472,low,authenticated_saved_feature_psi,False
fbv1-026-homecredit-catboost-catboost-shap-s42,homecredit,catboost,catboost_shap,INSTAL_AMT_INSTALMENT_SUM,0.0126614219439091,low,authenticated_saved_feature_psi,False
fbv1-026-homecredit-catboost-catboost-shap-s42,homecredit,catboost,catboost_shap,INSTAL_PAYMENT_DIFF_MEAN,0.0093498998202679,low,authenticated_saved_feature_psi,False
fbv1-026-homecredit-catboost-catboost-shap-s42,homecredit,catboost,catboost_shap,INSTAL_PAYMENT_RATIO_MEAN,0.0087337049791449,low,authenticated_saved_feature_psi,False
fbv1-026-homecredit-catboost-catboost-shap-s42,homecredit,catboost,catboost_shap,BURO_DEBT_CREDIT_DIFF_MIN,0.0077218216755122,low,authenticated_saved_feature_psi,False
fbv1-026-homecredit-catboost-catboost-shap-s42,homecredit,catboost,catboost_shap,BURO_AMT_CREDIT_SUM_VAR,0.00696982810702,low,authenticated_saved_feature_psi,False
fbv1-026-homecredit-catboost-catboost-shap-s42,homecredit,catboost,catboost_shap,AMT_ANNUITY,0.0061668376515196,low,authenticated_saved_feature_psi,False
fbv1-026-homecredit-catboost-catboost-shap-s42,homecredit,catboost,catboost_shap,BURO_DEBT_CREDIT_DIFF_MEAN,0.0061123564502056,low,authenticated_saved_feature_psi,False
fbv1-026-homecredit-catboost-catboost-shap-s42,homecredit,catboost,catboost_shap,DAYS_BIRTH,0.0058051531867432,low,authenticated_saved_feature_psi,False
fbv1-026-homecredit-catboost-catboost-shap-s42,homecredit,catboost,catboost_shap,AMT_GOODS_PRICE,0.0047675755087858,low,authenticated_saved_feature_psi,False
fbv1-026-homecredit-catboost-catboost-shap-s42,homecredit,catboost,catboost_shap,DAYS_EMPLOYED,0.0039292888885869,low,authenticated_saved_feature_psi,False
fbv1-026-homecredit-catboost-catboost-shap-s42,homecredit,catboost,catboost_shap,BURO_DAYS_CREDIT_ENDDATE_MAX,0.0038829799795105,low,authenticated_saved_feature_psi,False
fbv1-026-homecredit-catboost-catboost-shap-s42,homecredit,catboost,catboost_shap,INSTAL_IS_LATE_MEAN,0.0037967812601098,low,authenticated_saved_feature_psi,False
fbv1-026-homecredit-catboost-catboost-shap-s42,homecredit,catboost,catboost_shap,AMT_CREDIT,0.0035368145621176,low,authenticated_saved_feature_psi,False
fbv1-026-homecredit-catboost-catboost-shap-s42,homecredit,catboost,catboost_shap,INSTAL_IS_UNDERPAID_MEAN,0.0032876441593319,low,authenticated_saved_feature_psi,False
fbv1-026-homecredit-catboost-catboost-shap-s42,homecredit,catboost,catboost_shap,BURO_DEBT_CREDIT_DIFF_SUM,0.0028768408379473,low,authenticated_saved_feature_psi,False
fbv1-026-homecredit-catboost-catboost-shap-s42,homecredit,catboost,catboost_shap,BURO_DEBT_RATIO_MAX,0.002445262426434,low,authenticated_saved_feature_psi,False
fbv1-026-homecredit-catboost-catboost-shap-s42,homecredit,catboost,catboost_shap,EXT_SOURCE_2,0.0017907560370425,low,authenticated_saved_feature_psi,False
fbv1-026-homecredit-catboost-catboost-shap-s42,homecredit,catboost,catboost_shap,OWN_CAR_AGE,0.0016516972017936,low,authenticated_saved_feature_psi,False
fbv1-026-homecredit-catboost-catboost-shap-s42,homecredit,catboost,catboost_shap,DAYS_ID_PUBLISH,0.0009913686441323,low,authenticated_saved_feature_psi,False
fbv1-026-homecredit-catboost-catboost-shap-s42,homecredit,catboost,catboost_shap,DAYS_REGISTRATION,0.0008141816578874,low,authenticated_saved_feature_psi,False
fbv1-026-homecredit-catboost-catboost-shap-s42,homecredit,catboost,catboost_shap,EXT_SOURCE_1,0.0005418708919522,low,authenticated_saved_feature_psi,False
fbv1-026-homecredit-catboost-catboost-shap-s42,homecredit,catboost,catboost_shap,DEF_30_CNT_SOCIAL_CIRCLE,4.109553859523336e-06,low,authenticated_saved_feature_psi,False
fbv1-026-homecredit-catboost-catboost-shap-s42,homecredit,catboost,catboost_shap,FLAG_DOCUMENT_3,0.0,low,authenticated_saved_feature_psi,False
fbv1-026-homecredit-catboost-catboost-shap-s42,homecredit,catboost,catboost_shap,CODE_GENDER_F,0.0,low,authenticated_saved_feature_psi,False
fbv1-026-homecredit-catboost-catboost-shap-s42,homecredit,catboost,catboost_shap,CODE_GENDER_M,0.0,low,authenticated_saved_feature_psi,False
fbv1-026-homecredit-catboost-catboost-shap-s42,homecredit,catboost,catboost_shap,CODE_GENDER_infrequent_sklearn,0.0,low,authenticated_saved_feature_psi,False
fbv1-026-homecredit-catboost-catboost-shap-s42,homecredit,catboost,catboost_shap,NAME_EDUCATION_TYPE_Academic degree,0.0,low,authenticated_saved_feature_psi,False
fbv1-026-homecredit-catboost-catboost-shap-s42,homecredit,catboost,catboost_shap,NAME_EDUCATION_TYPE_Higher education,0.0,low,authenticated_saved_feature_psi,False
fbv1-026-homecredit-catboost-catboost-shap-s42,homecredit,catboost,catboost_shap,NAME_EDUCATION_TYPE_Incomplete higher,0.0,low,authenticated_saved_feature_psi,False
fbv1-026-homecredit-catboost-catboost-shap-s42,homecredit,catboost,catboost_shap,NAME_EDUCATION_TYPE_Lower secondary,0.0,low,authenticated_saved_feature_psi,False
fbv1-026-homecredit-catboost-catboost-shap-s42,homecredit,catboost,catboost_shap,NAME_EDUCATION_TYPE_Secondary / secondary special,0.0,low,authenticated_saved_feature_psi,False
fbv1-026-homecredit-catboost-catboost-shap-s42,homecredit,catboost,catboost_shap,NAME_INCOME_TYPE_Commercial associate,0.0,low,authenticated_saved_feature_psi,False
fbv1-026-homecredit-catboost-catboost-shap-s42,homecredit,catboost,catboost_shap,NAME_INCOME_TYPE_Pensioner,0.0,low,authenticated_saved_feature_psi,False
fbv1-026-homecredit-catboost-catboost-shap-s42,homecredit,catboost,catboost_shap,NAME_INCOME_TYPE_State servant,0.0,low,authenticated_saved_feature_psi,False
fbv1-026-homecredit-catboost-catboost-shap-s42,homecredit,catboost,catboost_shap,NAME_INCOME_TYPE_Working,0.0,low,authenticated_saved_feature_psi,False
fbv1-026-homecredit-catboost-catboost-shap-s42,homecredit,catboost,catboost_shap,NAME_INCOME_TYPE_infrequent_sklearn,0.0,low,authenticated_saved_feature_psi,False
fbv1-026-homecredit-catboost-catboost-shap-s42,homecredit,catboost,catboost_shap,OCCUPATION_TYPE_Accountants,0.0,low,authenticated_saved_feature_psi,False
fbv1-026-homecredit-catboost-catboost-shap-s42,homecredit,catboost,catboost_shap,OCCUPATION_TYPE_Cleaning staff,0.0,low,authenticated_saved_feature_psi,False
fbv1-026-homecredit-catboost-catboost-shap-s42,homecredit,catboost,catboost_shap,OCCUPATION_TYPE_Cooking staff,0.0,low,authenticated_saved_feature_psi,False
fbv1-026-homecredit-catboost-catboost-shap-s42,homecredit,catboost,catboost_shap,OCCUPATION_TYPE_Core staff,0.0,low,authenticated_saved_feature_psi,False
fbv1-026-homecredit-catboost-catboost-shap-s42,homecredit,catboost,catboost_shap,OCCUPATION_TYPE_Drivers,0.0,low,authenticated_saved_feature_psi,False
fbv1-026-homecredit-catboost-catboost-shap-s42,homecredit,catboost,catboost_shap,OCCUPATION_TYPE_HR staff,0.0,low,authenticated_saved_feature_psi,False
fbv1-026-homecredit-catboost-catboost-shap-s42,homecredit,catboost,catboost_shap,OCCUPATION_TYPE_High skill tech staff,0.0,low,authenticated_saved_feature_psi,False
fbv1-026-homecredit-catboost-catboost-shap-s42,homecredit,catboost,catboost_shap,OCCUPATION_TYPE_IT staff,0.0,low,authenticated_saved_feature_psi,False
fbv1-026-homecredit-catboost-catboost-shap-s42,homecredit,catboost,catboost_shap,OCCUPATION_TYPE_Laborers,0.0,low,authenticated_saved_feature_psi,False
fbv1-026-homecredit-catboost-catboost-shap-s42,homecredit,catboost,catboost_shap,OCCUPATION_TYPE_Low-skill Laborers,0.0,low,authenticated_saved_feature_psi,False
fbv1-026-homecredit-catboost-catboost-shap-s42,homecredit,catboost,catboost_shap,OCCUPATION_TYPE_Managers,0.0,low,authenticated_saved_feature_psi,False
fbv1-026-homecredit-catboost-catboost-shap-s42,homecredit,catboost,catboost_shap,OCCUPATION_TYPE_Medicine staff,0.0,low,authenticated_saved_feature_psi,False
fbv1-026-homecredit-catboost-catboost-shap-s42,homecredit,catboost,catboost_shap,OCCUPATION_TYPE_Missing,0.0,low,authenticated_saved_feature_psi,False
fbv1-026-homecredit-catboost-catboost-shap-s42,homecredit,catboost,catboost_shap,OCCUPATION_TYPE_Private service staff,0.0,low,authenticated_saved_feature_psi,False
fbv1-026-homecredit-catboost-catboost-shap-s42,homecredit,catboost,catboost_shap,OCCUPATION_TYPE_Realty agents,0.0,low,authenticated_saved_feature_psi,False
fbv1-026-homecredit-catboost-catboost-shap-s42,homecredit,catboost,catboost_shap,OCCUPATION_TYPE_Sales staff,0.0,low,authenticated_saved_feature_psi,False
fbv1-026-homecredit-catboost-catboost-shap-s42,homecredit,catboost,catboost_shap,OCCUPATION_TYPE_Secretaries,0.0,low,authenticated_saved_feature_psi,False
fbv1-026-homecredit-catboost-catboost-shap-s42,homecredit,catboost,catboost_shap,OCCUPATION_TYPE_Security staff,0.0,low,authenticated_saved_feature_psi,False
fbv1-026-homecredit-catboost-catboost-shap-s42,homecredit,catboost,catboost_shap,OCCUPATION_TYPE_Waiters/barmen staff,0.0,low,authenticated_saved_feature_psi,False
fbv1-026-homecredit-catboost-catboost-shap-s42,homecredit,catboost,catboost_shap,NAME_FAMILY_STATUS_Civil marriage,0.0,low,authenticated_saved_feature_psi,False
fbv1-026-homecredit-catboost-catboost-shap-s42,homecredit,catboost,catboost_shap,NAME_FAMILY_STATUS_Married,0.0,low,authenticated_saved_feature_psi,False
fbv1-026-homecredit-catboost-catboost-shap-s42,homecredit,catboost,catboost_shap,NAME_FAMILY_STATUS_Separated,0.0,low,authenticated_saved_feature_psi,False
fbv1-026-homecredit-catboost-catboost-shap-s42,homecredit,catboost,catboost_shap,NAME_FAMILY_STATUS_Single / not married,0.0,low,authenticated_saved_feature_psi,False
fbv1-026-homecredit-catboost-catboost-shap-s42,homecredit,catboost,catboost_shap,NAME_FAMILY_STATUS_Widow,0.0,low,authenticated_saved_feature_psi,False
fbv1-026-homecredit-catboost-catboost-shap-s42,homecredit,catboost,catboost_shap,FLAG_OWN_CAR_N,0.0,low,authenticated_saved_feature_psi,False
fbv1-026-homecredit-catboost-catboost-shap-s42,homecredit,catboost,catboost_shap,FLAG_OWN_CAR_Y,0.0,low,authenticated_saved_feature_psi,False
fbv1-027-lendingclub_v2-lr-catboost-shap-s42,lendingclub_v2,lr,catboost_shap,percent_bc_gt_75,0.0323577278519161,low,authenticated_saved_feature_psi,False
fbv1-027-lendingclub_v2-lr-catboost-shap-s42,lendingclub_v2,lr,catboost_shap,acc_open_past_24mths_per_total_acc,0.0279079751277425,low,authenticated_saved_feature_psi,False
fbv1-027-lendingclub_v2-lr-catboost-shap-s42,lendingclub_v2,lr,catboost_shap,acc_open_past_24mths_share,0.0279079751277425,low,authenticated_saved_feature_psi,False
fbv1-027-lendingclub_v2-lr-catboost-shap-s42,lendingclub_v2,lr,catboost_shap,term_x_loan_to_income,0.0169743018807053,low,authenticated_saved_feature_psi,False
fbv1-027-lendingclub_v2-lr-catboost-shap-s42,lendingclub_v2,lr,catboost_shap,acc_open_past_24mths,0.0150282310414455,low,authenticated_saved_feature_psi,False
fbv1-027-lendingclub_v2-lr-catboost-shap-s42,lendingclub_v2,lr,catboost_shap,total_rev_hi_lim_to_loan_amnt,0.0144625700611583,low,authenticated_saved_feature_psi,False
fbv1-027-lendingclub_v2-lr-catboost-shap-s42,lendingclub_v2,lr,catboost_shap,loan_to_income,0.012637828456172,low,authenticated_saved_feature_psi,False
fbv1-027-lendingclub_v2-lr-catboost-shap-s42,lendingclub_v2,lr,catboost_shap,total_bc_limit_to_loan_amnt,0.0125781853725098,low,authenticated_saved_feature_psi,False
fbv1-027-lendingclub_v2-lr-catboost-shap-s42,lendingclub_v2,lr,catboost_shap,revol_bal_to_loan_amnt,0.0125548411206933,low,authenticated_saved_feature_psi,False
fbv1-027-lendingclub_v2-lr-catboost-shap-s42,lendingclub_v2,lr,catboost_shap,num_tl_op_past_12m_per_credit_history_year,0.0109234944910251,low,authenticated_saved_feature_psi,False
fbv1-027-lendingclub_v2-lr-catboost-shap-s42,lendingclub_v2,lr,catboost_shap,fico_mean,0.0049296297322064,low,authenticated_saved_feature_psi,False
fbv1-027-lendingclub_v2-lr-catboost-shap-s42,lendingclub_v2,lr,catboost_shap,fico_range_high,0.0049296297322064,low,authenticated_saved_feature_psi,False
fbv1-027-lendingclub_v2-lr-catboost-shap-s42,lendingclub_v2,lr,catboost_shap,dti,0.0010873667543974,low,authenticated_saved_feature_psi,False
fbv1-027-lendingclub_v2-lr-catboost-shap-s42,lendingclub_v2,lr,catboost_shap,term_months,0.0,low,authenticated_saved_feature_psi,False
fbv1-027-lendingclub_v2-lr-catboost-shap-s42,lendingclub_v2,lr,catboost_shap,high_dti_flag,0.0,low,authenticated_saved_feature_psi,False
fbv1-027-lendingclub_v2-lr-catboost-shap-s42,lendingclub_v2,lr,catboost_shap,term_verification_status_36 months__Not Verified,0.0,low,authenticated_saved_feature_psi,False
fbv1-027-lendingclub_v2-lr-catboost-shap-s42,lendingclub_v2,lr,catboost_shap,term_verification_status_36 months__Source Verified,0.0,low,authenticated_saved_feature_psi,False
fbv1-027-lendingclub_v2-lr-catboost-shap-s42,lendingclub_v2,lr,catboost_shap,term_verification_status_36 months__Verified,0.0,low,authenticated_saved_feature_psi,False
fbv1-027-lendingclub_v2-lr-catboost-shap-s42,lendingclub_v2,lr,catboost_shap,term_verification_status_60 months__Not Verified,0.0,low,authenticated_saved_feature_psi,False
fbv1-027-lendingclub_v2-lr-catboost-shap-s42,lendingclub_v2,lr,catboost_shap,term_verification_status_60 months__Source Verified,0.0,low,authenticated_saved_feature_psi,False
fbv1-027-lendingclub_v2-lr-catboost-shap-s42,lendingclub_v2,lr,catboost_shap,term_verification_status_60 months__Verified,0.0,low,authenticated_saved_feature_psi,False
fbv1-027-lendingclub_v2-lr-catboost-shap-s42,lendingclub_v2,lr,catboost_shap,term_home_ownership_36 months__MORTGAGE,0.0,low,authenticated_saved_feature_psi,False
fbv1-027-lendingclub_v2-lr-catboost-shap-s42,lendingclub_v2,lr,catboost_shap,term_home_ownership_36 months__OWN,0.0,low,authenticated_saved_feature_psi,False
fbv1-027-lendingclub_v2-lr-catboost-shap-s42,lendingclub_v2,lr,catboost_shap,term_home_ownership_36 months__RENT,0.0,low,authenticated_saved_feature_psi,False
fbv1-027-lendingclub_v2-lr-catboost-shap-s42,lendingclub_v2,lr,catboost_shap,term_home_ownership_60 months__MORTGAGE,0.0,low,authenticated_saved_feature_psi,False
fbv1-027-lendingclub_v2-lr-catboost-shap-s42,lendingclub_v2,lr,catboost_shap,term_home_ownership_60 months__OWN,0.0,low,authenticated_saved_feature_psi,False
fbv1-027-lendingclub_v2-lr-catboost-shap-s42,lendingclub_v2,lr,catboost_shap,term_home_ownership_60 months__RENT,0.0,low,authenticated_saved_feature_psi,False
fbv1-027-lendingclub_v2-lr-catboost-shap-s42,lendingclub_v2,lr,catboost_shap,term_home_ownership_infrequent_sklearn,0.0,low,authenticated_saved_feature_psi,False
fbv1-027-lendingclub_v2-lr-catboost-shap-s42,lendingclub_v2,lr,catboost_shap,term_36 months,0.0,low,authenticated_saved_feature_psi,False
fbv1-027-lendingclub_v2-lr-catboost-shap-s42,lendingclub_v2,lr,catboost_shap,term_60 months,0.0,low,authenticated_saved_feature_psi,False
fbv1-027-lendingclub_v2-lr-catboost-shap-s42,lendingclub_v2,lr,catboost_shap,purpose_verification_status_car__Not Verified,0.0,low,authenticated_saved_feature_psi,False
fbv1-027-lendingclub_v2-lr-catboost-shap-s42,lendingclub_v2,lr,catboost_shap,purpose_verification_status_car__Source Verified,0.0,low,authenticated_saved_feature_psi,False
fbv1-027-lendingclub_v2-lr-catboost-shap-s42,lendingclub_v2,lr,catboost_shap,purpose_verification_status_car__Verified,0.0,low,authenticated_saved_feature_psi,False
fbv1-027-lendingclub_v2-lr-catboost-shap-s42,lendingclub_v2,lr,catboost_shap,purpose_verification_status_credit_card__Not Verified,0.0,low,authenticated_saved_feature_psi,False
fbv1-027-lendingclub_v2-lr-catboost-shap-s42,lendingclub_v2,lr,catboost_shap,purpose_verification_status_credit_card__Source Verified,0.0,low,authenticated_saved_feature_psi,False
fbv1-027-lendingclub_v2-lr-catboost-shap-s42,lendingclub_v2,lr,catboost_shap,purpose_verification_status_credit_card__Verified,0.0,low,authenticated_saved_feature_psi,False
fbv1-027-lendingclub_v2-lr-catboost-shap-s42,lendingclub_v2,lr,catboost_shap,purpose_verification_status_debt_consolidation__Not Verified,0.0,low,authenticated_saved_feature_psi,False
fbv1-027-lendingclub_v2-lr-catboost-shap-s42,lendingclub_v2,lr,catboost_shap,purpose_verification_status_debt_consolidation__Source Verified,0.0,low,authenticated_saved_feature_psi,False
fbv1-027-lendingclub_v2-lr-catboost-shap-s42,lendingclub_v2,lr,catboost_shap,purpose_verification_status_debt_consolidation__Verified,0.0,low,authenticated_saved_feature_psi,False
fbv1-027-lendingclub_v2-lr-catboost-shap-s42,lendingclub_v2,lr,catboost_shap,purpose_verification_status_home_improvement__Not Verified,0.0,low,authenticated_saved_feature_psi,False
fbv1-027-lendingclub_v2-lr-catboost-shap-s42,lendingclub_v2,lr,catboost_shap,purpose_verification_status_home_improvement__Source Verified,0.0,low,authenticated_saved_feature_psi,False
fbv1-027-lendingclub_v2-lr-catboost-shap-s42,lendingclub_v2,lr,catboost_shap,purpose_verification_status_home_improvement__Verified,0.0,low,authenticated_saved_feature_psi,False
fbv1-027-lendingclub_v2-lr-catboost-shap-s42,lendingclub_v2,lr,catboost_shap,purpose_verification_status_house__Not Verified,0.0,low,authenticated_saved_feature_psi,False
fbv1-027-lendingclub_v2-lr-catboost-shap-s42,lendingclub_v2,lr,catboost_shap,purpose_verification_status_house__Source Verified,0.0,low,authenticated_saved_feature_psi,False
fbv1-027-lendingclub_v2-lr-catboost-shap-s42,lendingclub_v2,lr,catboost_shap,purpose_verification_status_house__Verified,0.0,low,authenticated_saved_feature_psi,False
fbv1-027-lendingclub_v2-lr-catboost-shap-s42,lendingclub_v2,lr,catboost_shap,purpose_verification_status_major_purchase__Not Verified,0.0,low,authenticated_saved_feature_psi,False
fbv1-027-lendingclub_v2-lr-catboost-shap-s42,lendingclub_v2,lr,catboost_shap,purpose_verification_status_major_purchase__Source Verified,0.0,low,authenticated_saved_feature_psi,False
fbv1-027-lendingclub_v2-lr-catboost-shap-s42,lendingclub_v2,lr,catboost_shap,purpose_verification_status_major_purchase__Verified,0.0,low,authenticated_saved_feature_psi,False
fbv1-027-lendingclub_v2-lr-catboost-shap-s42,lendingclub_v2,lr,catboost_shap,purpose_verification_status_medical__Not Verified,0.0,low,authenticated_saved_feature_psi,False
fbv1-027-lendingclub_v2-lr-catboost-shap-s42,lendingclub_v2,lr,catboost_shap,purpose_verification_status_medical__Source Verified,0.0,low,authenticated_saved_feature_psi,False
fbv1-027-lendingclub_v2-lr-catboost-shap-s42,lendingclub_v2,lr,catboost_shap,purpose_verification_status_medical__Verified,0.0,low,authenticated_saved_feature_psi,False
fbv1-027-lendingclub_v2-lr-catboost-shap-s42,lendingclub_v2,lr,catboost_shap,purpose_verification_status_moving__Not Verified,0.0,low,authenticated_saved_feature_psi,False
fbv1-027-lendingclub_v2-lr-catboost-shap-s42,lendingclub_v2,lr,catboost_shap,purpose_verification_status_moving__Source Verified,0.0,low,authenticated_saved_feature_psi,False
fbv1-027-lendingclub_v2-lr-catboost-shap-s42,lendingclub_v2,lr,catboost_shap,purpose_verification_status_moving__Verified,0.0,low,authenticated_saved_feature_psi,False
fbv1-027-lendingclub_v2-lr-catboost-shap-s42,lendingclub_v2,lr,catboost_shap,purpose_verification_status_other__Not Verified,0.0,low,authenticated_saved_feature_psi,False
fbv1-027-lendingclub_v2-lr-catboost-shap-s42,lendingclub_v2,lr,catboost_shap,purpose_verification_status_other__Source Verified,0.0,low,authenticated_saved_feature_psi,False
fbv1-027-lendingclub_v2-lr-catboost-shap-s42,lendingclub_v2,lr,catboost_shap,purpose_verification_status_other__Verified,0.0,low,authenticated_saved_feature_psi,False
fbv1-027-lendingclub_v2-lr-catboost-shap-s42,lendingclub_v2,lr,catboost_shap,purpose_verification_status_renewable_energy__Not Verified,0.0,low,authenticated_saved_feature_psi,False
fbv1-027-lendingclub_v2-lr-catboost-shap-s42,lendingclub_v2,lr,catboost_shap,purpose_verification_status_renewable_energy__Source Verified,0.0,low,authenticated_saved_feature_psi,False
fbv1-027-lendingclub_v2-lr-catboost-shap-s42,lendingclub_v2,lr,catboost_shap,purpose_verification_status_renewable_energy__Verified,0.0,low,authenticated_saved_feature_psi,False
fbv1-027-lendingclub_v2-lr-catboost-shap-s42,lendingclub_v2,lr,catboost_shap,purpose_verification_status_small_business__Not Verified,0.0,low,authenticated_saved_feature_psi,False
fbv1-027-lendingclub_v2-lr-catboost-shap-s42,lendingclub_v2,lr,catboost_shap,purpose_verification_status_small_business__Source Verified,0.0,low,authenticated_saved_feature_psi,False
fbv1-027-lendingclub_v2-lr-catboost-shap-s42,lendingclub_v2,lr,catboost_shap,purpose_verification_status_small_business__Verified,0.0,low,authenticated_saved_feature_psi,False
fbv1-027-lendingclub_v2-lr-catboost-shap-s42,lendingclub_v2,lr,catboost_shap,purpose_verification_status_vacation__Not Verified,0.0,low,authenticated_saved_feature_psi,False
fbv1-027-lendingclub_v2-lr-catboost-shap-s42,lendingclub_v2,lr,catboost_shap,purpose_verification_status_vacation__Source Verified,0.0,low,authenticated_saved_feature_psi,False
fbv1-027-lendingclub_v2-lr-catboost-shap-s42,lendingclub_v2,lr,catboost_shap,purpose_verification_status_vacation__Verified,0.0,low,authenticated_saved_feature_psi,False
fbv1-027-lendingclub_v2-lr-catboost-shap-s42,lendingclub_v2,lr,catboost_shap,purpose_verification_status_infrequent_sklearn,0.0,low,authenticated_saved_feature_psi,False
fbv1-027-lendingclub_v2-lr-catboost-shap-s42,lendingclub_v2,lr,catboost_shap,addr_state_AK,0.0,low,authenticated_saved_feature_psi,False
fbv1-027-lendingclub_v2-lr-catboost-shap-s42,lendingclub_v2,lr,catboost_shap,addr_state_AL,0.0,low,authenticated_saved_feature_psi,False
fbv1-027-lendingclub_v2-lr-catboost-shap-s42,lendingclub_v2,lr,catboost_shap,addr_state_AR,0.0,low,authenticated_saved_feature_psi,False
fbv1-027-lendingclub_v2-lr-catboost-shap-s42,lendingclub_v2,lr,catboost_shap,addr_state_AZ,0.0,low,authenticated_saved_feature_psi,False
fbv1-027-lendingclub_v2-lr-catboost-shap-s42,lendingclub_v2,lr,catboost_shap,addr_state_CA,0.0,low,authenticated_saved_feature_psi,False
fbv1-027-lendingclub_v2-lr-catboost-shap-s42,lendingclub_v2,lr,catboost_shap,addr_state_CO,0.0,low,authenticated_saved_feature_psi,False
fbv1-027-lendingclub_v2-lr-catboost-shap-s42,lendingclub_v2,lr,catboost_shap,addr_state_CT,0.0,low,authenticated_saved_feature_psi,False
fbv1-027-lendingclub_v2-lr-catboost-shap-s42,lendingclub_v2,lr,catboost_shap,addr_state_DC,0.0,low,authenticated_saved_feature_psi,False
fbv1-027-lendingclub_v2-lr-catboost-shap-s42,lendingclub_v2,lr,catboost_shap,addr_state_DE,0.0,low,authenticated_saved_feature_psi,False
fbv1-027-lendingclub_v2-lr-catboost-shap-s42,lendingclub_v2,lr,catboost_shap,addr_state_FL,0.0,low,authenticated_saved_feature_psi,False
fbv1-027-lendingclub_v2-lr-catboost-shap-s42,lendingclub_v2,lr,catboost_shap,addr_state_GA,0.0,low,authenticated_saved_feature_psi,False
fbv1-027-lendingclub_v2-lr-catboost-shap-s42,lendingclub_v2,lr,catboost_shap,addr_state_HI,0.0,low,authenticated_saved_feature_psi,False
fbv1-027-lendingclub_v2-lr-catboost-shap-s42,lendingclub_v2,lr,catboost_shap,addr_state_IL,0.0,low,authenticated_saved_feature_psi,False
fbv1-027-lendingclub_v2-lr-catboost-shap-s42,lendingclub_v2,lr,catboost_shap,addr_state_IN,0.0,low,authenticated_saved_feature_psi,False
fbv1-027-lendingclub_v2-lr-catboost-shap-s42,lendingclub_v2,lr,catboost_shap,addr_state_KS,0.0,low,authenticated_saved_feature_psi,False
fbv1-027-lendingclub_v2-lr-catboost-shap-s42,lendingclub_v2,lr,catboost_shap,addr_state_KY,0.0,low,authenticated_saved_feature_psi,False
fbv1-027-lendingclub_v2-lr-catboost-shap-s42,lendingclub_v2,lr,catboost_shap,addr_state_LA,0.0,low,authenticated_saved_feature_psi,False
fbv1-027-lendingclub_v2-lr-catboost-shap-s42,lendingclub_v2,lr,catboost_shap,addr_state_MA,0.0,low,authenticated_saved_feature_psi,False
fbv1-027-lendingclub_v2-lr-catboost-shap-s42,lendingclub_v2,lr,catboost_shap,addr_state_MD,0.0,low,authenticated_saved_feature_psi,False
fbv1-027-lendingclub_v2-lr-catboost-shap-s42,lendingclub_v2,lr,catboost_shap,addr_state_ME,0.0,low,authenticated_saved_feature_psi,False
fbv1-027-lendingclub_v2-lr-catboost-shap-s42,lendingclub_v2,lr,catboost_shap,addr_state_MI,0.0,low,authenticated_saved_feature_psi,False
fbv1-027-lendingclub_v2-lr-catboost-shap-s42,lendingclub_v2,lr,catboost_shap,addr_state_MN,0.0,low,authenticated_saved_feature_psi,False
fbv1-027-lendingclub_v2-lr-catboost-shap-s42,lendingclub_v2,lr,catboost_shap,addr_state_MO,0.0,low,authenticated_saved_feature_psi,False
fbv1-027-lendingclub_v2-lr-catboost-shap-s42,lendingclub_v2,lr,catboost_shap,addr_state_MS,0.0,low,authenticated_saved_feature_psi,False
fbv1-027-lendingclub_v2-lr-catboost-shap-s42,lendingclub_v2,lr,catboost_shap,addr_state_MT,0.0,low,authenticated_saved_feature_psi,False
fbv1-027-lendingclub_v2-lr-catboost-shap-s42,lendingclub_v2,lr,catboost_shap,addr_state_NC,0.0,low,authenticated_saved_feature_psi,False
fbv1-027-lendingclub_v2-lr-catboost-shap-s42,lendingclub_v2,lr,catboost_shap,addr_state_ND,0.0,low,authenticated_saved_feature_psi,False
fbv1-027-lendingclub_v2-lr-catboost-shap-s42,lendingclub_v2,lr,catboost_shap,addr_state_NE,0.0,low,authenticated_saved_feature_psi,False
fbv1-027-lendingclub_v2-lr-catboost-shap-s42,lendingclub_v2,lr,catboost_shap,addr_state_NH,0.0,low,authenticated_saved_feature_psi,False
fbv1-027-lendingclub_v2-lr-catboost-shap-s42,lendingclub_v2,lr,catboost_shap,addr_state_NJ,0.0,low,authenticated_saved_feature_psi,False
fbv1-027-lendingclub_v2-lr-catboost-shap-s42,lendingclub_v2,lr,catboost_shap,addr_state_NM,0.0,low,authenticated_saved_feature_psi,False
fbv1-027-lendingclub_v2-lr-catboost-shap-s42,lendingclub_v2,lr,catboost_shap,addr_state_NV,0.0,low,authenticated_saved_feature_psi,False
fbv1-027-lendingclub_v2-lr-catboost-shap-s42,lendingclub_v2,lr,catboost_shap,addr_state_NY,0.0,low,authenticated_saved_feature_psi,False
fbv1-027-lendingclub_v2-lr-catboost-shap-s42,lendingclub_v2,lr,catboost_shap,addr_state_OH,0.0,low,authenticated_saved_feature_psi,False
fbv1-027-lendingclub_v2-lr-catboost-shap-s42,lendingclub_v2,lr,catboost_shap,addr_state_OK,0.0,low,authenticated_saved_feature_psi,False
fbv1-027-lendingclub_v2-lr-catboost-shap-s42,lendingclub_v2,lr,catboost_shap,addr_state_OR,0.0,low,authenticated_saved_feature_psi,False
fbv1-027-lendingclub_v2-lr-catboost-shap-s42,lendingclub_v2,lr,catboost_shap,addr_state_PA,0.0,low,authenticated_saved_feature_psi,False
fbv1-027-lendingclub_v2-lr-catboost-shap-s42,lendingclub_v2,lr,catboost_shap,addr_state_RI,0.0,low,authenticated_saved_feature_psi,False
fbv1-027-lendingclub_v2-lr-catboost-shap-s42,lendingclub_v2,lr,catboost_shap,addr_state_SC,0.0,low,authenticated_saved_feature_psi,False
fbv1-027-lendingclub_v2-lr-catboost-shap-s42,lendingclub_v2,lr,catboost_shap,addr_state_SD,0.0,low,authenticated_saved_feature_psi,False
fbv1-027-lendingclub_v2-lr-catboost-shap-s42,lendingclub_v2,lr,catboost_shap,addr_state_TN,0.0,low,authenticated_saved_feature_psi,False
fbv1-027-lendingclub_v2-lr-catboost-shap-s42,lendingclub_v2,lr,catboost_shap,addr_state_TX,0.0,low,authenticated_saved_feature_psi,False
fbv1-027-lendingclub_v2-lr-catboost-shap-s42,lendingclub_v2,lr,catboost_shap,addr_state_UT,0.0,low,authenticated_saved_feature_psi,False
fbv1-027-lendingclub_v2-lr-catboost-shap-s42,lendingclub_v2,lr,catboost_shap,addr_state_VA,0.0,low,authenticated_saved_feature_psi,False
fbv1-027-lendingclub_v2-lr-catboost-shap-s42,lendingclub_v2,lr,catboost_shap,addr_state_VT,0.0,low,authenticated_saved_feature_psi,False
fbv1-027-lendingclub_v2-lr-catboost-shap-s42,lendingclub_v2,lr,catboost_shap,addr_state_WA,0.0,low,authenticated_saved_feature_psi,False
fbv1-027-lendingclub_v2-lr-catboost-shap-s42,lendingclub_v2,lr,catboost_shap,addr_state_WI,0.0,low,authenticated_saved_feature_psi,False
fbv1-027-lendingclub_v2-lr-catboost-shap-s42,lendingclub_v2,lr,catboost_shap,addr_state_WV,0.0,low,authenticated_saved_feature_psi,False
fbv1-027-lendingclub_v2-lr-catboost-shap-s42,lendingclub_v2,lr,catboost_shap,addr_state_WY,0.0,low,authenticated_saved_feature_psi,False
fbv1-027-lendingclub_v2-lr-catboost-shap-s42,lendingclub_v2,lr,catboost_shap,addr_state_infrequent_sklearn,0.0,low,authenticated_saved_feature_psi,False
fbv1-028-lendingclub_v2-catboost-catboost-shap-s42,lendingclub_v2,catboost,catboost_shap,total_bc_limit_per_bc_trade,0.0331218526874237,low,authenticated_saved_feature_psi,False
fbv1-028-lendingclub_v2-catboost-catboost-shap-s42,lendingclub_v2,catboost,catboost_shap,percent_bc_gt_75,0.0323577278519161,low,authenticated_saved_feature_psi,False
fbv1-028-lendingclub_v2-catboost-catboost-shap-s42,lendingclub_v2,catboost,catboost_shap,acc_open_past_24mths_share,0.0279079751277425,low,authenticated_saved_feature_psi,False
fbv1-028-lendingclub_v2-catboost-catboost-shap-s42,lendingclub_v2,catboost,catboost_shap,acc_open_past_24mths_per_total_acc,0.0279079751277425,low,authenticated_saved_feature_psi,False
fbv1-028-lendingclub_v2-catboost-catboost-shap-s42,lendingclub_v2,catboost,catboost_shap,log_bc_open_to_buy,0.0252573306164931,low,authenticated_saved_feature_psi,False
fbv1-028-lendingclub_v2-catboost-catboost-shap-s42,lendingclub_v2,catboost,catboost_shap,term_x_loan_to_income,0.0169743018807053,low,authenticated_saved_feature_psi,False
fbv1-028-lendingclub_v2-catboost-catboost-shap-s42,lendingclub_v2,catboost,catboost_shap,num_tl_op_past_12m,0.0157202468814718,low,authenticated_saved_feature_psi,False
fbv1-028-lendingclub_v2-catboost-catboost-shap-s42,lendingclub_v2,catboost,catboost_shap,dti_x_revol_util,0.015628565883268,low,authenticated_saved_feature_psi,False
fbv1-028-lendingclub_v2-catboost-catboost-shap-s42,lendingclub_v2,catboost,catboost_shap,acc_open_past_24mths,0.0150282310414455,low,authenticated_saved_feature_psi,False
fbv1-028-lendingclub_v2-catboost-catboost-shap-s42,lendingclub_v2,catboost,catboost_shap,total_rev_hi_lim_to_loan_amnt,0.0144625700611583,low,authenticated_saved_feature_psi,False
fbv1-028-lendingclub_v2-catboost-catboost-shap-s42,lendingclub_v2,catboost,catboost_shap,loan_to_income,0.012637828456172,low,authenticated_saved_feature_psi,False
fbv1-028-lendingclub_v2-catboost-catboost-shap-s42,lendingclub_v2,catboost,catboost_shap,acc_open_past_24mths_per_credit_history_year,0.012607140849712,low,authenticated_saved_feature_psi,False
fbv1-028-lendingclub_v2-catboost-catboost-shap-s42,lendingclub_v2,catboost,catboost_shap,total_bc_limit_to_loan_amnt,0.0125781853725098,low,authenticated_saved_feature_psi,False
fbv1-028-lendingclub_v2-catboost-catboost-shap-s42,lendingclub_v2,catboost,catboost_shap,revol_bal_to_loan_amnt,0.0125548411206933,low,authenticated_saved_feature_psi,False
fbv1-028-lendingclub_v2-catboost-catboost-shap-s42,lendingclub_v2,catboost,catboost_shap,num_tl_op_past_12m_per_credit_history_year,0.0109234944910251,low,authenticated_saved_feature_psi,False
fbv1-028-lendingclub_v2-catboost-catboost-shap-s42,lendingclub_v2,catboost,catboost_shap,log_num_rev_tl_bal_gt_0,0.0080820920153091,low,authenticated_saved_feature_psi,False
fbv1-028-lendingclub_v2-catboost-catboost-shap-s42,lendingclub_v2,catboost,catboost_shap,mths_since_recent_bc,0.0076826190131517,low,authenticated_saved_feature_psi,False
fbv1-028-lendingclub_v2-catboost-catboost-shap-s42,lendingclub_v2,catboost,catboost_shap,mths_since_recent_bc_inverse_recency,0.0075325702151664,low,authenticated_saved_feature_psi,False
fbv1-028-lendingclub_v2-catboost-catboost-shap-s42,lendingclub_v2,catboost,catboost_shap,fico_midpoint_scaled,0.0049296297322064,low,authenticated_saved_feature_psi,False
fbv1-028-lendingclub_v2-catboost-catboost-shap-s42,lendingclub_v2,catboost,catboost_shap,fico_mean,0.0049296297322064,low,authenticated_saved_feature_psi,False
fbv1-028-lendingclub_v2-catboost-catboost-shap-s42,lendingclub_v2,catboost,catboost_shap,fico_range_high,0.0049296297322064,low,authenticated_saved_feature_psi,False
fbv1-028-lendingclub_v2-catboost-catboost-shap-s42,lendingclub_v2,catboost,catboost_shap,active_revolving_share,0.0031851853363491,low,authenticated_saved_feature_psi,False
fbv1-028-lendingclub_v2-catboost-catboost-shap-s42,lendingclub_v2,catboost,catboost_shap,balance_to_high_credit_limit,0.0029630799019905,low,authenticated_saved_feature_psi,False
fbv1-028-lendingclub_v2-catboost-catboost-shap-s42,lendingclub_v2,catboost,catboost_shap,mths_since_recent_inq_inverse_recency,0.0014022136353445,low,authenticated_saved_feature_psi,False
fbv1-028-lendingclub_v2-catboost-catboost-shap-s42,lendingclub_v2,catboost,catboost_shap,mths_since_recent_inq,0.0014005439488032,low,authenticated_saved_feature_psi,False
fbv1-028-lendingclub_v2-catboost-catboost-shap-s42,lendingclub_v2,catboost,catboost_shap,dti,0.0010873667543974,low,authenticated_saved_feature_psi,False
fbv1-028-lendingclub_v2-catboost-catboost-shap-s42,lendingclub_v2,catboost,catboost_shap,term_months,0.0,low,authenticated_saved_feature_psi,False
fbv1-028-lendingclub_v2-catboost-catboost-shap-s42,lendingclub_v2,catboost,catboost_shap,high_dti_flag,0.0,low,authenticated_saved_feature_psi,False
fbv1-028-lendingclub_v2-catboost-catboost-shap-s42,lendingclub_v2,catboost,catboost_shap,prime_fico_flag,0.0,low,authenticated_saved_feature_psi,False
fbv1-028-lendingclub_v2-catboost-catboost-shap-s42,lendingclub_v2,catboost,catboost_shap,emp_length_missing_flag,0.0,low,authenticated_saved_feature_psi,False
fbv1-028-lendingclub_v2-catboost-catboost-shap-s42,lendingclub_v2,catboost,catboost_shap,term_verification_status_36 months__Not Verified,0.0,low,authenticated_saved_feature_psi,False
fbv1-028-lendingclub_v2-catboost-catboost-shap-s42,lendingclub_v2,catboost,catboost_shap,term_verification_status_36 months__Source Verified,0.0,low,authenticated_saved_feature_psi,False
fbv1-028-lendingclub_v2-catboost-catboost-shap-s42,lendingclub_v2,catboost,catboost_shap,term_verification_status_36 months__Verified,0.0,low,authenticated_saved_feature_psi,False
fbv1-028-lendingclub_v2-catboost-catboost-shap-s42,lendingclub_v2,catboost,catboost_shap,term_verification_status_60 months__Not Verified,0.0,low,authenticated_saved_feature_psi,False
fbv1-028-lendingclub_v2-catboost-catboost-shap-s42,lendingclub_v2,catboost,catboost_shap,term_verification_status_60 months__Source Verified,0.0,low,authenticated_saved_feature_psi,False
fbv1-028-lendingclub_v2-catboost-catboost-shap-s42,lendingclub_v2,catboost,catboost_shap,term_verification_status_60 months__Verified,0.0,low,authenticated_saved_feature_psi,False
fbv1-028-lendingclub_v2-catboost-catboost-shap-s42,lendingclub_v2,catboost,catboost_shap,term_home_ownership_36 months__MORTGAGE,0.0,low,authenticated_saved_feature_psi,False
fbv1-028-lendingclub_v2-catboost-catboost-shap-s42,lendingclub_v2,catboost,catboost_shap,term_home_ownership_36 months__OWN,0.0,low,authenticated_saved_feature_psi,False
fbv1-028-lendingclub_v2-catboost-catboost-shap-s42,lendingclub_v2,catboost,catboost_shap,term_home_ownership_36 months__RENT,0.0,low,authenticated_saved_feature_psi,False
fbv1-028-lendingclub_v2-catboost-catboost-shap-s42,lendingclub_v2,catboost,catboost_shap,term_home_ownership_60 months__MORTGAGE,0.0,low,authenticated_saved_feature_psi,False
fbv1-028-lendingclub_v2-catboost-catboost-shap-s42,lendingclub_v2,catboost,catboost_shap,term_home_ownership_60 months__OWN,0.0,low,authenticated_saved_feature_psi,False
fbv1-028-lendingclub_v2-catboost-catboost-shap-s42,lendingclub_v2,catboost,catboost_shap,term_home_ownership_60 months__RENT,0.0,low,authenticated_saved_feature_psi,False
fbv1-028-lendingclub_v2-catboost-catboost-shap-s42,lendingclub_v2,catboost,catboost_shap,term_home_ownership_infrequent_sklearn,0.0,low,authenticated_saved_feature_psi,False
fbv1-028-lendingclub_v2-catboost-catboost-shap-s42,lendingclub_v2,catboost,catboost_shap,term_36 months,0.0,low,authenticated_saved_feature_psi,False
fbv1-028-lendingclub_v2-catboost-catboost-shap-s42,lendingclub_v2,catboost,catboost_shap,term_60 months,0.0,low,authenticated_saved_feature_psi,False
fbv1-028-lendingclub_v2-catboost-catboost-shap-s42,lendingclub_v2,catboost,catboost_shap,purpose_verification_status_car__Not Verified,0.0,low,authenticated_saved_feature_psi,False
fbv1-028-lendingclub_v2-catboost-catboost-shap-s42,lendingclub_v2,catboost,catboost_shap,purpose_verification_status_car__Source Verified,0.0,low,authenticated_saved_feature_psi,False
fbv1-028-lendingclub_v2-catboost-catboost-shap-s42,lendingclub_v2,catboost,catboost_shap,purpose_verification_status_car__Verified,0.0,low,authenticated_saved_feature_psi,False
fbv1-028-lendingclub_v2-catboost-catboost-shap-s42,lendingclub_v2,catboost,catboost_shap,purpose_verification_status_credit_card__Not Verified,0.0,low,authenticated_saved_feature_psi,False
fbv1-028-lendingclub_v2-catboost-catboost-shap-s42,lendingclub_v2,catboost,catboost_shap,purpose_verification_status_credit_card__Source Verified,0.0,low,authenticated_saved_feature_psi,False
fbv1-028-lendingclub_v2-catboost-catboost-shap-s42,lendingclub_v2,catboost,catboost_shap,purpose_verification_status_credit_card__Verified,0.0,low,authenticated_saved_feature_psi,False
fbv1-028-lendingclub_v2-catboost-catboost-shap-s42,lendingclub_v2,catboost,catboost_shap,purpose_verification_status_debt_consolidation__Not Verified,0.0,low,authenticated_saved_feature_psi,False
fbv1-028-lendingclub_v2-catboost-catboost-shap-s42,lendingclub_v2,catboost,catboost_shap,purpose_verification_status_debt_consolidation__Source Verified,0.0,low,authenticated_saved_feature_psi,False
fbv1-028-lendingclub_v2-catboost-catboost-shap-s42,lendingclub_v2,catboost,catboost_shap,purpose_verification_status_debt_consolidation__Verified,0.0,low,authenticated_saved_feature_psi,False
fbv1-028-lendingclub_v2-catboost-catboost-shap-s42,lendingclub_v2,catboost,catboost_shap,purpose_verification_status_home_improvement__Not Verified,0.0,low,authenticated_saved_feature_psi,False
fbv1-028-lendingclub_v2-catboost-catboost-shap-s42,lendingclub_v2,catboost,catboost_shap,purpose_verification_status_home_improvement__Source Verified,0.0,low,authenticated_saved_feature_psi,False
fbv1-028-lendingclub_v2-catboost-catboost-shap-s42,lendingclub_v2,catboost,catboost_shap,purpose_verification_status_home_improvement__Verified,0.0,low,authenticated_saved_feature_psi,False
fbv1-028-lendingclub_v2-catboost-catboost-shap-s42,lendingclub_v2,catboost,catboost_shap,purpose_verification_status_house__Not Verified,0.0,low,authenticated_saved_feature_psi,False
fbv1-028-lendingclub_v2-catboost-catboost-shap-s42,lendingclub_v2,catboost,catboost_shap,purpose_verification_status_house__Source Verified,0.0,low,authenticated_saved_feature_psi,False
fbv1-028-lendingclub_v2-catboost-catboost-shap-s42,lendingclub_v2,catboost,catboost_shap,purpose_verification_status_house__Verified,0.0,low,authenticated_saved_feature_psi,False
fbv1-028-lendingclub_v2-catboost-catboost-shap-s42,lendingclub_v2,catboost,catboost_shap,purpose_verification_status_major_purchase__Not Verified,0.0,low,authenticated_saved_feature_psi,False
fbv1-028-lendingclub_v2-catboost-catboost-shap-s42,lendingclub_v2,catboost,catboost_shap,purpose_verification_status_major_purchase__Source Verified,0.0,low,authenticated_saved_feature_psi,False
fbv1-028-lendingclub_v2-catboost-catboost-shap-s42,lendingclub_v2,catboost,catboost_shap,purpose_verification_status_major_purchase__Verified,0.0,low,authenticated_saved_feature_psi,False
fbv1-028-lendingclub_v2-catboost-catboost-shap-s42,lendingclub_v2,catboost,catboost_shap,purpose_verification_status_medical__Not Verified,0.0,low,authenticated_saved_feature_psi,False
fbv1-028-lendingclub_v2-catboost-catboost-shap-s42,lendingclub_v2,catboost,catboost_shap,purpose_verification_status_medical__Source Verified,0.0,low,authenticated_saved_feature_psi,False
fbv1-028-lendingclub_v2-catboost-catboost-shap-s42,lendingclub_v2,catboost,catboost_shap,purpose_verification_status_medical__Verified,0.0,low,authenticated_saved_feature_psi,False
fbv1-028-lendingclub_v2-catboost-catboost-shap-s42,lendingclub_v2,catboost,catboost_shap,purpose_verification_status_moving__Not Verified,0.0,low,authenticated_saved_feature_psi,False
fbv1-028-lendingclub_v2-catboost-catboost-shap-s42,lendingclub_v2,catboost,catboost_shap,purpose_verification_status_moving__Source Verified,0.0,low,authenticated_saved_feature_psi,False
fbv1-028-lendingclub_v2-catboost-catboost-shap-s42,lendingclub_v2,catboost,catboost_shap,purpose_verification_status_moving__Verified,0.0,low,authenticated_saved_feature_psi,False
fbv1-028-lendingclub_v2-catboost-catboost-shap-s42,lendingclub_v2,catboost,catboost_shap,purpose_verification_status_other__Not Verified,0.0,low,authenticated_saved_feature_psi,False
fbv1-028-lendingclub_v2-catboost-catboost-shap-s42,lendingclub_v2,catboost,catboost_shap,purpose_verification_status_other__Source Verified,0.0,low,authenticated_saved_feature_psi,False
fbv1-028-lendingclub_v2-catboost-catboost-shap-s42,lendingclub_v2,catboost,catboost_shap,purpose_verification_status_other__Verified,0.0,low,authenticated_saved_feature_psi,False
fbv1-028-lendingclub_v2-catboost-catboost-shap-s42,lendingclub_v2,catboost,catboost_shap,purpose_verification_status_renewable_energy__Not Verified,0.0,low,authenticated_saved_feature_psi,False
fbv1-028-lendingclub_v2-catboost-catboost-shap-s42,lendingclub_v2,catboost,catboost_shap,purpose_verification_status_renewable_energy__Source Verified,0.0,low,authenticated_saved_feature_psi,False
fbv1-028-lendingclub_v2-catboost-catboost-shap-s42,lendingclub_v2,catboost,catboost_shap,purpose_verification_status_renewable_energy__Verified,0.0,low,authenticated_saved_feature_psi,False
fbv1-028-lendingclub_v2-catboost-catboost-shap-s42,lendingclub_v2,catboost,catboost_shap,purpose_verification_status_small_business__Not Verified,0.0,low,authenticated_saved_feature_psi,False
fbv1-028-lendingclub_v2-catboost-catboost-shap-s42,lendingclub_v2,catboost,catboost_shap,purpose_verification_status_small_business__Source Verified,0.0,low,authenticated_saved_feature_psi,False
fbv1-028-lendingclub_v2-catboost-catboost-shap-s42,lendingclub_v2,catboost,catboost_shap,purpose_verification_status_small_business__Verified,0.0,low,authenticated_saved_feature_psi,False
fbv1-028-lendingclub_v2-catboost-catboost-shap-s42,lendingclub_v2,catboost,catboost_shap,purpose_verification_status_vacation__Not Verified,0.0,low,authenticated_saved_feature_psi,False
fbv1-028-lendingclub_v2-catboost-catboost-shap-s42,lendingclub_v2,catboost,catboost_shap,purpose_verification_status_vacation__Source Verified,0.0,low,authenticated_saved_feature_psi,False
fbv1-028-lendingclub_v2-catboost-catboost-shap-s42,lendingclub_v2,catboost,catboost_shap,purpose_verification_status_vacation__Verified,0.0,low,authenticated_saved_feature_psi,False
fbv1-028-lendingclub_v2-catboost-catboost-shap-s42,lendingclub_v2,catboost,catboost_shap,purpose_verification_status_infrequent_sklearn,0.0,low,authenticated_saved_feature_psi,False
fbv1-028-lendingclub_v2-catboost-catboost-shap-s42,lendingclub_v2,catboost,catboost_shap,addr_state_AK,0.0,low,authenticated_saved_feature_psi,False
fbv1-028-lendingclub_v2-catboost-catboost-shap-s42,lendingclub_v2,catboost,catboost_shap,addr_state_AL,0.0,low,authenticated_saved_feature_psi,False
fbv1-028-lendingclub_v2-catboost-catboost-shap-s42,lendingclub_v2,catboost,catboost_shap,addr_state_AR,0.0,low,authenticated_saved_feature_psi,False
fbv1-028-lendingclub_v2-catboost-catboost-shap-s42,lendingclub_v2,catboost,catboost_shap,addr_state_AZ,0.0,low,authenticated_saved_feature_psi,False
fbv1-028-lendingclub_v2-catboost-catboost-shap-s42,lendingclub_v2,catboost,catboost_shap,addr_state_CA,0.0,low,authenticated_saved_feature_psi,False
fbv1-028-lendingclub_v2-catboost-catboost-shap-s42,lendingclub_v2,catboost,catboost_shap,addr_state_CO,0.0,low,authenticated_saved_feature_psi,False
fbv1-028-lendingclub_v2-catboost-catboost-shap-s42,lendingclub_v2,catboost,catboost_shap,addr_state_CT,0.0,low,authenticated_saved_feature_psi,False
fbv1-028-lendingclub_v2-catboost-catboost-shap-s42,lendingclub_v2,catboost,catboost_shap,addr_state_DC,0.0,low,authenticated_saved_feature_psi,False
fbv1-028-lendingclub_v2-catboost-catboost-shap-s42,lendingclub_v2,catboost,catboost_shap,addr_state_DE,0.0,low,authenticated_saved_feature_psi,False
fbv1-028-lendingclub_v2-catboost-catboost-shap-s42,lendingclub_v2,catboost,catboost_shap,addr_state_FL,0.0,low,authenticated_saved_feature_psi,False
fbv1-028-lendingclub_v2-catboost-catboost-shap-s42,lendingclub_v2,catboost,catboost_shap,addr_state_GA,0.0,low,authenticated_saved_feature_psi,False
fbv1-028-lendingclub_v2-catboost-catboost-shap-s42,lendingclub_v2,catboost,catboost_shap,addr_state_HI,0.0,low,authenticated_saved_feature_psi,False
fbv1-028-lendingclub_v2-catboost-catboost-shap-s42,lendingclub_v2,catboost,catboost_shap,addr_state_IL,0.0,low,authenticated_saved_feature_psi,False
fbv1-028-lendingclub_v2-catboost-catboost-shap-s42,lendingclub_v2,catboost,catboost_shap,addr_state_IN,0.0,low,authenticated_saved_feature_psi,False
fbv1-028-lendingclub_v2-catboost-catboost-shap-s42,lendingclub_v2,catboost,catboost_shap,addr_state_KS,0.0,low,authenticated_saved_feature_psi,False
fbv1-028-lendingclub_v2-catboost-catboost-shap-s42,lendingclub_v2,catboost,catboost_shap,addr_state_KY,0.0,low,authenticated_saved_feature_psi,False
fbv1-028-lendingclub_v2-catboost-catboost-shap-s42,lendingclub_v2,catboost,catboost_shap,addr_state_LA,0.0,low,authenticated_saved_feature_psi,False
fbv1-028-lendingclub_v2-catboost-catboost-shap-s42,lendingclub_v2,catboost,catboost_shap,addr_state_MA,0.0,low,authenticated_saved_feature_psi,False
fbv1-028-lendingclub_v2-catboost-catboost-shap-s42,lendingclub_v2,catboost,catboost_shap,addr_state_MD,0.0,low,authenticated_saved_feature_psi,False
fbv1-028-lendingclub_v2-catboost-catboost-shap-s42,lendingclub_v2,catboost,catboost_shap,addr_state_ME,0.0,low,authenticated_saved_feature_psi,False
fbv1-028-lendingclub_v2-catboost-catboost-shap-s42,lendingclub_v2,catboost,catboost_shap,addr_state_MI,0.0,low,authenticated_saved_feature_psi,False
fbv1-028-lendingclub_v2-catboost-catboost-shap-s42,lendingclub_v2,catboost,catboost_shap,addr_state_MN,0.0,low,authenticated_saved_feature_psi,False
fbv1-028-lendingclub_v2-catboost-catboost-shap-s42,lendingclub_v2,catboost,catboost_shap,addr_state_MO,0.0,low,authenticated_saved_feature_psi,False
fbv1-028-lendingclub_v2-catboost-catboost-shap-s42,lendingclub_v2,catboost,catboost_shap,addr_state_MS,0.0,low,authenticated_saved_feature_psi,False
fbv1-028-lendingclub_v2-catboost-catboost-shap-s42,lendingclub_v2,catboost,catboost_shap,addr_state_MT,0.0,low,authenticated_saved_feature_psi,False
fbv1-028-lendingclub_v2-catboost-catboost-shap-s42,lendingclub_v2,catboost,catboost_shap,addr_state_NC,0.0,low,authenticated_saved_feature_psi,False
fbv1-028-lendingclub_v2-catboost-catboost-shap-s42,lendingclub_v2,catboost,catboost_shap,addr_state_ND,0.0,low,authenticated_saved_feature_psi,False
fbv1-028-lendingclub_v2-catboost-catboost-shap-s42,lendingclub_v2,catboost,catboost_shap,addr_state_NE,0.0,low,authenticated_saved_feature_psi,False
fbv1-028-lendingclub_v2-catboost-catboost-shap-s42,lendingclub_v2,catboost,catboost_shap,addr_state_NH,0.0,low,authenticated_saved_feature_psi,False
fbv1-028-lendingclub_v2-catboost-catboost-shap-s42,lendingclub_v2,catboost,catboost_shap,addr_state_NJ,0.0,low,authenticated_saved_feature_psi,False
fbv1-028-lendingclub_v2-catboost-catboost-shap-s42,lendingclub_v2,catboost,catboost_shap,addr_state_NM,0.0,low,authenticated_saved_feature_psi,False
fbv1-028-lendingclub_v2-catboost-catboost-shap-s42,lendingclub_v2,catboost,catboost_shap,addr_state_NV,0.0,low,authenticated_saved_feature_psi,False
fbv1-028-lendingclub_v2-catboost-catboost-shap-s42,lendingclub_v2,catboost,catboost_shap,addr_state_NY,0.0,low,authenticated_saved_feature_psi,False
fbv1-028-lendingclub_v2-catboost-catboost-shap-s42,lendingclub_v2,catboost,catboost_shap,addr_state_OH,0.0,low,authenticated_saved_feature_psi,False
fbv1-028-lendingclub_v2-catboost-catboost-shap-s42,lendingclub_v2,catboost,catboost_shap,addr_state_OK,0.0,low,authenticated_saved_feature_psi,False
fbv1-028-lendingclub_v2-catboost-catboost-shap-s42,lendingclub_v2,catboost,catboost_shap,addr_state_OR,0.0,low,authenticated_saved_feature_psi,False
fbv1-028-lendingclub_v2-catboost-catboost-shap-s42,lendingclub_v2,catboost,catboost_shap,addr_state_PA,0.0,low,authenticated_saved_feature_psi,False
fbv1-028-lendingclub_v2-catboost-catboost-shap-s42,lendingclub_v2,catboost,catboost_shap,addr_state_RI,0.0,low,authenticated_saved_feature_psi,False
fbv1-028-lendingclub_v2-catboost-catboost-shap-s42,lendingclub_v2,catboost,catboost_shap,addr_state_SC,0.0,low,authenticated_saved_feature_psi,False
fbv1-028-lendingclub_v2-catboost-catboost-shap-s42,lendingclub_v2,catboost,catboost_shap,addr_state_SD,0.0,low,authenticated_saved_feature_psi,False
fbv1-028-lendingclub_v2-catboost-catboost-shap-s42,lendingclub_v2,catboost,catboost_shap,addr_state_TN,0.0,low,authenticated_saved_feature_psi,False
fbv1-028-lendingclub_v2-catboost-catboost-shap-s42,lendingclub_v2,catboost,catboost_shap,addr_state_TX,0.0,low,authenticated_saved_feature_psi,False
fbv1-028-lendingclub_v2-catboost-catboost-shap-s42,lendingclub_v2,catboost,catboost_shap,addr_state_UT,0.0,low,authenticated_saved_feature_psi,False
fbv1-028-lendingclub_v2-catboost-catboost-shap-s42,lendingclub_v2,catboost,catboost_shap,addr_state_VA,0.0,low,authenticated_saved_feature_psi,False
fbv1-028-lendingclub_v2-catboost-catboost-shap-s42,lendingclub_v2,catboost,catboost_shap,addr_state_VT,0.0,low,authenticated_saved_feature_psi,False
fbv1-028-lendingclub_v2-catboost-catboost-shap-s42,lendingclub_v2,catboost,catboost_shap,addr_state_WA,0.0,low,authenticated_saved_feature_psi,False
fbv1-028-lendingclub_v2-catboost-catboost-shap-s42,lendingclub_v2,catboost,catboost_shap,addr_state_WI,0.0,low,authenticated_saved_feature_psi,False
fbv1-028-lendingclub_v2-catboost-catboost-shap-s42,lendingclub_v2,catboost,catboost_shap,addr_state_WV,0.0,low,authenticated_saved_feature_psi,False
fbv1-028-lendingclub_v2-catboost-catboost-shap-s42,lendingclub_v2,catboost,catboost_shap,addr_state_WY,0.0,low,authenticated_saved_feature_psi,False
fbv1-028-lendingclub_v2-catboost-catboost-shap-s42,lendingclub_v2,catboost,catboost_shap,addr_state_infrequent_sklearn,0.0,low,authenticated_saved_feature_psi,False
fbv1-028-lendingclub_v2-catboost-catboost-shap-s42,lendingclub_v2,catboost,catboost_shap,state_region_group_midwest,0.0,low,authenticated_saved_feature_psi,False
fbv1-028-lendingclub_v2-catboost-catboost-shap-s42,lendingclub_v2,catboost,catboost_shap,state_region_group_northeast,0.0,low,authenticated_saved_feature_psi,False
fbv1-028-lendingclub_v2-catboost-catboost-shap-s42,lendingclub_v2,catboost,catboost_shap,state_region_group_south,0.0,low,authenticated_saved_feature_psi,False
fbv1-028-lendingclub_v2-catboost-catboost-shap-s42,lendingclub_v2,catboost,catboost_shap,state_region_group_west,0.0,low,authenticated_saved_feature_psi,False
fbv1-028-lendingclub_v2-catboost-catboost-shap-s42,lendingclub_v2,catboost,catboost_shap,home_ownership_MORTGAGE,0.0,low,authenticated_saved_feature_psi,False
fbv1-028-lendingclub_v2-catboost-catboost-shap-s42,lendingclub_v2,catboost,catboost_shap,home_ownership_OWN,0.0,low,authenticated_saved_feature_psi,False
fbv1-028-lendingclub_v2-catboost-catboost-shap-s42,lendingclub_v2,catboost,catboost_shap,home_ownership_RENT,0.0,low,authenticated_saved_feature_psi,False
fbv1-028-lendingclub_v2-catboost-catboost-shap-s42,lendingclub_v2,catboost,catboost_shap,home_ownership_infrequent_sklearn,0.0,low,authenticated_saved_feature_psi,False
fbv1-028-lendingclub_v2-catboost-catboost-shap-s42,lendingclub_v2,catboost,catboost_shap,purpose_car,0.0,low,authenticated_saved_feature_psi,False
fbv1-028-lendingclub_v2-catboost-catboost-shap-s42,lendingclub_v2,catboost,catboost_shap,purpose_credit_card,0.0,low,authenticated_saved_feature_psi,False
fbv1-028-lendingclub_v2-catboost-catboost-shap-s42,lendingclub_v2,catboost,catboost_shap,purpose_debt_consolidation,0.0,low,authenticated_saved_feature_psi,False
fbv1-028-lendingclub_v2-catboost-catboost-shap-s42,lendingclub_v2,catboost,catboost_shap,purpose_home_improvement,0.0,low,authenticated_saved_feature_psi,False
fbv1-028-lendingclub_v2-catboost-catboost-shap-s42,lendingclub_v2,catboost,catboost_shap,purpose_house,0.0,low,authenticated_saved_feature_psi,False
fbv1-028-lendingclub_v2-catboost-catboost-shap-s42,lendingclub_v2,catboost,catboost_shap,purpose_major_purchase,0.0,low,authenticated_saved_feature_psi,False
fbv1-028-lendingclub_v2-catboost-catboost-shap-s42,lendingclub_v2,catboost,catboost_shap,purpose_medical,0.0,low,authenticated_saved_feature_psi,False
fbv1-028-lendingclub_v2-catboost-catboost-shap-s42,lendingclub_v2,catboost,catboost_shap,purpose_moving,0.0,low,authenticated_saved_feature_psi,False
fbv1-028-lendingclub_v2-catboost-catboost-shap-s42,lendingclub_v2,catboost,catboost_shap,purpose_other,0.0,low,authenticated_saved_feature_psi,False
fbv1-028-lendingclub_v2-catboost-catboost-shap-s42,lendingclub_v2,catboost,catboost_shap,purpose_renewable_energy,0.0,low,authenticated_saved_feature_psi,False
fbv1-028-lendingclub_v2-catboost-catboost-shap-s42,lendingclub_v2,catboost,catboost_shap,purpose_small_business,0.0,low,authenticated_saved_feature_psi,False
fbv1-028-lendingclub_v2-catboost-catboost-shap-s42,lendingclub_v2,catboost,catboost_shap,purpose_vacation,0.0,low,authenticated_saved_feature_psi,False
fbv1-028-lendingclub_v2-catboost-catboost-shap-s42,lendingclub_v2,catboost,catboost_shap,purpose_infrequent_sklearn,0.0,low,authenticated_saved_feature_psi,False
fbv1-028-lendingclub_v2-catboost-catboost-shap-s42,lendingclub_v2,catboost,catboost_shap,home_ownership_group_mortgage,0.0,low,authenticated_saved_feature_psi,False
fbv1-028-lendingclub_v2-catboost-catboost-shap-s42,lendingclub_v2,catboost,catboost_shap,home_ownership_group_own,0.0,low,authenticated_saved_feature_psi,False
fbv1-028-lendingclub_v2-catboost-catboost-shap-s42,lendingclub_v2,catboost,catboost_shap,home_ownership_group_rent,0.0,low,authenticated_saved_feature_psi,False
fbv1-028-lendingclub_v2-catboost-catboost-shap-s42,lendingclub_v2,catboost,catboost_shap,home_ownership_group_infrequent_sklearn,0.0,low,authenticated_saved_feature_psi,False
fbv1-028-lendingclub_v2-catboost-catboost-shap-s42,lendingclub_v2,catboost,catboost_shap,emp_length_1 year,0.0,low,authenticated_saved_feature_psi,False
fbv1-028-lendingclub_v2-catboost-catboost-shap-s42,lendingclub_v2,catboost,catboost_shap,emp_length_10+ years,0.0,low,authenticated_saved_feature_psi,False
fbv1-028-lendingclub_v2-catboost-catboost-shap-s42,lendingclub_v2,catboost,catboost_shap,emp_length_2 years,0.0,low,authenticated_saved_feature_psi,False
fbv1-028-lendingclub_v2-catboost-catboost-shap-s42,lendingclub_v2,catboost,catboost_shap,emp_length_3 years,0.0,low,authenticated_saved_feature_psi,False
fbv1-028-lendingclub_v2-catboost-catboost-shap-s42,lendingclub_v2,catboost,catboost_shap,emp_length_4 years,0.0,low,authenticated_saved_feature_psi,False
fbv1-028-lendingclub_v2-catboost-catboost-shap-s42,lendingclub_v2,catboost,catboost_shap,emp_length_5 years,0.0,low,authenticated_saved_feature_psi,False
fbv1-028-lendingclub_v2-catboost-catboost-shap-s42,lendingclub_v2,catboost,catboost_shap,emp_length_6 years,0.0,low,authenticated_saved_feature_psi,False
fbv1-028-lendingclub_v2-catboost-catboost-shap-s42,lendingclub_v2,catboost,catboost_shap,emp_length_7 years,0.0,low,authenticated_saved_feature_psi,False
fbv1-028-lendingclub_v2-catboost-catboost-shap-s42,lendingclub_v2,catboost,catboost_shap,emp_length_8 years,0.0,low,authenticated_saved_feature_psi,False
fbv1-028-lendingclub_v2-catboost-catboost-shap-s42,lendingclub_v2,catboost,catboost_shap,emp_length_9 years,0.0,low,authenticated_saved_feature_psi,False
fbv1-028-lendingclub_v2-catboost-catboost-shap-s42,lendingclub_v2,catboost,catboost_shap,emp_length_< 1 year,0.0,low,authenticated_saved_feature_psi,False
fbv1-028-lendingclub_v2-catboost-catboost-shap-s42,lendingclub_v2,catboost,catboost_shap,emp_length_Missing,0.0,low,authenticated_saved_feature_psi,False
fbv1-029-homecredit-lr-boruta-random-forest-s42,homecredit,lr,boruta_random_forest,DAYS_LAST_PHONE_CHANGE,0.082223212490693,low,authenticated_saved_feature_psi,False
fbv1-029-homecredit-lr-boruta-random-forest-s42,homecredit,lr,boruta_random_forest,EXT_SOURCE_3,0.020728354694539,low,authenticated_saved_feature_psi,False
fbv1-029-homecredit-lr-boruta-random-forest-s42,homecredit,lr,boruta_random_forest,BURO_DAYS_CREDIT_MAX,0.0118606546540912,low,authenticated_saved_feature_psi,False
fbv1-029-homecredit-lr-boruta-random-forest-s42,homecredit,lr,boruta_random_forest,DAYS_BIRTH,0.0058051531867432,low,authenticated_saved_feature_psi,False
fbv1-029-homecredit-lr-boruta-random-forest-s42,homecredit,lr,boruta_random_forest,AMT_GOODS_PRICE,0.0047675755087858,low,authenticated_saved_feature_psi,False
fbv1-029-homecredit-lr-boruta-random-forest-s42,homecredit,lr,boruta_random_forest,BURO_DAYS_CREDIT_SUM,0.0044827144652902,low,authenticated_saved_feature_psi,False
fbv1-029-homecredit-lr-boruta-random-forest-s42,homecredit,lr,boruta_random_forest,DAYS_EMPLOYED,0.0039292888885869,low,authenticated_saved_feature_psi,False
fbv1-029-homecredit-lr-boruta-random-forest-s42,homecredit,lr,boruta_random_forest,BURO_DAYS_CREDIT_MEAN,0.003142309958593,low,authenticated_saved_feature_psi,False
fbv1-029-homecredit-lr-boruta-random-forest-s42,homecredit,lr,boruta_random_forest,BURO_DAYS_CREDIT_MIN,0.0030791818890453,low,authenticated_saved_feature_psi,False
fbv1-029-homecredit-lr-boruta-random-forest-s42,homecredit,lr,boruta_random_forest,EXT_SOURCE_2,0.0017907560370425,low,authenticated_saved_feature_psi,False
fbv1-029-homecredit-lr-boruta-random-forest-s42,homecredit,lr,boruta_random_forest,DAYS_ID_PUBLISH,0.0009913686441323,low,authenticated_saved_feature_psi,False
fbv1-029-homecredit-lr-boruta-random-forest-s42,homecredit,lr,boruta_random_forest,EXT_SOURCE_1,0.0005418708919522,low,authenticated_saved_feature_psi,False
fbv1-029-homecredit-lr-boruta-random-forest-s42,homecredit,lr,boruta_random_forest,REGION_RATING_CLIENT_W_CITY,2.095588355133655e-05,low,authenticated_saved_feature_psi,False
fbv1-029-homecredit-lr-boruta-random-forest-s42,homecredit,lr,boruta_random_forest,REGION_RATING_CLIENT,9.43218782502696e-06,low,authenticated_saved_feature_psi,False
fbv1-029-homecredit-lr-boruta-random-forest-s42,homecredit,lr,boruta_random_forest,FLAG_DOCUMENT_3,0.0,low,authenticated_saved_feature_psi,False
fbv1-029-homecredit-lr-boruta-random-forest-s42,homecredit,lr,boruta_random_forest,CODE_GENDER_F,0.0,low,authenticated_saved_feature_psi,False
fbv1-029-homecredit-lr-boruta-random-forest-s42,homecredit,lr,boruta_random_forest,CODE_GENDER_M,0.0,low,authenticated_saved_feature_psi,False
fbv1-029-homecredit-lr-boruta-random-forest-s42,homecredit,lr,boruta_random_forest,CODE_GENDER_infrequent_sklearn,0.0,low,authenticated_saved_feature_psi,False
fbv1-029-homecredit-lr-boruta-random-forest-s42,homecredit,lr,boruta_random_forest,NAME_INCOME_TYPE_Commercial associate,0.0,low,authenticated_saved_feature_psi,False
fbv1-029-homecredit-lr-boruta-random-forest-s42,homecredit,lr,boruta_random_forest,NAME_INCOME_TYPE_Pensioner,0.0,low,authenticated_saved_feature_psi,False
fbv1-029-homecredit-lr-boruta-random-forest-s42,homecredit,lr,boruta_random_forest,NAME_INCOME_TYPE_State servant,0.0,low,authenticated_saved_feature_psi,False
fbv1-029-homecredit-lr-boruta-random-forest-s42,homecredit,lr,boruta_random_forest,NAME_INCOME_TYPE_Working,0.0,low,authenticated_saved_feature_psi,False
fbv1-029-homecredit-lr-boruta-random-forest-s42,homecredit,lr,boruta_random_forest,NAME_INCOME_TYPE_infrequent_sklearn,0.0,low,authenticated_saved_feature_psi,False
fbv1-029-homecredit-lr-boruta-random-forest-s42,homecredit,lr,boruta_random_forest,NAME_EDUCATION_TYPE_Academic degree,0.0,low,authenticated_saved_feature_psi,False
fbv1-029-homecredit-lr-boruta-random-forest-s42,homecredit,lr,boruta_random_forest,NAME_EDUCATION_TYPE_Higher education,0.0,low,authenticated_saved_feature_psi,False
fbv1-029-homecredit-lr-boruta-random-forest-s42,homecredit,lr,boruta_random_forest,NAME_EDUCATION_TYPE_Incomplete higher,0.0,low,authenticated_saved_feature_psi,False
fbv1-029-homecredit-lr-boruta-random-forest-s42,homecredit,lr,boruta_random_forest,NAME_EDUCATION_TYPE_Lower secondary,0.0,low,authenticated_saved_feature_psi,False
fbv1-029-homecredit-lr-boruta-random-forest-s42,homecredit,lr,boruta_random_forest,NAME_EDUCATION_TYPE_Secondary / secondary special,0.0,low,authenticated_saved_feature_psi,False
fbv1-029-homecredit-lr-boruta-random-forest-s42,homecredit,lr,boruta_random_forest,OCCUPATION_TYPE_Accountants,0.0,low,authenticated_saved_feature_psi,False
fbv1-029-homecredit-lr-boruta-random-forest-s42,homecredit,lr,boruta_random_forest,OCCUPATION_TYPE_Cleaning staff,0.0,low,authenticated_saved_feature_psi,False
fbv1-029-homecredit-lr-boruta-random-forest-s42,homecredit,lr,boruta_random_forest,OCCUPATION_TYPE_Cooking staff,0.0,low,authenticated_saved_feature_psi,False
fbv1-029-homecredit-lr-boruta-random-forest-s42,homecredit,lr,boruta_random_forest,OCCUPATION_TYPE_Core staff,0.0,low,authenticated_saved_feature_psi,False
fbv1-029-homecredit-lr-boruta-random-forest-s42,homecredit,lr,boruta_random_forest,OCCUPATION_TYPE_Drivers,0.0,low,authenticated_saved_feature_psi,False
fbv1-029-homecredit-lr-boruta-random-forest-s42,homecredit,lr,boruta_random_forest,OCCUPATION_TYPE_HR staff,0.0,low,authenticated_saved_feature_psi,False
fbv1-029-homecredit-lr-boruta-random-forest-s42,homecredit,lr,boruta_random_forest,OCCUPATION_TYPE_High skill tech staff,0.0,low,authenticated_saved_feature_psi,False
fbv1-029-homecredit-lr-boruta-random-forest-s42,homecredit,lr,boruta_random_forest,OCCUPATION_TYPE_IT staff,0.0,low,authenticated_saved_feature_psi,False
fbv1-029-homecredit-lr-boruta-random-forest-s42,homecredit,lr,boruta_random_forest,OCCUPATION_TYPE_Laborers,0.0,low,authenticated_saved_feature_psi,False
fbv1-029-homecredit-lr-boruta-random-forest-s42,homecredit,lr,boruta_random_forest,OCCUPATION_TYPE_Low-skill Laborers,0.0,low,authenticated_saved_feature_psi,False
fbv1-029-homecredit-lr-boruta-random-forest-s42,homecredit,lr,boruta_random_forest,OCCUPATION_TYPE_Managers,0.0,low,authenticated_saved_feature_psi,False
fbv1-029-homecredit-lr-boruta-random-forest-s42,homecredit,lr,boruta_random_forest,OCCUPATION_TYPE_Medicine staff,0.0,low,authenticated_saved_feature_psi,False
fbv1-029-homecredit-lr-boruta-random-forest-s42,homecredit,lr,boruta_random_forest,OCCUPATION_TYPE_Missing,0.0,low,authenticated_saved_feature_psi,False
fbv1-029-homecredit-lr-boruta-random-forest-s42,homecredit,lr,boruta_random_forest,OCCUPATION_TYPE_Private service staff,0.0,low,authenticated_saved_feature_psi,False
fbv1-029-homecredit-lr-boruta-random-forest-s42,homecredit,lr,boruta_random_forest,OCCUPATION_TYPE_Realty agents,0.0,low,authenticated_saved_feature_psi,False
fbv1-029-homecredit-lr-boruta-random-forest-s42,homecredit,lr,boruta_random_forest,OCCUPATION_TYPE_Sales staff,0.0,low,authenticated_saved_feature_psi,False
fbv1-029-homecredit-lr-boruta-random-forest-s42,homecredit,lr,boruta_random_forest,OCCUPATION_TYPE_Secretaries,0.0,low,authenticated_saved_feature_psi,False
fbv1-029-homecredit-lr-boruta-random-forest-s42,homecredit,lr,boruta_random_forest,OCCUPATION_TYPE_Security staff,0.0,low,authenticated_saved_feature_psi,False
fbv1-029-homecredit-lr-boruta-random-forest-s42,homecredit,lr,boruta_random_forest,OCCUPATION_TYPE_Waiters/barmen staff,0.0,low,authenticated_saved_feature_psi,False
fbv1-029-homecredit-lr-boruta-random-forest-s42,homecredit,lr,boruta_random_forest,ORGANIZATION_TYPE_Advertising,0.0,low,authenticated_saved_feature_psi,False
fbv1-029-homecredit-lr-boruta-random-forest-s42,homecredit,lr,boruta_random_forest,ORGANIZATION_TYPE_Agriculture,0.0,low,authenticated_saved_feature_psi,False
fbv1-029-homecredit-lr-boruta-random-forest-s42,homecredit,lr,boruta_random_forest,ORGANIZATION_TYPE_Bank,0.0,low,authenticated_saved_feature_psi,False
fbv1-029-homecredit-lr-boruta-random-forest-s42,homecredit,lr,boruta_random_forest,ORGANIZATION_TYPE_Business Entity Type 1,0.0,low,authenticated_saved_feature_psi,False
fbv1-029-homecredit-lr-boruta-random-forest-s42,homecredit,lr,boruta_random_forest,ORGANIZATION_TYPE_Business Entity Type 2,0.0,low,authenticated_saved_feature_psi,False
fbv1-029-homecredit-lr-boruta-random-forest-s42,homecredit,lr,boruta_random_forest,ORGANIZATION_TYPE_Business Entity Type 3,0.0,low,authenticated_saved_feature_psi,False
fbv1-029-homecredit-lr-boruta-random-forest-s42,homecredit,lr,boruta_random_forest,ORGANIZATION_TYPE_Cleaning,0.0,low,authenticated_saved_feature_psi,False
fbv1-029-homecredit-lr-boruta-random-forest-s42,homecredit,lr,boruta_random_forest,ORGANIZATION_TYPE_Construction,0.0,low,authenticated_saved_feature_psi,False
fbv1-029-homecredit-lr-boruta-random-forest-s42,homecredit,lr,boruta_random_forest,ORGANIZATION_TYPE_Culture,0.0,low,authenticated_saved_feature_psi,False
fbv1-029-homecredit-lr-boruta-random-forest-s42,homecredit,lr,boruta_random_forest,ORGANIZATION_TYPE_Electricity,0.0,low,authenticated_saved_feature_psi,False
fbv1-029-homecredit-lr-boruta-random-forest-s42,homecredit,lr,boruta_random_forest,ORGANIZATION_TYPE_Emergency,0.0,low,authenticated_saved_feature_psi,False
fbv1-029-homecredit-lr-boruta-random-forest-s42,homecredit,lr,boruta_random_forest,ORGANIZATION_TYPE_Government,0.0,low,authenticated_saved_feature_psi,False
fbv1-029-homecredit-lr-boruta-random-forest-s42,homecredit,lr,boruta_random_forest,ORGANIZATION_TYPE_Hotel,0.0,low,authenticated_saved_feature_psi,False
fbv1-029-homecredit-lr-boruta-random-forest-s42,homecredit,lr,boruta_random_forest,ORGANIZATION_TYPE_Housing,0.0,low,authenticated_saved_feature_psi,False
fbv1-029-homecredit-lr-boruta-random-forest-s42,homecredit,lr,boruta_random_forest,ORGANIZATION_TYPE_Industry: type 1,0.0,low,authenticated_saved_feature_psi,False
fbv1-029-homecredit-lr-boruta-random-forest-s42,homecredit,lr,boruta_random_forest,ORGANIZATION_TYPE_Industry: type 10,0.0,low,authenticated_saved_feature_psi,False
fbv1-029-homecredit-lr-boruta-random-forest-s42,homecredit,lr,boruta_random_forest,ORGANIZATION_TYPE_Industry: type 11,0.0,low,authenticated_saved_feature_psi,False
fbv1-029-homecredit-lr-boruta-random-forest-s42,homecredit,lr,boruta_random_forest,ORGANIZATION_TYPE_Industry: type 12,0.0,low,authenticated_saved_feature_psi,False
fbv1-029-homecredit-lr-boruta-random-forest-s42,homecredit,lr,boruta_random_forest,ORGANIZATION_TYPE_Industry: type 13,0.0,low,authenticated_saved_feature_psi,False
fbv1-029-homecredit-lr-boruta-random-forest-s42,homecredit,lr,boruta_random_forest,ORGANIZATION_TYPE_Industry: type 2,0.0,low,authenticated_saved_feature_psi,False
fbv1-029-homecredit-lr-boruta-random-forest-s42,homecredit,lr,boruta_random_forest,ORGANIZATION_TYPE_Industry: type 3,0.0,low,authenticated_saved_feature_psi,False
fbv1-029-homecredit-lr-boruta-random-forest-s42,homecredit,lr,boruta_random_forest,ORGANIZATION_TYPE_Industry: type 4,0.0,low,authenticated_saved_feature_psi,False
fbv1-029-homecredit-lr-boruta-random-forest-s42,homecredit,lr,boruta_random_forest,ORGANIZATION_TYPE_Industry: type 5,0.0,low,authenticated_saved_feature_psi,False
fbv1-029-homecredit-lr-boruta-random-forest-s42,homecredit,lr,boruta_random_forest,ORGANIZATION_TYPE_Industry: type 6,0.0,low,authenticated_saved_feature_psi,False
fbv1-029-homecredit-lr-boruta-random-forest-s42,homecredit,lr,boruta_random_forest,ORGANIZATION_TYPE_Industry: type 7,0.0,low,authenticated_saved_feature_psi,False
fbv1-029-homecredit-lr-boruta-random-forest-s42,homecredit,lr,boruta_random_forest,ORGANIZATION_TYPE_Industry: type 8,0.0,low,authenticated_saved_feature_psi,False
fbv1-029-homecredit-lr-boruta-random-forest-s42,homecredit,lr,boruta_random_forest,ORGANIZATION_TYPE_Industry: type 9,0.0,low,authenticated_saved_feature_psi,False
fbv1-029-homecredit-lr-boruta-random-forest-s42,homecredit,lr,boruta_random_forest,ORGANIZATION_TYPE_Insurance,0.0,low,authenticated_saved_feature_psi,False
fbv1-029-homecredit-lr-boruta-random-forest-s42,homecredit,lr,boruta_random_forest,ORGANIZATION_TYPE_Kindergarten,0.0,low,authenticated_saved_feature_psi,False
fbv1-029-homecredit-lr-boruta-random-forest-s42,homecredit,lr,boruta_random_forest,ORGANIZATION_TYPE_Legal Services,0.0,low,authenticated_saved_feature_psi,False
fbv1-029-homecredit-lr-boruta-random-forest-s42,homecredit,lr,boruta_random_forest,ORGANIZATION_TYPE_Medicine,0.0,low,authenticated_saved_feature_psi,False
fbv1-029-homecredit-lr-boruta-random-forest-s42,homecredit,lr,boruta_random_forest,ORGANIZATION_TYPE_Military,0.0,low,authenticated_saved_feature_psi,False
fbv1-029-homecredit-lr-boruta-random-forest-s42,homecredit,lr,boruta_random_forest,ORGANIZATION_TYPE_Mobile,0.0,low,authenticated_saved_feature_psi,False
fbv1-029-homecredit-lr-boruta-random-forest-s42,homecredit,lr,boruta_random_forest,ORGANIZATION_TYPE_Other,0.0,low,authenticated_saved_feature_psi,False
fbv1-029-homecredit-lr-boruta-random-forest-s42,homecredit,lr,boruta_random_forest,ORGANIZATION_TYPE_Police,0.0,low,authenticated_saved_feature_psi,False
fbv1-029-homecredit-lr-boruta-random-forest-s42,homecredit,lr,boruta_random_forest,ORGANIZATION_TYPE_Postal,0.0,low,authenticated_saved_feature_psi,False
fbv1-029-homecredit-lr-boruta-random-forest-s42,homecredit,lr,boruta_random_forest,ORGANIZATION_TYPE_Realtor,0.0,low,authenticated_saved_feature_psi,False
fbv1-029-homecredit-lr-boruta-random-forest-s42,homecredit,lr,boruta_random_forest,ORGANIZATION_TYPE_Religion,0.0,low,authenticated_saved_feature_psi,False
fbv1-029-homecredit-lr-boruta-random-forest-s42,homecredit,lr,boruta_random_forest,ORGANIZATION_TYPE_Restaurant,0.0,low,authenticated_saved_feature_psi,False
fbv1-029-homecredit-lr-boruta-random-forest-s42,homecredit,lr,boruta_random_forest,ORGANIZATION_TYPE_School,0.0,low,authenticated_saved_feature_psi,False
fbv1-029-homecredit-lr-boruta-random-forest-s42,homecredit,lr,boruta_random_forest,ORGANIZATION_TYPE_Security,0.0,low,authenticated_saved_feature_psi,False
fbv1-029-homecredit-lr-boruta-random-forest-s42,homecredit,lr,boruta_random_forest,ORGANIZATION_TYPE_Security Ministries,0.0,low,authenticated_saved_feature_psi,False
fbv1-029-homecredit-lr-boruta-random-forest-s42,homecredit,lr,boruta_random_forest,ORGANIZATION_TYPE_Self-employed,0.0,low,authenticated_saved_feature_psi,False
fbv1-029-homecredit-lr-boruta-random-forest-s42,homecredit,lr,boruta_random_forest,ORGANIZATION_TYPE_Services,0.0,low,authenticated_saved_feature_psi,False
fbv1-029-homecredit-lr-boruta-random-forest-s42,homecredit,lr,boruta_random_forest,ORGANIZATION_TYPE_Telecom,0.0,low,authenticated_saved_feature_psi,False
fbv1-029-homecredit-lr-boruta-random-forest-s42,homecredit,lr,boruta_random_forest,ORGANIZATION_TYPE_Trade: type 1,0.0,low,authenticated_saved_feature_psi,False
fbv1-029-homecredit-lr-boruta-random-forest-s42,homecredit,lr,boruta_random_forest,ORGANIZATION_TYPE_Trade: type 2,0.0,low,authenticated_saved_feature_psi,False
fbv1-029-homecredit-lr-boruta-random-forest-s42,homecredit,lr,boruta_random_forest,ORGANIZATION_TYPE_Trade: type 3,0.0,low,authenticated_saved_feature_psi,False
fbv1-029-homecredit-lr-boruta-random-forest-s42,homecredit,lr,boruta_random_forest,ORGANIZATION_TYPE_Trade: type 4,0.0,low,authenticated_saved_feature_psi,False
fbv1-029-homecredit-lr-boruta-random-forest-s42,homecredit,lr,boruta_random_forest,ORGANIZATION_TYPE_Trade: type 5,0.0,low,authenticated_saved_feature_psi,False
fbv1-029-homecredit-lr-boruta-random-forest-s42,homecredit,lr,boruta_random_forest,ORGANIZATION_TYPE_Trade: type 6,0.0,low,authenticated_saved_feature_psi,False
fbv1-029-homecredit-lr-boruta-random-forest-s42,homecredit,lr,boruta_random_forest,ORGANIZATION_TYPE_Trade: type 7,0.0,low,authenticated_saved_feature_psi,False
fbv1-029-homecredit-lr-boruta-random-forest-s42,homecredit,lr,boruta_random_forest,ORGANIZATION_TYPE_Transport: type 1,0.0,low,authenticated_saved_feature_psi,False
fbv1-029-homecredit-lr-boruta-random-forest-s42,homecredit,lr,boruta_random_forest,ORGANIZATION_TYPE_Transport: type 2,0.0,low,authenticated_saved_feature_psi,False
fbv1-029-homecredit-lr-boruta-random-forest-s42,homecredit,lr,boruta_random_forest,ORGANIZATION_TYPE_Transport: type 3,0.0,low,authenticated_saved_feature_psi,False
fbv1-029-homecredit-lr-boruta-random-forest-s42,homecredit,lr,boruta_random_forest,ORGANIZATION_TYPE_Transport: type 4,0.0,low,authenticated_saved_feature_psi,False
fbv1-029-homecredit-lr-boruta-random-forest-s42,homecredit,lr,boruta_random_forest,ORGANIZATION_TYPE_University,0.0,low,authenticated_saved_feature_psi,False
fbv1-029-homecredit-lr-boruta-random-forest-s42,homecredit,lr,boruta_random_forest,ORGANIZATION_TYPE_XNA,0.0,low,authenticated_saved_feature_psi,False
fbv1-030-homecredit-catboost-boruta-random-forest-s42,homecredit,catboost,boruta_random_forest,DAYS_LAST_PHONE_CHANGE,0.082223212490693,low,authenticated_saved_feature_psi,False
fbv1-030-homecredit-catboost-boruta-random-forest-s42,homecredit,catboost,boruta_random_forest,EXT_SOURCE_3,0.020728354694539,low,authenticated_saved_feature_psi,False
fbv1-030-homecredit-catboost-boruta-random-forest-s42,homecredit,catboost,boruta_random_forest,BURO_DAYS_CREDIT_UPDATE_MAX,0.0122852875785272,low,authenticated_saved_feature_psi,False
fbv1-030-homecredit-catboost-boruta-random-forest-s42,homecredit,catboost,boruta_random_forest,BURO_DAYS_CREDIT_MAX,0.0118606546540912,low,authenticated_saved_feature_psi,False
fbv1-030-homecredit-catboost-boruta-random-forest-s42,homecredit,catboost,boruta_random_forest,BURO_AMT_CREDIT_SUM_DEBT_MEAN,0.0082909020674199,low,authenticated_saved_feature_psi,False
fbv1-030-homecredit-catboost-boruta-random-forest-s42,homecredit,catboost,boruta_random_forest,DAYS_BIRTH,0.0058051531867432,low,authenticated_saved_feature_psi,False
fbv1-030-homecredit-catboost-boruta-random-forest-s42,homecredit,catboost,boruta_random_forest,BURO_DAYS_CREDIT_ENDDATE_SUM,0.0053727892790047,low,authenticated_saved_feature_psi,False
fbv1-030-homecredit-catboost-boruta-random-forest-s42,homecredit,catboost,boruta_random_forest,BURO_DAYS_ENDDATE_FACT_SUM,0.0053138412735834,low,authenticated_saved_feature_psi,False
fbv1-030-homecredit-catboost-boruta-random-forest-s42,homecredit,catboost,boruta_random_forest,AMT_GOODS_PRICE,0.0047675755087858,low,authenticated_saved_feature_psi,False
fbv1-030-homecredit-catboost-boruta-random-forest-s42,homecredit,catboost,boruta_random_forest,BURO_AMT_CREDIT_SUM_DEBT_MAX,0.0045985479673176,low,authenticated_saved_feature_psi,False
fbv1-030-homecredit-catboost-boruta-random-forest-s42,homecredit,catboost,boruta_random_forest,BURO_DAYS_CREDIT_SUM,0.0044827144652902,low,authenticated_saved_feature_psi,False
fbv1-030-homecredit-catboost-boruta-random-forest-s42,homecredit,catboost,boruta_random_forest,BURO_DAYS_CREDIT_UPDATE_MIN,0.0039347080258073,low,authenticated_saved_feature_psi,False
fbv1-030-homecredit-catboost-boruta-random-forest-s42,homecredit,catboost,boruta_random_forest,DAYS_EMPLOYED,0.0039292888885869,low,authenticated_saved_feature_psi,False
fbv1-030-homecredit-catboost-boruta-random-forest-s42,homecredit,catboost,boruta_random_forest,BURO_DAYS_CREDIT_ENDDATE_MAX,0.0038829799795105,low,authenticated_saved_feature_psi,False
fbv1-030-homecredit-catboost-boruta-random-forest-s42,homecredit,catboost,boruta_random_forest,BURO_AMT_CREDIT_SUM_DEBT_SUM,0.0036864963790013,low,authenticated_saved_feature_psi,False
fbv1-030-homecredit-catboost-boruta-random-forest-s42,homecredit,catboost,boruta_random_forest,BURO_DAYS_CREDIT_ENDDATE_MIN,0.0035358409039616,low,authenticated_saved_feature_psi,False
fbv1-030-homecredit-catboost-boruta-random-forest-s42,homecredit,catboost,boruta_random_forest,BURO_DAYS_CREDIT_VAR,0.0032529081056908,low,authenticated_saved_feature_psi,False
fbv1-030-homecredit-catboost-boruta-random-forest-s42,homecredit,catboost,boruta_random_forest,BURO_AMT_CREDIT_MAX_OVERDUE_MAX,0.0032401461799058,low,authenticated_saved_feature_psi,False
fbv1-030-homecredit-catboost-boruta-random-forest-s42,homecredit,catboost,boruta_random_forest,BURO_DAYS_CREDIT_MEAN,0.003142309958593,low,authenticated_saved_feature_psi,False
fbv1-030-homecredit-catboost-boruta-random-forest-s42,homecredit,catboost,boruta_random_forest,BURO_AMT_CREDIT_MAX_OVERDUE_MEAN,0.0030797842745568,low,authenticated_saved_feature_psi,False
fbv1-030-homecredit-catboost-boruta-random-forest-s42,homecredit,catboost,boruta_random_forest,BURO_DAYS_CREDIT_MIN,0.0030791818890453,low,authenticated_saved_feature_psi,False
fbv1-030-homecredit-catboost-boruta-random-forest-s42,homecredit,catboost,boruta_random_forest,BURO_DAYS_ENDDATE_FACT_MIN,0.0030677857183815,low,authenticated_saved_feature_psi,False
fbv1-030-homecredit-catboost-boruta-random-forest-s42,homecredit,catboost,boruta_random_forest,BURO_DAYS_CREDIT_ENDDATE_MEAN,0.0028189839882717,low,authenticated_saved_feature_psi,False
fbv1-030-homecredit-catboost-boruta-random-forest-s42,homecredit,catboost,boruta_random_forest,BURO_DAYS_ENDDATE_FACT_MEAN,0.0027253972144929,low,authenticated_saved_feature_psi,False
fbv1-030-homecredit-catboost-boruta-random-forest-s42,homecredit,catboost,boruta_random_forest,BURO_AMT_CREDIT_MAX_OVERDUE_SUM,0.0023354291997808,low,authenticated_saved_feature_psi,False
fbv1-030-homecredit-catboost-boruta-random-forest-s42,homecredit,catboost,boruta_random_forest,EXT_SOURCE_2,0.0017907560370425,low,authenticated_saved_feature_psi,False
fbv1-030-homecredit-catboost-boruta-random-forest-s42,homecredit,catboost,boruta_random_forest,DAYS_ID_PUBLISH,0.0009913686441323,low,authenticated_saved_feature_psi,False
fbv1-030-homecredit-catboost-boruta-random-forest-s42,homecredit,catboost,boruta_random_forest,EXT_SOURCE_1,0.0005418708919522,low,authenticated_saved_feature_psi,False
fbv1-030-homecredit-catboost-boruta-random-forest-s42,homecredit,catboost,boruta_random_forest,BURO_AMT_CREDIT_SUM_OVERDUE_MEAN,0.0001061242732188,low,authenticated_saved_feature_psi,False
fbv1-030-homecredit-catboost-boruta-random-forest-s42,homecredit,catboost,boruta_random_forest,BURO_AMT_CREDIT_SUM_OVERDUE_MAX,5.515473813029073e-05,low,authenticated_saved_feature_psi,False
fbv1-030-homecredit-catboost-boruta-random-forest-s42,homecredit,catboost,boruta_random_forest,BURO_AMT_CREDIT_SUM_OVERDUE_SUM,4.6108414179631e-05,low,authenticated_saved_feature_psi,False
fbv1-030-homecredit-catboost-boruta-random-forest-s42,homecredit,catboost,boruta_random_forest,BURO_AMT_CREDIT_SUM_OVERDUE_VAR,3.898618879724437e-05,low,authenticated_saved_feature_psi,False
fbv1-030-homecredit-catboost-boruta-random-forest-s42,homecredit,catboost,boruta_random_forest,REGION_RATING_CLIENT_W_CITY,2.095588355133655e-05,low,authenticated_saved_feature_psi,False
fbv1-030-homecredit-catboost-boruta-random-forest-s42,homecredit,catboost,boruta_random_forest,REGION_RATING_CLIENT,9.43218782502696e-06,low,authenticated_saved_feature_psi,False
fbv1-030-homecredit-catboost-boruta-random-forest-s42,homecredit,catboost,boruta_random_forest,FLAG_DOCUMENT_3,0.0,low,authenticated_saved_feature_psi,False
fbv1-030-homecredit-catboost-boruta-random-forest-s42,homecredit,catboost,boruta_random_forest,CODE_GENDER_F,0.0,low,authenticated_saved_feature_psi,False
fbv1-030-homecredit-catboost-boruta-random-forest-s42,homecredit,catboost,boruta_random_forest,CODE_GENDER_M,0.0,low,authenticated_saved_feature_psi,False
fbv1-030-homecredit-catboost-boruta-random-forest-s42,homecredit,catboost,boruta_random_forest,CODE_GENDER_infrequent_sklearn,0.0,low,authenticated_saved_feature_psi,False
fbv1-030-homecredit-catboost-boruta-random-forest-s42,homecredit,catboost,boruta_random_forest,NAME_INCOME_TYPE_Commercial associate,0.0,low,authenticated_saved_feature_psi,False
fbv1-030-homecredit-catboost-boruta-random-forest-s42,homecredit,catboost,boruta_random_forest,NAME_INCOME_TYPE_Pensioner,0.0,low,authenticated_saved_feature_psi,False
fbv1-030-homecredit-catboost-boruta-random-forest-s42,homecredit,catboost,boruta_random_forest,NAME_INCOME_TYPE_State servant,0.0,low,authenticated_saved_feature_psi,False
fbv1-030-homecredit-catboost-boruta-random-forest-s42,homecredit,catboost,boruta_random_forest,NAME_INCOME_TYPE_Working,0.0,low,authenticated_saved_feature_psi,False
fbv1-030-homecredit-catboost-boruta-random-forest-s42,homecredit,catboost,boruta_random_forest,NAME_INCOME_TYPE_infrequent_sklearn,0.0,low,authenticated_saved_feature_psi,False
fbv1-030-homecredit-catboost-boruta-random-forest-s42,homecredit,catboost,boruta_random_forest,NAME_EDUCATION_TYPE_Academic degree,0.0,low,authenticated_saved_feature_psi,False
fbv1-030-homecredit-catboost-boruta-random-forest-s42,homecredit,catboost,boruta_random_forest,NAME_EDUCATION_TYPE_Higher education,0.0,low,authenticated_saved_feature_psi,False
fbv1-030-homecredit-catboost-boruta-random-forest-s42,homecredit,catboost,boruta_random_forest,NAME_EDUCATION_TYPE_Incomplete higher,0.0,low,authenticated_saved_feature_psi,False
fbv1-030-homecredit-catboost-boruta-random-forest-s42,homecredit,catboost,boruta_random_forest,NAME_EDUCATION_TYPE_Lower secondary,0.0,low,authenticated_saved_feature_psi,False
fbv1-030-homecredit-catboost-boruta-random-forest-s42,homecredit,catboost,boruta_random_forest,NAME_EDUCATION_TYPE_Secondary / secondary special,0.0,low,authenticated_saved_feature_psi,False
fbv1-030-homecredit-catboost-boruta-random-forest-s42,homecredit,catboost,boruta_random_forest,OCCUPATION_TYPE_Accountants,0.0,low,authenticated_saved_feature_psi,False
fbv1-030-homecredit-catboost-boruta-random-forest-s42,homecredit,catboost,boruta_random_forest,OCCUPATION_TYPE_Cleaning staff,0.0,low,authenticated_saved_feature_psi,False
fbv1-030-homecredit-catboost-boruta-random-forest-s42,homecredit,catboost,boruta_random_forest,OCCUPATION_TYPE_Cooking staff,0.0,low,authenticated_saved_feature_psi,False
fbv1-030-homecredit-catboost-boruta-random-forest-s42,homecredit,catboost,boruta_random_forest,OCCUPATION_TYPE_Core staff,0.0,low,authenticated_saved_feature_psi,False
fbv1-030-homecredit-catboost-boruta-random-forest-s42,homecredit,catboost,boruta_random_forest,OCCUPATION_TYPE_Drivers,0.0,low,authenticated_saved_feature_psi,False
fbv1-030-homecredit-catboost-boruta-random-forest-s42,homecredit,catboost,boruta_random_forest,OCCUPATION_TYPE_HR staff,0.0,low,authenticated_saved_feature_psi,False
fbv1-030-homecredit-catboost-boruta-random-forest-s42,homecredit,catboost,boruta_random_forest,OCCUPATION_TYPE_High skill tech staff,0.0,low,authenticated_saved_feature_psi,False
fbv1-030-homecredit-catboost-boruta-random-forest-s42,homecredit,catboost,boruta_random_forest,OCCUPATION_TYPE_IT staff,0.0,low,authenticated_saved_feature_psi,False
fbv1-030-homecredit-catboost-boruta-random-forest-s42,homecredit,catboost,boruta_random_forest,OCCUPATION_TYPE_Laborers,0.0,low,authenticated_saved_feature_psi,False
fbv1-030-homecredit-catboost-boruta-random-forest-s42,homecredit,catboost,boruta_random_forest,OCCUPATION_TYPE_Low-skill Laborers,0.0,low,authenticated_saved_feature_psi,False
fbv1-030-homecredit-catboost-boruta-random-forest-s42,homecredit,catboost,boruta_random_forest,OCCUPATION_TYPE_Managers,0.0,low,authenticated_saved_feature_psi,False
fbv1-030-homecredit-catboost-boruta-random-forest-s42,homecredit,catboost,boruta_random_forest,OCCUPATION_TYPE_Medicine staff,0.0,low,authenticated_saved_feature_psi,False
fbv1-030-homecredit-catboost-boruta-random-forest-s42,homecredit,catboost,boruta_random_forest,OCCUPATION_TYPE_Missing,0.0,low,authenticated_saved_feature_psi,False
fbv1-030-homecredit-catboost-boruta-random-forest-s42,homecredit,catboost,boruta_random_forest,OCCUPATION_TYPE_Private service staff,0.0,low,authenticated_saved_feature_psi,False
fbv1-030-homecredit-catboost-boruta-random-forest-s42,homecredit,catboost,boruta_random_forest,OCCUPATION_TYPE_Realty agents,0.0,low,authenticated_saved_feature_psi,False
fbv1-030-homecredit-catboost-boruta-random-forest-s42,homecredit,catboost,boruta_random_forest,OCCUPATION_TYPE_Sales staff,0.0,low,authenticated_saved_feature_psi,False
fbv1-030-homecredit-catboost-boruta-random-forest-s42,homecredit,catboost,boruta_random_forest,OCCUPATION_TYPE_Secretaries,0.0,low,authenticated_saved_feature_psi,False
fbv1-030-homecredit-catboost-boruta-random-forest-s42,homecredit,catboost,boruta_random_forest,OCCUPATION_TYPE_Security staff,0.0,low,authenticated_saved_feature_psi,False
fbv1-030-homecredit-catboost-boruta-random-forest-s42,homecredit,catboost,boruta_random_forest,OCCUPATION_TYPE_Waiters/barmen staff,0.0,low,authenticated_saved_feature_psi,False
fbv1-030-homecredit-catboost-boruta-random-forest-s42,homecredit,catboost,boruta_random_forest,ORGANIZATION_TYPE_Advertising,0.0,low,authenticated_saved_feature_psi,False
fbv1-030-homecredit-catboost-boruta-random-forest-s42,homecredit,catboost,boruta_random_forest,ORGANIZATION_TYPE_Agriculture,0.0,low,authenticated_saved_feature_psi,False
fbv1-030-homecredit-catboost-boruta-random-forest-s42,homecredit,catboost,boruta_random_forest,ORGANIZATION_TYPE_Bank,0.0,low,authenticated_saved_feature_psi,False
fbv1-030-homecredit-catboost-boruta-random-forest-s42,homecredit,catboost,boruta_random_forest,ORGANIZATION_TYPE_Business Entity Type 1,0.0,low,authenticated_saved_feature_psi,False
fbv1-030-homecredit-catboost-boruta-random-forest-s42,homecredit,catboost,boruta_random_forest,ORGANIZATION_TYPE_Business Entity Type 2,0.0,low,authenticated_saved_feature_psi,False
fbv1-030-homecredit-catboost-boruta-random-forest-s42,homecredit,catboost,boruta_random_forest,ORGANIZATION_TYPE_Business Entity Type 3,0.0,low,authenticated_saved_feature_psi,False
fbv1-030-homecredit-catboost-boruta-random-forest-s42,homecredit,catboost,boruta_random_forest,ORGANIZATION_TYPE_Cleaning,0.0,low,authenticated_saved_feature_psi,False
fbv1-030-homecredit-catboost-boruta-random-forest-s42,homecredit,catboost,boruta_random_forest,ORGANIZATION_TYPE_Construction,0.0,low,authenticated_saved_feature_psi,False
fbv1-030-homecredit-catboost-boruta-random-forest-s42,homecredit,catboost,boruta_random_forest,ORGANIZATION_TYPE_Culture,0.0,low,authenticated_saved_feature_psi,False
fbv1-030-homecredit-catboost-boruta-random-forest-s42,homecredit,catboost,boruta_random_forest,ORGANIZATION_TYPE_Electricity,0.0,low,authenticated_saved_feature_psi,False
fbv1-030-homecredit-catboost-boruta-random-forest-s42,homecredit,catboost,boruta_random_forest,ORGANIZATION_TYPE_Emergency,0.0,low,authenticated_saved_feature_psi,False
fbv1-030-homecredit-catboost-boruta-random-forest-s42,homecredit,catboost,boruta_random_forest,ORGANIZATION_TYPE_Government,0.0,low,authenticated_saved_feature_psi,False
fbv1-030-homecredit-catboost-boruta-random-forest-s42,homecredit,catboost,boruta_random_forest,ORGANIZATION_TYPE_Hotel,0.0,low,authenticated_saved_feature_psi,False
fbv1-030-homecredit-catboost-boruta-random-forest-s42,homecredit,catboost,boruta_random_forest,ORGANIZATION_TYPE_Housing,0.0,low,authenticated_saved_feature_psi,False
fbv1-030-homecredit-catboost-boruta-random-forest-s42,homecredit,catboost,boruta_random_forest,ORGANIZATION_TYPE_Industry: type 1,0.0,low,authenticated_saved_feature_psi,False
fbv1-030-homecredit-catboost-boruta-random-forest-s42,homecredit,catboost,boruta_random_forest,ORGANIZATION_TYPE_Industry: type 10,0.0,low,authenticated_saved_feature_psi,False
fbv1-030-homecredit-catboost-boruta-random-forest-s42,homecredit,catboost,boruta_random_forest,ORGANIZATION_TYPE_Industry: type 11,0.0,low,authenticated_saved_feature_psi,False
fbv1-030-homecredit-catboost-boruta-random-forest-s42,homecredit,catboost,boruta_random_forest,ORGANIZATION_TYPE_Industry: type 12,0.0,low,authenticated_saved_feature_psi,False
fbv1-030-homecredit-catboost-boruta-random-forest-s42,homecredit,catboost,boruta_random_forest,ORGANIZATION_TYPE_Industry: type 13,0.0,low,authenticated_saved_feature_psi,False
fbv1-030-homecredit-catboost-boruta-random-forest-s42,homecredit,catboost,boruta_random_forest,ORGANIZATION_TYPE_Industry: type 2,0.0,low,authenticated_saved_feature_psi,False
fbv1-030-homecredit-catboost-boruta-random-forest-s42,homecredit,catboost,boruta_random_forest,ORGANIZATION_TYPE_Industry: type 3,0.0,low,authenticated_saved_feature_psi,False
fbv1-030-homecredit-catboost-boruta-random-forest-s42,homecredit,catboost,boruta_random_forest,ORGANIZATION_TYPE_Industry: type 4,0.0,low,authenticated_saved_feature_psi,False
fbv1-030-homecredit-catboost-boruta-random-forest-s42,homecredit,catboost,boruta_random_forest,ORGANIZATION_TYPE_Industry: type 5,0.0,low,authenticated_saved_feature_psi,False
fbv1-030-homecredit-catboost-boruta-random-forest-s42,homecredit,catboost,boruta_random_forest,ORGANIZATION_TYPE_Industry: type 6,0.0,low,authenticated_saved_feature_psi,False
fbv1-030-homecredit-catboost-boruta-random-forest-s42,homecredit,catboost,boruta_random_forest,ORGANIZATION_TYPE_Industry: type 7,0.0,low,authenticated_saved_feature_psi,False
fbv1-030-homecredit-catboost-boruta-random-forest-s42,homecredit,catboost,boruta_random_forest,ORGANIZATION_TYPE_Industry: type 8,0.0,low,authenticated_saved_feature_psi,False
fbv1-030-homecredit-catboost-boruta-random-forest-s42,homecredit,catboost,boruta_random_forest,ORGANIZATION_TYPE_Industry: type 9,0.0,low,authenticated_saved_feature_psi,False
fbv1-030-homecredit-catboost-boruta-random-forest-s42,homecredit,catboost,boruta_random_forest,ORGANIZATION_TYPE_Insurance,0.0,low,authenticated_saved_feature_psi,False
fbv1-030-homecredit-catboost-boruta-random-forest-s42,homecredit,catboost,boruta_random_forest,ORGANIZATION_TYPE_Kindergarten,0.0,low,authenticated_saved_feature_psi,False
fbv1-030-homecredit-catboost-boruta-random-forest-s42,homecredit,catboost,boruta_random_forest,ORGANIZATION_TYPE_Legal Services,0.0,low,authenticated_saved_feature_psi,False
fbv1-030-homecredit-catboost-boruta-random-forest-s42,homecredit,catboost,boruta_random_forest,ORGANIZATION_TYPE_Medicine,0.0,low,authenticated_saved_feature_psi,False
fbv1-030-homecredit-catboost-boruta-random-forest-s42,homecredit,catboost,boruta_random_forest,ORGANIZATION_TYPE_Military,0.0,low,authenticated_saved_feature_psi,False
fbv1-030-homecredit-catboost-boruta-random-forest-s42,homecredit,catboost,boruta_random_forest,ORGANIZATION_TYPE_Mobile,0.0,low,authenticated_saved_feature_psi,False
fbv1-030-homecredit-catboost-boruta-random-forest-s42,homecredit,catboost,boruta_random_forest,ORGANIZATION_TYPE_Other,0.0,low,authenticated_saved_feature_psi,False
fbv1-030-homecredit-catboost-boruta-random-forest-s42,homecredit,catboost,boruta_random_forest,ORGANIZATION_TYPE_Police,0.0,low,authenticated_saved_feature_psi,False
fbv1-030-homecredit-catboost-boruta-random-forest-s42,homecredit,catboost,boruta_random_forest,ORGANIZATION_TYPE_Postal,0.0,low,authenticated_saved_feature_psi,False
fbv1-030-homecredit-catboost-boruta-random-forest-s42,homecredit,catboost,boruta_random_forest,ORGANIZATION_TYPE_Realtor,0.0,low,authenticated_saved_feature_psi,False
fbv1-030-homecredit-catboost-boruta-random-forest-s42,homecredit,catboost,boruta_random_forest,ORGANIZATION_TYPE_Religion,0.0,low,authenticated_saved_feature_psi,False
fbv1-030-homecredit-catboost-boruta-random-forest-s42,homecredit,catboost,boruta_random_forest,ORGANIZATION_TYPE_Restaurant,0.0,low,authenticated_saved_feature_psi,False
fbv1-030-homecredit-catboost-boruta-random-forest-s42,homecredit,catboost,boruta_random_forest,ORGANIZATION_TYPE_School,0.0,low,authenticated_saved_feature_psi,False
fbv1-030-homecredit-catboost-boruta-random-forest-s42,homecredit,catboost,boruta_random_forest,ORGANIZATION_TYPE_Security,0.0,low,authenticated_saved_feature_psi,False
fbv1-030-homecredit-catboost-boruta-random-forest-s42,homecredit,catboost,boruta_random_forest,ORGANIZATION_TYPE_Security Ministries,0.0,low,authenticated_saved_feature_psi,False
fbv1-030-homecredit-catboost-boruta-random-forest-s42,homecredit,catboost,boruta_random_forest,ORGANIZATION_TYPE_Self-employed,0.0,low,authenticated_saved_feature_psi,False
fbv1-030-homecredit-catboost-boruta-random-forest-s42,homecredit,catboost,boruta_random_forest,ORGANIZATION_TYPE_Services,0.0,low,authenticated_saved_feature_psi,False
fbv1-030-homecredit-catboost-boruta-random-forest-s42,homecredit,catboost,boruta_random_forest,ORGANIZATION_TYPE_Telecom,0.0,low,authenticated_saved_feature_psi,False
fbv1-030-homecredit-catboost-boruta-random-forest-s42,homecredit,catboost,boruta_random_forest,ORGANIZATION_TYPE_Trade: type 1,0.0,low,authenticated_saved_feature_psi,False
fbv1-030-homecredit-catboost-boruta-random-forest-s42,homecredit,catboost,boruta_random_forest,ORGANIZATION_TYPE_Trade: type 2,0.0,low,authenticated_saved_feature_psi,False
fbv1-030-homecredit-catboost-boruta-random-forest-s42,homecredit,catboost,boruta_random_forest,ORGANIZATION_TYPE_Trade: type 3,0.0,low,authenticated_saved_feature_psi,False
fbv1-030-homecredit-catboost-boruta-random-forest-s42,homecredit,catboost,boruta_random_forest,ORGANIZATION_TYPE_Trade: type 4,0.0,low,authenticated_saved_feature_psi,False
fbv1-030-homecredit-catboost-boruta-random-forest-s42,homecredit,catboost,boruta_random_forest,ORGANIZATION_TYPE_Trade: type 5,0.0,low,authenticated_saved_feature_psi,False
fbv1-030-homecredit-catboost-boruta-random-forest-s42,homecredit,catboost,boruta_random_forest,ORGANIZATION_TYPE_Trade: type 6,0.0,low,authenticated_saved_feature_psi,False
fbv1-030-homecredit-catboost-boruta-random-forest-s42,homecredit,catboost,boruta_random_forest,ORGANIZATION_TYPE_Trade: type 7,0.0,low,authenticated_saved_feature_psi,False
fbv1-030-homecredit-catboost-boruta-random-forest-s42,homecredit,catboost,boruta_random_forest,ORGANIZATION_TYPE_Transport: type 1,0.0,low,authenticated_saved_feature_psi,False
fbv1-030-homecredit-catboost-boruta-random-forest-s42,homecredit,catboost,boruta_random_forest,ORGANIZATION_TYPE_Transport: type 2,0.0,low,authenticated_saved_feature_psi,False
fbv1-030-homecredit-catboost-boruta-random-forest-s42,homecredit,catboost,boruta_random_forest,ORGANIZATION_TYPE_Transport: type 3,0.0,low,authenticated_saved_feature_psi,False
fbv1-030-homecredit-catboost-boruta-random-forest-s42,homecredit,catboost,boruta_random_forest,ORGANIZATION_TYPE_Transport: type 4,0.0,low,authenticated_saved_feature_psi,False
fbv1-030-homecredit-catboost-boruta-random-forest-s42,homecredit,catboost,boruta_random_forest,ORGANIZATION_TYPE_University,0.0,low,authenticated_saved_feature_psi,False
fbv1-030-homecredit-catboost-boruta-random-forest-s42,homecredit,catboost,boruta_random_forest,ORGANIZATION_TYPE_XNA,0.0,low,authenticated_saved_feature_psi,False
fbv1-031-lendingclub_v2-lr-boruta-random-forest-s42,lendingclub_v2,lr,boruta_random_forest,bc_util,0.0343709548946897,low,authenticated_saved_feature_psi,False
fbv1-031-lendingclub_v2-lr-boruta-random-forest-s42,lendingclub_v2,lr,boruta_random_forest,bc_open_to_buy_share,0.0323347568288838,low,authenticated_saved_feature_psi,False
fbv1-031-lendingclub_v2-lr-boruta-random-forest-s42,lendingclub_v2,lr,boruta_random_forest,bc_open_to_buy_to_loan_amnt,0.0300417526253424,low,authenticated_saved_feature_psi,False
fbv1-031-lendingclub_v2-lr-boruta-random-forest-s42,lendingclub_v2,lr,boruta_random_forest,acc_open_past_24mths_share,0.0279079751277425,low,authenticated_saved_feature_psi,False
fbv1-031-lendingclub_v2-lr-boruta-random-forest-s42,lendingclub_v2,lr,boruta_random_forest,acc_open_past_24mths_per_total_acc,0.0279079751277425,low,authenticated_saved_feature_psi,False
fbv1-031-lendingclub_v2-lr-boruta-random-forest-s42,lendingclub_v2,lr,boruta_random_forest,bc_open_to_buy,0.0253575971120948,low,authenticated_saved_feature_psi,False
fbv1-031-lendingclub_v2-lr-boruta-random-forest-s42,lendingclub_v2,lr,boruta_random_forest,bc_open_to_buy_to_income,0.0185713716497839,low,authenticated_saved_feature_psi,False
fbv1-031-lendingclub_v2-lr-boruta-random-forest-s42,lendingclub_v2,lr,boruta_random_forest,acc_open_past_24mths_per_open_acc,0.0161825974011042,low,authenticated_saved_feature_psi,False
fbv1-031-lendingclub_v2-lr-boruta-random-forest-s42,lendingclub_v2,lr,boruta_random_forest,acc_open_past_24mths,0.0150282310414455,low,authenticated_saved_feature_psi,False
fbv1-031-lendingclub_v2-lr-boruta-random-forest-s42,lendingclub_v2,lr,boruta_random_forest,acc_open_past_24mths_per_credit_history_year,0.012607140849712,low,authenticated_saved_feature_psi,False
fbv1-031-lendingclub_v2-lr-boruta-random-forest-s42,lendingclub_v2,lr,boruta_random_forest,annual_inc,0.0047716352058489,low,authenticated_saved_feature_psi,False
fbv1-031-lendingclub_v2-lr-boruta-random-forest-s42,lendingclub_v2,lr,boruta_random_forest,avg_cur_bal_to_loan_amnt,0.0040595432235471,low,authenticated_saved_feature_psi,False
fbv1-031-lendingclub_v2-lr-boruta-random-forest-s42,lendingclub_v2,lr,boruta_random_forest,avg_cur_bal_gap,0.0037936788178974,low,authenticated_saved_feature_psi,False
fbv1-031-lendingclub_v2-lr-boruta-random-forest-s42,lendingclub_v2,lr,boruta_random_forest,active_revolving_share,0.0031851853363491,low,authenticated_saved_feature_psi,False
fbv1-031-lendingclub_v2-lr-boruta-random-forest-s42,lendingclub_v2,lr,boruta_random_forest,balance_to_high_credit_limit,0.0029630799019905,low,authenticated_saved_feature_psi,False
fbv1-031-lendingclub_v2-lr-boruta-random-forest-s42,lendingclub_v2,lr,boruta_random_forest,avg_cur_bal,0.0006621825691064,low,authenticated_saved_feature_psi,False
fbv1-031-lendingclub_v2-lr-boruta-random-forest-s42,lendingclub_v2,lr,boruta_random_forest,avg_cur_bal_to_income,0.0003565823639273,low,authenticated_saved_feature_psi,False
fbv1-031-lendingclub_v2-lr-boruta-random-forest-s42,lendingclub_v2,lr,boruta_random_forest,acc_open_past_24mths_band_extreme,0.0,low,authenticated_saved_feature_psi,False
fbv1-031-lendingclub_v2-lr-boruta-random-forest-s42,lendingclub_v2,lr,boruta_random_forest,acc_open_past_24mths_band_high,0.0,low,authenticated_saved_feature_psi,False
fbv1-031-lendingclub_v2-lr-boruta-random-forest-s42,lendingclub_v2,lr,boruta_random_forest,acc_open_past_24mths_band_light,0.0,low,authenticated_saved_feature_psi,False
fbv1-031-lendingclub_v2-lr-boruta-random-forest-s42,lendingclub_v2,lr,boruta_random_forest,acc_open_past_24mths_band_moderate,0.0,low,authenticated_saved_feature_psi,False
fbv1-031-lendingclub_v2-lr-boruta-random-forest-s42,lendingclub_v2,lr,boruta_random_forest,acc_open_past_24mths_band_none,0.0,low,authenticated_saved_feature_psi,False
fbv1-031-lendingclub_v2-lr-boruta-random-forest-s42,lendingclub_v2,lr,boruta_random_forest,acc_open_past_24mths_band_very_high,0.0,low,authenticated_saved_feature_psi,False
fbv1-031-lendingclub_v2-lr-boruta-random-forest-s42,lendingclub_v2,lr,boruta_random_forest,annual_inc_band_high,0.0,low,authenticated_saved_feature_psi,False
fbv1-031-lendingclub_v2-lr-boruta-random-forest-s42,lendingclub_v2,lr,boruta_random_forest,annual_inc_band_low,0.0,low,authenticated_saved_feature_psi,False
fbv1-031-lendingclub_v2-lr-boruta-random-forest-s42,lendingclub_v2,lr,boruta_random_forest,annual_inc_band_lower_mid,0.0,low,authenticated_saved_feature_psi,False
fbv1-031-lendingclub_v2-lr-boruta-random-forest-s42,lendingclub_v2,lr,boruta_random_forest,annual_inc_band_mid,0.0,low,authenticated_saved_feature_psi,False
fbv1-031-lendingclub_v2-lr-boruta-random-forest-s42,lendingclub_v2,lr,boruta_random_forest,annual_inc_band_upper_mid,0.0,low,authenticated_saved_feature_psi,False
fbv1-031-lendingclub_v2-lr-boruta-random-forest-s42,lendingclub_v2,lr,boruta_random_forest,annual_inc_band_very_high,0.0,low,authenticated_saved_feature_psi,False
fbv1-031-lendingclub_v2-lr-boruta-random-forest-s42,lendingclub_v2,lr,boruta_random_forest,application_type_verification_status_Individual__Not Verified,0.0,low,authenticated_saved_feature_psi,False
fbv1-031-lendingclub_v2-lr-boruta-random-forest-s42,lendingclub_v2,lr,boruta_random_forest,application_type_verification_status_Individual__Source Verified,0.0,low,authenticated_saved_feature_psi,False
fbv1-031-lendingclub_v2-lr-boruta-random-forest-s42,lendingclub_v2,lr,boruta_random_forest,application_type_verification_status_Individual__Verified,0.0,low,authenticated_saved_feature_psi,False
fbv1-031-lendingclub_v2-lr-boruta-random-forest-s42,lendingclub_v2,lr,boruta_random_forest,application_type_verification_status_Joint App__Not Verified,0.0,low,authenticated_saved_feature_psi,False
fbv1-031-lendingclub_v2-lr-boruta-random-forest-s42,lendingclub_v2,lr,boruta_random_forest,application_type_verification_status_Joint App__Source Verified,0.0,low,authenticated_saved_feature_psi,False
fbv1-031-lendingclub_v2-lr-boruta-random-forest-s42,lendingclub_v2,lr,boruta_random_forest,application_type_verification_status_Joint App__Verified,0.0,low,authenticated_saved_feature_psi,False
fbv1-032-lendingclub_v2-catboost-boruta-random-forest-s42,lendingclub_v2,catboost,boruta_random_forest,bc_util,0.0343709548946897,low,authenticated_saved_feature_psi,False
fbv1-032-lendingclub_v2-catboost-boruta-random-forest-s42,lendingclub_v2,catboost,boruta_random_forest,dti_adjusted_revol_util,0.0329953256295719,low,authenticated_saved_feature_psi,False
fbv1-032-lendingclub_v2-catboost-boruta-random-forest-s42,lendingclub_v2,catboost,boruta_random_forest,bc_open_to_buy_share,0.0323347568288838,low,authenticated_saved_feature_psi,False
fbv1-032-lendingclub_v2-catboost-boruta-random-forest-s42,lendingclub_v2,catboost,boruta_random_forest,dti_adjusted_bc_util,0.031662288870908,low,authenticated_saved_feature_psi,False
fbv1-032-lendingclub_v2-catboost-boruta-random-forest-s42,lendingclub_v2,catboost,boruta_random_forest,bc_open_to_buy_to_loan_amnt,0.0300417526253424,low,authenticated_saved_feature_psi,False
fbv1-032-lendingclub_v2-catboost-boruta-random-forest-s42,lendingclub_v2,catboost,boruta_random_forest,acc_open_past_24mths_share,0.0279079751277425,low,authenticated_saved_feature_psi,False
fbv1-032-lendingclub_v2-catboost-boruta-random-forest-s42,lendingclub_v2,catboost,boruta_random_forest,acc_open_past_24mths_per_total_acc,0.0279079751277425,low,authenticated_saved_feature_psi,False
fbv1-032-lendingclub_v2-catboost-boruta-random-forest-s42,lendingclub_v2,catboost,boruta_random_forest,bc_open_to_buy,0.0253575971120948,low,authenticated_saved_feature_psi,False
fbv1-032-lendingclub_v2-catboost-boruta-random-forest-s42,lendingclub_v2,catboost,boruta_random_forest,bc_open_to_buy_to_income,0.0185713716497839,low,authenticated_saved_feature_psi,False
fbv1-032-lendingclub_v2-catboost-boruta-random-forest-s42,lendingclub_v2,catboost,boruta_random_forest,acc_open_past_24mths_per_open_acc,0.0161825974011042,low,authenticated_saved_feature_psi,False
fbv1-032-lendingclub_v2-catboost-boruta-random-forest-s42,lendingclub_v2,catboost,boruta_random_forest,dti_x_bc_util,0.0154729477779661,low,authenticated_saved_feature_psi,False
fbv1-032-lendingclub_v2-catboost-boruta-random-forest-s42,lendingclub_v2,catboost,boruta_random_forest,acc_open_past_24mths,0.0150282310414455,low,authenticated_saved_feature_psi,False
fbv1-032-lendingclub_v2-catboost-boruta-random-forest-s42,lendingclub_v2,catboost,boruta_random_forest,acc_open_past_24mths_per_credit_history_year,0.012607140849712,low,authenticated_saved_feature_psi,False
fbv1-032-lendingclub_v2-catboost-boruta-random-forest-s42,lendingclub_v2,catboost,boruta_random_forest,annual_inc,0.0047716352058489,low,authenticated_saved_feature_psi,False
fbv1-032-lendingclub_v2-catboost-boruta-random-forest-s42,lendingclub_v2,catboost,boruta_random_forest,bc_util_minus_revol_util,0.0047421439654987,low,authenticated_saved_feature_psi,False
fbv1-032-lendingclub_v2-catboost-boruta-random-forest-s42,lendingclub_v2,catboost,boruta_random_forest,avg_cur_bal_to_loan_amnt,0.0040595432235471,low,authenticated_saved_feature_psi,False
fbv1-032-lendingclub_v2-catboost-boruta-random-forest-s42,lendingclub_v2,catboost,boruta_random_forest,avg_cur_bal_gap,0.0037936788178974,low,authenticated_saved_feature_psi,False
fbv1-032-lendingclub_v2-catboost-boruta-random-forest-s42,lendingclub_v2,catboost,boruta_random_forest,active_revolving_share,0.0031851853363491,low,authenticated_saved_feature_psi,False
fbv1-032-lendingclub_v2-catboost-boruta-random-forest-s42,lendingclub_v2,catboost,boruta_random_forest,credit_history_months,0.003153712263205,low,authenticated_saved_feature_psi,False
fbv1-032-lendingclub_v2-catboost-boruta-random-forest-s42,lendingclub_v2,catboost,boruta_random_forest,credit_history_years,0.003153712263205,low,authenticated_saved_feature_psi,False
fbv1-032-lendingclub_v2-catboost-boruta-random-forest-s42,lendingclub_v2,catboost,boruta_random_forest,balance_to_high_credit_limit,0.0029630799019905,low,authenticated_saved_feature_psi,False
fbv1-032-lendingclub_v2-catboost-boruta-random-forest-s42,lendingclub_v2,catboost,boruta_random_forest,credit_history_years_x_fico,0.0026105148671702,low,authenticated_saved_feature_psi,False
fbv1-032-lendingclub_v2-catboost-boruta-random-forest-s42,lendingclub_v2,catboost,boruta_random_forest,credit_lines_per_history_year,0.0018111147487434,low,authenticated_saved_feature_psi,False
fbv1-032-lendingclub_v2-catboost-boruta-random-forest-s42,lendingclub_v2,catboost,boruta_random_forest,delinquency_pressure_x_fico,0.001112581593324,low,authenticated_saved_feature_psi,False
fbv1-032-lendingclub_v2-catboost-boruta-random-forest-s42,lendingclub_v2,catboost,boruta_random_forest,dti,0.0010873667543974,low,authenticated_saved_feature_psi,False
fbv1-032-lendingclub_v2-catboost-boruta-random-forest-s42,lendingclub_v2,catboost,boruta_random_forest,avg_cur_bal,0.0006621825691064,low,authenticated_saved_feature_psi,False
fbv1-032-lendingclub_v2-catboost-boruta-random-forest-s42,lendingclub_v2,catboost,boruta_random_forest,delinq_2yrs_per_total_acc,0.0004194947011821,low,authenticated_saved_feature_psi,False
fbv1-032-lendingclub_v2-catboost-boruta-random-forest-s42,lendingclub_v2,catboost,boruta_random_forest,avg_cur_bal_to_income,0.0003565823639273,low,authenticated_saved_feature_psi,False
fbv1-032-lendingclub_v2-catboost-boruta-random-forest-s42,lendingclub_v2,catboost,boruta_random_forest,delinq_2yrs_per_credit_history_year,0.0002243810248943,low,authenticated_saved_feature_psi,False
fbv1-032-lendingclub_v2-catboost-boruta-random-forest-s42,lendingclub_v2,catboost,boruta_random_forest,delinquency_pressure,6.335646811244138e-05,low,authenticated_saved_feature_psi,False
fbv1-032-lendingclub_v2-catboost-boruta-random-forest-s42,lendingclub_v2,catboost,boruta_random_forest,delinq_2yrs,2.6530528467660595e-06,low,authenticated_saved_feature_psi,False
fbv1-032-lendingclub_v2-catboost-boruta-random-forest-s42,lendingclub_v2,catboost,boruta_random_forest,delinq_2yrs_per_open_acc,8.226761155912653e-07,low,authenticated_saved_feature_psi,False
fbv1-032-lendingclub_v2-catboost-boruta-random-forest-s42,lendingclub_v2,catboost,boruta_random_forest,bc_util_ge_90_flag,0.0,low,authenticated_saved_feature_psi,False
fbv1-032-lendingclub_v2-catboost-boruta-random-forest-s42,lendingclub_v2,catboost,boruta_random_forest,bc_util_ge_50_flag,0.0,low,authenticated_saved_feature_psi,False
fbv1-032-lendingclub_v2-catboost-boruta-random-forest-s42,lendingclub_v2,catboost,boruta_random_forest,bc_util_ge_75_flag,0.0,low,authenticated_saved_feature_psi,False
fbv1-032-lendingclub_v2-catboost-boruta-random-forest-s42,lendingclub_v2,catboost,boruta_random_forest,delinq_2yrs_positive_flag,0.0,low,authenticated_saved_feature_psi,False
fbv1-032-lendingclub_v2-catboost-boruta-random-forest-s42,lendingclub_v2,catboost,boruta_random_forest,acc_open_past_24mths_band_extreme,0.0,low,authenticated_saved_feature_psi,False
fbv1-032-lendingclub_v2-catboost-boruta-random-forest-s42,lendingclub_v2,catboost,boruta_random_forest,acc_open_past_24mths_band_high,0.0,low,authenticated_saved_feature_psi,False
fbv1-032-lendingclub_v2-catboost-boruta-random-forest-s42,lendingclub_v2,catboost,boruta_random_forest,acc_open_past_24mths_band_light,0.0,low,authenticated_saved_feature_psi,False
fbv1-032-lendingclub_v2-catboost-boruta-random-forest-s42,lendingclub_v2,catboost,boruta_random_forest,acc_open_past_24mths_band_moderate,0.0,low,authenticated_saved_feature_psi,False
fbv1-032-lendingclub_v2-catboost-boruta-random-forest-s42,lendingclub_v2,catboost,boruta_random_forest,acc_open_past_24mths_band_none,0.0,low,authenticated_saved_feature_psi,False
fbv1-032-lendingclub_v2-catboost-boruta-random-forest-s42,lendingclub_v2,catboost,boruta_random_forest,acc_open_past_24mths_band_very_high,0.0,low,authenticated_saved_feature_psi,False
fbv1-032-lendingclub_v2-catboost-boruta-random-forest-s42,lendingclub_v2,catboost,boruta_random_forest,annual_inc_band_high,0.0,low,authenticated_saved_feature_psi,False
fbv1-032-lendingclub_v2-catboost-boruta-random-forest-s42,lendingclub_v2,catboost,boruta_random_forest,annual_inc_band_low,0.0,low,authenticated_saved_feature_psi,False
fbv1-032-lendingclub_v2-catboost-boruta-random-forest-s42,lendingclub_v2,catboost,boruta_random_forest,annual_inc_band_lower_mid,0.0,low,authenticated_saved_feature_psi,False
fbv1-032-lendingclub_v2-catboost-boruta-random-forest-s42,lendingclub_v2,catboost,boruta_random_forest,annual_inc_band_mid,0.0,low,authenticated_saved_feature_psi,False
fbv1-032-lendingclub_v2-catboost-boruta-random-forest-s42,lendingclub_v2,catboost,boruta_random_forest,annual_inc_band_upper_mid,0.0,low,authenticated_saved_feature_psi,False
fbv1-032-lendingclub_v2-catboost-boruta-random-forest-s42,lendingclub_v2,catboost,boruta_random_forest,annual_inc_band_very_high,0.0,low,authenticated_saved_feature_psi,False
fbv1-032-lendingclub_v2-catboost-boruta-random-forest-s42,lendingclub_v2,catboost,boruta_random_forest,application_type_verification_status_Individual__Not Verified,0.0,low,authenticated_saved_feature_psi,False
fbv1-032-lendingclub_v2-catboost-boruta-random-forest-s42,lendingclub_v2,catboost,boruta_random_forest,application_type_verification_status_Individual__Source Verified,0.0,low,authenticated_saved_feature_psi,False
fbv1-032-lendingclub_v2-catboost-boruta-random-forest-s42,lendingclub_v2,catboost,boruta_random_forest,application_type_verification_status_Individual__Verified,0.0,low,authenticated_saved_feature_psi,False
fbv1-032-lendingclub_v2-catboost-boruta-random-forest-s42,lendingclub_v2,catboost,boruta_random_forest,application_type_verification_status_Joint App__Not Verified,0.0,low,authenticated_saved_feature_psi,False
fbv1-032-lendingclub_v2-catboost-boruta-random-forest-s42,lendingclub_v2,catboost,boruta_random_forest,application_type_verification_status_Joint App__Source Verified,0.0,low,authenticated_saved_feature_psi,False
fbv1-032-lendingclub_v2-catboost-boruta-random-forest-s42,lendingclub_v2,catboost,boruta_random_forest,application_type_verification_status_Joint App__Verified,0.0,low,authenticated_saved_feature_psi,False
fbv1-032-lendingclub_v2-catboost-boruta-random-forest-s42,lendingclub_v2,catboost,boruta_random_forest,dti_band_high,0.0,low,authenticated_saved_feature_psi,False
fbv1-032-lendingclub_v2-catboost-boruta-random-forest-s42,lendingclub_v2,catboost,boruta_random_forest,dti_band_low,0.0,low,authenticated_saved_feature_psi,False
fbv1-032-lendingclub_v2-catboost-boruta-random-forest-s42,lendingclub_v2,catboost,boruta_random_forest,dti_band_moderate,0.0,low,authenticated_saved_feature_psi,False
fbv1-032-lendingclub_v2-catboost-boruta-random-forest-s42,lendingclub_v2,catboost,boruta_random_forest,dti_band_very_low,0.0,low,authenticated_saved_feature_psi,False
fbv1-032-lendingclub_v2-catboost-boruta-random-forest-s42,lendingclub_v2,catboost,boruta_random_forest,dti_band_infrequent_sklearn,0.0,low,authenticated_saved_feature_psi,False
fbv1-033-homecredit-lr-rfe-catboost-s42,homecredit,lr,rfe_catboost,PREV_DAYS_LAST_DUE_1ST_VERSION_MAX,0.3254230120809057,high,authenticated_saved_feature_psi,False
fbv1-033-homecredit-lr-rfe-catboost-s42,homecredit,lr,rfe_catboost,PREV_APPLICATION_DIFF_MAX,0.1669684429577178,moderate,authenticated_saved_feature_psi,False
fbv1-033-homecredit-lr-rfe-catboost-s42,homecredit,lr,rfe_catboost,PREV_INTEREST_ESTIMATE_MAX,0.0639268824804577,low,authenticated_saved_feature_psi,False
fbv1-033-homecredit-lr-rfe-catboost-s42,homecredit,lr,rfe_catboost,PREV_DAYS_FIRST_DUE_SUM,0.0591799216186158,low,authenticated_saved_feature_psi,False
fbv1-033-homecredit-lr-rfe-catboost-s42,homecredit,lr,rfe_catboost,INSTAL_DAYS_INSTALMENT_VAR,0.0578650904526889,low,authenticated_saved_feature_psi,False
fbv1-033-homecredit-lr-rfe-catboost-s42,homecredit,lr,rfe_catboost,EXT_SOURCE_3,0.020728354694539,low,authenticated_saved_feature_psi,False
fbv1-033-homecredit-lr-rfe-catboost-s42,homecredit,lr,rfe_catboost,INSTAL_DAYS_DIFF_MAX,0.0201253097674174,low,authenticated_saved_feature_psi,False
fbv1-033-homecredit-lr-rfe-catboost-s42,homecredit,lr,rfe_catboost,INSTAL_AMT_PAYMENT_SUM,0.0137606775208418,low,authenticated_saved_feature_psi,False
fbv1-033-homecredit-lr-rfe-catboost-s42,homecredit,lr,rfe_catboost,INSTAL_AMT_PAYMENT_MAX,0.0108389485684451,low,authenticated_saved_feature_psi,False
fbv1-033-homecredit-lr-rfe-catboost-s42,homecredit,lr,rfe_catboost,AMT_ANNUITY,0.0061668376515196,low,authenticated_saved_feature_psi,False
fbv1-033-homecredit-lr-rfe-catboost-s42,homecredit,lr,rfe_catboost,DAYS_BIRTH,0.0058051531867432,low,authenticated_saved_feature_psi,False
fbv1-033-homecredit-lr-rfe-catboost-s42,homecredit,lr,rfe_catboost,AMT_GOODS_PRICE,0.0047675755087858,low,authenticated_saved_feature_psi,False
fbv1-033-homecredit-lr-rfe-catboost-s42,homecredit,lr,rfe_catboost,DAYS_EMPLOYED,0.0039292888885869,low,authenticated_saved_feature_psi,False
fbv1-033-homecredit-lr-rfe-catboost-s42,homecredit,lr,rfe_catboost,BURO_DAYS_CREDIT_ENDDATE_MAX,0.0038829799795105,low,authenticated_saved_feature_psi,False
fbv1-033-homecredit-lr-rfe-catboost-s42,homecredit,lr,rfe_catboost,INSTAL_IS_LATE_MEAN,0.0037967812601098,low,authenticated_saved_feature_psi,False
fbv1-033-homecredit-lr-rfe-catboost-s42,homecredit,lr,rfe_catboost,AMT_CREDIT,0.0035368145621176,low,authenticated_saved_feature_psi,False
fbv1-033-homecredit-lr-rfe-catboost-s42,homecredit,lr,rfe_catboost,BURO_DEBT_CREDIT_DIFF_SUM,0.0028768408379473,low,authenticated_saved_feature_psi,False
fbv1-033-homecredit-lr-rfe-catboost-s42,homecredit,lr,rfe_catboost,BURO_DEBT_RATIO_MAX,0.002445262426434,low,authenticated_saved_feature_psi,False
fbv1-033-homecredit-lr-rfe-catboost-s42,homecredit,lr,rfe_catboost,EXT_SOURCE_2,0.0017907560370425,low,authenticated_saved_feature_psi,False
fbv1-033-homecredit-lr-rfe-catboost-s42,homecredit,lr,rfe_catboost,EXT_SOURCE_1,0.0005418708919522,low,authenticated_saved_feature_psi,False
fbv1-034-homecredit-catboost-rfe-catboost-s42,homecredit,catboost,rfe_catboost,PREV_DAYS_LAST_DUE_1ST_VERSION_MAX,0.3254230120809057,high,authenticated_saved_feature_psi,False
fbv1-034-homecredit-catboost-rfe-catboost-s42,homecredit,catboost,rfe_catboost,PREV_APPLICATION_DIFF_MAX,0.1669684429577178,moderate,authenticated_saved_feature_psi,False
fbv1-034-homecredit-catboost-rfe-catboost-s42,homecredit,catboost,rfe_catboost,PREV_INTEREST_ESTIMATE_SUM,0.0934769330009382,low,authenticated_saved_feature_psi,False
fbv1-034-homecredit-catboost-rfe-catboost-s42,homecredit,catboost,rfe_catboost,PREV_DAYS_LAST_DUE_MAX,0.0812576509829495,low,authenticated_saved_feature_psi,False
fbv1-034-homecredit-catboost-rfe-catboost-s42,homecredit,catboost,rfe_catboost,PREV_INTEREST_ESTIMATE_MAX,0.0639268824804577,low,authenticated_saved_feature_psi,False
fbv1-034-homecredit-catboost-rfe-catboost-s42,homecredit,catboost,rfe_catboost,PREV_DAYS_FIRST_DUE_SUM,0.0591799216186158,low,authenticated_saved_feature_psi,False
fbv1-034-homecredit-catboost-rfe-catboost-s42,homecredit,catboost,rfe_catboost,INSTAL_DAYS_INSTALMENT_VAR,0.0578650904526889,low,authenticated_saved_feature_psi,False
fbv1-034-homecredit-catboost-rfe-catboost-s42,homecredit,catboost,rfe_catboost,POS_TOTAL_INSTALMENT_PROG_MEAN,0.0334401648316066,low,authenticated_saved_feature_psi,False
fbv1-034-homecredit-catboost-rfe-catboost-s42,homecredit,catboost,rfe_catboost,CC_LIMIT_USE_MEAN,0.0297540591198756,low,authenticated_saved_feature_psi,False
fbv1-034-homecredit-catboost-rfe-catboost-s42,homecredit,catboost,rfe_catboost,CC_CNT_DRAWINGS_CURRENT_VAR,0.0259678612303508,low,authenticated_saved_feature_psi,False
fbv1-034-homecredit-catboost-rfe-catboost-s42,homecredit,catboost,rfe_catboost,EXT_SOURCE_3,0.020728354694539,low,authenticated_saved_feature_psi,False
fbv1-034-homecredit-catboost-rfe-catboost-s42,homecredit,catboost,rfe_catboost,INSTAL_DAYS_DIFF_MAX,0.0201253097674174,low,authenticated_saved_feature_psi,False
fbv1-034-homecredit-catboost-rfe-catboost-s42,homecredit,catboost,rfe_catboost,INSTAL_AMT_PAYMENT_SUM,0.0137606775208418,low,authenticated_saved_feature_psi,False
fbv1-034-homecredit-catboost-rfe-catboost-s42,homecredit,catboost,rfe_catboost,INSTAL_AMT_PAYMENT_MAX,0.0108389485684451,low,authenticated_saved_feature_psi,False
fbv1-034-homecredit-catboost-rfe-catboost-s42,homecredit,catboost,rfe_catboost,CC_CNT_DRAWINGS_ATM_CURRENT_MEAN,0.0107650910750107,low,authenticated_saved_feature_psi,False
fbv1-034-homecredit-catboost-rfe-catboost-s42,homecredit,catboost,rfe_catboost,INSTAL_PAYMENT_RATIO_MEAN,0.0087337049791449,low,authenticated_saved_feature_psi,False
fbv1-034-homecredit-catboost-rfe-catboost-s42,homecredit,catboost,rfe_catboost,BURO_DEBT_CREDIT_DIFF_MIN,0.0077218216755122,low,authenticated_saved_feature_psi,False
fbv1-034-homecredit-catboost-rfe-catboost-s42,homecredit,catboost,rfe_catboost,AMT_ANNUITY,0.0061668376515196,low,authenticated_saved_feature_psi,False
fbv1-034-homecredit-catboost-rfe-catboost-s42,homecredit,catboost,rfe_catboost,DAYS_BIRTH,0.0058051531867432,low,authenticated_saved_feature_psi,False
fbv1-034-homecredit-catboost-rfe-catboost-s42,homecredit,catboost,rfe_catboost,AMT_GOODS_PRICE,0.0047675755087858,low,authenticated_saved_feature_psi,False
fbv1-034-homecredit-catboost-rfe-catboost-s42,homecredit,catboost,rfe_catboost,BURO_AMT_CREDIT_SUM_MAX,0.0045555897604201,low,authenticated_saved_feature_psi,False
fbv1-034-homecredit-catboost-rfe-catboost-s42,homecredit,catboost,rfe_catboost,DAYS_EMPLOYED,0.0039292888885869,low,authenticated_saved_feature_psi,False
fbv1-034-homecredit-catboost-rfe-catboost-s42,homecredit,catboost,rfe_catboost,BURO_DAYS_CREDIT_ENDDATE_MAX,0.0038829799795105,low,authenticated_saved_feature_psi,False
fbv1-034-homecredit-catboost-rfe-catboost-s42,homecredit,catboost,rfe_catboost,INSTAL_IS_LATE_MEAN,0.0037967812601098,low,authenticated_saved_feature_psi,False
fbv1-034-homecredit-catboost-rfe-catboost-s42,homecredit,catboost,rfe_catboost,AMT_CREDIT,0.0035368145621176,low,authenticated_saved_feature_psi,False
fbv1-034-homecredit-catboost-rfe-catboost-s42,homecredit,catboost,rfe_catboost,BURO_DAYS_CREDIT_MEAN,0.003142309958593,low,authenticated_saved_feature_psi,False
fbv1-034-homecredit-catboost-rfe-catboost-s42,homecredit,catboost,rfe_catboost,BURO_DEBT_CREDIT_DIFF_SUM,0.0028768408379473,low,authenticated_saved_feature_psi,False
fbv1-034-homecredit-catboost-rfe-catboost-s42,homecredit,catboost,rfe_catboost,BURO_DEBT_RATIO_SUM,0.002503431590032,low,authenticated_saved_feature_psi,False
fbv1-034-homecredit-catboost-rfe-catboost-s42,homecredit,catboost,rfe_catboost,INSTAL_PAYMENT_DIFF_MAX,0.0024930222428665,low,authenticated_saved_feature_psi,False
fbv1-034-homecredit-catboost-rfe-catboost-s42,homecredit,catboost,rfe_catboost,BURO_DEBT_RATIO_MEAN,0.0024467405713515,low,authenticated_saved_feature_psi,False
fbv1-034-homecredit-catboost-rfe-catboost-s42,homecredit,catboost,rfe_catboost,BURO_DEBT_RATIO_MAX,0.002445262426434,low,authenticated_saved_feature_psi,False
fbv1-034-homecredit-catboost-rfe-catboost-s42,homecredit,catboost,rfe_catboost,EXT_SOURCE_2,0.0017907560370425,low,authenticated_saved_feature_psi,False
fbv1-034-homecredit-catboost-rfe-catboost-s42,homecredit,catboost,rfe_catboost,REGION_POPULATION_RELATIVE,0.0017846915519307,low,authenticated_saved_feature_psi,False
fbv1-034-homecredit-catboost-rfe-catboost-s42,homecredit,catboost,rfe_catboost,OWN_CAR_AGE,0.0016516972017936,low,authenticated_saved_feature_psi,False
fbv1-034-homecredit-catboost-rfe-catboost-s42,homecredit,catboost,rfe_catboost,DAYS_ID_PUBLISH,0.0009913686441323,low,authenticated_saved_feature_psi,False
fbv1-034-homecredit-catboost-rfe-catboost-s42,homecredit,catboost,rfe_catboost,DAYS_REGISTRATION,0.0008141816578874,low,authenticated_saved_feature_psi,False
fbv1-034-homecredit-catboost-rfe-catboost-s42,homecredit,catboost,rfe_catboost,EXT_SOURCE_1,0.0005418708919522,low,authenticated_saved_feature_psi,False
fbv1-034-homecredit-catboost-rfe-catboost-s42,homecredit,catboost,rfe_catboost,CODE_GENDER_F,0.0,low,authenticated_saved_feature_psi,False
fbv1-034-homecredit-catboost-rfe-catboost-s42,homecredit,catboost,rfe_catboost,CODE_GENDER_M,0.0,low,authenticated_saved_feature_psi,False
fbv1-034-homecredit-catboost-rfe-catboost-s42,homecredit,catboost,rfe_catboost,CODE_GENDER_infrequent_sklearn,0.0,low,authenticated_saved_feature_psi,False
fbv1-034-homecredit-catboost-rfe-catboost-s42,homecredit,catboost,rfe_catboost,NAME_EDUCATION_TYPE_Academic degree,0.0,low,authenticated_saved_feature_psi,False
fbv1-034-homecredit-catboost-rfe-catboost-s42,homecredit,catboost,rfe_catboost,NAME_EDUCATION_TYPE_Higher education,0.0,low,authenticated_saved_feature_psi,False
fbv1-034-homecredit-catboost-rfe-catboost-s42,homecredit,catboost,rfe_catboost,NAME_EDUCATION_TYPE_Incomplete higher,0.0,low,authenticated_saved_feature_psi,False
fbv1-034-homecredit-catboost-rfe-catboost-s42,homecredit,catboost,rfe_catboost,NAME_EDUCATION_TYPE_Lower secondary,0.0,low,authenticated_saved_feature_psi,False
fbv1-034-homecredit-catboost-rfe-catboost-s42,homecredit,catboost,rfe_catboost,NAME_EDUCATION_TYPE_Secondary / secondary special,0.0,low,authenticated_saved_feature_psi,False
fbv1-034-homecredit-catboost-rfe-catboost-s42,homecredit,catboost,rfe_catboost,NAME_FAMILY_STATUS_Civil marriage,0.0,low,authenticated_saved_feature_psi,False
fbv1-034-homecredit-catboost-rfe-catboost-s42,homecredit,catboost,rfe_catboost,NAME_FAMILY_STATUS_Married,0.0,low,authenticated_saved_feature_psi,False
fbv1-034-homecredit-catboost-rfe-catboost-s42,homecredit,catboost,rfe_catboost,NAME_FAMILY_STATUS_Separated,0.0,low,authenticated_saved_feature_psi,False
fbv1-034-homecredit-catboost-rfe-catboost-s42,homecredit,catboost,rfe_catboost,NAME_FAMILY_STATUS_Single / not married,0.0,low,authenticated_saved_feature_psi,False
fbv1-034-homecredit-catboost-rfe-catboost-s42,homecredit,catboost,rfe_catboost,NAME_FAMILY_STATUS_Widow,0.0,low,authenticated_saved_feature_psi,False
fbv1-035-lendingclub_v2-lr-rfe-catboost-s42,lendingclub_v2,lr,rfe_catboost,total_bc_limit_per_bc_trade,0.0331218526874237,low,authenticated_saved_feature_psi,False
fbv1-035-lendingclub_v2-lr-rfe-catboost-s42,lendingclub_v2,lr,rfe_catboost,acc_open_past_24mths_per_total_acc,0.0279079751277425,low,authenticated_saved_feature_psi,False
fbv1-035-lendingclub_v2-lr-rfe-catboost-s42,lendingclub_v2,lr,rfe_catboost,term_x_loan_to_income,0.0169743018807053,low,authenticated_saved_feature_psi,False
fbv1-035-lendingclub_v2-lr-rfe-catboost-s42,lendingclub_v2,lr,rfe_catboost,dti_x_bc_util,0.0154729477779661,low,authenticated_saved_feature_psi,False
fbv1-035-lendingclub_v2-lr-rfe-catboost-s42,lendingclub_v2,lr,rfe_catboost,log_acc_open_past_24mths,0.0150282310414455,low,authenticated_saved_feature_psi,False
fbv1-035-lendingclub_v2-lr-rfe-catboost-s42,lendingclub_v2,lr,rfe_catboost,loan_amnt_to_income,0.012637828456172,low,authenticated_saved_feature_psi,False
fbv1-035-lendingclub_v2-lr-rfe-catboost-s42,lendingclub_v2,lr,rfe_catboost,total_bc_limit_to_loan_amnt,0.0125781853725098,low,authenticated_saved_feature_psi,False
fbv1-035-lendingclub_v2-lr-rfe-catboost-s42,lendingclub_v2,lr,rfe_catboost,revol_bal_to_loan_amnt,0.0125548411206933,low,authenticated_saved_feature_psi,False
fbv1-035-lendingclub_v2-lr-rfe-catboost-s42,lendingclub_v2,lr,rfe_catboost,mort_acc_per_open_acc,0.0077366828243769,low,authenticated_saved_feature_psi,False
fbv1-035-lendingclub_v2-lr-rfe-catboost-s42,lendingclub_v2,lr,rfe_catboost,fico_midpoint_scaled,0.0049296297322064,low,authenticated_saved_feature_psi,False
fbv1-035-lendingclub_v2-lr-rfe-catboost-s42,lendingclub_v2,lr,rfe_catboost,fico_range_high,0.0049296297322064,low,authenticated_saved_feature_psi,False
fbv1-035-lendingclub_v2-lr-rfe-catboost-s42,lendingclub_v2,lr,rfe_catboost,fico_range_low,0.0049296297322064,low,authenticated_saved_feature_psi,False
fbv1-035-lendingclub_v2-lr-rfe-catboost-s42,lendingclub_v2,lr,rfe_catboost,log_annual_inc,0.0047716352058489,low,authenticated_saved_feature_psi,False
fbv1-035-lendingclub_v2-lr-rfe-catboost-s42,lendingclub_v2,lr,rfe_catboost,log_tot_hi_cred_lim,0.0035504992817773,low,authenticated_saved_feature_psi,False
fbv1-035-lendingclub_v2-lr-rfe-catboost-s42,lendingclub_v2,lr,rfe_catboost,dti,0.0010873667543974,low,authenticated_saved_feature_psi,False
fbv1-035-lendingclub_v2-lr-rfe-catboost-s42,lendingclub_v2,lr,rfe_catboost,term_verification_status_36 months__Not Verified,0.0,low,authenticated_saved_feature_psi,False
fbv1-035-lendingclub_v2-lr-rfe-catboost-s42,lendingclub_v2,lr,rfe_catboost,term_verification_status_36 months__Source Verified,0.0,low,authenticated_saved_feature_psi,False
fbv1-035-lendingclub_v2-lr-rfe-catboost-s42,lendingclub_v2,lr,rfe_catboost,term_verification_status_36 months__Verified,0.0,low,authenticated_saved_feature_psi,False
fbv1-035-lendingclub_v2-lr-rfe-catboost-s42,lendingclub_v2,lr,rfe_catboost,term_verification_status_60 months__Not Verified,0.0,low,authenticated_saved_feature_psi,False
fbv1-035-lendingclub_v2-lr-rfe-catboost-s42,lendingclub_v2,lr,rfe_catboost,term_verification_status_60 months__Source Verified,0.0,low,authenticated_saved_feature_psi,False
fbv1-035-lendingclub_v2-lr-rfe-catboost-s42,lendingclub_v2,lr,rfe_catboost,term_verification_status_60 months__Verified,0.0,low,authenticated_saved_feature_psi,False
fbv1-035-lendingclub_v2-lr-rfe-catboost-s42,lendingclub_v2,lr,rfe_catboost,term_36 months,0.0,low,authenticated_saved_feature_psi,False
fbv1-035-lendingclub_v2-lr-rfe-catboost-s42,lendingclub_v2,lr,rfe_catboost,term_60 months,0.0,low,authenticated_saved_feature_psi,False
fbv1-035-lendingclub_v2-lr-rfe-catboost-s42,lendingclub_v2,lr,rfe_catboost,term_home_ownership_36 months__MORTGAGE,0.0,low,authenticated_saved_feature_psi,False
fbv1-035-lendingclub_v2-lr-rfe-catboost-s42,lendingclub_v2,lr,rfe_catboost,term_home_ownership_36 months__OWN,0.0,low,authenticated_saved_feature_psi,False
fbv1-035-lendingclub_v2-lr-rfe-catboost-s42,lendingclub_v2,lr,rfe_catboost,term_home_ownership_36 months__RENT,0.0,low,authenticated_saved_feature_psi,False
fbv1-035-lendingclub_v2-lr-rfe-catboost-s42,lendingclub_v2,lr,rfe_catboost,term_home_ownership_60 months__MORTGAGE,0.0,low,authenticated_saved_feature_psi,False
fbv1-035-lendingclub_v2-lr-rfe-catboost-s42,lendingclub_v2,lr,rfe_catboost,term_home_ownership_60 months__OWN,0.0,low,authenticated_saved_feature_psi,False
fbv1-035-lendingclub_v2-lr-rfe-catboost-s42,lendingclub_v2,lr,rfe_catboost,term_home_ownership_60 months__RENT,0.0,low,authenticated_saved_feature_psi,False
fbv1-035-lendingclub_v2-lr-rfe-catboost-s42,lendingclub_v2,lr,rfe_catboost,term_home_ownership_infrequent_sklearn,0.0,low,authenticated_saved_feature_psi,False
fbv1-035-lendingclub_v2-lr-rfe-catboost-s42,lendingclub_v2,lr,rfe_catboost,addr_state_AK,0.0,low,authenticated_saved_feature_psi,False
fbv1-035-lendingclub_v2-lr-rfe-catboost-s42,lendingclub_v2,lr,rfe_catboost,addr_state_AL,0.0,low,authenticated_saved_feature_psi,False
fbv1-035-lendingclub_v2-lr-rfe-catboost-s42,lendingclub_v2,lr,rfe_catboost,addr_state_AR,0.0,low,authenticated_saved_feature_psi,False
fbv1-035-lendingclub_v2-lr-rfe-catboost-s42,lendingclub_v2,lr,rfe_catboost,addr_state_AZ,0.0,low,authenticated_saved_feature_psi,False
fbv1-035-lendingclub_v2-lr-rfe-catboost-s42,lendingclub_v2,lr,rfe_catboost,addr_state_CA,0.0,low,authenticated_saved_feature_psi,False
fbv1-035-lendingclub_v2-lr-rfe-catboost-s42,lendingclub_v2,lr,rfe_catboost,addr_state_CO,0.0,low,authenticated_saved_feature_psi,False
fbv1-035-lendingclub_v2-lr-rfe-catboost-s42,lendingclub_v2,lr,rfe_catboost,addr_state_CT,0.0,low,authenticated_saved_feature_psi,False
fbv1-035-lendingclub_v2-lr-rfe-catboost-s42,lendingclub_v2,lr,rfe_catboost,addr_state_DC,0.0,low,authenticated_saved_feature_psi,False
fbv1-035-lendingclub_v2-lr-rfe-catboost-s42,lendingclub_v2,lr,rfe_catboost,addr_state_DE,0.0,low,authenticated_saved_feature_psi,False
fbv1-035-lendingclub_v2-lr-rfe-catboost-s42,lendingclub_v2,lr,rfe_catboost,addr_state_FL,0.0,low,authenticated_saved_feature_psi,False
fbv1-035-lendingclub_v2-lr-rfe-catboost-s42,lendingclub_v2,lr,rfe_catboost,addr_state_GA,0.0,low,authenticated_saved_feature_psi,False
fbv1-035-lendingclub_v2-lr-rfe-catboost-s42,lendingclub_v2,lr,rfe_catboost,addr_state_HI,0.0,low,authenticated_saved_feature_psi,False
fbv1-035-lendingclub_v2-lr-rfe-catboost-s42,lendingclub_v2,lr,rfe_catboost,addr_state_IL,0.0,low,authenticated_saved_feature_psi,False
fbv1-035-lendingclub_v2-lr-rfe-catboost-s42,lendingclub_v2,lr,rfe_catboost,addr_state_IN,0.0,low,authenticated_saved_feature_psi,False
fbv1-035-lendingclub_v2-lr-rfe-catboost-s42,lendingclub_v2,lr,rfe_catboost,addr_state_KS,0.0,low,authenticated_saved_feature_psi,False
fbv1-035-lendingclub_v2-lr-rfe-catboost-s42,lendingclub_v2,lr,rfe_catboost,addr_state_KY,0.0,low,authenticated_saved_feature_psi,False
fbv1-035-lendingclub_v2-lr-rfe-catboost-s42,lendingclub_v2,lr,rfe_catboost,addr_state_LA,0.0,low,authenticated_saved_feature_psi,False
fbv1-035-lendingclub_v2-lr-rfe-catboost-s42,lendingclub_v2,lr,rfe_catboost,addr_state_MA,0.0,low,authenticated_saved_feature_psi,False
fbv1-035-lendingclub_v2-lr-rfe-catboost-s42,lendingclub_v2,lr,rfe_catboost,addr_state_MD,0.0,low,authenticated_saved_feature_psi,False
fbv1-035-lendingclub_v2-lr-rfe-catboost-s42,lendingclub_v2,lr,rfe_catboost,addr_state_ME,0.0,low,authenticated_saved_feature_psi,False
fbv1-035-lendingclub_v2-lr-rfe-catboost-s42,lendingclub_v2,lr,rfe_catboost,addr_state_MI,0.0,low,authenticated_saved_feature_psi,False
fbv1-035-lendingclub_v2-lr-rfe-catboost-s42,lendingclub_v2,lr,rfe_catboost,addr_state_MN,0.0,low,authenticated_saved_feature_psi,False
fbv1-035-lendingclub_v2-lr-rfe-catboost-s42,lendingclub_v2,lr,rfe_catboost,addr_state_MO,0.0,low,authenticated_saved_feature_psi,False
fbv1-035-lendingclub_v2-lr-rfe-catboost-s42,lendingclub_v2,lr,rfe_catboost,addr_state_MS,0.0,low,authenticated_saved_feature_psi,False
fbv1-035-lendingclub_v2-lr-rfe-catboost-s42,lendingclub_v2,lr,rfe_catboost,addr_state_MT,0.0,low,authenticated_saved_feature_psi,False
fbv1-035-lendingclub_v2-lr-rfe-catboost-s42,lendingclub_v2,lr,rfe_catboost,addr_state_NC,0.0,low,authenticated_saved_feature_psi,False
fbv1-035-lendingclub_v2-lr-rfe-catboost-s42,lendingclub_v2,lr,rfe_catboost,addr_state_ND,0.0,low,authenticated_saved_feature_psi,False
fbv1-035-lendingclub_v2-lr-rfe-catboost-s42,lendingclub_v2,lr,rfe_catboost,addr_state_NE,0.0,low,authenticated_saved_feature_psi,False
fbv1-035-lendingclub_v2-lr-rfe-catboost-s42,lendingclub_v2,lr,rfe_catboost,addr_state_NH,0.0,low,authenticated_saved_feature_psi,False
fbv1-035-lendingclub_v2-lr-rfe-catboost-s42,lendingclub_v2,lr,rfe_catboost,addr_state_NJ,0.0,low,authenticated_saved_feature_psi,False
fbv1-035-lendingclub_v2-lr-rfe-catboost-s42,lendingclub_v2,lr,rfe_catboost,addr_state_NM,0.0,low,authenticated_saved_feature_psi,False
fbv1-035-lendingclub_v2-lr-rfe-catboost-s42,lendingclub_v2,lr,rfe_catboost,addr_state_NV,0.0,low,authenticated_saved_feature_psi,False
fbv1-035-lendingclub_v2-lr-rfe-catboost-s42,lendingclub_v2,lr,rfe_catboost,addr_state_NY,0.0,low,authenticated_saved_feature_psi,False
fbv1-035-lendingclub_v2-lr-rfe-catboost-s42,lendingclub_v2,lr,rfe_catboost,addr_state_OH,0.0,low,authenticated_saved_feature_psi,False
fbv1-035-lendingclub_v2-lr-rfe-catboost-s42,lendingclub_v2,lr,rfe_catboost,addr_state_OK,0.0,low,authenticated_saved_feature_psi,False
fbv1-035-lendingclub_v2-lr-rfe-catboost-s42,lendingclub_v2,lr,rfe_catboost,addr_state_OR,0.0,low,authenticated_saved_feature_psi,False
fbv1-035-lendingclub_v2-lr-rfe-catboost-s42,lendingclub_v2,lr,rfe_catboost,addr_state_PA,0.0,low,authenticated_saved_feature_psi,False
fbv1-035-lendingclub_v2-lr-rfe-catboost-s42,lendingclub_v2,lr,rfe_catboost,addr_state_RI,0.0,low,authenticated_saved_feature_psi,False
fbv1-035-lendingclub_v2-lr-rfe-catboost-s42,lendingclub_v2,lr,rfe_catboost,addr_state_SC,0.0,low,authenticated_saved_feature_psi,False
fbv1-035-lendingclub_v2-lr-rfe-catboost-s42,lendingclub_v2,lr,rfe_catboost,addr_state_SD,0.0,low,authenticated_saved_feature_psi,False
fbv1-035-lendingclub_v2-lr-rfe-catboost-s42,lendingclub_v2,lr,rfe_catboost,addr_state_TN,0.0,low,authenticated_saved_feature_psi,False
fbv1-035-lendingclub_v2-lr-rfe-catboost-s42,lendingclub_v2,lr,rfe_catboost,addr_state_TX,0.0,low,authenticated_saved_feature_psi,False
fbv1-035-lendingclub_v2-lr-rfe-catboost-s42,lendingclub_v2,lr,rfe_catboost,addr_state_UT,0.0,low,authenticated_saved_feature_psi,False
fbv1-035-lendingclub_v2-lr-rfe-catboost-s42,lendingclub_v2,lr,rfe_catboost,addr_state_VA,0.0,low,authenticated_saved_feature_psi,False
fbv1-035-lendingclub_v2-lr-rfe-catboost-s42,lendingclub_v2,lr,rfe_catboost,addr_state_VT,0.0,low,authenticated_saved_feature_psi,False
fbv1-035-lendingclub_v2-lr-rfe-catboost-s42,lendingclub_v2,lr,rfe_catboost,addr_state_WA,0.0,low,authenticated_saved_feature_psi,False
fbv1-035-lendingclub_v2-lr-rfe-catboost-s42,lendingclub_v2,lr,rfe_catboost,addr_state_WI,0.0,low,authenticated_saved_feature_psi,False
fbv1-035-lendingclub_v2-lr-rfe-catboost-s42,lendingclub_v2,lr,rfe_catboost,addr_state_WV,0.0,low,authenticated_saved_feature_psi,False
fbv1-035-lendingclub_v2-lr-rfe-catboost-s42,lendingclub_v2,lr,rfe_catboost,addr_state_WY,0.0,low,authenticated_saved_feature_psi,False
fbv1-035-lendingclub_v2-lr-rfe-catboost-s42,lendingclub_v2,lr,rfe_catboost,addr_state_infrequent_sklearn,0.0,low,authenticated_saved_feature_psi,False
fbv1-035-lendingclub_v2-lr-rfe-catboost-s42,lendingclub_v2,lr,rfe_catboost,purpose_verification_status_car__Not Verified,0.0,low,authenticated_saved_feature_psi,False
fbv1-035-lendingclub_v2-lr-rfe-catboost-s42,lendingclub_v2,lr,rfe_catboost,purpose_verification_status_car__Source Verified,0.0,low,authenticated_saved_feature_psi,False
fbv1-035-lendingclub_v2-lr-rfe-catboost-s42,lendingclub_v2,lr,rfe_catboost,purpose_verification_status_car__Verified,0.0,low,authenticated_saved_feature_psi,False
fbv1-035-lendingclub_v2-lr-rfe-catboost-s42,lendingclub_v2,lr,rfe_catboost,purpose_verification_status_credit_card__Not Verified,0.0,low,authenticated_saved_feature_psi,False
fbv1-035-lendingclub_v2-lr-rfe-catboost-s42,lendingclub_v2,lr,rfe_catboost,purpose_verification_status_credit_card__Source Verified,0.0,low,authenticated_saved_feature_psi,False
fbv1-035-lendingclub_v2-lr-rfe-catboost-s42,lendingclub_v2,lr,rfe_catboost,purpose_verification_status_credit_card__Verified,0.0,low,authenticated_saved_feature_psi,False
fbv1-035-lendingclub_v2-lr-rfe-catboost-s42,lendingclub_v2,lr,rfe_catboost,purpose_verification_status_debt_consolidation__Not Verified,0.0,low,authenticated_saved_feature_psi,False
fbv1-035-lendingclub_v2-lr-rfe-catboost-s42,lendingclub_v2,lr,rfe_catboost,purpose_verification_status_debt_consolidation__Source Verified,0.0,low,authenticated_saved_feature_psi,False
fbv1-035-lendingclub_v2-lr-rfe-catboost-s42,lendingclub_v2,lr,rfe_catboost,purpose_verification_status_debt_consolidation__Verified,0.0,low,authenticated_saved_feature_psi,False
fbv1-035-lendingclub_v2-lr-rfe-catboost-s42,lendingclub_v2,lr,rfe_catboost,purpose_verification_status_home_improvement__Not Verified,0.0,low,authenticated_saved_feature_psi,False
fbv1-035-lendingclub_v2-lr-rfe-catboost-s42,lendingclub_v2,lr,rfe_catboost,purpose_verification_status_home_improvement__Source Verified,0.0,low,authenticated_saved_feature_psi,False
fbv1-035-lendingclub_v2-lr-rfe-catboost-s42,lendingclub_v2,lr,rfe_catboost,purpose_verification_status_home_improvement__Verified,0.0,low,authenticated_saved_feature_psi,False
fbv1-035-lendingclub_v2-lr-rfe-catboost-s42,lendingclub_v2,lr,rfe_catboost,purpose_verification_status_house__Not Verified,0.0,low,authenticated_saved_feature_psi,False
fbv1-035-lendingclub_v2-lr-rfe-catboost-s42,lendingclub_v2,lr,rfe_catboost,purpose_verification_status_house__Source Verified,0.0,low,authenticated_saved_feature_psi,False
fbv1-035-lendingclub_v2-lr-rfe-catboost-s42,lendingclub_v2,lr,rfe_catboost,purpose_verification_status_house__Verified,0.0,low,authenticated_saved_feature_psi,False
fbv1-035-lendingclub_v2-lr-rfe-catboost-s42,lendingclub_v2,lr,rfe_catboost,purpose_verification_status_major_purchase__Not Verified,0.0,low,authenticated_saved_feature_psi,False
fbv1-035-lendingclub_v2-lr-rfe-catboost-s42,lendingclub_v2,lr,rfe_catboost,purpose_verification_status_major_purchase__Source Verified,0.0,low,authenticated_saved_feature_psi,False
fbv1-035-lendingclub_v2-lr-rfe-catboost-s42,lendingclub_v2,lr,rfe_catboost,purpose_verification_status_major_purchase__Verified,0.0,low,authenticated_saved_feature_psi,False
fbv1-035-lendingclub_v2-lr-rfe-catboost-s42,lendingclub_v2,lr,rfe_catboost,purpose_verification_status_medical__Not Verified,0.0,low,authenticated_saved_feature_psi,False
fbv1-035-lendingclub_v2-lr-rfe-catboost-s42,lendingclub_v2,lr,rfe_catboost,purpose_verification_status_medical__Source Verified,0.0,low,authenticated_saved_feature_psi,False
fbv1-035-lendingclub_v2-lr-rfe-catboost-s42,lendingclub_v2,lr,rfe_catboost,purpose_verification_status_medical__Verified,0.0,low,authenticated_saved_feature_psi,False
fbv1-035-lendingclub_v2-lr-rfe-catboost-s42,lendingclub_v2,lr,rfe_catboost,purpose_verification_status_moving__Not Verified,0.0,low,authenticated_saved_feature_psi,False
fbv1-035-lendingclub_v2-lr-rfe-catboost-s42,lendingclub_v2,lr,rfe_catboost,purpose_verification_status_moving__Source Verified,0.0,low,authenticated_saved_feature_psi,False
fbv1-035-lendingclub_v2-lr-rfe-catboost-s42,lendingclub_v2,lr,rfe_catboost,purpose_verification_status_moving__Verified,0.0,low,authenticated_saved_feature_psi,False
fbv1-035-lendingclub_v2-lr-rfe-catboost-s42,lendingclub_v2,lr,rfe_catboost,purpose_verification_status_other__Not Verified,0.0,low,authenticated_saved_feature_psi,False
fbv1-035-lendingclub_v2-lr-rfe-catboost-s42,lendingclub_v2,lr,rfe_catboost,purpose_verification_status_other__Source Verified,0.0,low,authenticated_saved_feature_psi,False
fbv1-035-lendingclub_v2-lr-rfe-catboost-s42,lendingclub_v2,lr,rfe_catboost,purpose_verification_status_other__Verified,0.0,low,authenticated_saved_feature_psi,False
fbv1-035-lendingclub_v2-lr-rfe-catboost-s42,lendingclub_v2,lr,rfe_catboost,purpose_verification_status_renewable_energy__Not Verified,0.0,low,authenticated_saved_feature_psi,False
fbv1-035-lendingclub_v2-lr-rfe-catboost-s42,lendingclub_v2,lr,rfe_catboost,purpose_verification_status_renewable_energy__Source Verified,0.0,low,authenticated_saved_feature_psi,False
fbv1-035-lendingclub_v2-lr-rfe-catboost-s42,lendingclub_v2,lr,rfe_catboost,purpose_verification_status_renewable_energy__Verified,0.0,low,authenticated_saved_feature_psi,False
fbv1-035-lendingclub_v2-lr-rfe-catboost-s42,lendingclub_v2,lr,rfe_catboost,purpose_verification_status_small_business__Not Verified,0.0,low,authenticated_saved_feature_psi,False
fbv1-035-lendingclub_v2-lr-rfe-catboost-s42,lendingclub_v2,lr,rfe_catboost,purpose_verification_status_small_business__Source Verified,0.0,low,authenticated_saved_feature_psi,False
fbv1-035-lendingclub_v2-lr-rfe-catboost-s42,lendingclub_v2,lr,rfe_catboost,purpose_verification_status_small_business__Verified,0.0,low,authenticated_saved_feature_psi,False
fbv1-035-lendingclub_v2-lr-rfe-catboost-s42,lendingclub_v2,lr,rfe_catboost,purpose_verification_status_vacation__Not Verified,0.0,low,authenticated_saved_feature_psi,False
fbv1-035-lendingclub_v2-lr-rfe-catboost-s42,lendingclub_v2,lr,rfe_catboost,purpose_verification_status_vacation__Source Verified,0.0,low,authenticated_saved_feature_psi,False
fbv1-035-lendingclub_v2-lr-rfe-catboost-s42,lendingclub_v2,lr,rfe_catboost,purpose_verification_status_vacation__Verified,0.0,low,authenticated_saved_feature_psi,False
fbv1-035-lendingclub_v2-lr-rfe-catboost-s42,lendingclub_v2,lr,rfe_catboost,purpose_verification_status_infrequent_sklearn,0.0,low,authenticated_saved_feature_psi,False
fbv1-036-lendingclub_v2-catboost-rfe-catboost-s42,lendingclub_v2,catboost,rfe_catboost,total_bc_limit_per_bc_trade,0.0331218526874237,low,authenticated_saved_feature_psi,False
fbv1-036-lendingclub_v2-catboost-rfe-catboost-s42,lendingclub_v2,catboost,rfe_catboost,percent_bc_gt_75,0.0323577278519161,low,authenticated_saved_feature_psi,False
fbv1-036-lendingclub_v2-catboost-rfe-catboost-s42,lendingclub_v2,catboost,rfe_catboost,acc_open_past_24mths_per_total_acc,0.0279079751277425,low,authenticated_saved_feature_psi,False
fbv1-036-lendingclub_v2-catboost-rfe-catboost-s42,lendingclub_v2,catboost,rfe_catboost,acc_open_past_24mths_share,0.0279079751277425,low,authenticated_saved_feature_psi,False
fbv1-036-lendingclub_v2-catboost-rfe-catboost-s42,lendingclub_v2,catboost,rfe_catboost,num_tl_op_past_12m_per_total_acc,0.0181952060772152,low,authenticated_saved_feature_psi,False
fbv1-036-lendingclub_v2-catboost-rfe-catboost-s42,lendingclub_v2,catboost,rfe_catboost,mo_sin_old_rev_tl_op,0.0180084623296454,low,authenticated_saved_feature_psi,False
fbv1-036-lendingclub_v2-catboost-rfe-catboost-s42,lendingclub_v2,catboost,rfe_catboost,term_x_loan_to_income,0.0169743018807053,low,authenticated_saved_feature_psi,False
fbv1-036-lendingclub_v2-catboost-rfe-catboost-s42,lendingclub_v2,catboost,rfe_catboost,log_num_tl_op_past_12m,0.0157202468814718,low,authenticated_saved_feature_psi,False
fbv1-036-lendingclub_v2-catboost-rfe-catboost-s42,lendingclub_v2,catboost,rfe_catboost,dti_x_revol_util,0.015628565883268,low,authenticated_saved_feature_psi,False
fbv1-036-lendingclub_v2-catboost-rfe-catboost-s42,lendingclub_v2,catboost,rfe_catboost,dti_x_bc_util,0.0154729477779661,low,authenticated_saved_feature_psi,False
fbv1-036-lendingclub_v2-catboost-rfe-catboost-s42,lendingclub_v2,catboost,rfe_catboost,log_acc_open_past_24mths,0.0150282310414455,low,authenticated_saved_feature_psi,False
fbv1-036-lendingclub_v2-catboost-rfe-catboost-s42,lendingclub_v2,catboost,rfe_catboost,total_rev_hi_lim_to_loan_amnt,0.0144625700611583,low,authenticated_saved_feature_psi,False
fbv1-036-lendingclub_v2-catboost-rfe-catboost-s42,lendingclub_v2,catboost,rfe_catboost,loan_amnt_to_income,0.012637828456172,low,authenticated_saved_feature_psi,False
fbv1-036-lendingclub_v2-catboost-rfe-catboost-s42,lendingclub_v2,catboost,rfe_catboost,total_bc_limit_to_loan_amnt,0.0125781853725098,low,authenticated_saved_feature_psi,False
fbv1-036-lendingclub_v2-catboost-rfe-catboost-s42,lendingclub_v2,catboost,rfe_catboost,revol_bal_to_loan_amnt,0.0125548411206933,low,authenticated_saved_feature_psi,False
fbv1-036-lendingclub_v2-catboost-rfe-catboost-s42,lendingclub_v2,catboost,rfe_catboost,mort_acc_per_open_acc,0.0077366828243769,low,authenticated_saved_feature_psi,False
fbv1-036-lendingclub_v2-catboost-rfe-catboost-s42,lendingclub_v2,catboost,rfe_catboost,mths_since_recent_bc_inverse_recency,0.0075325702151664,low,authenticated_saved_feature_psi,False
fbv1-036-lendingclub_v2-catboost-rfe-catboost-s42,lendingclub_v2,catboost,rfe_catboost,fico_range_low,0.0049296297322064,low,authenticated_saved_feature_psi,False
fbv1-036-lendingclub_v2-catboost-rfe-catboost-s42,lendingclub_v2,catboost,rfe_catboost,fico_range_high,0.0049296297322064,low,authenticated_saved_feature_psi,False
fbv1-036-lendingclub_v2-catboost-rfe-catboost-s42,lendingclub_v2,catboost,rfe_catboost,fico_mean,0.0049296297322064,low,authenticated_saved_feature_psi,False
fbv1-036-lendingclub_v2-catboost-rfe-catboost-s42,lendingclub_v2,catboost,rfe_catboost,fico_midpoint_scaled,0.0049296297322064,low,authenticated_saved_feature_psi,False
fbv1-036-lendingclub_v2-catboost-rfe-catboost-s42,lendingclub_v2,catboost,rfe_catboost,log_annual_inc,0.0047716352058489,low,authenticated_saved_feature_psi,False
fbv1-036-lendingclub_v2-catboost-rfe-catboost-s42,lendingclub_v2,catboost,rfe_catboost,annual_inc,0.0047716352058489,low,authenticated_saved_feature_psi,False
fbv1-036-lendingclub_v2-catboost-rfe-catboost-s42,lendingclub_v2,catboost,rfe_catboost,total_il_high_credit_limit_to_income,0.0041137682116963,low,authenticated_saved_feature_psi,False
fbv1-036-lendingclub_v2-catboost-rfe-catboost-s42,lendingclub_v2,catboost,rfe_catboost,avg_cur_bal_to_loan_amnt,0.0040595432235471,low,authenticated_saved_feature_psi,False
fbv1-036-lendingclub_v2-catboost-rfe-catboost-s42,lendingclub_v2,catboost,rfe_catboost,log_tot_hi_cred_lim,0.0035504992817773,low,authenticated_saved_feature_psi,False
fbv1-036-lendingclub_v2-catboost-rfe-catboost-s42,lendingclub_v2,catboost,rfe_catboost,credit_history_months,0.003153712263205,low,authenticated_saved_feature_psi,False
fbv1-036-lendingclub_v2-catboost-rfe-catboost-s42,lendingclub_v2,catboost,rfe_catboost,balance_to_high_credit_limit,0.0029630799019905,low,authenticated_saved_feature_psi,False
fbv1-036-lendingclub_v2-catboost-rfe-catboost-s42,lendingclub_v2,catboost,rfe_catboost,inq_last_6mths_per_total_acc,0.0020089871871638,low,authenticated_saved_feature_psi,False
fbv1-036-lendingclub_v2-catboost-rfe-catboost-s42,lendingclub_v2,catboost,rfe_catboost,mths_since_recent_inq_inverse_recency,0.0014022136353445,low,authenticated_saved_feature_psi,False
fbv1-036-lendingclub_v2-catboost-rfe-catboost-s42,lendingclub_v2,catboost,rfe_catboost,dti,0.0010873667543974,low,authenticated_saved_feature_psi,False
fbv1-036-lendingclub_v2-catboost-rfe-catboost-s42,lendingclub_v2,catboost,rfe_catboost,mths_since_last_delinq_inverse_recency,0.0005434050844783,low,authenticated_saved_feature_psi,False
fbv1-036-lendingclub_v2-catboost-rfe-catboost-s42,lendingclub_v2,catboost,rfe_catboost,term_months,0.0,low,authenticated_saved_feature_psi,False
fbv1-036-lendingclub_v2-catboost-rfe-catboost-s42,lendingclub_v2,catboost,rfe_catboost,term_home_ownership_36 months__MORTGAGE,0.0,low,authenticated_saved_feature_psi,False
fbv1-036-lendingclub_v2-catboost-rfe-catboost-s42,lendingclub_v2,catboost,rfe_catboost,term_home_ownership_36 months__OWN,0.0,low,authenticated_saved_feature_psi,False
fbv1-036-lendingclub_v2-catboost-rfe-catboost-s42,lendingclub_v2,catboost,rfe_catboost,term_home_ownership_36 months__RENT,0.0,low,authenticated_saved_feature_psi,False
fbv1-036-lendingclub_v2-catboost-rfe-catboost-s42,lendingclub_v2,catboost,rfe_catboost,term_home_ownership_60 months__MORTGAGE,0.0,low,authenticated_saved_feature_psi,False
fbv1-036-lendingclub_v2-catboost-rfe-catboost-s42,lendingclub_v2,catboost,rfe_catboost,term_home_ownership_60 months__OWN,0.0,low,authenticated_saved_feature_psi,False
fbv1-036-lendingclub_v2-catboost-rfe-catboost-s42,lendingclub_v2,catboost,rfe_catboost,term_home_ownership_60 months__RENT,0.0,low,authenticated_saved_feature_psi,False
fbv1-036-lendingclub_v2-catboost-rfe-catboost-s42,lendingclub_v2,catboost,rfe_catboost,term_home_ownership_infrequent_sklearn,0.0,low,authenticated_saved_feature_psi,False
fbv1-036-lendingclub_v2-catboost-rfe-catboost-s42,lendingclub_v2,catboost,rfe_catboost,term_verification_status_36 months__Not Verified,0.0,low,authenticated_saved_feature_psi,False
fbv1-036-lendingclub_v2-catboost-rfe-catboost-s42,lendingclub_v2,catboost,rfe_catboost,term_verification_status_36 months__Source Verified,0.0,low,authenticated_saved_feature_psi,False
fbv1-036-lendingclub_v2-catboost-rfe-catboost-s42,lendingclub_v2,catboost,rfe_catboost,term_verification_status_36 months__Verified,0.0,low,authenticated_saved_feature_psi,False
fbv1-036-lendingclub_v2-catboost-rfe-catboost-s42,lendingclub_v2,catboost,rfe_catboost,term_verification_status_60 months__Not Verified,0.0,low,authenticated_saved_feature_psi,False
fbv1-036-lendingclub_v2-catboost-rfe-catboost-s42,lendingclub_v2,catboost,rfe_catboost,term_verification_status_60 months__Source Verified,0.0,low,authenticated_saved_feature_psi,False
fbv1-036-lendingclub_v2-catboost-rfe-catboost-s42,lendingclub_v2,catboost,rfe_catboost,term_verification_status_60 months__Verified,0.0,low,authenticated_saved_feature_psi,False
fbv1-036-lendingclub_v2-catboost-rfe-catboost-s42,lendingclub_v2,catboost,rfe_catboost,addr_state_AK,0.0,low,authenticated_saved_feature_psi,False
fbv1-036-lendingclub_v2-catboost-rfe-catboost-s42,lendingclub_v2,catboost,rfe_catboost,addr_state_AL,0.0,low,authenticated_saved_feature_psi,False
fbv1-036-lendingclub_v2-catboost-rfe-catboost-s42,lendingclub_v2,catboost,rfe_catboost,addr_state_AR,0.0,low,authenticated_saved_feature_psi,False
fbv1-036-lendingclub_v2-catboost-rfe-catboost-s42,lendingclub_v2,catboost,rfe_catboost,addr_state_AZ,0.0,low,authenticated_saved_feature_psi,False
fbv1-036-lendingclub_v2-catboost-rfe-catboost-s42,lendingclub_v2,catboost,rfe_catboost,addr_state_CA,0.0,low,authenticated_saved_feature_psi,False
fbv1-036-lendingclub_v2-catboost-rfe-catboost-s42,lendingclub_v2,catboost,rfe_catboost,addr_state_CO,0.0,low,authenticated_saved_feature_psi,False
fbv1-036-lendingclub_v2-catboost-rfe-catboost-s42,lendingclub_v2,catboost,rfe_catboost,addr_state_CT,0.0,low,authenticated_saved_feature_psi,False
fbv1-036-lendingclub_v2-catboost-rfe-catboost-s42,lendingclub_v2,catboost,rfe_catboost,addr_state_DC,0.0,low,authenticated_saved_feature_psi,False
fbv1-036-lendingclub_v2-catboost-rfe-catboost-s42,lendingclub_v2,catboost,rfe_catboost,addr_state_DE,0.0,low,authenticated_saved_feature_psi,False
fbv1-036-lendingclub_v2-catboost-rfe-catboost-s42,lendingclub_v2,catboost,rfe_catboost,addr_state_FL,0.0,low,authenticated_saved_feature_psi,False
fbv1-036-lendingclub_v2-catboost-rfe-catboost-s42,lendingclub_v2,catboost,rfe_catboost,addr_state_GA,0.0,low,authenticated_saved_feature_psi,False
fbv1-036-lendingclub_v2-catboost-rfe-catboost-s42,lendingclub_v2,catboost,rfe_catboost,addr_state_HI,0.0,low,authenticated_saved_feature_psi,False
fbv1-036-lendingclub_v2-catboost-rfe-catboost-s42,lendingclub_v2,catboost,rfe_catboost,addr_state_IL,0.0,low,authenticated_saved_feature_psi,False
fbv1-036-lendingclub_v2-catboost-rfe-catboost-s42,lendingclub_v2,catboost,rfe_catboost,addr_state_IN,0.0,low,authenticated_saved_feature_psi,False
fbv1-036-lendingclub_v2-catboost-rfe-catboost-s42,lendingclub_v2,catboost,rfe_catboost,addr_state_KS,0.0,low,authenticated_saved_feature_psi,False
fbv1-036-lendingclub_v2-catboost-rfe-catboost-s42,lendingclub_v2,catboost,rfe_catboost,addr_state_KY,0.0,low,authenticated_saved_feature_psi,False
fbv1-036-lendingclub_v2-catboost-rfe-catboost-s42,lendingclub_v2,catboost,rfe_catboost,addr_state_LA,0.0,low,authenticated_saved_feature_psi,False
fbv1-036-lendingclub_v2-catboost-rfe-catboost-s42,lendingclub_v2,catboost,rfe_catboost,addr_state_MA,0.0,low,authenticated_saved_feature_psi,False
fbv1-036-lendingclub_v2-catboost-rfe-catboost-s42,lendingclub_v2,catboost,rfe_catboost,addr_state_MD,0.0,low,authenticated_saved_feature_psi,False
fbv1-036-lendingclub_v2-catboost-rfe-catboost-s42,lendingclub_v2,catboost,rfe_catboost,addr_state_ME,0.0,low,authenticated_saved_feature_psi,False
fbv1-036-lendingclub_v2-catboost-rfe-catboost-s42,lendingclub_v2,catboost,rfe_catboost,addr_state_MI,0.0,low,authenticated_saved_feature_psi,False
fbv1-036-lendingclub_v2-catboost-rfe-catboost-s42,lendingclub_v2,catboost,rfe_catboost,addr_state_MN,0.0,low,authenticated_saved_feature_psi,False
fbv1-036-lendingclub_v2-catboost-rfe-catboost-s42,lendingclub_v2,catboost,rfe_catboost,addr_state_MO,0.0,low,authenticated_saved_feature_psi,False
fbv1-036-lendingclub_v2-catboost-rfe-catboost-s42,lendingclub_v2,catboost,rfe_catboost,addr_state_MS,0.0,low,authenticated_saved_feature_psi,False
fbv1-036-lendingclub_v2-catboost-rfe-catboost-s42,lendingclub_v2,catboost,rfe_catboost,addr_state_MT,0.0,low,authenticated_saved_feature_psi,False
fbv1-036-lendingclub_v2-catboost-rfe-catboost-s42,lendingclub_v2,catboost,rfe_catboost,addr_state_NC,0.0,low,authenticated_saved_feature_psi,False
fbv1-036-lendingclub_v2-catboost-rfe-catboost-s42,lendingclub_v2,catboost,rfe_catboost,addr_state_ND,0.0,low,authenticated_saved_feature_psi,False
fbv1-036-lendingclub_v2-catboost-rfe-catboost-s42,lendingclub_v2,catboost,rfe_catboost,addr_state_NE,0.0,low,authenticated_saved_feature_psi,False
fbv1-036-lendingclub_v2-catboost-rfe-catboost-s42,lendingclub_v2,catboost,rfe_catboost,addr_state_NH,0.0,low,authenticated_saved_feature_psi,False
fbv1-036-lendingclub_v2-catboost-rfe-catboost-s42,lendingclub_v2,catboost,rfe_catboost,addr_state_NJ,0.0,low,authenticated_saved_feature_psi,False
fbv1-036-lendingclub_v2-catboost-rfe-catboost-s42,lendingclub_v2,catboost,rfe_catboost,addr_state_NM,0.0,low,authenticated_saved_feature_psi,False
fbv1-036-lendingclub_v2-catboost-rfe-catboost-s42,lendingclub_v2,catboost,rfe_catboost,addr_state_NV,0.0,low,authenticated_saved_feature_psi,False
fbv1-036-lendingclub_v2-catboost-rfe-catboost-s42,lendingclub_v2,catboost,rfe_catboost,addr_state_NY,0.0,low,authenticated_saved_feature_psi,False
fbv1-036-lendingclub_v2-catboost-rfe-catboost-s42,lendingclub_v2,catboost,rfe_catboost,addr_state_OH,0.0,low,authenticated_saved_feature_psi,False
fbv1-036-lendingclub_v2-catboost-rfe-catboost-s42,lendingclub_v2,catboost,rfe_catboost,addr_state_OK,0.0,low,authenticated_saved_feature_psi,False
fbv1-036-lendingclub_v2-catboost-rfe-catboost-s42,lendingclub_v2,catboost,rfe_catboost,addr_state_OR,0.0,low,authenticated_saved_feature_psi,False
fbv1-036-lendingclub_v2-catboost-rfe-catboost-s42,lendingclub_v2,catboost,rfe_catboost,addr_state_PA,0.0,low,authenticated_saved_feature_psi,False
fbv1-036-lendingclub_v2-catboost-rfe-catboost-s42,lendingclub_v2,catboost,rfe_catboost,addr_state_RI,0.0,low,authenticated_saved_feature_psi,False
fbv1-036-lendingclub_v2-catboost-rfe-catboost-s42,lendingclub_v2,catboost,rfe_catboost,addr_state_SC,0.0,low,authenticated_saved_feature_psi,False
fbv1-036-lendingclub_v2-catboost-rfe-catboost-s42,lendingclub_v2,catboost,rfe_catboost,addr_state_SD,0.0,low,authenticated_saved_feature_psi,False
fbv1-036-lendingclub_v2-catboost-rfe-catboost-s42,lendingclub_v2,catboost,rfe_catboost,addr_state_TN,0.0,low,authenticated_saved_feature_psi,False
fbv1-036-lendingclub_v2-catboost-rfe-catboost-s42,lendingclub_v2,catboost,rfe_catboost,addr_state_TX,0.0,low,authenticated_saved_feature_psi,False
fbv1-036-lendingclub_v2-catboost-rfe-catboost-s42,lendingclub_v2,catboost,rfe_catboost,addr_state_UT,0.0,low,authenticated_saved_feature_psi,False
fbv1-036-lendingclub_v2-catboost-rfe-catboost-s42,lendingclub_v2,catboost,rfe_catboost,addr_state_VA,0.0,low,authenticated_saved_feature_psi,False
fbv1-036-lendingclub_v2-catboost-rfe-catboost-s42,lendingclub_v2,catboost,rfe_catboost,addr_state_VT,0.0,low,authenticated_saved_feature_psi,False
fbv1-036-lendingclub_v2-catboost-rfe-catboost-s42,lendingclub_v2,catboost,rfe_catboost,addr_state_WA,0.0,low,authenticated_saved_feature_psi,False
fbv1-036-lendingclub_v2-catboost-rfe-catboost-s42,lendingclub_v2,catboost,rfe_catboost,addr_state_WI,0.0,low,authenticated_saved_feature_psi,False
fbv1-036-lendingclub_v2-catboost-rfe-catboost-s42,lendingclub_v2,catboost,rfe_catboost,addr_state_WV,0.0,low,authenticated_saved_feature_psi,False
fbv1-036-lendingclub_v2-catboost-rfe-catboost-s42,lendingclub_v2,catboost,rfe_catboost,addr_state_WY,0.0,low,authenticated_saved_feature_psi,False
fbv1-036-lendingclub_v2-catboost-rfe-catboost-s42,lendingclub_v2,catboost,rfe_catboost,addr_state_infrequent_sklearn,0.0,low,authenticated_saved_feature_psi,False
fbv1-036-lendingclub_v2-catboost-rfe-catboost-s42,lendingclub_v2,catboost,rfe_catboost,purpose_verification_status_car__Not Verified,0.0,low,authenticated_saved_feature_psi,False
fbv1-036-lendingclub_v2-catboost-rfe-catboost-s42,lendingclub_v2,catboost,rfe_catboost,purpose_verification_status_car__Source Verified,0.0,low,authenticated_saved_feature_psi,False
fbv1-036-lendingclub_v2-catboost-rfe-catboost-s42,lendingclub_v2,catboost,rfe_catboost,purpose_verification_status_car__Verified,0.0,low,authenticated_saved_feature_psi,False
fbv1-036-lendingclub_v2-catboost-rfe-catboost-s42,lendingclub_v2,catboost,rfe_catboost,purpose_verification_status_credit_card__Not Verified,0.0,low,authenticated_saved_feature_psi,False
fbv1-036-lendingclub_v2-catboost-rfe-catboost-s42,lendingclub_v2,catboost,rfe_catboost,purpose_verification_status_credit_card__Source Verified,0.0,low,authenticated_saved_feature_psi,False
fbv1-036-lendingclub_v2-catboost-rfe-catboost-s42,lendingclub_v2,catboost,rfe_catboost,purpose_verification_status_credit_card__Verified,0.0,low,authenticated_saved_feature_psi,False
fbv1-036-lendingclub_v2-catboost-rfe-catboost-s42,lendingclub_v2,catboost,rfe_catboost,purpose_verification_status_debt_consolidation__Not Verified,0.0,low,authenticated_saved_feature_psi,False
fbv1-036-lendingclub_v2-catboost-rfe-catboost-s42,lendingclub_v2,catboost,rfe_catboost,purpose_verification_status_debt_consolidation__Source Verified,0.0,low,authenticated_saved_feature_psi,False
fbv1-036-lendingclub_v2-catboost-rfe-catboost-s42,lendingclub_v2,catboost,rfe_catboost,purpose_verification_status_debt_consolidation__Verified,0.0,low,authenticated_saved_feature_psi,False
fbv1-036-lendingclub_v2-catboost-rfe-catboost-s42,lendingclub_v2,catboost,rfe_catboost,purpose_verification_status_home_improvement__Not Verified,0.0,low,authenticated_saved_feature_psi,False
fbv1-036-lendingclub_v2-catboost-rfe-catboost-s42,lendingclub_v2,catboost,rfe_catboost,purpose_verification_status_home_improvement__Source Verified,0.0,low,authenticated_saved_feature_psi,False
fbv1-036-lendingclub_v2-catboost-rfe-catboost-s42,lendingclub_v2,catboost,rfe_catboost,purpose_verification_status_home_improvement__Verified,0.0,low,authenticated_saved_feature_psi,False
fbv1-036-lendingclub_v2-catboost-rfe-catboost-s42,lendingclub_v2,catboost,rfe_catboost,purpose_verification_status_house__Not Verified,0.0,low,authenticated_saved_feature_psi,False
fbv1-036-lendingclub_v2-catboost-rfe-catboost-s42,lendingclub_v2,catboost,rfe_catboost,purpose_verification_status_house__Source Verified,0.0,low,authenticated_saved_feature_psi,False
fbv1-036-lendingclub_v2-catboost-rfe-catboost-s42,lendingclub_v2,catboost,rfe_catboost,purpose_verification_status_house__Verified,0.0,low,authenticated_saved_feature_psi,False
fbv1-036-lendingclub_v2-catboost-rfe-catboost-s42,lendingclub_v2,catboost,rfe_catboost,purpose_verification_status_major_purchase__Not Verified,0.0,low,authenticated_saved_feature_psi,False
fbv1-036-lendingclub_v2-catboost-rfe-catboost-s42,lendingclub_v2,catboost,rfe_catboost,purpose_verification_status_major_purchase__Source Verified,0.0,low,authenticated_saved_feature_psi,False
fbv1-036-lendingclub_v2-catboost-rfe-catboost-s42,lendingclub_v2,catboost,rfe_catboost,purpose_verification_status_major_purchase__Verified,0.0,low,authenticated_saved_feature_psi,False
fbv1-036-lendingclub_v2-catboost-rfe-catboost-s42,lendingclub_v2,catboost,rfe_catboost,purpose_verification_status_medical__Not Verified,0.0,low,authenticated_saved_feature_psi,False
fbv1-036-lendingclub_v2-catboost-rfe-catboost-s42,lendingclub_v2,catboost,rfe_catboost,purpose_verification_status_medical__Source Verified,0.0,low,authenticated_saved_feature_psi,False
fbv1-036-lendingclub_v2-catboost-rfe-catboost-s42,lendingclub_v2,catboost,rfe_catboost,purpose_verification_status_medical__Verified,0.0,low,authenticated_saved_feature_psi,False
fbv1-036-lendingclub_v2-catboost-rfe-catboost-s42,lendingclub_v2,catboost,rfe_catboost,purpose_verification_status_moving__Not Verified,0.0,low,authenticated_saved_feature_psi,False
fbv1-036-lendingclub_v2-catboost-rfe-catboost-s42,lendingclub_v2,catboost,rfe_catboost,purpose_verification_status_moving__Source Verified,0.0,low,authenticated_saved_feature_psi,False
fbv1-036-lendingclub_v2-catboost-rfe-catboost-s42,lendingclub_v2,catboost,rfe_catboost,purpose_verification_status_moving__Verified,0.0,low,authenticated_saved_feature_psi,False
fbv1-036-lendingclub_v2-catboost-rfe-catboost-s42,lendingclub_v2,catboost,rfe_catboost,purpose_verification_status_other__Not Verified,0.0,low,authenticated_saved_feature_psi,False
fbv1-036-lendingclub_v2-catboost-rfe-catboost-s42,lendingclub_v2,catboost,rfe_catboost,purpose_verification_status_other__Source Verified,0.0,low,authenticated_saved_feature_psi,False
fbv1-036-lendingclub_v2-catboost-rfe-catboost-s42,lendingclub_v2,catboost,rfe_catboost,purpose_verification_status_other__Verified,0.0,low,authenticated_saved_feature_psi,False
fbv1-036-lendingclub_v2-catboost-rfe-catboost-s42,lendingclub_v2,catboost,rfe_catboost,purpose_verification_status_renewable_energy__Not Verified,0.0,low,authenticated_saved_feature_psi,False
fbv1-036-lendingclub_v2-catboost-rfe-catboost-s42,lendingclub_v2,catboost,rfe_catboost,purpose_verification_status_renewable_energy__Source Verified,0.0,low,authenticated_saved_feature_psi,False
fbv1-036-lendingclub_v2-catboost-rfe-catboost-s42,lendingclub_v2,catboost,rfe_catboost,purpose_verification_status_renewable_energy__Verified,0.0,low,authenticated_saved_feature_psi,False
fbv1-036-lendingclub_v2-catboost-rfe-catboost-s42,lendingclub_v2,catboost,rfe_catboost,purpose_verification_status_small_business__Not Verified,0.0,low,authenticated_saved_feature_psi,False
fbv1-036-lendingclub_v2-catboost-rfe-catboost-s42,lendingclub_v2,catboost,rfe_catboost,purpose_verification_status_small_business__Source Verified,0.0,low,authenticated_saved_feature_psi,False
fbv1-036-lendingclub_v2-catboost-rfe-catboost-s42,lendingclub_v2,catboost,rfe_catboost,purpose_verification_status_small_business__Verified,0.0,low,authenticated_saved_feature_psi,False
fbv1-036-lendingclub_v2-catboost-rfe-catboost-s42,lendingclub_v2,catboost,rfe_catboost,purpose_verification_status_vacation__Not Verified,0.0,low,authenticated_saved_feature_psi,False
fbv1-036-lendingclub_v2-catboost-rfe-catboost-s42,lendingclub_v2,catboost,rfe_catboost,purpose_verification_status_vacation__Source Verified,0.0,low,authenticated_saved_feature_psi,False
fbv1-036-lendingclub_v2-catboost-rfe-catboost-s42,lendingclub_v2,catboost,rfe_catboost,purpose_verification_status_vacation__Verified,0.0,low,authenticated_saved_feature_psi,False
fbv1-036-lendingclub_v2-catboost-rfe-catboost-s42,lendingclub_v2,catboost,rfe_catboost,purpose_verification_status_infrequent_sklearn,0.0,low,authenticated_saved_feature_psi,False
fbv1-036-lendingclub_v2-catboost-rfe-catboost-s42,lendingclub_v2,catboost,rfe_catboost,term_36 months,0.0,low,authenticated_saved_feature_psi,False
fbv1-036-lendingclub_v2-catboost-rfe-catboost-s42,lendingclub_v2,catboost,rfe_catboost,term_60 months,0.0,low,authenticated_saved_feature_psi,False
fbv1-036-lendingclub_v2-catboost-rfe-catboost-s42,lendingclub_v2,catboost,rfe_catboost,emp_length_1 year,0.0,low,authenticated_saved_feature_psi,False
fbv1-036-lendingclub_v2-catboost-rfe-catboost-s42,lendingclub_v2,catboost,rfe_catboost,emp_length_10+ years,0.0,low,authenticated_saved_feature_psi,False
fbv1-036-lendingclub_v2-catboost-rfe-catboost-s42,lendingclub_v2,catboost,rfe_catboost,emp_length_2 years,0.0,low,authenticated_saved_feature_psi,False
fbv1-036-lendingclub_v2-catboost-rfe-catboost-s42,lendingclub_v2,catboost,rfe_catboost,emp_length_3 years,0.0,low,authenticated_saved_feature_psi,False
fbv1-036-lendingclub_v2-catboost-rfe-catboost-s42,lendingclub_v2,catboost,rfe_catboost,emp_length_4 years,0.0,low,authenticated_saved_feature_psi,False
fbv1-036-lendingclub_v2-catboost-rfe-catboost-s42,lendingclub_v2,catboost,rfe_catboost,emp_length_5 years,0.0,low,authenticated_saved_feature_psi,False
fbv1-036-lendingclub_v2-catboost-rfe-catboost-s42,lendingclub_v2,catboost,rfe_catboost,emp_length_6 years,0.0,low,authenticated_saved_feature_psi,False
fbv1-036-lendingclub_v2-catboost-rfe-catboost-s42,lendingclub_v2,catboost,rfe_catboost,emp_length_7 years,0.0,low,authenticated_saved_feature_psi,False
fbv1-036-lendingclub_v2-catboost-rfe-catboost-s42,lendingclub_v2,catboost,rfe_catboost,emp_length_8 years,0.0,low,authenticated_saved_feature_psi,False
fbv1-036-lendingclub_v2-catboost-rfe-catboost-s42,lendingclub_v2,catboost,rfe_catboost,emp_length_9 years,0.0,low,authenticated_saved_feature_psi,False
fbv1-036-lendingclub_v2-catboost-rfe-catboost-s42,lendingclub_v2,catboost,rfe_catboost,emp_length_< 1 year,0.0,low,authenticated_saved_feature_psi,False
fbv1-036-lendingclub_v2-catboost-rfe-catboost-s42,lendingclub_v2,catboost,rfe_catboost,emp_length_Missing,0.0,low,authenticated_saved_feature_psi,False
fbv1-036-lendingclub_v2-catboost-rfe-catboost-s42,lendingclub_v2,catboost,rfe_catboost,home_ownership_group_mortgage,0.0,low,authenticated_saved_feature_psi,False
fbv1-036-lendingclub_v2-catboost-rfe-catboost-s42,lendingclub_v2,catboost,rfe_catboost,home_ownership_group_own,0.0,low,authenticated_saved_feature_psi,False
fbv1-036-lendingclub_v2-catboost-rfe-catboost-s42,lendingclub_v2,catboost,rfe_catboost,home_ownership_group_rent,0.0,low,authenticated_saved_feature_psi,False
fbv1-036-lendingclub_v2-catboost-rfe-catboost-s42,lendingclub_v2,catboost,rfe_catboost,home_ownership_group_infrequent_sklearn,0.0,low,authenticated_saved_feature_psi,False
