evidence_class,active_or_historical,dataset,method,model,artifact_role,relative_path,bytes,sha256,authenticated,authentication_reference,notes
baseline,active,homecredit,boruta_random_forest,catboost,manifest,results/full_baseline_v1/runs/homecredit/fbv1-030-homecredit-catboost-boruta-random-forest-s42/manifest.json,17960,a4639f6eba79c14b069a5f2c7e6f47041a3d7b271a0a3177a1c22224da70d18d,True,cleanup/audits/prompt_11_selector_combinations/baseline_completion_authentication.json,
baseline,active,homecredit,boruta_random_forest,catboost,manifested_payload,results/full_baseline_v1/runs/homecredit/fbv1-030-homecredit-catboost-boruta-random-forest-s42/checkpoint.json,15075,c77b0fdbdaf2a37ca64fdd007ea10f80cd26dcfdfb35407fb309e41a26b9b318,True,results/full_baseline_v1/runs/homecredit/fbv1-030-homecredit-catboost-boruta-random-forest-s42/manifest.json,
baseline,active,homecredit,boruta_random_forest,catboost,manifested_payload,results/full_baseline_v1/runs/homecredit/fbv1-030-homecredit-catboost-boruta-random-forest-s42/config.json,4859,63220a7e009a21f24d6e7dc93933ca711af395311503512ab9bb2f199107d24a,True,results/full_baseline_v1/runs/homecredit/fbv1-030-homecredit-catboost-boruta-random-forest-s42/manifest.json,
baseline,active,homecredit,boruta_random_forest,catboost,manifested_payload,results/full_baseline_v1/runs/homecredit/fbv1-030-homecredit-catboost-boruta-random-forest-s42/fold_selections.csv,17438,db6e283a6ad2adce246b3a6e5fc1933558921a93b9e70a0d334ab514dcbd1b01,True,results/full_baseline_v1/runs/homecredit/fbv1-030-homecredit-catboost-boruta-random-forest-s42/manifest.json,
baseline,active,homecredit,boruta_random_forest,catboost,manifested_payload,results/full_baseline_v1/runs/homecredit/fbv1-030-homecredit-catboost-boruta-random-forest-s42/metrics.csv,1630,f7ea47a61bf3e4eddb937b07e6afde1798bc85daaac7fb4a87a80be4d41f6de1,True,results/full_baseline_v1/runs/homecredit/fbv1-030-homecredit-catboost-boruta-random-forest-s42/manifest.json,
baseline,active,homecredit,boruta_random_forest,catboost,manifested_payload,results/full_baseline_v1/runs/homecredit/fbv1-030-homecredit-catboost-boruta-random-forest-s42/predictions_dev.csv,44434488,1a33980e927310305518752a40d7e36a0f2410d7d9942150b5f978160cd503ac,True,results/full_baseline_v1/runs/homecredit/fbv1-030-homecredit-catboost-boruta-random-forest-s42/manifest.json,
baseline,active,homecredit,boruta_random_forest,catboost,manifested_payload,results/full_baseline_v1/runs/homecredit/fbv1-030-homecredit-catboost-boruta-random-forest-s42/predictions_oot.csv,53831249,216ba2735bec1204a3acaf15da6bd4653da5de8aebdeb75ddbcfe3257158d853,True,results/full_baseline_v1/runs/homecredit/fbv1-030-homecredit-catboost-boruta-random-forest-s42/manifest.json,
baseline,active,homecredit,boruta_random_forest,catboost,manifested_payload,results/full_baseline_v1/runs/homecredit/fbv1-030-homecredit-catboost-boruta-random-forest-s42/preflight.json,5649,04dffe0eb46fea93ece18af5bae9523a061df1e2e6b5cccb3d06061cd3eef48e,True,results/full_baseline_v1/runs/homecredit/fbv1-030-homecredit-catboost-boruta-random-forest-s42/manifest.json,
baseline,active,homecredit,boruta_random_forest,catboost,manifested_payload,results/full_baseline_v1/runs/homecredit/fbv1-030-homecredit-catboost-boruta-random-forest-s42/resource_usage.json,171019,6e7db9d45ae178badb5e75414c8f5240bfdb80d1c574078a411e779a77bd16f9,True,results/full_baseline_v1/runs/homecredit/fbv1-030-homecredit-catboost-boruta-random-forest-s42/manifest.json,
baseline,active,homecredit,boruta_random_forest,catboost,manifested_payload,results/full_baseline_v1/runs/homecredit/fbv1-030-homecredit-catboost-boruta-random-forest-s42/run.log,5880,4b5e85743be246aa9a26694a251395f095ab9fd29c8f433a30318531f5387555,True,results/full_baseline_v1/runs/homecredit/fbv1-030-homecredit-catboost-boruta-random-forest-s42/manifest.json,
baseline,active,homecredit,boruta_random_forest,catboost,manifested_payload,results/full_baseline_v1/runs/homecredit/fbv1-030-homecredit-catboost-boruta-random-forest-s42/selected_features.csv,4101,1b9b4b6f04c068dd3145e57af4dea30c63839b75645b282dc4c53e7d1743217c,True,results/full_baseline_v1/runs/homecredit/fbv1-030-homecredit-catboost-boruta-random-forest-s42/manifest.json,
baseline,active,homecredit,boruta_random_forest,catboost,manifested_payload,results/full_baseline_v1/runs/homecredit/fbv1-030-homecredit-catboost-boruta-random-forest-s42/stability.csv,573,2d5bd86ae5f03a4eacbccb6e9f770319dabf76557abcd863fb53ec60679165a4,True,results/full_baseline_v1/runs/homecredit/fbv1-030-homecredit-catboost-boruta-random-forest-s42/manifest.json,
baseline,active,homecredit,boruta_random_forest,catboost,success_marker,results/full_baseline_v1/runs/homecredit/fbv1-030-homecredit-catboost-boruta-random-forest-s42/_SUCCESS,27,7b899def00a8c12399e1255ba9bb969caed9784ff70d26cdec6c983c74d6613f,True,results/full_baseline_v1/runs/homecredit/fbv1-030-homecredit-catboost-boruta-random-forest-s42/manifest.json,
baseline,active,homecredit,boruta_random_forest,lr,manifest,results/full_baseline_v1/runs/homecredit/fbv1-029-homecredit-lr-boruta-random-forest-s42/manifest.json,17864,fe8d81263b48026d55a23d8bd734c3cd60bd1cf5d3aaa6368e37dcb7441fed07,True,cleanup/audits/prompt_11_selector_combinations/baseline_completion_authentication.json,
baseline,active,homecredit,boruta_random_forest,lr,manifested_payload,results/full_baseline_v1/runs/homecredit/fbv1-029-homecredit-lr-boruta-random-forest-s42/checkpoint.json,15051,c16a914dd4552a7e9eebaf2873ddfffa745f1800d4983600e43add6541a6dfd6,True,results/full_baseline_v1/runs/homecredit/fbv1-029-homecredit-lr-boruta-random-forest-s42/manifest.json,
baseline,active,homecredit,boruta_random_forest,lr,manifested_payload,results/full_baseline_v1/runs/homecredit/fbv1-029-homecredit-lr-boruta-random-forest-s42/config.json,4829,d9dd1ce0ca42d995b642979144b9b1203cb5b61b1b7468ac0a0aa5c26137cadf,True,results/full_baseline_v1/runs/homecredit/fbv1-029-homecredit-lr-boruta-random-forest-s42/manifest.json,
baseline,active,homecredit,boruta_random_forest,lr,manifested_payload,results/full_baseline_v1/runs/homecredit/fbv1-029-homecredit-lr-boruta-random-forest-s42/fold_selections.csv,8826,92f847cf0bc710cab4c5c12daa34d53aef23bc4ec99a47b0778913a3ec0e294c,True,results/full_baseline_v1/runs/homecredit/fbv1-029-homecredit-lr-boruta-random-forest-s42/manifest.json,
baseline,active,homecredit,boruta_random_forest,lr,manifested_payload,results/full_baseline_v1/runs/homecredit/fbv1-029-homecredit-lr-boruta-random-forest-s42/metrics.csv,1613,c008f1cfaabdfa066e512aa100c69861094006df2ea960627a56c0983476e9d2,True,results/full_baseline_v1/runs/homecredit/fbv1-029-homecredit-lr-boruta-random-forest-s42/manifest.json,
baseline,active,homecredit,boruta_random_forest,lr,manifested_payload,results/full_baseline_v1/runs/homecredit/fbv1-029-homecredit-lr-boruta-random-forest-s42/predictions_dev.csv,43231780,2cf197fafe4fd04ab50d99a3ea82cdea5912f962d560bc1cf15af00287ba1523,True,results/full_baseline_v1/runs/homecredit/fbv1-029-homecredit-lr-boruta-random-forest-s42/manifest.json,
baseline,active,homecredit,boruta_random_forest,lr,manifested_payload,results/full_baseline_v1/runs/homecredit/fbv1-029-homecredit-lr-boruta-random-forest-s42/predictions_oot.csv,52373390,7f48947c4fe53b0324ef4f8ae830d3027d7acc511e335fb78444830c0e4f8f3e,True,results/full_baseline_v1/runs/homecredit/fbv1-029-homecredit-lr-boruta-random-forest-s42/manifest.json,
baseline,active,homecredit,boruta_random_forest,lr,manifested_payload,results/full_baseline_v1/runs/homecredit/fbv1-029-homecredit-lr-boruta-random-forest-s42/preflight.json,5649,04dffe0eb46fea93ece18af5bae9523a061df1e2e6b5cccb3d06061cd3eef48e,True,results/full_baseline_v1/runs/homecredit/fbv1-029-homecredit-lr-boruta-random-forest-s42/manifest.json,
baseline,active,homecredit,boruta_random_forest,lr,manifested_payload,results/full_baseline_v1/runs/homecredit/fbv1-029-homecredit-lr-boruta-random-forest-s42/resource_usage.json,155877,29215eadfd0b130298ba231268ed7bfd78d4e7cf324b70f19ce1115bec822e0d,True,results/full_baseline_v1/runs/homecredit/fbv1-029-homecredit-lr-boruta-random-forest-s42/manifest.json,
baseline,active,homecredit,boruta_random_forest,lr,manifested_payload,results/full_baseline_v1/runs/homecredit/fbv1-029-homecredit-lr-boruta-random-forest-s42/run.log,5856,09b49ecf33ded9b0cd35f30b9ea20174924508928edc3755400b61c94631d44a,True,results/full_baseline_v1/runs/homecredit/fbv1-029-homecredit-lr-boruta-random-forest-s42/manifest.json,
baseline,active,homecredit,boruta_random_forest,lr,manifested_payload,results/full_baseline_v1/runs/homecredit/fbv1-029-homecredit-lr-boruta-random-forest-s42/selected_features.csv,1861,88e1fe14345ae64068bddfb46881e86760bee5a824bea621df7c7ba8083f3e45,True,results/full_baseline_v1/runs/homecredit/fbv1-029-homecredit-lr-boruta-random-forest-s42/manifest.json,
baseline,active,homecredit,boruta_random_forest,lr,manifested_payload,results/full_baseline_v1/runs/homecredit/fbv1-029-homecredit-lr-boruta-random-forest-s42/stability.csv,556,0e5cd90f9231b76030d6d591521117c5dd09030ce6a48969af5af4d9f5284974,True,results/full_baseline_v1/runs/homecredit/fbv1-029-homecredit-lr-boruta-random-forest-s42/manifest.json,
baseline,active,homecredit,boruta_random_forest,lr,success_marker,results/full_baseline_v1/runs/homecredit/fbv1-029-homecredit-lr-boruta-random-forest-s42/_SUCCESS,27,e37131672f1f2e84bba59f593de7ce53239660492bcfcbdbd76275f1ed8fd1c3,True,results/full_baseline_v1/runs/homecredit/fbv1-029-homecredit-lr-boruta-random-forest-s42/manifest.json,
baseline,active,homecredit,catboost_shap,catboost,manifest,results/full_baseline_v1/runs/homecredit/fbv1-026-homecredit-catboost-catboost-shap-s42/manifest.json,17768,d794798891e57ba642cffb1efef852ed084574927eee523accbb20264f1b03cb,True,cleanup/audits/prompt_11_selector_combinations/baseline_completion_authentication.json,
baseline,active,homecredit,catboost_shap,catboost,manifested_payload,results/full_baseline_v1/runs/homecredit/fbv1-026-homecredit-catboost-catboost-shap-s42/checkpoint.json,15046,54d06585395b575571ea3a10dd17f0b427f2f61f13b4acf831d3bcb5adf52a85,True,results/full_baseline_v1/runs/homecredit/fbv1-026-homecredit-catboost-catboost-shap-s42/manifest.json,
baseline,active,homecredit,catboost_shap,catboost,manifested_payload,results/full_baseline_v1/runs/homecredit/fbv1-026-homecredit-catboost-catboost-shap-s42/config.json,4730,d60ae13faae6f43f253741d9e4c57ae13ec14def1ed57fd3e1b508afcbf715ff,True,results/full_baseline_v1/runs/homecredit/fbv1-026-homecredit-catboost-catboost-shap-s42/manifest.json,
baseline,active,homecredit,catboost_shap,catboost,manifested_payload,results/full_baseline_v1/runs/homecredit/fbv1-026-homecredit-catboost-catboost-shap-s42/fold_selections.csv,16731,a4af9b01bc9b547b7720132a96305f138d671eff42270eae016bef15072d26f3,True,results/full_baseline_v1/runs/homecredit/fbv1-026-homecredit-catboost-catboost-shap-s42/manifest.json,
baseline,active,homecredit,catboost_shap,catboost,manifested_payload,results/full_baseline_v1/runs/homecredit/fbv1-026-homecredit-catboost-catboost-shap-s42/metrics.csv,1603,6cdc478b60d37a53f47c942bb833e4617d196b409e951023efceb39d9606bbe1,True,results/full_baseline_v1/runs/homecredit/fbv1-026-homecredit-catboost-catboost-shap-s42/manifest.json,
baseline,active,homecredit,catboost_shap,catboost,manifested_payload,results/full_baseline_v1/runs/homecredit/fbv1-026-homecredit-catboost-catboost-shap-s42/predictions_dev.csv,43054204,6b48c1db87898bcfc69a4b82d938d8d24ac523c03056f23fbb1964a9eae22638,True,results/full_baseline_v1/runs/homecredit/fbv1-026-homecredit-catboost-catboost-shap-s42/manifest.json,
baseline,active,homecredit,catboost_shap,catboost,manifested_payload,results/full_baseline_v1/runs/homecredit/fbv1-026-homecredit-catboost-catboost-shap-s42/predictions_oot.csv,52158009,8ac6b8bb2538e0b80ac2ccc689c8a8748e2227faaf680d650f86d8b8c989641a,True,results/full_baseline_v1/runs/homecredit/fbv1-026-homecredit-catboost-catboost-shap-s42/manifest.json,
baseline,active,homecredit,catboost_shap,catboost,manifested_payload,results/full_baseline_v1/runs/homecredit/fbv1-026-homecredit-catboost-catboost-shap-s42/preflight.json,5649,04dffe0eb46fea93ece18af5bae9523a061df1e2e6b5cccb3d06061cd3eef48e,True,results/full_baseline_v1/runs/homecredit/fbv1-026-homecredit-catboost-catboost-shap-s42/manifest.json,
baseline,active,homecredit,catboost_shap,catboost,manifested_payload,results/full_baseline_v1/runs/homecredit/fbv1-026-homecredit-catboost-catboost-shap-s42/resource_usage.json,49506,886a4862798e19df2f763cdacc584a1bd2da943771e0fe7ee2f173b3d7699368,True,results/full_baseline_v1/runs/homecredit/fbv1-026-homecredit-catboost-catboost-shap-s42/manifest.json,
baseline,active,homecredit,catboost_shap,catboost,manifested_payload,results/full_baseline_v1/runs/homecredit/fbv1-026-homecredit-catboost-catboost-shap-s42/run.log,7362,a3822e7c2c047418df23a6bb8a12f67ba43f5e79519646adb00ec2c3eac15e3a,True,results/full_baseline_v1/runs/homecredit/fbv1-026-homecredit-catboost-catboost-shap-s42/manifest.json,
baseline,active,homecredit,catboost_shap,catboost,manifested_payload,results/full_baseline_v1/runs/homecredit/fbv1-026-homecredit-catboost-catboost-shap-s42/selected_features.csv,3671,bb3409512075d82ec2df56ee7ed867913adabb0750f4cde7ce9b737e741018d4,True,results/full_baseline_v1/runs/homecredit/fbv1-026-homecredit-catboost-catboost-shap-s42/manifest.json,
baseline,active,homecredit,catboost_shap,catboost,manifested_payload,results/full_baseline_v1/runs/homecredit/fbv1-026-homecredit-catboost-catboost-shap-s42/stability.csv,545,d1e069317938cf87da938938702f7109d4c1bc9975c009f63574fb98e7a33e22,True,results/full_baseline_v1/runs/homecredit/fbv1-026-homecredit-catboost-catboost-shap-s42/manifest.json,
baseline,active,homecredit,catboost_shap,catboost,success_marker,results/full_baseline_v1/runs/homecredit/fbv1-026-homecredit-catboost-catboost-shap-s42/_SUCCESS,27,40dba83ee865180bf2094a6cd87f7e3e7dc58d2c51c8e05467e22e4d33e0dcec,True,results/full_baseline_v1/runs/homecredit/fbv1-026-homecredit-catboost-catboost-shap-s42/manifest.json,
baseline,active,homecredit,catboost_shap,lr,manifest,results/full_baseline_v1/runs/homecredit/fbv1-025-homecredit-lr-catboost-shap-s42/manifest.json,17720,a485cc7a30e694c88cc2d7ee79a1f014fa65a33956ecadd4135bda128b3b530d,True,cleanup/audits/prompt_11_selector_combinations/baseline_completion_authentication.json,
baseline,active,homecredit,catboost_shap,lr,manifested_payload,results/full_baseline_v1/runs/homecredit/fbv1-025-homecredit-lr-catboost-shap-s42/checkpoint.json,15022,d76aa6924729bd5e58026260750d87956351355984fc1108988ed3a3a4f4fb8b,True,results/full_baseline_v1/runs/homecredit/fbv1-025-homecredit-lr-catboost-shap-s42/manifest.json,
baseline,active,homecredit,catboost_shap,lr,manifested_payload,results/full_baseline_v1/runs/homecredit/fbv1-025-homecredit-lr-catboost-shap-s42/config.json,4700,994f46a2a8a4f9c43a501f5609a42e62489a76b90e93d830df401e10d8be7f07,True,results/full_baseline_v1/runs/homecredit/fbv1-025-homecredit-lr-catboost-shap-s42/manifest.json,
baseline,active,homecredit,catboost_shap,lr,manifested_payload,results/full_baseline_v1/runs/homecredit/fbv1-025-homecredit-lr-catboost-shap-s42/fold_selections.csv,7529,70847d2af54312f7d15939da20b0b4dfe1e641caf8a11b73e575a10035b6d7ff,True,results/full_baseline_v1/runs/homecredit/fbv1-025-homecredit-lr-catboost-shap-s42/manifest.json,
baseline,active,homecredit,catboost_shap,lr,manifested_payload,results/full_baseline_v1/runs/homecredit/fbv1-025-homecredit-lr-catboost-shap-s42/metrics.csv,1588,2d154df379f51859341e5d9f30813e2a132bbd4ac9abcc13f73e5956f9149027,True,results/full_baseline_v1/runs/homecredit/fbv1-025-homecredit-lr-catboost-shap-s42/manifest.json,
baseline,active,homecredit,catboost_shap,lr,manifested_payload,results/full_baseline_v1/runs/homecredit/fbv1-025-homecredit-lr-catboost-shap-s42/predictions_dev.csv,41845457,b52d4025bf55a6b4eb344018e1bfbf96a1fcff275ff7dbafba3704f16e0d0ac4,True,results/full_baseline_v1/runs/homecredit/fbv1-025-homecredit-lr-catboost-shap-s42/manifest.json,
baseline,active,homecredit,catboost_shap,lr,manifested_payload,results/full_baseline_v1/runs/homecredit/fbv1-025-homecredit-lr-catboost-shap-s42/predictions_oot.csv,50693371,880ec9c9eeee514cf53dcd46c93a2bcc60fc56b9a341694d8933e74f82e59086,True,results/full_baseline_v1/runs/homecredit/fbv1-025-homecredit-lr-catboost-shap-s42/manifest.json,
baseline,active,homecredit,catboost_shap,lr,manifested_payload,results/full_baseline_v1/runs/homecredit/fbv1-025-homecredit-lr-catboost-shap-s42/preflight.json,5649,04dffe0eb46fea93ece18af5bae9523a061df1e2e6b5cccb3d06061cd3eef48e,True,results/full_baseline_v1/runs/homecredit/fbv1-025-homecredit-lr-catboost-shap-s42/manifest.json,
baseline,active,homecredit,catboost_shap,lr,manifested_payload,results/full_baseline_v1/runs/homecredit/fbv1-025-homecredit-lr-catboost-shap-s42/resource_usage.json,25872,9c035010613545c74174c7f8a47db521f221511bdc17cc2a103c992239f46b39,True,results/full_baseline_v1/runs/homecredit/fbv1-025-homecredit-lr-catboost-shap-s42/manifest.json,
baseline,active,homecredit,catboost_shap,lr,manifested_payload,results/full_baseline_v1/runs/homecredit/fbv1-025-homecredit-lr-catboost-shap-s42/run.log,7337,e666796c278739d0b0c6b6956af7b3617896066b767f52744f2d7698d90e14ab,True,results/full_baseline_v1/runs/homecredit/fbv1-025-homecredit-lr-catboost-shap-s42/manifest.json,
baseline,active,homecredit,catboost_shap,lr,manifested_payload,results/full_baseline_v1/runs/homecredit/fbv1-025-homecredit-lr-catboost-shap-s42/selected_features.csv,1710,354650dbcb4f24486eac3ec0bf95f0b8c5c9c5e359882a41df568c87b7a9c7eb,True,results/full_baseline_v1/runs/homecredit/fbv1-025-homecredit-lr-catboost-shap-s42/manifest.json,
baseline,active,homecredit,catboost_shap,lr,manifested_payload,results/full_baseline_v1/runs/homecredit/fbv1-025-homecredit-lr-catboost-shap-s42/stability.csv,558,dde5525cb7eba057219804b80d835ba1247da7dcdc9478c8a7021f5256047ba4,True,results/full_baseline_v1/runs/homecredit/fbv1-025-homecredit-lr-catboost-shap-s42/manifest.json,
baseline,active,homecredit,catboost_shap,lr,success_marker,results/full_baseline_v1/runs/homecredit/fbv1-025-homecredit-lr-catboost-shap-s42/_SUCCESS,27,a10b7b89739fe8dc084bdb455a7869d89d019856336c51d983631964ff45d555,True,results/full_baseline_v1/runs/homecredit/fbv1-025-homecredit-lr-catboost-shap-s42/manifest.json,
baseline,active,homecredit,full_features,catboost,manifest,results/full_baseline_v1/runs/homecredit/fbv1-002-homecredit-catboost-full-features-s42/manifest.json,15872,1ecca88c35d5e6d92785b230e947ae497eecc97fe6a3fcf608ca0de8f63b6394,True,cleanup/audits/prompt_11_selector_combinations/baseline_completion_authentication.json,
baseline,active,homecredit,full_features,catboost,manifested_payload,results/full_baseline_v1/runs/homecredit/fbv1-002-homecredit-catboost-full-features-s42/checkpoint.json,15051,29f2525ac2a4622d35e9b6b2b87d9bad2e0354e847b99ab83c65040aeb5890d7,True,results/full_baseline_v1/runs/homecredit/fbv1-002-homecredit-catboost-full-features-s42/manifest.json,
baseline,active,homecredit,full_features,catboost,manifested_payload,results/full_baseline_v1/runs/homecredit/fbv1-002-homecredit-catboost-full-features-s42/config.json,4060,46aec762be9eba58db19424acb41de68328c43c82ad2d452fefd5c270c948333,True,results/full_baseline_v1/runs/homecredit/fbv1-002-homecredit-catboost-full-features-s42/manifest.json,
baseline,active,homecredit,full_features,catboost,manifested_payload,results/full_baseline_v1/runs/homecredit/fbv1-002-homecredit-catboost-full-features-s42/fold_selections.csv,243855,6893d0cfd206e161c33efef6c680bfe863aa271962b539f723dfaced809b377f,True,results/full_baseline_v1/runs/homecredit/fbv1-002-homecredit-catboost-full-features-s42/manifest.json,
baseline,active,homecredit,full_features,catboost,manifested_payload,results/full_baseline_v1/runs/homecredit/fbv1-002-homecredit-catboost-full-features-s42/metrics.csv,1601,a6227667ec1c02a3a72e5be13fd05db14c437d1e99d1c5bc7b4f8b63e5474d0d,True,results/full_baseline_v1/runs/homecredit/fbv1-002-homecredit-catboost-full-features-s42/manifest.json,
baseline,active,homecredit,full_features,catboost,manifested_payload,results/full_baseline_v1/runs/homecredit/fbv1-002-homecredit-catboost-full-features-s42/predictions_dev.csv,43056855,dd2c89ce041829ee38aba7198712224df04773104f1379ccd6896dfd03e40b2a,True,results/full_baseline_v1/runs/homecredit/fbv1-002-homecredit-catboost-full-features-s42/manifest.json,
baseline,active,homecredit,full_features,catboost,manifested_payload,results/full_baseline_v1/runs/homecredit/fbv1-002-homecredit-catboost-full-features-s42/predictions_oot.csv,52161375,472cfee6590fdfa73d565423b1f1a0f79e531cdaa61e5a47b62cd492abfdd1f7,True,results/full_baseline_v1/runs/homecredit/fbv1-002-homecredit-catboost-full-features-s42/manifest.json,
baseline,active,homecredit,full_features,catboost,manifested_payload,results/full_baseline_v1/runs/homecredit/fbv1-002-homecredit-catboost-full-features-s42/preflight.json,4863,54765a993e8beaa43e85584b012ff6edde959c73df09e3607f289f183ef466b5,True,results/full_baseline_v1/runs/homecredit/fbv1-002-homecredit-catboost-full-features-s42/manifest.json,
baseline,active,homecredit,full_features,catboost,manifested_payload,results/full_baseline_v1/runs/homecredit/fbv1-002-homecredit-catboost-full-features-s42/resource_usage.json,922858,eb78ba95e24f0b126b7e685fd3aab71204d1e7dadd2b87f1191bca94f113d247,True,results/full_baseline_v1/runs/homecredit/fbv1-002-homecredit-catboost-full-features-s42/manifest.json,
baseline,active,homecredit,full_features,catboost,manifested_payload,results/full_baseline_v1/runs/homecredit/fbv1-002-homecredit-catboost-full-features-s42/run.log,3818,84b1cde3e6e625752adb7c90964cbac549be3b82efb7a5aefe7bb56bd9e0b2b6,True,results/full_baseline_v1/runs/homecredit/fbv1-002-homecredit-catboost-full-features-s42/manifest.json,
baseline,active,homecredit,full_features,catboost,manifested_payload,results/full_baseline_v1/runs/homecredit/fbv1-002-homecredit-catboost-full-features-s42/selected_features.csv,53055,fc60d6ee2e0273b56c86c9029b1fdb37c5b515987528aa363eaaa60bd531d904,True,results/full_baseline_v1/runs/homecredit/fbv1-002-homecredit-catboost-full-features-s42/manifest.json,
baseline,active,homecredit,full_features,catboost,manifested_payload,results/full_baseline_v1/runs/homecredit/fbv1-002-homecredit-catboost-full-features-s42/stability.csv,434,111aa31988906083099bd58854c5f22a6aaca74e584740fc49e4ab49a7702bb5,True,results/full_baseline_v1/runs/homecredit/fbv1-002-homecredit-catboost-full-features-s42/manifest.json,
baseline,active,homecredit,full_features,catboost,success_marker,results/full_baseline_v1/runs/homecredit/fbv1-002-homecredit-catboost-full-features-s42/_SUCCESS,27,dcb49cd264b944f9403946096fbc263e00e821337b8899d531e5b97eaf51e2ed,True,results/full_baseline_v1/runs/homecredit/fbv1-002-homecredit-catboost-full-features-s42/manifest.json,
baseline,active,homecredit,full_features,lr,manifest,results/full_baseline_v1/runs/homecredit/fbv1-001-homecredit-lr-full-features-s42/manifest.json,15854,db5245e61782a2bd504416c65bc9ff46d1cfd3db56380492be0f98a952e3850e,True,cleanup/audits/prompt_11_selector_combinations/baseline_completion_authentication.json,
baseline,active,homecredit,full_features,lr,manifested_payload,results/full_baseline_v1/runs/homecredit/fbv1-001-homecredit-lr-full-features-s42/checkpoint.json,15440,4e2fa73321ff6e43f9568f9b22260c9e49af5c24a2deeb80d954c191d020a8f5,True,results/full_baseline_v1/runs/homecredit/fbv1-001-homecredit-lr-full-features-s42/manifest.json,
baseline,active,homecredit,full_features,lr,manifested_payload,results/full_baseline_v1/runs/homecredit/fbv1-001-homecredit-lr-full-features-s42/config.json,4030,1ace5199ee502763d1ca383efe1c2c9a670de6741e45929538ef00479cd5ba8a,True,results/full_baseline_v1/runs/homecredit/fbv1-001-homecredit-lr-full-features-s42/manifest.json,
baseline,active,homecredit,full_features,lr,manifested_payload,results/full_baseline_v1/runs/homecredit/fbv1-001-homecredit-lr-full-features-s42/fold_selections.csv,243855,6893d0cfd206e161c33efef6c680bfe863aa271962b539f723dfaced809b377f,True,results/full_baseline_v1/runs/homecredit/fbv1-001-homecredit-lr-full-features-s42/manifest.json,
baseline,active,homecredit,full_features,lr,manifested_payload,results/full_baseline_v1/runs/homecredit/fbv1-001-homecredit-lr-full-features-s42/metrics.csv,1581,e61783f1267e84b56b267975da2b77be1cf21d03373c8b2d4ef6902e412dc786,True,results/full_baseline_v1/runs/homecredit/fbv1-001-homecredit-lr-full-features-s42/manifest.json,
baseline,active,homecredit,full_features,lr,manifested_payload,results/full_baseline_v1/runs/homecredit/fbv1-001-homecredit-lr-full-features-s42/predictions_dev.csv,41852580,87e188cb6f338462af24f95177d1aea3c5adc754743bdb9e457579e8e6bd176e,True,results/full_baseline_v1/runs/homecredit/fbv1-001-homecredit-lr-full-features-s42/manifest.json,
baseline,active,homecredit,full_features,lr,manifested_payload,results/full_baseline_v1/runs/homecredit/fbv1-001-homecredit-lr-full-features-s42/predictions_oot.csv,50703685,4abf2d809d8ba1e2338c47c1035a481a63a020f6d1dee7b4305f9b228bd13739,True,results/full_baseline_v1/runs/homecredit/fbv1-001-homecredit-lr-full-features-s42/manifest.json,
baseline,active,homecredit,full_features,lr,manifested_payload,results/full_baseline_v1/runs/homecredit/fbv1-001-homecredit-lr-full-features-s42/preflight.json,4860,c85412ca43e2b8b88b2182123dcf82021989d3bbf89c0cd731d61ba08170a263,True,results/full_baseline_v1/runs/homecredit/fbv1-001-homecredit-lr-full-features-s42/manifest.json,
baseline,active,homecredit,full_features,lr,manifested_payload,results/full_baseline_v1/runs/homecredit/fbv1-001-homecredit-lr-full-features-s42/resource_usage.json,540335,3d424d014c039b9636fd3b191aa1214824cdd21be7eb42368df8d7af5c4ea061,True,results/full_baseline_v1/runs/homecredit/fbv1-001-homecredit-lr-full-features-s42/manifest.json,
baseline,active,homecredit,full_features,lr,manifested_payload,results/full_baseline_v1/runs/homecredit/fbv1-001-homecredit-lr-full-features-s42/run.log,3791,cf5c4b04d272d22e05c0cbe31921190a04639172513c64d3b5c3782d3e2d4c96,True,results/full_baseline_v1/runs/homecredit/fbv1-001-homecredit-lr-full-features-s42/manifest.json,
baseline,active,homecredit,full_features,lr,manifested_payload,results/full_baseline_v1/runs/homecredit/fbv1-001-homecredit-lr-full-features-s42/selected_features.csv,53055,fc60d6ee2e0273b56c86c9029b1fdb37c5b515987528aa363eaaa60bd531d904,True,results/full_baseline_v1/runs/homecredit/fbv1-001-homecredit-lr-full-features-s42/manifest.json,
baseline,active,homecredit,full_features,lr,manifested_payload,results/full_baseline_v1/runs/homecredit/fbv1-001-homecredit-lr-full-features-s42/stability.csv,434,111aa31988906083099bd58854c5f22a6aaca74e584740fc49e4ab49a7702bb5,True,results/full_baseline_v1/runs/homecredit/fbv1-001-homecredit-lr-full-features-s42/manifest.json,
baseline,active,homecredit,full_features,lr,success_marker,results/full_baseline_v1/runs/homecredit/fbv1-001-homecredit-lr-full-features-s42/_SUCCESS,27,30a307d9166b95107019dfdd377f751cb85f3221c853021892989ee99d49be57,True,results/full_baseline_v1/runs/homecredit/fbv1-001-homecredit-lr-full-features-s42/manifest.json,
baseline,active,homecredit,iv_woe,catboost,manifest,results/full_baseline_v1/runs/homecredit/fbv1-010-homecredit-catboost-iv-woe-s42/manifest.json,17168,b270f09444dfe8dc3d4e4d43015f80a732bf19da27e58eada80be5aa7cad3f9a,True,cleanup/audits/prompt_11_selector_combinations/baseline_completion_authentication.json,
baseline,active,homecredit,iv_woe,catboost,manifested_payload,results/full_baseline_v1/runs/homecredit/fbv1-010-homecredit-catboost-iv-woe-s42/checkpoint.json,15018,b9f225c6822f9bb3033151f5e625fdf7094b9084f50dd7de8851b26772bb6017,True,results/full_baseline_v1/runs/homecredit/fbv1-010-homecredit-catboost-iv-woe-s42/manifest.json,
baseline,active,homecredit,iv_woe,catboost,manifested_payload,results/full_baseline_v1/runs/homecredit/fbv1-010-homecredit-catboost-iv-woe-s42/config.json,4239,c1d51909f585f9869a4ad56444d41a347fc1154ac6bcbdcd69c70abcdeb5f039,True,results/full_baseline_v1/runs/homecredit/fbv1-010-homecredit-catboost-iv-woe-s42/manifest.json,
baseline,active,homecredit,iv_woe,catboost,manifested_payload,results/full_baseline_v1/runs/homecredit/fbv1-010-homecredit-catboost-iv-woe-s42/fold_selections.csv,16400,4f72e601422fbd8f53abec2e32f68e08389691d8c05c9b082bcf5627d658f64a,True,results/full_baseline_v1/runs/homecredit/fbv1-010-homecredit-catboost-iv-woe-s42/manifest.json,
baseline,active,homecredit,iv_woe,catboost,manifested_payload,results/full_baseline_v1/runs/homecredit/fbv1-010-homecredit-catboost-iv-woe-s42/metrics.csv,1579,cd151cd69666740aee7d10b051b7f4baa5ccecea467b56e147ece3e78b4938c0,True,results/full_baseline_v1/runs/homecredit/fbv1-010-homecredit-catboost-iv-woe-s42/manifest.json,
baseline,active,homecredit,iv_woe,catboost,manifested_payload,results/full_baseline_v1/runs/homecredit/fbv1-010-homecredit-catboost-iv-woe-s42/predictions_dev.csv,41662559,75543dee3e33a48a741d64880d2a18c032eb60bf27e69b923a4ffa9e8398a94b,True,results/full_baseline_v1/runs/homecredit/fbv1-010-homecredit-catboost-iv-woe-s42/manifest.json,
baseline,active,homecredit,iv_woe,catboost,manifested_payload,results/full_baseline_v1/runs/homecredit/fbv1-010-homecredit-catboost-iv-woe-s42/predictions_oot.csv,50472650,d0f96d310507f5383cd5f9c1638c7d59224e2155cdaa1da9338a525a0cb0e91f,True,results/full_baseline_v1/runs/homecredit/fbv1-010-homecredit-catboost-iv-woe-s42/manifest.json,
baseline,active,homecredit,iv_woe,catboost,manifested_payload,results/full_baseline_v1/runs/homecredit/fbv1-010-homecredit-catboost-iv-woe-s42/preflight.json,5649,04dffe0eb46fea93ece18af5bae9523a061df1e2e6b5cccb3d06061cd3eef48e,True,results/full_baseline_v1/runs/homecredit/fbv1-010-homecredit-catboost-iv-woe-s42/manifest.json,
baseline,active,homecredit,iv_woe,catboost,manifested_payload,results/full_baseline_v1/runs/homecredit/fbv1-010-homecredit-catboost-iv-woe-s42/resource_usage.json,34388,c420fffb9165d5b3a6800f662849b9d034e894d8fe8f3fb0c1d1338865592f9a,True,results/full_baseline_v1/runs/homecredit/fbv1-010-homecredit-catboost-iv-woe-s42/manifest.json,
baseline,active,homecredit,iv_woe,catboost,manifested_payload,results/full_baseline_v1/runs/homecredit/fbv1-010-homecredit-catboost-iv-woe-s42/run.log,3755,7dc69befd5dbc67632694b6e84be662636929509d783fdedc465899f4394cbd0,True,results/full_baseline_v1/runs/homecredit/fbv1-010-homecredit-catboost-iv-woe-s42/manifest.json,
baseline,active,homecredit,iv_woe,catboost,manifested_payload,results/full_baseline_v1/runs/homecredit/fbv1-010-homecredit-catboost-iv-woe-s42/selected_features.csv,3615,5bda108753f1e2027bc5625134c976aba065a92f8f6a17a7cee805fa5f9a0729,True,results/full_baseline_v1/runs/homecredit/fbv1-010-homecredit-catboost-iv-woe-s42/manifest.json,
baseline,active,homecredit,iv_woe,catboost,manifested_payload,results/full_baseline_v1/runs/homecredit/fbv1-010-homecredit-catboost-iv-woe-s42/stability.csv,573,b99414ebff69a5c7991addfd8bb8fa0ccbff4cd3e05242f58a668afbad4ee1b5,True,results/full_baseline_v1/runs/homecredit/fbv1-010-homecredit-catboost-iv-woe-s42/manifest.json,
baseline,active,homecredit,iv_woe,catboost,success_marker,results/full_baseline_v1/runs/homecredit/fbv1-010-homecredit-catboost-iv-woe-s42/_SUCCESS,27,0bb10c3f9dad3005fe97c9f122f7e21ff372c3d393f79674460dc9e15f027aa4,True,results/full_baseline_v1/runs/homecredit/fbv1-010-homecredit-catboost-iv-woe-s42/manifest.json,
baseline,active,homecredit,iv_woe,lr,manifest,results/full_baseline_v1/runs/homecredit/fbv1-009-homecredit-lr-iv-woe-s42/manifest.json,17116,27594ae95392569a588cbd21ddc9edc4052202bffd7b6eb7c4f92943adb02c0d,True,cleanup/audits/prompt_11_selector_combinations/baseline_completion_authentication.json,
baseline,active,homecredit,iv_woe,lr,manifested_payload,results/full_baseline_v1/runs/homecredit/fbv1-009-homecredit-lr-iv-woe-s42/checkpoint.json,14994,262dbb7ad7dee7b9d59283348cf65bbd50e0f668b7b94194a0e26e036996deaf,True,results/full_baseline_v1/runs/homecredit/fbv1-009-homecredit-lr-iv-woe-s42/manifest.json,
baseline,active,homecredit,iv_woe,lr,manifested_payload,results/full_baseline_v1/runs/homecredit/fbv1-009-homecredit-lr-iv-woe-s42/config.json,4208,a605cefade5997f8433baab6e1fbb95ec0389e017bda148671f489b68b076a0d,True,results/full_baseline_v1/runs/homecredit/fbv1-009-homecredit-lr-iv-woe-s42/manifest.json,
baseline,active,homecredit,iv_woe,lr,manifested_payload,results/full_baseline_v1/runs/homecredit/fbv1-009-homecredit-lr-iv-woe-s42/fold_selections.csv,7591,959b371cab2a9f406bcf919167f8e7229f1f881ab5b86e95f47de80965491084,True,results/full_baseline_v1/runs/homecredit/fbv1-009-homecredit-lr-iv-woe-s42/manifest.json,
baseline,active,homecredit,iv_woe,lr,manifested_payload,results/full_baseline_v1/runs/homecredit/fbv1-009-homecredit-lr-iv-woe-s42/metrics.csv,1559,2577880815c863f19ab16a49fb04d072a5e8d60c4e03523f0e1970ab02f84cd5,True,results/full_baseline_v1/runs/homecredit/fbv1-009-homecredit-lr-iv-woe-s42/manifest.json,
baseline,active,homecredit,iv_woe,lr,manifested_payload,results/full_baseline_v1/runs/homecredit/fbv1-009-homecredit-lr-iv-woe-s42/predictions_dev.csv,40456582,289b5baa2a1adc8103c0d2fce0e5ef4a023ffe896402efbf5992ed116d9b913c,True,results/full_baseline_v1/runs/homecredit/fbv1-009-homecredit-lr-iv-woe-s42/manifest.json,
baseline,active,homecredit,iv_woe,lr,manifested_payload,results/full_baseline_v1/runs/homecredit/fbv1-009-homecredit-lr-iv-woe-s42/predictions_oot.csv,49012038,e95d74e4673b7e9e2a000cd21a33b7791643ff9145b154177366b072d13d4188,True,results/full_baseline_v1/runs/homecredit/fbv1-009-homecredit-lr-iv-woe-s42/manifest.json,
baseline,active,homecredit,iv_woe,lr,manifested_payload,results/full_baseline_v1/runs/homecredit/fbv1-009-homecredit-lr-iv-woe-s42/preflight.json,5649,04dffe0eb46fea93ece18af5bae9523a061df1e2e6b5cccb3d06061cd3eef48e,True,results/full_baseline_v1/runs/homecredit/fbv1-009-homecredit-lr-iv-woe-s42/manifest.json,
baseline,active,homecredit,iv_woe,lr,manifested_payload,results/full_baseline_v1/runs/homecredit/fbv1-009-homecredit-lr-iv-woe-s42/resource_usage.json,17867,f1c314f1e31cdf184e8ff5cae4b30da2f0ce81146d7bc2b0aa89979f23bde78f,True,results/full_baseline_v1/runs/homecredit/fbv1-009-homecredit-lr-iv-woe-s42/manifest.json,
baseline,active,homecredit,iv_woe,lr,manifested_payload,results/full_baseline_v1/runs/homecredit/fbv1-009-homecredit-lr-iv-woe-s42/run.log,3729,f2a77fad28ed697bc7b2b9059b5ad23accbaf0820b3877019d92a5a2000603c5,True,results/full_baseline_v1/runs/homecredit/fbv1-009-homecredit-lr-iv-woe-s42/manifest.json,
baseline,active,homecredit,iv_woe,lr,manifested_payload,results/full_baseline_v1/runs/homecredit/fbv1-009-homecredit-lr-iv-woe-s42/selected_features.csv,1726,55b2fbf77549a978e58199a6ffc7a0b09a29bf4136251178f9ae0bf9640ae652,True,results/full_baseline_v1/runs/homecredit/fbv1-009-homecredit-lr-iv-woe-s42/manifest.json,
baseline,active,homecredit,iv_woe,lr,manifested_payload,results/full_baseline_v1/runs/homecredit/fbv1-009-homecredit-lr-iv-woe-s42/stability.csv,572,cddfc7e3e5127ce4a73f1d5dc41c5ce06adc4ccbafd70bfcc247719312c2a1d5,True,results/full_baseline_v1/runs/homecredit/fbv1-009-homecredit-lr-iv-woe-s42/manifest.json,
baseline,active,homecredit,iv_woe,lr,success_marker,results/full_baseline_v1/runs/homecredit/fbv1-009-homecredit-lr-iv-woe-s42/_SUCCESS,27,df1c3fcc6ab6d67fc9f08a029aad2b971f7d90bb11ada16ddf91c4d3b47eea87,True,results/full_baseline_v1/runs/homecredit/fbv1-009-homecredit-lr-iv-woe-s42/manifest.json,
baseline,active,homecredit,lasso_l1_logistic,catboost,manifest,results/full_baseline_v1/runs/homecredit/fbv1-018-homecredit-catboost-lasso-l1-logistic-s42/manifest.json,17449,234922a8144b8bdc695a0b936e323ecb47004ca5c3114ab8f79bb58c81bc52e1,True,cleanup/audits/prompt_11_selector_combinations/baseline_completion_authentication.json,
baseline,active,homecredit,lasso_l1_logistic,catboost,manifested_payload,results/full_baseline_v1/runs/homecredit/fbv1-018-homecredit-catboost-lasso-l1-logistic-s42/checkpoint.json,15062,b01fce28dd2bbbf748b9057a2948a001299252aae82b86b695b982e4d0c05f2b,True,results/full_baseline_v1/runs/homecredit/fbv1-018-homecredit-catboost-lasso-l1-logistic-s42/manifest.json,
baseline,active,homecredit,lasso_l1_logistic,catboost,manifested_payload,results/full_baseline_v1/runs/homecredit/fbv1-018-homecredit-catboost-lasso-l1-logistic-s42/config.json,4411,2010213ed19cbc3f43d2f45e35c99b4479c3deab99d41ebe0dce0b0cdab5e551,True,results/full_baseline_v1/runs/homecredit/fbv1-018-homecredit-catboost-lasso-l1-logistic-s42/manifest.json,
baseline,active,homecredit,lasso_l1_logistic,catboost,manifested_payload,results/full_baseline_v1/runs/homecredit/fbv1-018-homecredit-catboost-lasso-l1-logistic-s42/fold_selections.csv,17518,11e647bc4eec0a0edabc54db8cb3493018f9af28a4f0a16c8adbc6e5c1c118e0,True,results/full_baseline_v1/runs/homecredit/fbv1-018-homecredit-catboost-lasso-l1-logistic-s42/manifest.json,
baseline,active,homecredit,lasso_l1_logistic,catboost,manifested_payload,results/full_baseline_v1/runs/homecredit/fbv1-018-homecredit-catboost-lasso-l1-logistic-s42/metrics.csv,1620,85718b3c6463c35a4b218b8d81b6fcf2170940b1af7bf49fb7fd54dff17ebdfb,True,results/full_baseline_v1/runs/homecredit/fbv1-018-homecredit-catboost-lasso-l1-logistic-s42/manifest.json,
baseline,active,homecredit,lasso_l1_logistic,catboost,manifested_payload,results/full_baseline_v1/runs/homecredit/fbv1-018-homecredit-catboost-lasso-l1-logistic-s42/predictions_dev.csv,43845377,9b151507a12d2b16d72001630e786b2554137374a6576465c4c279fd8a42f99c,True,results/full_baseline_v1/runs/homecredit/fbv1-018-homecredit-catboost-lasso-l1-logistic-s42/manifest.json,
baseline,active,homecredit,lasso_l1_logistic,catboost,manifested_payload,results/full_baseline_v1/runs/homecredit/fbv1-018-homecredit-catboost-lasso-l1-logistic-s42/predictions_oot.csv,53116706,a2cec8a5260736dc1f05e83e3c95c8a504bb6ef1137315f8d4b8c9ff560bfe6e,True,results/full_baseline_v1/runs/homecredit/fbv1-018-homecredit-catboost-lasso-l1-logistic-s42/manifest.json,
baseline,active,homecredit,lasso_l1_logistic,catboost,manifested_payload,results/full_baseline_v1/runs/homecredit/fbv1-018-homecredit-catboost-lasso-l1-logistic-s42/preflight.json,5649,04dffe0eb46fea93ece18af5bae9523a061df1e2e6b5cccb3d06061cd3eef48e,True,results/full_baseline_v1/runs/homecredit/fbv1-018-homecredit-catboost-lasso-l1-logistic-s42/manifest.json,
baseline,active,homecredit,lasso_l1_logistic,catboost,manifested_payload,results/full_baseline_v1/runs/homecredit/fbv1-018-homecredit-catboost-lasso-l1-logistic-s42/resource_usage.json,55076,4d95601138557d5deff6a8e1b027e30f79f5ab380066a0b77f9bbeed7114578a,True,results/full_baseline_v1/runs/homecredit/fbv1-018-homecredit-catboost-lasso-l1-logistic-s42/manifest.json,
baseline,active,homecredit,lasso_l1_logistic,catboost,manifested_payload,results/full_baseline_v1/runs/homecredit/fbv1-018-homecredit-catboost-lasso-l1-logistic-s42/run.log,3821,f653d59df76413d01b016f9423ead46169f3baf4085f5e0a3863d6306aa35bed,True,results/full_baseline_v1/runs/homecredit/fbv1-018-homecredit-catboost-lasso-l1-logistic-s42/manifest.json,
baseline,active,homecredit,lasso_l1_logistic,catboost,manifested_payload,results/full_baseline_v1/runs/homecredit/fbv1-018-homecredit-catboost-lasso-l1-logistic-s42/selected_features.csv,3881,80f66a18f9925c988fa9b07cc416e49d0e185092c07087841729928d3f6e09ac,True,results/full_baseline_v1/runs/homecredit/fbv1-018-homecredit-catboost-lasso-l1-logistic-s42/manifest.json,
baseline,active,homecredit,lasso_l1_logistic,catboost,manifested_payload,results/full_baseline_v1/runs/homecredit/fbv1-018-homecredit-catboost-lasso-l1-logistic-s42/stability.csv,559,35cff80081e9bc77b9e2de7277d6720f08e89e954d9b977674aecdaa411b1e5d,True,results/full_baseline_v1/runs/homecredit/fbv1-018-homecredit-catboost-lasso-l1-logistic-s42/manifest.json,
baseline,active,homecredit,lasso_l1_logistic,catboost,success_marker,results/full_baseline_v1/runs/homecredit/fbv1-018-homecredit-catboost-lasso-l1-logistic-s42/_SUCCESS,27,943ed2f9484c13240158ff5746b3d68d92d74355a492cba575596989eaed3904,True,results/full_baseline_v1/runs/homecredit/fbv1-018-homecredit-catboost-lasso-l1-logistic-s42/manifest.json,
baseline,active,homecredit,lasso_l1_logistic,lr,manifest,results/full_baseline_v1/runs/homecredit/fbv1-017-homecredit-lr-lasso-l1-logistic-s42/manifest.json,17353,4cfd1fa6322b6a2a1c13e0becc44cef3135a935c7649fc3a0a31363a6f55d818,True,cleanup/audits/prompt_11_selector_combinations/baseline_completion_authentication.json,
baseline,active,homecredit,lasso_l1_logistic,lr,manifested_payload,results/full_baseline_v1/runs/homecredit/fbv1-017-homecredit-lr-lasso-l1-logistic-s42/checkpoint.json,15038,b8bb9d2869ca24908ab210e14cfcfa3271524a1aa773c4f32a6161c6e2494a97,True,results/full_baseline_v1/runs/homecredit/fbv1-017-homecredit-lr-lasso-l1-logistic-s42/manifest.json,
baseline,active,homecredit,lasso_l1_logistic,lr,manifested_payload,results/full_baseline_v1/runs/homecredit/fbv1-017-homecredit-lr-lasso-l1-logistic-s42/config.json,4381,6b9dc053f19f9f3c14d77e4a7a4574a5af9a5015f1425f86b2d596c8deec5007,True,results/full_baseline_v1/runs/homecredit/fbv1-017-homecredit-lr-lasso-l1-logistic-s42/manifest.json,
baseline,active,homecredit,lasso_l1_logistic,lr,manifested_payload,results/full_baseline_v1/runs/homecredit/fbv1-017-homecredit-lr-lasso-l1-logistic-s42/fold_selections.csv,8507,19402d1fd945a1bedbe7edc5b545aab1d1cc939b3a0db41fad2466173b7a6b0d,True,results/full_baseline_v1/runs/homecredit/fbv1-017-homecredit-lr-lasso-l1-logistic-s42/manifest.json,
baseline,active,homecredit,lasso_l1_logistic,lr,manifested_payload,results/full_baseline_v1/runs/homecredit/fbv1-017-homecredit-lr-lasso-l1-logistic-s42/metrics.csv,1602,b3a8b21b9d9093c9be654f861f82236892276715e001ea8426c05a4bedaba1c2,True,results/full_baseline_v1/runs/homecredit/fbv1-017-homecredit-lr-lasso-l1-logistic-s42/manifest.json,
baseline,active,homecredit,lasso_l1_logistic,lr,manifested_payload,results/full_baseline_v1/runs/homecredit/fbv1-017-homecredit-lr-lasso-l1-logistic-s42/predictions_dev.csv,42637748,20ee37f128e9c775ef389abc5034a3df22539963d33479539da2ec7faf15f403,True,results/full_baseline_v1/runs/homecredit/fbv1-017-homecredit-lr-lasso-l1-logistic-s42/manifest.json,
baseline,active,homecredit,lasso_l1_logistic,lr,manifested_payload,results/full_baseline_v1/runs/homecredit/fbv1-017-homecredit-lr-lasso-l1-logistic-s42/predictions_oot.csv,51655189,e146bf92ef7e186e0086bc5da008b09a0ba89d90f724fd2aaf13d1913eb48c86,True,results/full_baseline_v1/runs/homecredit/fbv1-017-homecredit-lr-lasso-l1-logistic-s42/manifest.json,
baseline,active,homecredit,lasso_l1_logistic,lr,manifested_payload,results/full_baseline_v1/runs/homecredit/fbv1-017-homecredit-lr-lasso-l1-logistic-s42/preflight.json,5649,04dffe0eb46fea93ece18af5bae9523a061df1e2e6b5cccb3d06061cd3eef48e,True,results/full_baseline_v1/runs/homecredit/fbv1-017-homecredit-lr-lasso-l1-logistic-s42/manifest.json,
baseline,active,homecredit,lasso_l1_logistic,lr,manifested_payload,results/full_baseline_v1/runs/homecredit/fbv1-017-homecredit-lr-lasso-l1-logistic-s42/resource_usage.json,39652,5aeb3549d1e082cbd8ccb9bc0b2f6d006c2552dee493c1e7b01cf19fc0a48f34,True,results/full_baseline_v1/runs/homecredit/fbv1-017-homecredit-lr-lasso-l1-logistic-s42/manifest.json,
baseline,active,homecredit,lasso_l1_logistic,lr,manifested_payload,results/full_baseline_v1/runs/homecredit/fbv1-017-homecredit-lr-lasso-l1-logistic-s42/run.log,3796,6cd81335c62c680cfad388c9c8d1e173dd4759785c1a491f650d8df19db4d977,True,results/full_baseline_v1/runs/homecredit/fbv1-017-homecredit-lr-lasso-l1-logistic-s42/manifest.json,
baseline,active,homecredit,lasso_l1_logistic,lr,manifested_payload,results/full_baseline_v1/runs/homecredit/fbv1-017-homecredit-lr-lasso-l1-logistic-s42/selected_features.csv,1856,97cdf33b9ce6b7d15a2ae33c776e0bde38941bb558ba5ae26752744b6dc98498,True,results/full_baseline_v1/runs/homecredit/fbv1-017-homecredit-lr-lasso-l1-logistic-s42/manifest.json,
baseline,active,homecredit,lasso_l1_logistic,lr,manifested_payload,results/full_baseline_v1/runs/homecredit/fbv1-017-homecredit-lr-lasso-l1-logistic-s42/stability.csv,557,4999727bf9401d1ba7b1a13a3aea197ac46ec9eb5355e0a35e1f4b54ea82b348,True,results/full_baseline_v1/runs/homecredit/fbv1-017-homecredit-lr-lasso-l1-logistic-s42/manifest.json,
baseline,active,homecredit,lasso_l1_logistic,lr,success_marker,results/full_baseline_v1/runs/homecredit/fbv1-017-homecredit-lr-lasso-l1-logistic-s42/_SUCCESS,27,0ca472c7aee0b45758fbc7dc8fad2a8df2517f6b67883834e67d98ec9bdafea4,True,results/full_baseline_v1/runs/homecredit/fbv1-017-homecredit-lr-lasso-l1-logistic-s42/manifest.json,
baseline,active,homecredit,legacy_rf_relevance_corr,catboost,manifest,results/full_baseline_v1/runs/homecredit/fbv1-022-homecredit-catboost-legacy-rf-relevance-corr-s42/manifest.json,17297,257d779fa4e06fcac4628cf732ac77b9898ff77519456ae77e1036130d53fdb1,True,cleanup/audits/prompt_11_selector_combinations/baseline_completion_authentication.json,
baseline,active,homecredit,legacy_rf_relevance_corr,catboost,manifested_payload,results/full_baseline_v1/runs/homecredit/fbv1-022-homecredit-catboost-legacy-rf-relevance-corr-s42/checkpoint.json,15090,7ed57c3985037e918fb614460c46e3219ed65b550b284e69a81d53b3eebfbeb2,True,results/full_baseline_v1/runs/homecredit/fbv1-022-homecredit-catboost-legacy-rf-relevance-corr-s42/manifest.json,
baseline,active,homecredit,legacy_rf_relevance_corr,catboost,manifested_payload,results/full_baseline_v1/runs/homecredit/fbv1-022-homecredit-catboost-legacy-rf-relevance-corr-s42/config.json,4239,e4110b3036208507cba7dd0785c2e0789b5763df9caffcb7cecb25035a1de09f,True,results/full_baseline_v1/runs/homecredit/fbv1-022-homecredit-catboost-legacy-rf-relevance-corr-s42/manifest.json,
baseline,active,homecredit,legacy_rf_relevance_corr,catboost,manifested_payload,results/full_baseline_v1/runs/homecredit/fbv1-022-homecredit-catboost-legacy-rf-relevance-corr-s42/fold_selections.csv,23807,931ad31f299f2bf42929b3fc1aeef9298afad12f418d51b0624d946e1893d936,True,results/full_baseline_v1/runs/homecredit/fbv1-022-homecredit-catboost-legacy-rf-relevance-corr-s42/manifest.json,
baseline,active,homecredit,legacy_rf_relevance_corr,catboost,manifested_payload,results/full_baseline_v1/runs/homecredit/fbv1-022-homecredit-catboost-legacy-rf-relevance-corr-s42/metrics.csv,1647,093a2b6048d9567da36ff97a87c9289fcde7afa1c4d76568bf2cf7b370898338,True,results/full_baseline_v1/runs/homecredit/fbv1-022-homecredit-catboost-legacy-rf-relevance-corr-s42/manifest.json,
baseline,active,homecredit,legacy_rf_relevance_corr,catboost,manifested_payload,results/full_baseline_v1/runs/homecredit/fbv1-022-homecredit-catboost-legacy-rf-relevance-corr-s42/predictions_dev.csv,45230894,693127ca6bd396bf79885c7867229f158d78ee0d5ebd10e3ba96fce27b50a06d,True,results/full_baseline_v1/runs/homecredit/fbv1-022-homecredit-catboost-legacy-rf-relevance-corr-s42/manifest.json,
baseline,active,homecredit,legacy_rf_relevance_corr,catboost,manifested_payload,results/full_baseline_v1/runs/homecredit/fbv1-022-homecredit-catboost-legacy-rf-relevance-corr-s42/predictions_oot.csv,54796046,2b9a78d4b86a17b2164bf29e9c475d46ea9ae93528fecd3679522d3a5890860a,True,results/full_baseline_v1/runs/homecredit/fbv1-022-homecredit-catboost-legacy-rf-relevance-corr-s42/manifest.json,
baseline,active,homecredit,legacy_rf_relevance_corr,catboost,manifested_payload,results/full_baseline_v1/runs/homecredit/fbv1-022-homecredit-catboost-legacy-rf-relevance-corr-s42/preflight.json,5649,04dffe0eb46fea93ece18af5bae9523a061df1e2e6b5cccb3d06061cd3eef48e,True,results/full_baseline_v1/runs/homecredit/fbv1-022-homecredit-catboost-legacy-rf-relevance-corr-s42/manifest.json,
baseline,active,homecredit,legacy_rf_relevance_corr,catboost,manifested_payload,results/full_baseline_v1/runs/homecredit/fbv1-022-homecredit-catboost-legacy-rf-relevance-corr-s42/resource_usage.json,190807,92ed4bfd28a6a112e4677ca6c382b948541b9e5e027e2fba95c081781de4d6aa,True,results/full_baseline_v1/runs/homecredit/fbv1-022-homecredit-catboost-legacy-rf-relevance-corr-s42/manifest.json,
baseline,active,homecredit,legacy_rf_relevance_corr,catboost,manifested_payload,results/full_baseline_v1/runs/homecredit/fbv1-022-homecredit-catboost-legacy-rf-relevance-corr-s42/run.log,5297,a876cc51a249e84fc8f7a90353fa3fb4cf1986c2de73cd872e6cea8d856d4dc3,True,results/full_baseline_v1/runs/homecredit/fbv1-022-homecredit-catboost-legacy-rf-relevance-corr-s42/manifest.json,
baseline,active,homecredit,legacy_rf_relevance_corr,catboost,manifested_payload,results/full_baseline_v1/runs/homecredit/fbv1-022-homecredit-catboost-legacy-rf-relevance-corr-s42/selected_features.csv,5125,e439736d41670fb1822c36da7d4f183fadb02b643ae7fee83b29c14344e5a5b5,True,results/full_baseline_v1/runs/homecredit/fbv1-022-homecredit-catboost-legacy-rf-relevance-corr-s42/manifest.json,
baseline,active,homecredit,legacy_rf_relevance_corr,catboost,manifested_payload,results/full_baseline_v1/runs/homecredit/fbv1-022-homecredit-catboost-legacy-rf-relevance-corr-s42/stability.csv,558,426f4bdc1ba40a83ac71942f561425a683c0cd7fe4e40b0fb61590878a583761,True,results/full_baseline_v1/runs/homecredit/fbv1-022-homecredit-catboost-legacy-rf-relevance-corr-s42/manifest.json,
baseline,active,homecredit,legacy_rf_relevance_corr,catboost,success_marker,results/full_baseline_v1/runs/homecredit/fbv1-022-homecredit-catboost-legacy-rf-relevance-corr-s42/_SUCCESS,27,47b8e5867c2ca3f9734f6dc22ec6f9415a37b3cd1981323c417a39cffbf8278a,True,results/full_baseline_v1/runs/homecredit/fbv1-022-homecredit-catboost-legacy-rf-relevance-corr-s42/manifest.json,
baseline,active,homecredit,legacy_rf_relevance_corr,lr,manifest,results/full_baseline_v1/runs/homecredit/fbv1-021-homecredit-lr-legacy-rf-relevance-corr-s42/manifest.json,17222,0a55ed693b36b093445293a9a56a3ed17975965c0ac1f398ee87f348f583ed3e,True,cleanup/audits/prompt_11_selector_combinations/baseline_completion_authentication.json,
baseline,active,homecredit,legacy_rf_relevance_corr,lr,manifested_payload,results/full_baseline_v1/runs/homecredit/fbv1-021-homecredit-lr-legacy-rf-relevance-corr-s42/checkpoint.json,15066,28a02cc1568ea8b96168d5a0febb502ac48881159d8900fbd013cafe930564c4,True,results/full_baseline_v1/runs/homecredit/fbv1-021-homecredit-lr-legacy-rf-relevance-corr-s42/manifest.json,
baseline,active,homecredit,legacy_rf_relevance_corr,lr,manifested_payload,results/full_baseline_v1/runs/homecredit/fbv1-021-homecredit-lr-legacy-rf-relevance-corr-s42/config.json,4209,72314493662d2eccd090d8a7591e376b78579432b6cb8f42fc3b0a3dcb54ec71,True,results/full_baseline_v1/runs/homecredit/fbv1-021-homecredit-lr-legacy-rf-relevance-corr-s42/manifest.json,
baseline,active,homecredit,legacy_rf_relevance_corr,lr,manifested_payload,results/full_baseline_v1/runs/homecredit/fbv1-021-homecredit-lr-legacy-rf-relevance-corr-s42/fold_selections.csv,11554,7086e8654257e00d6c3c53510bbaca1cc41a7285671f8ba631cb31e0c9d332a6,True,results/full_baseline_v1/runs/homecredit/fbv1-021-homecredit-lr-legacy-rf-relevance-corr-s42/manifest.json,
baseline,active,homecredit,legacy_rf_relevance_corr,lr,manifested_payload,results/full_baseline_v1/runs/homecredit/fbv1-021-homecredit-lr-legacy-rf-relevance-corr-s42/metrics.csv,1630,833c7b2cba1fe882021f8d49f18951410c7948600497a7fea84bd88fbf136b70,True,results/full_baseline_v1/runs/homecredit/fbv1-021-homecredit-lr-legacy-rf-relevance-corr-s42/manifest.json,
baseline,active,homecredit,legacy_rf_relevance_corr,lr,manifested_payload,results/full_baseline_v1/runs/homecredit/fbv1-021-homecredit-lr-legacy-rf-relevance-corr-s42/predictions_dev.csv,44024611,9bd7f4c6c8dbb14a7610bf4be6f05d4a709bc914e301e4eab05096cac5d697ac,True,results/full_baseline_v1/runs/homecredit/fbv1-021-homecredit-lr-legacy-rf-relevance-corr-s42/manifest.json,
baseline,active,homecredit,legacy_rf_relevance_corr,lr,manifested_payload,results/full_baseline_v1/runs/homecredit/fbv1-021-homecredit-lr-legacy-rf-relevance-corr-s42/predictions_oot.csv,53334658,5692ce58d4585ecd864135b2f94ec5f4230ea46bbc391e125bdb42645906b980,True,results/full_baseline_v1/runs/homecredit/fbv1-021-homecredit-lr-legacy-rf-relevance-corr-s42/manifest.json,
baseline,active,homecredit,legacy_rf_relevance_corr,lr,manifested_payload,results/full_baseline_v1/runs/homecredit/fbv1-021-homecredit-lr-legacy-rf-relevance-corr-s42/preflight.json,5649,04dffe0eb46fea93ece18af5bae9523a061df1e2e6b5cccb3d06061cd3eef48e,True,results/full_baseline_v1/runs/homecredit/fbv1-021-homecredit-lr-legacy-rf-relevance-corr-s42/manifest.json,
baseline,active,homecredit,legacy_rf_relevance_corr,lr,manifested_payload,results/full_baseline_v1/runs/homecredit/fbv1-021-homecredit-lr-legacy-rf-relevance-corr-s42/resource_usage.json,165136,5e23d7b2865b2aed75ad2799ae6cdda8f082c8aab3f2e92722b256cd75a7b7c7,True,results/full_baseline_v1/runs/homecredit/fbv1-021-homecredit-lr-legacy-rf-relevance-corr-s42/manifest.json,
baseline,active,homecredit,legacy_rf_relevance_corr,lr,manifested_payload,results/full_baseline_v1/runs/homecredit/fbv1-021-homecredit-lr-legacy-rf-relevance-corr-s42/run.log,5272,f95c923168a6c6a2ccc5e6c22118db11894d1f35079b83cd84fda0c84ed656e2,True,results/full_baseline_v1/runs/homecredit/fbv1-021-homecredit-lr-legacy-rf-relevance-corr-s42/manifest.json,
baseline,active,homecredit,legacy_rf_relevance_corr,lr,manifested_payload,results/full_baseline_v1/runs/homecredit/fbv1-021-homecredit-lr-legacy-rf-relevance-corr-s42/selected_features.csv,2510,323d73c18dd17b54f955dadafe5a4e9cbab9c61b150dba7c616c3e206ed294ca,True,results/full_baseline_v1/runs/homecredit/fbv1-021-homecredit-lr-legacy-rf-relevance-corr-s42/manifest.json,
baseline,active,homecredit,legacy_rf_relevance_corr,lr,manifested_payload,results/full_baseline_v1/runs/homecredit/fbv1-021-homecredit-lr-legacy-rf-relevance-corr-s42/stability.csv,544,804b64b2c0db4eda2a57e3f31e4d794abad56469e3df6f87d6473d69a1e54aa8,True,results/full_baseline_v1/runs/homecredit/fbv1-021-homecredit-lr-legacy-rf-relevance-corr-s42/manifest.json,
baseline,active,homecredit,legacy_rf_relevance_corr,lr,success_marker,results/full_baseline_v1/runs/homecredit/fbv1-021-homecredit-lr-legacy-rf-relevance-corr-s42/_SUCCESS,27,eb70683d97ca45311ab609e141b97450e26d17a7fd8f508bf64a156c82831135,True,results/full_baseline_v1/runs/homecredit/fbv1-021-homecredit-lr-legacy-rf-relevance-corr-s42/manifest.json,
baseline,active,homecredit,mrmr_mutual_information,catboost,manifest,results/full_baseline_v1/runs/homecredit/fbv1-014-homecredit-catboost-mrmr-mutual-information-s42/manifest.json,17307,55e91d1c27f8c8b1b3a4c2808f0cd884a1401dac3e4a8abf6a9a7b248988e13e,True,cleanup/audits/prompt_11_selector_combinations/baseline_completion_authentication.json,
baseline,active,homecredit,mrmr_mutual_information,catboost,manifested_payload,results/full_baseline_v1/runs/homecredit/fbv1-014-homecredit-catboost-mrmr-mutual-information-s42/checkpoint.json,15086,ca4ef19abf6327f996c718585d352dc00d2964ca156570424fa6b41e683753e5,True,results/full_baseline_v1/runs/homecredit/fbv1-014-homecredit-catboost-mrmr-mutual-information-s42/manifest.json,
baseline,active,homecredit,mrmr_mutual_information,catboost,manifested_payload,results/full_baseline_v1/runs/homecredit/fbv1-014-homecredit-catboost-mrmr-mutual-information-s42/config.json,4247,ffa433bac5fb762bf7f508878948e3b82553da2e5b2f6f9625c971ef7d26f362,True,results/full_baseline_v1/runs/homecredit/fbv1-014-homecredit-catboost-mrmr-mutual-information-s42/manifest.json,
baseline,active,homecredit,mrmr_mutual_information,catboost,manifested_payload,results/full_baseline_v1/runs/homecredit/fbv1-014-homecredit-catboost-mrmr-mutual-information-s42/fold_selections.csv,19154,7b4e90b7b32e4475c78cf60982cf1b7b771d78110805b690489607590eacc821,True,results/full_baseline_v1/runs/homecredit/fbv1-014-homecredit-catboost-mrmr-mutual-information-s42/manifest.json,
baseline,active,homecredit,mrmr_mutual_information,catboost,manifested_payload,results/full_baseline_v1/runs/homecredit/fbv1-014-homecredit-catboost-mrmr-mutual-information-s42/metrics.csv,1642,c76d72b91e4ffd0d11573101a711b3928ba758d6659bb1e9c479a7bfcbf9d34a,True,results/full_baseline_v1/runs/homecredit/fbv1-014-homecredit-catboost-mrmr-mutual-information-s42/manifest.json,
baseline,active,homecredit,mrmr_mutual_information,catboost,manifested_payload,results/full_baseline_v1/runs/homecredit/fbv1-014-homecredit-catboost-mrmr-mutual-information-s42/predictions_dev.csv,45028819,ab80d9fe868b04e57c8cbabaed6728f247d5d806142a343c1c2ef6803a18a7b8,True,results/full_baseline_v1/runs/homecredit/fbv1-014-homecredit-catboost-mrmr-mutual-information-s42/manifest.json,
baseline,active,homecredit,mrmr_mutual_information,catboost,manifested_payload,results/full_baseline_v1/runs/homecredit/fbv1-014-homecredit-catboost-mrmr-mutual-information-s42/predictions_oot.csv,54552920,51ef8148876dbb9242e46498c0284075c885ba3faa3a3a913c26793ed64e8d47,True,results/full_baseline_v1/runs/homecredit/fbv1-014-homecredit-catboost-mrmr-mutual-information-s42/manifest.json,
baseline,active,homecredit,mrmr_mutual_information,catboost,manifested_payload,results/full_baseline_v1/runs/homecredit/fbv1-014-homecredit-catboost-mrmr-mutual-information-s42/preflight.json,5649,04dffe0eb46fea93ece18af5bae9523a061df1e2e6b5cccb3d06061cd3eef48e,True,results/full_baseline_v1/runs/homecredit/fbv1-014-homecredit-catboost-mrmr-mutual-information-s42/manifest.json,
baseline,active,homecredit,mrmr_mutual_information,catboost,manifested_payload,results/full_baseline_v1/runs/homecredit/fbv1-014-homecredit-catboost-mrmr-mutual-information-s42/resource_usage.json,59835,045d529d1bb6719e292da79b7fcf6122b365bda7a49d0101a50a706ca8c0345b,True,results/full_baseline_v1/runs/homecredit/fbv1-014-homecredit-catboost-mrmr-mutual-information-s42/manifest.json,
baseline,active,homecredit,mrmr_mutual_information,catboost,manifested_payload,results/full_baseline_v1/runs/homecredit/fbv1-014-homecredit-catboost-mrmr-mutual-information-s42/run.log,3866,153f1f9ec4f6d1f4465db947991d6ac129bc348c3bc9f6714389dae75c4cb830,True,results/full_baseline_v1/runs/homecredit/fbv1-014-homecredit-catboost-mrmr-mutual-information-s42/manifest.json,
baseline,active,homecredit,mrmr_mutual_information,catboost,manifested_payload,results/full_baseline_v1/runs/homecredit/fbv1-014-homecredit-catboost-mrmr-mutual-information-s42/selected_features.csv,4200,319941e20a27e25245a319aadf5c2e83c12ca3c2c07ff01ecc01777562d2c68c,True,results/full_baseline_v1/runs/homecredit/fbv1-014-homecredit-catboost-mrmr-mutual-information-s42/manifest.json,
baseline,active,homecredit,mrmr_mutual_information,catboost,manifested_payload,results/full_baseline_v1/runs/homecredit/fbv1-014-homecredit-catboost-mrmr-mutual-information-s42/stability.csv,559,ed8fde357261729ff58223b235f6cc00f98b5caefa19cd1d263978cab1c080b7,True,results/full_baseline_v1/runs/homecredit/fbv1-014-homecredit-catboost-mrmr-mutual-information-s42/manifest.json,
baseline,active,homecredit,mrmr_mutual_information,catboost,success_marker,results/full_baseline_v1/runs/homecredit/fbv1-014-homecredit-catboost-mrmr-mutual-information-s42/_SUCCESS,27,4e04063934cf7815091ad413cb88692c3c9afdb37d3fc68a715f614d7d18d028,True,results/full_baseline_v1/runs/homecredit/fbv1-014-homecredit-catboost-mrmr-mutual-information-s42/manifest.json,
baseline,active,homecredit,mrmr_mutual_information,lr,manifest,results/full_baseline_v1/runs/homecredit/fbv1-013-homecredit-lr-mrmr-mutual-information-s42/manifest.json,17269,ac6956b002ae8062ee2cc3b6518c59e1f682d5f402bf64d6d2f9467ce6e0e256,True,cleanup/audits/prompt_11_selector_combinations/baseline_completion_authentication.json,
baseline,active,homecredit,mrmr_mutual_information,lr,manifested_payload,results/full_baseline_v1/runs/homecredit/fbv1-013-homecredit-lr-mrmr-mutual-information-s42/checkpoint.json,15062,7690bde51a6b0bcb44a42cf2a684d10dc9940bf444fd039ff3947c4e82b70806,True,results/full_baseline_v1/runs/homecredit/fbv1-013-homecredit-lr-mrmr-mutual-information-s42/manifest.json,
baseline,active,homecredit,mrmr_mutual_information,lr,manifested_payload,results/full_baseline_v1/runs/homecredit/fbv1-013-homecredit-lr-mrmr-mutual-information-s42/config.json,4217,6cf3554b42507e2675a6de4075f82c64bde05b11aa665b243099baee3a377bd5,True,results/full_baseline_v1/runs/homecredit/fbv1-013-homecredit-lr-mrmr-mutual-information-s42/manifest.json,
baseline,active,homecredit,mrmr_mutual_information,lr,manifested_payload,results/full_baseline_v1/runs/homecredit/fbv1-013-homecredit-lr-mrmr-mutual-information-s42/fold_selections.csv,9134,ff202a683a3b9044fd8d2b117c82c109b6d69da9e4741b856d807ece1009a1c6,True,results/full_baseline_v1/runs/homecredit/fbv1-013-homecredit-lr-mrmr-mutual-information-s42/manifest.json,
baseline,active,homecredit,mrmr_mutual_information,lr,manifested_payload,results/full_baseline_v1/runs/homecredit/fbv1-013-homecredit-lr-mrmr-mutual-information-s42/metrics.csv,1626,969ccbc313b1af5da0f2334759c5afb8d59d0cb1c3af300f62dc6e7d4cb5f33a,True,results/full_baseline_v1/runs/homecredit/fbv1-013-homecredit-lr-mrmr-mutual-information-s42/manifest.json,
baseline,active,homecredit,mrmr_mutual_information,lr,manifested_payload,results/full_baseline_v1/runs/homecredit/fbv1-013-homecredit-lr-mrmr-mutual-information-s42/predictions_dev.csv,43825427,1d7cb62b5ebc85521bc8d80045320c3244691627d91f0d7bde80f749f97cbdb5,True,results/full_baseline_v1/runs/homecredit/fbv1-013-homecredit-lr-mrmr-mutual-information-s42/manifest.json,
baseline,active,homecredit,mrmr_mutual_information,lr,manifested_payload,results/full_baseline_v1/runs/homecredit/fbv1-013-homecredit-lr-mrmr-mutual-information-s42/predictions_oot.csv,53094629,7840376063fc325e5b9fde1db379fd2dbf3e1b7788beb531423cc3cc0500a3e8,True,results/full_baseline_v1/runs/homecredit/fbv1-013-homecredit-lr-mrmr-mutual-information-s42/manifest.json,
baseline,active,homecredit,mrmr_mutual_information,lr,manifested_payload,results/full_baseline_v1/runs/homecredit/fbv1-013-homecredit-lr-mrmr-mutual-information-s42/preflight.json,5649,04dffe0eb46fea93ece18af5bae9523a061df1e2e6b5cccb3d06061cd3eef48e,True,results/full_baseline_v1/runs/homecredit/fbv1-013-homecredit-lr-mrmr-mutual-information-s42/manifest.json,
baseline,active,homecredit,mrmr_mutual_information,lr,manifested_payload,results/full_baseline_v1/runs/homecredit/fbv1-013-homecredit-lr-mrmr-mutual-information-s42/resource_usage.json,27815,cc773ea2e3d56bf4a694fc1d5e38412b4ff5c4fafa5830a0f81b02fac037e3ce,True,results/full_baseline_v1/runs/homecredit/fbv1-013-homecredit-lr-mrmr-mutual-information-s42/manifest.json,
baseline,active,homecredit,mrmr_mutual_information,lr,manifested_payload,results/full_baseline_v1/runs/homecredit/fbv1-013-homecredit-lr-mrmr-mutual-information-s42/run.log,3833,3fa11c5838dfff70689363c24259b3d3e8adca2b1eab0bf388aaa0ccfd1047ad,True,results/full_baseline_v1/runs/homecredit/fbv1-013-homecredit-lr-mrmr-mutual-information-s42/manifest.json,
baseline,active,homecredit,mrmr_mutual_information,lr,manifested_payload,results/full_baseline_v1/runs/homecredit/fbv1-013-homecredit-lr-mrmr-mutual-information-s42/selected_features.csv,2049,59f7d5f34b65244b7e6f2f463409c2aa12650f5cb7dce3d4d2137f869cda8a0e,True,results/full_baseline_v1/runs/homecredit/fbv1-013-homecredit-lr-mrmr-mutual-information-s42/manifest.json,
baseline,active,homecredit,mrmr_mutual_information,lr,manifested_payload,results/full_baseline_v1/runs/homecredit/fbv1-013-homecredit-lr-mrmr-mutual-information-s42/stability.csv,569,a710d19d1864e29723656526bb3407078e01988d24184b87c6c8168a835be42b,True,results/full_baseline_v1/runs/homecredit/fbv1-013-homecredit-lr-mrmr-mutual-information-s42/manifest.json,
baseline,active,homecredit,mrmr_mutual_information,lr,success_marker,results/full_baseline_v1/runs/homecredit/fbv1-013-homecredit-lr-mrmr-mutual-information-s42/_SUCCESS,27,551aeaa7dfc93958059d667d13ddeede757408f2d92482a11dfd631ee33f4b0a,True,results/full_baseline_v1/runs/homecredit/fbv1-013-homecredit-lr-mrmr-mutual-information-s42/manifest.json,
baseline,active,homecredit,random_k,catboost,manifest,results/full_baseline_v1/runs/homecredit/fbv1-006-homecredit-catboost-random-k-s42/manifest.json,16839,f1546779498a32f71784928ce9e666b67c2fa68b318c9320ad51ad7785138c82,True,cleanup/audits/prompt_11_selector_combinations/baseline_completion_authentication.json,
baseline,active,homecredit,random_k,catboost,manifested_payload,results/full_baseline_v1/runs/homecredit/fbv1-006-homecredit-catboost-random-k-s42/checkpoint.json,15026,546ef2be9e49d08a2d6c961ecb284817ee69c9374b18fa12079a65ceb3eec0bc,True,results/full_baseline_v1/runs/homecredit/fbv1-006-homecredit-catboost-random-k-s42/manifest.json,
baseline,active,homecredit,random_k,catboost,manifested_payload,results/full_baseline_v1/runs/homecredit/fbv1-006-homecredit-catboost-random-k-s42/config.json,4064,2184a1dea36adacea4ea56cc01038cfd9df62b4400249bedb9b7c46515eeffab,True,results/full_baseline_v1/runs/homecredit/fbv1-006-homecredit-catboost-random-k-s42/manifest.json,
baseline,active,homecredit,random_k,catboost,manifested_payload,results/full_baseline_v1/runs/homecredit/fbv1-006-homecredit-catboost-random-k-s42/fold_selections.csv,16710,5c90fb4fe33f059dde723d7e8d01754fb0d118b59031d6fd9aee1127621391a1,True,results/full_baseline_v1/runs/homecredit/fbv1-006-homecredit-catboost-random-k-s42/manifest.json,
baseline,active,homecredit,random_k,catboost,manifested_payload,results/full_baseline_v1/runs/homecredit/fbv1-006-homecredit-catboost-random-k-s42/metrics.csv,1580,557091f4202a85057e4f3a006a41a10cec82bdb302864a9731560bcc856f372a,True,results/full_baseline_v1/runs/homecredit/fbv1-006-homecredit-catboost-random-k-s42/manifest.json,
baseline,active,homecredit,random_k,catboost,manifested_payload,results/full_baseline_v1/runs/homecredit/fbv1-006-homecredit-catboost-random-k-s42/predictions_dev.csv,42047864,6c5ebbd732ca13b9d11627ebe7bbf402606acc4abf82f91d1a43fdae814d89b7,True,results/full_baseline_v1/runs/homecredit/fbv1-006-homecredit-catboost-random-k-s42/manifest.json,
baseline,active,homecredit,random_k,catboost,manifested_payload,results/full_baseline_v1/runs/homecredit/fbv1-006-homecredit-catboost-random-k-s42/predictions_oot.csv,50943653,21b025162907616fdee46e2a565f77d9cdf92142de720a6fbf1c22fa8b6bc9d3,True,results/full_baseline_v1/runs/homecredit/fbv1-006-homecredit-catboost-random-k-s42/manifest.json,
baseline,active,homecredit,random_k,catboost,manifested_payload,results/full_baseline_v1/runs/homecredit/fbv1-006-homecredit-catboost-random-k-s42/preflight.json,5649,04dffe0eb46fea93ece18af5bae9523a061df1e2e6b5cccb3d06061cd3eef48e,True,results/full_baseline_v1/runs/homecredit/fbv1-006-homecredit-catboost-random-k-s42/manifest.json,
baseline,active,homecredit,random_k,catboost,manifested_payload,results/full_baseline_v1/runs/homecredit/fbv1-006-homecredit-catboost-random-k-s42/resource_usage.json,24022,e9c6e9186561dc5e90a6902b33fdd4dafe9d7664e7efa3f732e84be8a812e7e7,True,results/full_baseline_v1/runs/homecredit/fbv1-006-homecredit-catboost-random-k-s42/manifest.json,
baseline,active,homecredit,random_k,catboost,manifested_payload,results/full_baseline_v1/runs/homecredit/fbv1-006-homecredit-catboost-random-k-s42/run.log,3767,226c127beb8df12f8a1f5fa945cecaf621c1172725241ce71cc2168dc6f6a542,True,results/full_baseline_v1/runs/homecredit/fbv1-006-homecredit-catboost-random-k-s42/manifest.json,
baseline,active,homecredit,random_k,catboost,manifested_payload,results/full_baseline_v1/runs/homecredit/fbv1-006-homecredit-catboost-random-k-s42/selected_features.csv,3714,afc440f81826ca95612264980b78d1a0f38edd03e13529d0959498d03e7aeb5d,True,results/full_baseline_v1/runs/homecredit/fbv1-006-homecredit-catboost-random-k-s42/manifest.json,
baseline,active,homecredit,random_k,catboost,manifested_payload,results/full_baseline_v1/runs/homecredit/fbv1-006-homecredit-catboost-random-k-s42/stability.csv,435,67896b179f70ae50dc8986c7f4a5078cfc5290cf22a557f938ea0b1b9d87c409,True,results/full_baseline_v1/runs/homecredit/fbv1-006-homecredit-catboost-random-k-s42/manifest.json,
baseline,active,homecredit,random_k,catboost,success_marker,results/full_baseline_v1/runs/homecredit/fbv1-006-homecredit-catboost-random-k-s42/_SUCCESS,27,e1647c0c55a89e807a65f3b1111bbeadb5de18c85443e32c51ea9f5fd4ca7c9e,True,results/full_baseline_v1/runs/homecredit/fbv1-006-homecredit-catboost-random-k-s42/manifest.json,
baseline,active,homecredit,random_k,lr,manifest,results/full_baseline_v1/runs/homecredit/fbv1-005-homecredit-lr-random-k-s42/manifest.json,16783,434332603f9c2bb85614ce33ec7004741481a454d63f3929c5d461b5076b7674,True,cleanup/audits/prompt_11_selector_combinations/baseline_completion_authentication.json,
baseline,active,homecredit,random_k,lr,manifested_payload,results/full_baseline_v1/runs/homecredit/fbv1-005-homecredit-lr-random-k-s42/checkpoint.json,15002,63927af15659fbc1b21ba003cd3dbfcb627456903c47056168c13374737d5d49,True,results/full_baseline_v1/runs/homecredit/fbv1-005-homecredit-lr-random-k-s42/manifest.json,
baseline,active,homecredit,random_k,lr,manifested_payload,results/full_baseline_v1/runs/homecredit/fbv1-005-homecredit-lr-random-k-s42/config.json,4034,be370b06c0433dccfd786c74bf5bfec08b252fd51c7885872a2736f17de3e65c,True,results/full_baseline_v1/runs/homecredit/fbv1-005-homecredit-lr-random-k-s42/manifest.json,
baseline,active,homecredit,random_k,lr,manifested_payload,results/full_baseline_v1/runs/homecredit/fbv1-005-homecredit-lr-random-k-s42/fold_selections.csv,8645,1af388bf420f52fd0be1dd04a26858bda18690ce042a41bb2c6649dde5aff45c,True,results/full_baseline_v1/runs/homecredit/fbv1-005-homecredit-lr-random-k-s42/manifest.json,
baseline,active,homecredit,random_k,lr,manifested_payload,results/full_baseline_v1/runs/homecredit/fbv1-005-homecredit-lr-random-k-s42/metrics.csv,1567,e4582089f7bb152d5273f1aa1b1b6d4072f7cfd583146884b441255015f47153,True,results/full_baseline_v1/runs/homecredit/fbv1-005-homecredit-lr-random-k-s42/manifest.json,
baseline,active,homecredit,random_k,lr,manifested_payload,results/full_baseline_v1/runs/homecredit/fbv1-005-homecredit-lr-random-k-s42/predictions_dev.csv,40843085,f060c1b82e1160123d1d43d9c10c84f8cb77e4be96cdc695646d1047ac5df0b8,True,results/full_baseline_v1/runs/homecredit/fbv1-005-homecredit-lr-random-k-s42/manifest.json,
baseline,active,homecredit,random_k,lr,manifested_payload,results/full_baseline_v1/runs/homecredit/fbv1-005-homecredit-lr-random-k-s42/predictions_oot.csv,49484848,8f802d9b560092a87054d73019e68a4212525008dad8e0cc84a17846e43b7000,True,results/full_baseline_v1/runs/homecredit/fbv1-005-homecredit-lr-random-k-s42/manifest.json,
baseline,active,homecredit,random_k,lr,manifested_payload,results/full_baseline_v1/runs/homecredit/fbv1-005-homecredit-lr-random-k-s42/preflight.json,5649,04dffe0eb46fea93ece18af5bae9523a061df1e2e6b5cccb3d06061cd3eef48e,True,results/full_baseline_v1/runs/homecredit/fbv1-005-homecredit-lr-random-k-s42/manifest.json,
baseline,active,homecredit,random_k,lr,manifested_payload,results/full_baseline_v1/runs/homecredit/fbv1-005-homecredit-lr-random-k-s42/resource_usage.json,11748,7742fce3c07093eebe69122e8ed7c3d9e33f383e28d3365c7c48d2fa58411ad9,True,results/full_baseline_v1/runs/homecredit/fbv1-005-homecredit-lr-random-k-s42/manifest.json,
baseline,active,homecredit,random_k,lr,manifested_payload,results/full_baseline_v1/runs/homecredit/fbv1-005-homecredit-lr-random-k-s42/run.log,3738,f81f048f1e90a7a0dd5a4121faee0b0874cd87e8a19545844adbaece1ace612c,True,results/full_baseline_v1/runs/homecredit/fbv1-005-homecredit-lr-random-k-s42/manifest.json,
baseline,active,homecredit,random_k,lr,manifested_payload,results/full_baseline_v1/runs/homecredit/fbv1-005-homecredit-lr-random-k-s42/selected_features.csv,1941,34caf47b40142a1d08c041e2ebb10ab6b0441280a344b68638b3a465b4e29a89,True,results/full_baseline_v1/runs/homecredit/fbv1-005-homecredit-lr-random-k-s42/manifest.json,
baseline,active,homecredit,random_k,lr,manifested_payload,results/full_baseline_v1/runs/homecredit/fbv1-005-homecredit-lr-random-k-s42/stability.csv,435,53af5683822c55ad103fc6c62b13f8353cc7cb95a9e6ec1d406dfd702cf85c91,True,results/full_baseline_v1/runs/homecredit/fbv1-005-homecredit-lr-random-k-s42/manifest.json,
baseline,active,homecredit,random_k,lr,success_marker,results/full_baseline_v1/runs/homecredit/fbv1-005-homecredit-lr-random-k-s42/_SUCCESS,27,234c191578d339c8cfcddf264df2b6b055606ec66db7bcb685b9abdb16754061,True,results/full_baseline_v1/runs/homecredit/fbv1-005-homecredit-lr-random-k-s42/manifest.json,
baseline,active,homecredit,rfe_catboost,catboost,manifest,results/full_baseline_v1/runs/homecredit/fbv1-034-homecredit-catboost-rfe-catboost-s42/manifest.json,17624,8e93b457c29a95efe967935f309975ee089c096259e039b3163fceaafd134bea,True,cleanup/audits/prompt_11_selector_combinations/baseline_completion_authentication.json,
baseline,active,homecredit,rfe_catboost,catboost,manifested_payload,results/full_baseline_v1/runs/homecredit/fbv1-034-homecredit-catboost-rfe-catboost-s42/checkpoint.json,15043,ea35a18953858a5a5cd78452411197464119302d98fbd323cf2f840c3a5cf4e7,True,results/full_baseline_v1/runs/homecredit/fbv1-034-homecredit-catboost-rfe-catboost-s42/manifest.json,
baseline,active,homecredit,rfe_catboost,catboost,manifested_payload,results/full_baseline_v1/runs/homecredit/fbv1-034-homecredit-catboost-rfe-catboost-s42/config.json,4605,af9a7af01b0731a047ed3a084ea5d138f9bcec5d5c22d6f44e8dd2e045d71ec0,True,results/full_baseline_v1/runs/homecredit/fbv1-034-homecredit-catboost-rfe-catboost-s42/manifest.json,
baseline,active,homecredit,rfe_catboost,catboost,manifested_payload,results/full_baseline_v1/runs/homecredit/fbv1-034-homecredit-catboost-rfe-catboost-s42/fold_selections.csv,16876,3954fe022a8e72b0729be8d0d4c367c6653f79285b37f0fc903aa01728f906e3,True,results/full_baseline_v1/runs/homecredit/fbv1-034-homecredit-catboost-rfe-catboost-s42/manifest.json,
baseline,active,homecredit,rfe_catboost,catboost,manifested_payload,results/full_baseline_v1/runs/homecredit/fbv1-034-homecredit-catboost-rfe-catboost-s42/metrics.csv,1599,00d834f8623b9fa961c089d74eef7b58ab546a32737f50d026210b59801b93aa,True,results/full_baseline_v1/runs/homecredit/fbv1-034-homecredit-catboost-rfe-catboost-s42/manifest.json,
baseline,active,homecredit,rfe_catboost,catboost,manifested_payload,results/full_baseline_v1/runs/homecredit/fbv1-034-homecredit-catboost-rfe-catboost-s42/predictions_dev.csv,42856659,ebef72050b2328c10f465be9c09ded64a3fbe03545d67faef1296be76b55acdb,True,results/full_baseline_v1/runs/homecredit/fbv1-034-homecredit-catboost-rfe-catboost-s42/manifest.json,
baseline,active,homecredit,rfe_catboost,catboost,manifested_payload,results/full_baseline_v1/runs/homecredit/fbv1-034-homecredit-catboost-rfe-catboost-s42/predictions_oot.csv,51918954,ecb537c2d9f95ec9dd46aac0b328755b26b3057d8b4e23944d456d240dcdd641,True,results/full_baseline_v1/runs/homecredit/fbv1-034-homecredit-catboost-rfe-catboost-s42/manifest.json,
baseline,active,homecredit,rfe_catboost,catboost,manifested_payload,results/full_baseline_v1/runs/homecredit/fbv1-034-homecredit-catboost-rfe-catboost-s42/preflight.json,5648,74ec43d4ecbe041efa9e0db7d51d87e402acfc796dede4e38377f4a58224b594,True,results/full_baseline_v1/runs/homecredit/fbv1-034-homecredit-catboost-rfe-catboost-s42/manifest.json,
baseline,active,homecredit,rfe_catboost,catboost,manifested_payload,results/full_baseline_v1/runs/homecredit/fbv1-034-homecredit-catboost-rfe-catboost-s42/resource_usage.json,117373,bbc6bdcd59c6afa66cab14f75bcb097780dd383a8925cb20495ced8bcc417fa9,True,results/full_baseline_v1/runs/homecredit/fbv1-034-homecredit-catboost-rfe-catboost-s42/manifest.json,
baseline,active,homecredit,rfe_catboost,catboost,manifested_payload,results/full_baseline_v1/runs/homecredit/fbv1-034-homecredit-catboost-rfe-catboost-s42/run.log,5831,81a209c8f62f42becd294c7b5507f4f90f2ab9e4f81b6b236290847265e63c2d,True,results/full_baseline_v1/runs/homecredit/fbv1-034-homecredit-catboost-rfe-catboost-s42/manifest.json,
baseline,active,homecredit,rfe_catboost,catboost,manifested_payload,results/full_baseline_v1/runs/homecredit/fbv1-034-homecredit-catboost-rfe-catboost-s42/selected_features.csv,3739,cf5b3df876aa2bb3c17a44d8eb701b2f570f3bd8448bab4226cfe8a46255f56f,True,results/full_baseline_v1/runs/homecredit/fbv1-034-homecredit-catboost-rfe-catboost-s42/manifest.json,
baseline,active,homecredit,rfe_catboost,catboost,manifested_payload,results/full_baseline_v1/runs/homecredit/fbv1-034-homecredit-catboost-rfe-catboost-s42/stability.csv,573,8a99a4e550ac19bcb808b3fbd7fc3decd6eb86c1610eae4a984bc89456886527,True,results/full_baseline_v1/runs/homecredit/fbv1-034-homecredit-catboost-rfe-catboost-s42/manifest.json,
baseline,active,homecredit,rfe_catboost,catboost,success_marker,results/full_baseline_v1/runs/homecredit/fbv1-034-homecredit-catboost-rfe-catboost-s42/_SUCCESS,27,b4345aa65ede22db407b4245264065ee878dd12d30405e70a7a593781de9f1b1,True,results/full_baseline_v1/runs/homecredit/fbv1-034-homecredit-catboost-rfe-catboost-s42/manifest.json,
baseline,active,homecredit,rfe_catboost,lr,manifest,results/full_baseline_v1/runs/homecredit/fbv1-033-homecredit-lr-rfe-catboost-s42/manifest.json,17557,24ad728a366d330122e4dafb71a020b0f8a61330d6079236143a6373a33bd2d8,True,cleanup/audits/prompt_11_selector_combinations/baseline_completion_authentication.json,
baseline,active,homecredit,rfe_catboost,lr,manifested_payload,results/full_baseline_v1/runs/homecredit/fbv1-033-homecredit-lr-rfe-catboost-s42/checkpoint.json,15019,941dfdf73347eca91786f3d8e834168c75ae611bb3e1b6b265cd703f626ccaef,True,results/full_baseline_v1/runs/homecredit/fbv1-033-homecredit-lr-rfe-catboost-s42/manifest.json,
baseline,active,homecredit,rfe_catboost,lr,manifested_payload,results/full_baseline_v1/runs/homecredit/fbv1-033-homecredit-lr-rfe-catboost-s42/config.json,4575,0b543e74a1c1bf426b2f8a73fcf7dbabdb9173d2bb52ddd5029821bb10c94813,True,results/full_baseline_v1/runs/homecredit/fbv1-033-homecredit-lr-rfe-catboost-s42/manifest.json,
baseline,active,homecredit,rfe_catboost,lr,manifested_payload,results/full_baseline_v1/runs/homecredit/fbv1-033-homecredit-lr-rfe-catboost-s42/fold_selections.csv,8431,c45f120fd7aaf8ab5e3a4d858c210bc27753e977af169ccc7a67fd64bcc1f8b1,True,results/full_baseline_v1/runs/homecredit/fbv1-033-homecredit-lr-rfe-catboost-s42/manifest.json,
baseline,active,homecredit,rfe_catboost,lr,manifested_payload,results/full_baseline_v1/runs/homecredit/fbv1-033-homecredit-lr-rfe-catboost-s42/metrics.csv,1579,92f50d2dc6c6da6cfd5aa90aa0f0539503e553fb62f9b205f64452a9928e489a,True,results/full_baseline_v1/runs/homecredit/fbv1-033-homecredit-lr-rfe-catboost-s42/manifest.json,
baseline,active,homecredit,rfe_catboost,lr,manifested_payload,results/full_baseline_v1/runs/homecredit/fbv1-033-homecredit-lr-rfe-catboost-s42/predictions_dev.csv,41646617,b0203e07008bf58d6523e171d84037f63d7c387e74a6978902e4cb30571b704e,True,results/full_baseline_v1/runs/homecredit/fbv1-033-homecredit-lr-rfe-catboost-s42/manifest.json,
baseline,active,homecredit,rfe_catboost,lr,manifested_payload,results/full_baseline_v1/runs/homecredit/fbv1-033-homecredit-lr-rfe-catboost-s42/predictions_oot.csv,50453368,0891fa4ec4bed77875b966f2c4edd8f065fa1663e19da33137047a675ff7871a,True,results/full_baseline_v1/runs/homecredit/fbv1-033-homecredit-lr-rfe-catboost-s42/manifest.json,
baseline,active,homecredit,rfe_catboost,lr,manifested_payload,results/full_baseline_v1/runs/homecredit/fbv1-033-homecredit-lr-rfe-catboost-s42/preflight.json,5648,74ec43d4ecbe041efa9e0db7d51d87e402acfc796dede4e38377f4a58224b594,True,results/full_baseline_v1/runs/homecredit/fbv1-033-homecredit-lr-rfe-catboost-s42/manifest.json,
baseline,active,homecredit,rfe_catboost,lr,manifested_payload,results/full_baseline_v1/runs/homecredit/fbv1-033-homecredit-lr-rfe-catboost-s42/resource_usage.json,114070,7dfdb76a421896645613e80cecd08ad66398529d758d0ecb480167ac6fd38f33,True,results/full_baseline_v1/runs/homecredit/fbv1-033-homecredit-lr-rfe-catboost-s42/manifest.json,
baseline,active,homecredit,rfe_catboost,lr,manifested_payload,results/full_baseline_v1/runs/homecredit/fbv1-033-homecredit-lr-rfe-catboost-s42/run.log,5807,cb67790d0e2b715b4891eb447c764fdbf260caece7c4500c83c4995868cb3a24,True,results/full_baseline_v1/runs/homecredit/fbv1-033-homecredit-lr-rfe-catboost-s42/manifest.json,
baseline,active,homecredit,rfe_catboost,lr,manifested_payload,results/full_baseline_v1/runs/homecredit/fbv1-033-homecredit-lr-rfe-catboost-s42/selected_features.csv,1889,a6af5311c304387ece456ce716221c99c2b72b7c358e88996e8ae55b505cf777,True,results/full_baseline_v1/runs/homecredit/fbv1-033-homecredit-lr-rfe-catboost-s42/manifest.json,
baseline,active,homecredit,rfe_catboost,lr,manifested_payload,results/full_baseline_v1/runs/homecredit/fbv1-033-homecredit-lr-rfe-catboost-s42/stability.csv,573,ff84386259558d75678c9133d05d044578af589857bd4e2de707452027da93da,True,results/full_baseline_v1/runs/homecredit/fbv1-033-homecredit-lr-rfe-catboost-s42/manifest.json,
baseline,active,homecredit,rfe_catboost,lr,success_marker,results/full_baseline_v1/runs/homecredit/fbv1-033-homecredit-lr-rfe-catboost-s42/_SUCCESS,27,e7226bdb2e5af825a66af9f9ea1119dc3f62b3c3e40932caec2b9ffd86e27aef,True,results/full_baseline_v1/runs/homecredit/fbv1-033-homecredit-lr-rfe-catboost-s42/manifest.json,
baseline,active,lendingclub_v2,boruta_random_forest,catboost,manifest,results/full_baseline_v1/runs/lendingclub_v2/fbv1-032-lendingclub_v2-catboost-boruta-random-forest-s42/manifest.json,17274,751c8149d1c3b5b082b9c3f00ff042ee6c1879bdee6c6dda02cfb37e7f571342,True,cleanup/audits/prompt_11_selector_combinations/baseline_completion_authentication.json,
baseline,active,lendingclub_v2,boruta_random_forest,catboost,manifested_payload,results/full_baseline_v1/runs/lendingclub_v2/fbv1-032-lendingclub_v2-catboost-boruta-random-forest-s42/checkpoint.json,15099,da2eb0c7f0e547038d85e28166e6682c646a2203355b71bc6930e0d99fbc44e1,True,results/full_baseline_v1/runs/lendingclub_v2/fbv1-032-lendingclub_v2-catboost-boruta-random-forest-s42/manifest.json,
baseline,active,lendingclub_v2,boruta_random_forest,catboost,manifested_payload,results/full_baseline_v1/runs/lendingclub_v2/fbv1-032-lendingclub_v2-catboost-boruta-random-forest-s42/config.json,5124,2f5df61fad0f2b0e55fb3852603ee4f1e2cac881919c75171f97f2850d93cf4b,True,results/full_baseline_v1/runs/lendingclub_v2/fbv1-032-lendingclub_v2-catboost-boruta-random-forest-s42/manifest.json,
baseline,active,lendingclub_v2,boruta_random_forest,catboost,manifested_payload,results/full_baseline_v1/runs/lendingclub_v2/fbv1-032-lendingclub_v2-catboost-boruta-random-forest-s42/fold_selections.csv,17942,ababb4fd0412130105e41b52c82ad170ce2bd0a038420366a0d947e8af09713c,True,results/full_baseline_v1/runs/lendingclub_v2/fbv1-032-lendingclub_v2-catboost-boruta-random-forest-s42/manifest.json,
baseline,active,lendingclub_v2,boruta_random_forest,catboost,manifested_payload,results/full_baseline_v1/runs/lendingclub_v2/fbv1-032-lendingclub_v2-catboost-boruta-random-forest-s42/metrics.csv,1659,4c57acb4976b6e95ffec9911275f4764e6f8b4af8dfc990d52a589b8318d93ed,True,results/full_baseline_v1/runs/lendingclub_v2/fbv1-032-lendingclub_v2-catboost-boruta-random-forest-s42/manifest.json,
baseline,active,lendingclub_v2,boruta_random_forest,catboost,manifested_payload,results/full_baseline_v1/runs/lendingclub_v2/fbv1-032-lendingclub_v2-catboost-boruta-random-forest-s42/predictions_dev.csv,277302415,88d9b51864290222899e3a93addb497608763f82e8e682ca7a233837bc0b2915,True,results/full_baseline_v1/runs/lendingclub_v2/fbv1-032-lendingclub_v2-catboost-boruta-random-forest-s42/manifest.json,
baseline,active,lendingclub_v2,boruta_random_forest,catboost,manifested_payload,results/full_baseline_v1/runs/lendingclub_v2/fbv1-032-lendingclub_v2-catboost-boruta-random-forest-s42/predictions_oot.csv,135774116,163fa502c3328b2b0881c66457504b5cb8cc9ab5fbdaa9afcacaf1d19623b021,True,results/full_baseline_v1/runs/lendingclub_v2/fbv1-032-lendingclub_v2-catboost-boruta-random-forest-s42/manifest.json,
baseline,active,lendingclub_v2,boruta_random_forest,catboost,manifested_payload,results/full_baseline_v1/runs/lendingclub_v2/fbv1-032-lendingclub_v2-catboost-boruta-random-forest-s42/preflight.json,5648,74ec43d4ecbe041efa9e0db7d51d87e402acfc796dede4e38377f4a58224b594,True,results/full_baseline_v1/runs/lendingclub_v2/fbv1-032-lendingclub_v2-catboost-boruta-random-forest-s42/manifest.json,
baseline,active,lendingclub_v2,boruta_random_forest,catboost,manifested_payload,results/full_baseline_v1/runs/lendingclub_v2/fbv1-032-lendingclub_v2-catboost-boruta-random-forest-s42/resource_usage.json,1039392,c450dc0556ebaf86857c4b1d95421c9e7f6ba4919c3a145f29f9a8b499fdf890,True,results/full_baseline_v1/runs/lendingclub_v2/fbv1-032-lendingclub_v2-catboost-boruta-random-forest-s42/manifest.json,
baseline,active,lendingclub_v2,boruta_random_forest,catboost,manifested_payload,results/full_baseline_v1/runs/lendingclub_v2/fbv1-032-lendingclub_v2-catboost-boruta-random-forest-s42/run.log,5943,617dddf806189f59df2852042b5eea97fcb58aacf7f624ce5700e39608380b0a,True,results/full_baseline_v1/runs/lendingclub_v2/fbv1-032-lendingclub_v2-catboost-boruta-random-forest-s42/manifest.json,
baseline,active,lendingclub_v2,boruta_random_forest,catboost,manifested_payload,results/full_baseline_v1/runs/lendingclub_v2/fbv1-032-lendingclub_v2-catboost-boruta-random-forest-s42/selected_features.csv,4046,6b0ffd401a67131c6d3d3c4a84408dd3c8c74e533d5254227994b3c96aea277d,True,results/full_baseline_v1/runs/lendingclub_v2/fbv1-032-lendingclub_v2-catboost-boruta-random-forest-s42/manifest.json,
baseline,active,lendingclub_v2,boruta_random_forest,catboost,manifested_payload,results/full_baseline_v1/runs/lendingclub_v2/fbv1-032-lendingclub_v2-catboost-boruta-random-forest-s42/stability.csv,570,cb5bd4dbef1b2280a0d4013e1262f6758844532752e3ae56be9118a1c6497717,True,results/full_baseline_v1/runs/lendingclub_v2/fbv1-032-lendingclub_v2-catboost-boruta-random-forest-s42/manifest.json,
baseline,active,lendingclub_v2,boruta_random_forest,catboost,success_marker,results/full_baseline_v1/runs/lendingclub_v2/fbv1-032-lendingclub_v2-catboost-boruta-random-forest-s42/_SUCCESS,27,2b8ffd4372524c4a4336bf20a9b2be1fc47684eb1a9e608d0af8f7c2b7efabcd,True,results/full_baseline_v1/runs/lendingclub_v2/fbv1-032-lendingclub_v2-catboost-boruta-random-forest-s42/manifest.json,
baseline,active,lendingclub_v2,boruta_random_forest,lr,manifest,results/full_baseline_v1/runs/lendingclub_v2/fbv1-031-lendingclub_v2-lr-boruta-random-forest-s42/manifest.json,17337,c1cf0fefac0f3d0027badb1b00cfbd28af0cee81952bc0dbc3585575c7d4d900,True,cleanup/audits/prompt_11_selector_combinations/baseline_completion_authentication.json,
baseline,active,lendingclub_v2,boruta_random_forest,lr,manifested_payload,results/full_baseline_v1/runs/lendingclub_v2/fbv1-031-lendingclub_v2-lr-boruta-random-forest-s42/checkpoint.json,18891,8f6f27f83417914ff88c08a29f439327fcf78827e0e5d9c2264d61c5f553cad4,True,results/full_baseline_v1/runs/lendingclub_v2/fbv1-031-lendingclub_v2-lr-boruta-random-forest-s42/manifest.json,
baseline,active,lendingclub_v2,boruta_random_forest,lr,manifested_payload,results/full_baseline_v1/runs/lendingclub_v2/fbv1-031-lendingclub_v2-lr-boruta-random-forest-s42/config.json,5094,a41afb8eaf26341018b32671c3262c403c74ecc6739a48089e012b5239d7a6a9,True,results/full_baseline_v1/runs/lendingclub_v2/fbv1-031-lendingclub_v2-lr-boruta-random-forest-s42/manifest.json,
baseline,active,lendingclub_v2,boruta_random_forest,lr,manifested_payload,results/full_baseline_v1/runs/lendingclub_v2/fbv1-031-lendingclub_v2-lr-boruta-random-forest-s42/fold_selections.csv,9372,ffb3e46b5169280afae8643167a88f47009506f8f418fb66da7e99cbf58efa3f,True,results/full_baseline_v1/runs/lendingclub_v2/fbv1-031-lendingclub_v2-lr-boruta-random-forest-s42/manifest.json,
baseline,active,lendingclub_v2,boruta_random_forest,lr,manifested_payload,results/full_baseline_v1/runs/lendingclub_v2/fbv1-031-lendingclub_v2-lr-boruta-random-forest-s42/metrics.csv,1641,74108c5ec9a3c024f31ad940bd27ff09c7b6c8248a94fff04bec117cbecc637b,True,results/full_baseline_v1/runs/lendingclub_v2/fbv1-031-lendingclub_v2-lr-boruta-random-forest-s42/manifest.json,
baseline,active,lendingclub_v2,boruta_random_forest,lr,manifested_payload,results/full_baseline_v1/runs/lendingclub_v2/fbv1-031-lendingclub_v2-lr-boruta-random-forest-s42/predictions_dev.csv,270089768,4b76d89e351c6ca535f7964268c0bcbd2fb96ea526a8d4d8bb6e90025af6c213,True,results/full_baseline_v1/runs/lendingclub_v2/fbv1-031-lendingclub_v2-lr-boruta-random-forest-s42/manifest.json,
baseline,active,lendingclub_v2,boruta_random_forest,lr,manifested_payload,results/full_baseline_v1/runs/lendingclub_v2/fbv1-031-lendingclub_v2-lr-boruta-random-forest-s42/predictions_oot.csv,132243252,2ced6041a6843861a8d79a26888e6095e9b1ea6893d59224d0f509eaffc1633f,True,results/full_baseline_v1/runs/lendingclub_v2/fbv1-031-lendingclub_v2-lr-boruta-random-forest-s42/manifest.json,
baseline,active,lendingclub_v2,boruta_random_forest,lr,manifested_payload,results/full_baseline_v1/runs/lendingclub_v2/fbv1-031-lendingclub_v2-lr-boruta-random-forest-s42/preflight.json,5649,04dffe0eb46fea93ece18af5bae9523a061df1e2e6b5cccb3d06061cd3eef48e,True,results/full_baseline_v1/runs/lendingclub_v2/fbv1-031-lendingclub_v2-lr-boruta-random-forest-s42/manifest.json,
baseline,active,lendingclub_v2,boruta_random_forest,lr,manifested_payload,results/full_baseline_v1/runs/lendingclub_v2/fbv1-031-lendingclub_v2-lr-boruta-random-forest-s42/resource_usage.json,928383,573109c11e88b2e16b99457236fedc9e8d8f62b84c6de1b7ffd6f9132de5a3d2,True,results/full_baseline_v1/runs/lendingclub_v2/fbv1-031-lendingclub_v2-lr-boruta-random-forest-s42/manifest.json,
baseline,active,lendingclub_v2,boruta_random_forest,lr,manifested_payload,results/full_baseline_v1/runs/lendingclub_v2/fbv1-031-lendingclub_v2-lr-boruta-random-forest-s42/run.log,8981,3f51ae84f307916725a50acb914b3ae8dafc792bd37763a883a39704c18605dc,True,results/full_baseline_v1/runs/lendingclub_v2/fbv1-031-lendingclub_v2-lr-boruta-random-forest-s42/manifest.json,
baseline,active,lendingclub_v2,boruta_random_forest,lr,manifested_payload,results/full_baseline_v1/runs/lendingclub_v2/fbv1-031-lendingclub_v2-lr-boruta-random-forest-s42/selected_features.csv,2074,0678b2d3def86279b7c796eee6245618cba679111f955e6523daa8bfa2e969e2,True,results/full_baseline_v1/runs/lendingclub_v2/fbv1-031-lendingclub_v2-lr-boruta-random-forest-s42/manifest.json,
baseline,active,lendingclub_v2,boruta_random_forest,lr,manifested_payload,results/full_baseline_v1/runs/lendingclub_v2/fbv1-031-lendingclub_v2-lr-boruta-random-forest-s42/stability.csv,542,7bd42319a48ec622fa7c2b39d8abb14f4cc1b5848d7fe3ba0963e50825c68e07,True,results/full_baseline_v1/runs/lendingclub_v2/fbv1-031-lendingclub_v2-lr-boruta-random-forest-s42/manifest.json,
baseline,active,lendingclub_v2,boruta_random_forest,lr,success_marker,results/full_baseline_v1/runs/lendingclub_v2/fbv1-031-lendingclub_v2-lr-boruta-random-forest-s42/_SUCCESS,27,9e2a5a195eb306379a14c6e38349d27a39c23245c9c2a4ccb20882864b46a4cc,True,results/full_baseline_v1/runs/lendingclub_v2/fbv1-031-lendingclub_v2-lr-boruta-random-forest-s42/manifest.json,
baseline,active,lendingclub_v2,catboost_shap,catboost,manifest,results/full_baseline_v1/runs/lendingclub_v2/fbv1-028-lendingclub_v2-catboost-catboost-shap-s42/manifest.json,17078,13df407681283a8542f848ed65aaad3a22ed9775c4d15568d216beb37af7fe03,True,cleanup/audits/prompt_11_selector_combinations/baseline_completion_authentication.json,
baseline,active,lendingclub_v2,catboost_shap,catboost,manifested_payload,results/full_baseline_v1/runs/lendingclub_v2/fbv1-028-lendingclub_v2-catboost-catboost-shap-s42/checkpoint.json,15070,c51cd8885886f9ca6ed20252bdf880ab51646b3a8fe81bdba53f50531d592617,True,results/full_baseline_v1/runs/lendingclub_v2/fbv1-028-lendingclub_v2-catboost-catboost-shap-s42/manifest.json,
baseline,active,lendingclub_v2,catboost_shap,catboost,manifested_payload,results/full_baseline_v1/runs/lendingclub_v2/fbv1-028-lendingclub_v2-catboost-catboost-shap-s42/config.json,4995,8517636f4d409c194dbc2db51f256b00658d68858a4a76e20ce198ae93f5e488,True,results/full_baseline_v1/runs/lendingclub_v2/fbv1-028-lendingclub_v2-catboost-catboost-shap-s42/manifest.json,
baseline,active,lendingclub_v2,catboost_shap,catboost,manifested_payload,results/full_baseline_v1/runs/lendingclub_v2/fbv1-028-lendingclub_v2-catboost-catboost-shap-s42/fold_selections.csv,15943,e70cf01142c6e57be9307996bfd3b95186d3d4ee58be8be3ad952eb633792681,True,results/full_baseline_v1/runs/lendingclub_v2/fbv1-028-lendingclub_v2-catboost-catboost-shap-s42/manifest.json,
baseline,active,lendingclub_v2,catboost_shap,catboost,manifested_payload,results/full_baseline_v1/runs/lendingclub_v2/fbv1-028-lendingclub_v2-catboost-catboost-shap-s42/metrics.csv,1631,06afecd253616198e592891bb6c0ad56f4914846271f874873354c992712c44a,True,results/full_baseline_v1/runs/lendingclub_v2/fbv1-028-lendingclub_v2-catboost-catboost-shap-s42/manifest.json,
baseline,active,lendingclub_v2,catboost_shap,catboost,manifested_payload,results/full_baseline_v1/runs/lendingclub_v2/fbv1-028-lendingclub_v2-catboost-catboost-shap-s42/predictions_dev.csv,268944657,e80dd092ca2cf50e517938f94ddbe0c901c5d8a053b5f1cd68e925291f094ff1,True,results/full_baseline_v1/runs/lendingclub_v2/fbv1-028-lendingclub_v2-catboost-catboost-shap-s42/manifest.json,
baseline,active,lendingclub_v2,catboost_shap,catboost,manifested_payload,results/full_baseline_v1/runs/lendingclub_v2/fbv1-028-lendingclub_v2-catboost-catboost-shap-s42/predictions_oot.csv,131683672,c3b20fa84ae0c9b20df281f3c4d0b773cd3b6cfc88539210e8f58c0cdd3ad4c9,True,results/full_baseline_v1/runs/lendingclub_v2/fbv1-028-lendingclub_v2-catboost-catboost-shap-s42/manifest.json,
baseline,active,lendingclub_v2,catboost_shap,catboost,manifested_payload,results/full_baseline_v1/runs/lendingclub_v2/fbv1-028-lendingclub_v2-catboost-catboost-shap-s42/preflight.json,5649,04dffe0eb46fea93ece18af5bae9523a061df1e2e6b5cccb3d06061cd3eef48e,True,results/full_baseline_v1/runs/lendingclub_v2/fbv1-028-lendingclub_v2-catboost-catboost-shap-s42/manifest.json,
baseline,active,lendingclub_v2,catboost_shap,catboost,manifested_payload,results/full_baseline_v1/runs/lendingclub_v2/fbv1-028-lendingclub_v2-catboost-catboost-shap-s42/resource_usage.json,177438,b2eab9031e7dd00407edc7180a364c03b153d97c0928ced085688867893a9470,True,results/full_baseline_v1/runs/lendingclub_v2/fbv1-028-lendingclub_v2-catboost-catboost-shap-s42/manifest.json,
baseline,active,lendingclub_v2,catboost_shap,catboost,manifested_payload,results/full_baseline_v1/runs/lendingclub_v2/fbv1-028-lendingclub_v2-catboost-catboost-shap-s42/run.log,7423,20d520690825a2e0adb4d684599e062e3b809e3aa7738a824e4a2f4ac45c25d8,True,results/full_baseline_v1/runs/lendingclub_v2/fbv1-028-lendingclub_v2-catboost-catboost-shap-s42/manifest.json,
baseline,active,lendingclub_v2,catboost_shap,catboost,manifested_payload,results/full_baseline_v1/runs/lendingclub_v2/fbv1-028-lendingclub_v2-catboost-catboost-shap-s42/selected_features.csv,3617,4752d3308704e0759f117050a8130398c152c2acc8a94021ee01c1476a01003f,True,results/full_baseline_v1/runs/lendingclub_v2/fbv1-028-lendingclub_v2-catboost-catboost-shap-s42/manifest.json,
baseline,active,lendingclub_v2,catboost_shap,catboost,manifested_payload,results/full_baseline_v1/runs/lendingclub_v2/fbv1-028-lendingclub_v2-catboost-catboost-shap-s42/stability.csv,573,ce9605b2d41971c61140ef6ab96131bf5cf2d3df875a584a9e4ebf842f2f2536,True,results/full_baseline_v1/runs/lendingclub_v2/fbv1-028-lendingclub_v2-catboost-catboost-shap-s42/manifest.json,
baseline,active,lendingclub_v2,catboost_shap,catboost,success_marker,results/full_baseline_v1/runs/lendingclub_v2/fbv1-028-lendingclub_v2-catboost-catboost-shap-s42/_SUCCESS,27,f2ec8bbb6fd2354ab050e4ff9042cb09364ad3bd4252505b7b82e50b062608ad,True,results/full_baseline_v1/runs/lendingclub_v2/fbv1-028-lendingclub_v2-catboost-catboost-shap-s42/manifest.json,
baseline,active,lendingclub_v2,catboost_shap,lr,manifest,results/full_baseline_v1/runs/lendingclub_v2/fbv1-027-lendingclub_v2-lr-catboost-shap-s42/manifest.json,17001,720a7a8e277f1660dff344a9a8faade8a8f10bc2b3eb7c726b394bae465b36fc,True,cleanup/audits/prompt_11_selector_combinations/baseline_completion_authentication.json,
baseline,active,lendingclub_v2,catboost_shap,lr,manifested_payload,results/full_baseline_v1/runs/lendingclub_v2/fbv1-027-lendingclub_v2-lr-catboost-shap-s42/checkpoint.json,15045,db6a2fc47a45890f63ea8a949a425a8bfbee32f4e30b7f3c06e268e28241beb9,True,results/full_baseline_v1/runs/lendingclub_v2/fbv1-027-lendingclub_v2-lr-catboost-shap-s42/manifest.json,
baseline,active,lendingclub_v2,catboost_shap,lr,manifested_payload,results/full_baseline_v1/runs/lendingclub_v2/fbv1-027-lendingclub_v2-lr-catboost-shap-s42/config.json,4965,6117204b8b99bda019384f9a5cff9128dae68b875e77cb9fce1778ad775a8034,True,results/full_baseline_v1/runs/lendingclub_v2/fbv1-027-lendingclub_v2-lr-catboost-shap-s42/manifest.json,
baseline,active,lendingclub_v2,catboost_shap,lr,manifested_payload,results/full_baseline_v1/runs/lendingclub_v2/fbv1-027-lendingclub_v2-lr-catboost-shap-s42/fold_selections.csv,7871,71e5aaf92960fba20a996fe9f79082d36af5dcbf46ca8629aa06f42f16be66ee,True,results/full_baseline_v1/runs/lendingclub_v2/fbv1-027-lendingclub_v2-lr-catboost-shap-s42/manifest.json,
baseline,active,lendingclub_v2,catboost_shap,lr,manifested_payload,results/full_baseline_v1/runs/lendingclub_v2/fbv1-027-lendingclub_v2-lr-catboost-shap-s42/metrics.csv,1607,c3aed8821ff0fca6662ebf144c0160336c88766af6efc84e88c28513762ebc27,True,results/full_baseline_v1/runs/lendingclub_v2/fbv1-027-lendingclub_v2-lr-catboost-shap-s42/manifest.json,
baseline,active,lendingclub_v2,catboost_shap,lr,manifested_payload,results/full_baseline_v1/runs/lendingclub_v2/fbv1-027-lendingclub_v2-lr-catboost-shap-s42/predictions_dev.csv,261745749,7021652164a38b8a46f754848fc6c135821550cdf9d5e6c0b279be241432d8e7,True,results/full_baseline_v1/runs/lendingclub_v2/fbv1-027-lendingclub_v2-lr-catboost-shap-s42/manifest.json,
baseline,active,lendingclub_v2,catboost_shap,lr,manifested_payload,results/full_baseline_v1/runs/lendingclub_v2/fbv1-027-lendingclub_v2-lr-catboost-shap-s42/predictions_oot.csv,128157415,e38928fd5bd6b4e28dfb1bb2a0b7546e7c5189c4d3e866402525109191262931,True,results/full_baseline_v1/runs/lendingclub_v2/fbv1-027-lendingclub_v2-lr-catboost-shap-s42/manifest.json,
baseline,active,lendingclub_v2,catboost_shap,lr,manifested_payload,results/full_baseline_v1/runs/lendingclub_v2/fbv1-027-lendingclub_v2-lr-catboost-shap-s42/preflight.json,5649,04dffe0eb46fea93ece18af5bae9523a061df1e2e6b5cccb3d06061cd3eef48e,True,results/full_baseline_v1/runs/lendingclub_v2/fbv1-027-lendingclub_v2-lr-catboost-shap-s42/manifest.json,
baseline,active,lendingclub_v2,catboost_shap,lr,manifested_payload,results/full_baseline_v1/runs/lendingclub_v2/fbv1-027-lendingclub_v2-lr-catboost-shap-s42/resource_usage.json,68576,85459314f3046364c29a1c1aee278201858ad5c56ab81da1ed26ef0c426605ba,True,results/full_baseline_v1/runs/lendingclub_v2/fbv1-027-lendingclub_v2-lr-catboost-shap-s42/manifest.json,
baseline,active,lendingclub_v2,catboost_shap,lr,manifested_payload,results/full_baseline_v1/runs/lendingclub_v2/fbv1-027-lendingclub_v2-lr-catboost-shap-s42/run.log,7395,56d71f628f76cdb69e07e59ecf8f5df81a87f64257e663d9b14a51fa2f9a5642,True,results/full_baseline_v1/runs/lendingclub_v2/fbv1-027-lendingclub_v2-lr-catboost-shap-s42/manifest.json,
baseline,active,lendingclub_v2,catboost_shap,lr,manifested_payload,results/full_baseline_v1/runs/lendingclub_v2/fbv1-027-lendingclub_v2-lr-catboost-shap-s42/selected_features.csv,1781,3faf49e10e04d84f275e42cdbd945cb6d6b1e130a207da90cda56d790fcd27a2,True,results/full_baseline_v1/runs/lendingclub_v2/fbv1-027-lendingclub_v2-lr-catboost-shap-s42/manifest.json,
baseline,active,lendingclub_v2,catboost_shap,lr,manifested_payload,results/full_baseline_v1/runs/lendingclub_v2/fbv1-027-lendingclub_v2-lr-catboost-shap-s42/stability.csv,573,5c022be86e35afb7c2a011200e911a6bc37e98d38c6eeb7d2a5f4f544a9e92f9,True,results/full_baseline_v1/runs/lendingclub_v2/fbv1-027-lendingclub_v2-lr-catboost-shap-s42/manifest.json,
baseline,active,lendingclub_v2,catboost_shap,lr,success_marker,results/full_baseline_v1/runs/lendingclub_v2/fbv1-027-lendingclub_v2-lr-catboost-shap-s42/_SUCCESS,27,ba96877ee035b45b5e39d525858a6e4cceedb58b645c1172cd51574b41ec4dc0,True,results/full_baseline_v1/runs/lendingclub_v2/fbv1-027-lendingclub_v2-lr-catboost-shap-s42/manifest.json,
baseline,active,lendingclub_v2,full_features,catboost,manifest,results/full_baseline_v1/runs/lendingclub_v2/fbv1-004-lendingclub_v2-catboost-full-features-s42/manifest.json,25668,db26d2c702d276ff6e0bbb5246b5a461851313faaa1ea3dc25f693e429d9fb62,True,cleanup/audits/prompt_11_selector_combinations/baseline_completion_authentication.json,
baseline,active,lendingclub_v2,full_features,catboost,manifested_payload,results/full_baseline_v1/runs/lendingclub_v2/fbv1-004-lendingclub_v2-catboost-full-features-s42/checkpoint.json,40856,17edb22c204f4795e35c62e4dffc9d8786cd678d40031748302f94cd6cbcbf17,True,results/full_baseline_v1/runs/lendingclub_v2/fbv1-004-lendingclub_v2-catboost-full-features-s42/manifest.json,
baseline,active,lendingclub_v2,full_features,catboost,manifested_payload,results/full_baseline_v1/runs/lendingclub_v2/fbv1-004-lendingclub_v2-catboost-full-features-s42/config.json,4325,6060cee4f43b5403bf7b19f9ef6bf1c8a8bf778bab2f4bd9bc1818992b512e71,True,results/full_baseline_v1/runs/lendingclub_v2/fbv1-004-lendingclub_v2-catboost-full-features-s42/manifest.json,
baseline,active,lendingclub_v2,full_features,catboost,manifested_payload,results/full_baseline_v1/runs/lendingclub_v2/fbv1-004-lendingclub_v2-catboost-full-features-s42/fold_selections.csv,298120,e54bb69cc138ef0c053dd1978fb95b32a88dd5decdfe22e31697a55f49cb2673,True,results/full_baseline_v1/runs/lendingclub_v2/fbv1-004-lendingclub_v2-catboost-full-features-s42/manifest.json,
baseline,active,lendingclub_v2,full_features,catboost,manifested_payload,results/full_baseline_v1/runs/lendingclub_v2/fbv1-004-lendingclub_v2-catboost-full-features-s42/metrics.csv,1632,2c51e9cd20b2fce80e5926cd0ce6ccd479aca687877952e9b59ce6d59638db04,True,results/full_baseline_v1/runs/lendingclub_v2/fbv1-004-lendingclub_v2-catboost-full-features-s42/manifest.json,
baseline,active,lendingclub_v2,full_features,catboost,manifested_payload,results/full_baseline_v1/runs/lendingclub_v2/fbv1-004-lendingclub_v2-catboost-full-features-s42/predictions_dev.csv,268951453,eed9638e0d9154ff3961bd6f921805eac7b5534798d0828f97a20fb8d4b95994,True,results/full_baseline_v1/runs/lendingclub_v2/fbv1-004-lendingclub_v2-catboost-full-features-s42/manifest.json,
baseline,active,lendingclub_v2,full_features,catboost,manifested_payload,results/full_baseline_v1/runs/lendingclub_v2/fbv1-004-lendingclub_v2-catboost-full-features-s42/predictions_oot.csv,131682097,e4e2b6ab9cceb963620ab54b3966eb4168d538eadfb699860e740135e6d005c4,True,results/full_baseline_v1/runs/lendingclub_v2/fbv1-004-lendingclub_v2-catboost-full-features-s42/manifest.json,
baseline,active,lendingclub_v2,full_features,catboost,manifested_payload,results/full_baseline_v1/runs/lendingclub_v2/fbv1-004-lendingclub_v2-catboost-full-features-s42/preflight.json,5649,d1f0edc2afb9738488d251113758af96dc6a442124c2400f7ae58d6367c2d4b9,True,results/full_baseline_v1/runs/lendingclub_v2/fbv1-004-lendingclub_v2-catboost-full-features-s42/manifest.json,
baseline,active,lendingclub_v2,full_features,catboost,manifested_payload,results/full_baseline_v1/runs/lendingclub_v2/fbv1-004-lendingclub_v2-catboost-full-features-s42/resource_usage.json,1392620,a295806802ee7a637d086b4c9fff31928ed2d5c2d3e4842714ab128ad90764fb,True,results/full_baseline_v1/runs/lendingclub_v2/fbv1-004-lendingclub_v2-catboost-full-features-s42/manifest.json,
baseline,active,lendingclub_v2,full_features,catboost,manifested_payload,results/full_baseline_v1/runs/lendingclub_v2/fbv1-004-lendingclub_v2-catboost-full-features-s42/run.log,11114,10d228d2631b0ac29d37e80bbacfa620b16a558fcd24bf9c5d24339fdae95a69,True,results/full_baseline_v1/runs/lendingclub_v2/fbv1-004-lendingclub_v2-catboost-full-features-s42/manifest.json,
baseline,active,lendingclub_v2,full_features,catboost,manifested_payload,results/full_baseline_v1/runs/lendingclub_v2/fbv1-004-lendingclub_v2-catboost-full-features-s42/selected_features.csv,65076,247e19830fa57d7f357dc7d985804ac8544dbe7282a266648ff807f4ac929d25,True,results/full_baseline_v1/runs/lendingclub_v2/fbv1-004-lendingclub_v2-catboost-full-features-s42/manifest.json,
baseline,active,lendingclub_v2,full_features,catboost,manifested_payload,results/full_baseline_v1/runs/lendingclub_v2/fbv1-004-lendingclub_v2-catboost-full-features-s42/stability.csv,434,4c20fe23c06507e4a5e593f84fb53cb3435e791c0272969776cf3aa8fa793f7f,True,results/full_baseline_v1/runs/lendingclub_v2/fbv1-004-lendingclub_v2-catboost-full-features-s42/manifest.json,
baseline,active,lendingclub_v2,full_features,catboost,success_marker,results/full_baseline_v1/runs/lendingclub_v2/fbv1-004-lendingclub_v2-catboost-full-features-s42/_SUCCESS,27,390e849c0aaf39389d9475ac2a20a259f3c120417102ff97160e5ffa70370bcc,True,results/full_baseline_v1/runs/lendingclub_v2/fbv1-004-lendingclub_v2-catboost-full-features-s42/manifest.json,
baseline,active,lendingclub_v2,full_features,lr,manifest,results/full_baseline_v1/runs/lendingclub_v2/fbv1-003-lendingclub_v2-lr-full-features-s42/manifest.json,15915,2628cedf48e2191a7bd1c7fffa68885ae7f8ba21ec07b26e6677f61763e2d262,True,cleanup/audits/prompt_11_selector_combinations/baseline_completion_authentication.json,
baseline,active,lendingclub_v2,full_features,lr,manifested_payload,results/full_baseline_v1/runs/lendingclub_v2/fbv1-003-lendingclub_v2-lr-full-features-s42/checkpoint.json,18653,6105fd152f26c9733e52cc5c21900da58d779d4a7386f8cac4b3d0c62de3aee7,True,results/full_baseline_v1/runs/lendingclub_v2/fbv1-003-lendingclub_v2-lr-full-features-s42/manifest.json,
baseline,active,lendingclub_v2,full_features,lr,manifested_payload,results/full_baseline_v1/runs/lendingclub_v2/fbv1-003-lendingclub_v2-lr-full-features-s42/config.json,4295,a9813c3e524198bbf94fd5814dc771df1ae4caa691050dc628e10d5582490848,True,results/full_baseline_v1/runs/lendingclub_v2/fbv1-003-lendingclub_v2-lr-full-features-s42/manifest.json,
baseline,active,lendingclub_v2,full_features,lr,manifested_payload,results/full_baseline_v1/runs/lendingclub_v2/fbv1-003-lendingclub_v2-lr-full-features-s42/fold_selections.csv,298120,e54bb69cc138ef0c053dd1978fb95b32a88dd5decdfe22e31697a55f49cb2673,True,results/full_baseline_v1/runs/lendingclub_v2/fbv1-003-lendingclub_v2-lr-full-features-s42/manifest.json,
baseline,active,lendingclub_v2,full_features,lr,manifested_payload,results/full_baseline_v1/runs/lendingclub_v2/fbv1-003-lendingclub_v2-lr-full-features-s42/metrics.csv,1608,5d65ddfc1e8ca0802aa394ec8f178322a75822f118ae27f520d2837022c4989e,True,results/full_baseline_v1/runs/lendingclub_v2/fbv1-003-lendingclub_v2-lr-full-features-s42/manifest.json,
baseline,active,lendingclub_v2,full_features,lr,manifested_payload,results/full_baseline_v1/runs/lendingclub_v2/fbv1-003-lendingclub_v2-lr-full-features-s42/predictions_dev.csv,261754952,b196c526221dc34bdc9769433a00728913e23356a9ca24fdb604702d95d2465e,True,results/full_baseline_v1/runs/lendingclub_v2/fbv1-003-lendingclub_v2-lr-full-features-s42/manifest.json,
baseline,active,lendingclub_v2,full_features,lr,manifested_payload,results/full_baseline_v1/runs/lendingclub_v2/fbv1-003-lendingclub_v2-lr-full-features-s42/predictions_oot.csv,128158028,5e415a2d976397fa6ca338906205432d7add9071f7209ad2735d31f7d40c126a,True,results/full_baseline_v1/runs/lendingclub_v2/fbv1-003-lendingclub_v2-lr-full-features-s42/manifest.json,
baseline,active,lendingclub_v2,full_features,lr,manifested_payload,results/full_baseline_v1/runs/lendingclub_v2/fbv1-003-lendingclub_v2-lr-full-features-s42/preflight.json,4863,54765a993e8beaa43e85584b012ff6edde959c73df09e3607f289f183ef466b5,True,results/full_baseline_v1/runs/lendingclub_v2/fbv1-003-lendingclub_v2-lr-full-features-s42/manifest.json,
baseline,active,lendingclub_v2,full_features,lr,manifested_payload,results/full_baseline_v1/runs/lendingclub_v2/fbv1-003-lendingclub_v2-lr-full-features-s42/resource_usage.json,661063,c80e75bc23cc4ecbd3f108cdeffa889fb310e16af8df8d0dfae38f7de0d192a3,True,results/full_baseline_v1/runs/lendingclub_v2/fbv1-003-lendingclub_v2-lr-full-features-s42/manifest.json,
baseline,active,lendingclub_v2,full_features,lr,manifested_payload,results/full_baseline_v1/runs/lendingclub_v2/fbv1-003-lendingclub_v2-lr-full-features-s42/run.log,3836,2b0c9773b6e2a96124927276afec41a209dc1ed4ecb57cac48cbae80afbc25e6,True,results/full_baseline_v1/runs/lendingclub_v2/fbv1-003-lendingclub_v2-lr-full-features-s42/manifest.json,
baseline,active,lendingclub_v2,full_features,lr,manifested_payload,results/full_baseline_v1/runs/lendingclub_v2/fbv1-003-lendingclub_v2-lr-full-features-s42/selected_features.csv,65076,247e19830fa57d7f357dc7d985804ac8544dbe7282a266648ff807f4ac929d25,True,results/full_baseline_v1/runs/lendingclub_v2/fbv1-003-lendingclub_v2-lr-full-features-s42/manifest.json,
baseline,active,lendingclub_v2,full_features,lr,manifested_payload,results/full_baseline_v1/runs/lendingclub_v2/fbv1-003-lendingclub_v2-lr-full-features-s42/stability.csv,434,4c20fe23c06507e4a5e593f84fb53cb3435e791c0272969776cf3aa8fa793f7f,True,results/full_baseline_v1/runs/lendingclub_v2/fbv1-003-lendingclub_v2-lr-full-features-s42/manifest.json,
baseline,active,lendingclub_v2,full_features,lr,success_marker,results/full_baseline_v1/runs/lendingclub_v2/fbv1-003-lendingclub_v2-lr-full-features-s42/_SUCCESS,27,7db72feb3c72d37c97d4b3e14588f7515443839dcf276e840a29c41c6aae1421,True,results/full_baseline_v1/runs/lendingclub_v2/fbv1-003-lendingclub_v2-lr-full-features-s42/manifest.json,
baseline,active,lendingclub_v2,iv_woe,catboost,manifest,results/full_baseline_v1/runs/lendingclub_v2/fbv1-012-lendingclub_v2-catboost-iv-woe-s42/manifest.json,16445,1ea2a8b514f4207335573335d16aeb28e633caca305587fd11df11cdc5fe4f53,True,cleanup/audits/prompt_11_selector_combinations/baseline_completion_authentication.json,
baseline,active,lendingclub_v2,iv_woe,catboost,manifested_payload,results/full_baseline_v1/runs/lendingclub_v2/fbv1-012-lendingclub_v2-catboost-iv-woe-s42/checkpoint.json,15042,d8b5a46853f75113cf8f130d44b80eb1c9750d9209fdb37325219abe99496ee9,True,results/full_baseline_v1/runs/lendingclub_v2/fbv1-012-lendingclub_v2-catboost-iv-woe-s42/manifest.json,
baseline,active,lendingclub_v2,iv_woe,catboost,manifested_payload,results/full_baseline_v1/runs/lendingclub_v2/fbv1-012-lendingclub_v2-catboost-iv-woe-s42/config.json,4504,1aa87d56fd9b68ddb5306b5256283cd8b317018434234cfb862a514f91ccc0a3,True,results/full_baseline_v1/runs/lendingclub_v2/fbv1-012-lendingclub_v2-catboost-iv-woe-s42/manifest.json,
baseline,active,lendingclub_v2,iv_woe,catboost,manifested_payload,results/full_baseline_v1/runs/lendingclub_v2/fbv1-012-lendingclub_v2-catboost-iv-woe-s42/fold_selections.csv,14749,e9fe95f7dcebf376a3139607cf274e231007749bf2c5e4347a7fe5011b39868a,True,results/full_baseline_v1/runs/lendingclub_v2/fbv1-012-lendingclub_v2-catboost-iv-woe-s42/manifest.json,
baseline,active,lendingclub_v2,iv_woe,catboost,manifested_payload,results/full_baseline_v1/runs/lendingclub_v2/fbv1-012-lendingclub_v2-catboost-iv-woe-s42/metrics.csv,1604,52fb7f3ae21d41a5bf0016ba1b15212e1335562df292313c25fc786e9a992b05,True,results/full_baseline_v1/runs/lendingclub_v2/fbv1-012-lendingclub_v2-catboost-iv-woe-s42/manifest.json,
baseline,active,lendingclub_v2,iv_woe,catboost,manifested_payload,results/full_baseline_v1/runs/lendingclub_v2/fbv1-012-lendingclub_v2-catboost-iv-woe-s42/predictions_dev.csv,260560688,08850744965015a8ea0e78df4a27c508606d626250227635243c35d5f6e09733,True,results/full_baseline_v1/runs/lendingclub_v2/fbv1-012-lendingclub_v2-catboost-iv-woe-s42/manifest.json,
baseline,active,lendingclub_v2,iv_woe,catboost,manifested_payload,results/full_baseline_v1/runs/lendingclub_v2/fbv1-012-lendingclub_v2-catboost-iv-woe-s42/predictions_oot.csv,127577960,9945bd1988e803b2b77e4171c374f037dab9588f5cc8d9732eaeacd19b788a74,True,results/full_baseline_v1/runs/lendingclub_v2/fbv1-012-lendingclub_v2-catboost-iv-woe-s42/manifest.json,
baseline,active,lendingclub_v2,iv_woe,catboost,manifested_payload,results/full_baseline_v1/runs/lendingclub_v2/fbv1-012-lendingclub_v2-catboost-iv-woe-s42/preflight.json,5649,04dffe0eb46fea93ece18af5bae9523a061df1e2e6b5cccb3d06061cd3eef48e,True,results/full_baseline_v1/runs/lendingclub_v2/fbv1-012-lendingclub_v2-catboost-iv-woe-s42/manifest.json,
baseline,active,lendingclub_v2,iv_woe,catboost,manifested_payload,results/full_baseline_v1/runs/lendingclub_v2/fbv1-012-lendingclub_v2-catboost-iv-woe-s42/resource_usage.json,208642,8da73eaa1346a56b3e4fdc248a3c43b80ff64a81544646951d8211df46996a70,True,results/full_baseline_v1/runs/lendingclub_v2/fbv1-012-lendingclub_v2-catboost-iv-woe-s42/manifest.json,
baseline,active,lendingclub_v2,iv_woe,catboost,manifested_payload,results/full_baseline_v1/runs/lendingclub_v2/fbv1-012-lendingclub_v2-catboost-iv-woe-s42/run.log,3811,0447805159cb256bab94c1d65ae7c817d1ee948c1209e47692eb0865759970ee,True,results/full_baseline_v1/runs/lendingclub_v2/fbv1-012-lendingclub_v2-catboost-iv-woe-s42/manifest.json,
baseline,active,lendingclub_v2,iv_woe,catboost,manifested_payload,results/full_baseline_v1/runs/lendingclub_v2/fbv1-012-lendingclub_v2-catboost-iv-woe-s42/selected_features.csv,3402,b8697333aa2188b8a9e41631ea233853b07645ff04d22d03519c749e5ff0cf44,True,results/full_baseline_v1/runs/lendingclub_v2/fbv1-012-lendingclub_v2-catboost-iv-woe-s42/manifest.json,
baseline,active,lendingclub_v2,iv_woe,catboost,manifested_payload,results/full_baseline_v1/runs/lendingclub_v2/fbv1-012-lendingclub_v2-catboost-iv-woe-s42/stability.csv,543,4d81a79cc1c351ee9e426018db1d8c303ed7e4d73da62f3ffcc55a3c2ae6c0b6,True,results/full_baseline_v1/runs/lendingclub_v2/fbv1-012-lendingclub_v2-catboost-iv-woe-s42/manifest.json,
baseline,active,lendingclub_v2,iv_woe,catboost,success_marker,results/full_baseline_v1/runs/lendingclub_v2/fbv1-012-lendingclub_v2-catboost-iv-woe-s42/_SUCCESS,27,01509361759765e5ec90777193984bb93cf4f4cada7337be6da0d2b8095fdc4d,True,results/full_baseline_v1/runs/lendingclub_v2/fbv1-012-lendingclub_v2-catboost-iv-woe-s42/manifest.json,
baseline,active,lendingclub_v2,iv_woe,lr,manifest,results/full_baseline_v1/runs/lendingclub_v2/fbv1-011-lendingclub_v2-lr-iv-woe-s42/manifest.json,16408,6973062a82cc4dca2a78411e64028220657ec9b34eef089d4b16cb48850df08a,True,cleanup/audits/prompt_11_selector_combinations/baseline_completion_authentication.json,
baseline,active,lendingclub_v2,iv_woe,lr,manifested_payload,results/full_baseline_v1/runs/lendingclub_v2/fbv1-011-lendingclub_v2-lr-iv-woe-s42/checkpoint.json,15017,35a3ad101fdc9c1b69304915b751fc123c104aeb03d571f373514c9fcfa35cbd,True,results/full_baseline_v1/runs/lendingclub_v2/fbv1-011-lendingclub_v2-lr-iv-woe-s42/manifest.json,
baseline,active,lendingclub_v2,iv_woe,lr,manifested_payload,results/full_baseline_v1/runs/lendingclub_v2/fbv1-011-lendingclub_v2-lr-iv-woe-s42/config.json,4474,fed813e9f6a7ce9ce10fb4e5e367630e1fe94e7065131605a819a32082c0e57c,True,results/full_baseline_v1/runs/lendingclub_v2/fbv1-011-lendingclub_v2-lr-iv-woe-s42/manifest.json,
baseline,active,lendingclub_v2,iv_woe,lr,manifested_payload,results/full_baseline_v1/runs/lendingclub_v2/fbv1-011-lendingclub_v2-lr-iv-woe-s42/fold_selections.csv,6838,30eadf6e36600f1cfba00a211720a5d92f53a0b06bd7eae5a3e37679c8ca593a,True,results/full_baseline_v1/runs/lendingclub_v2/fbv1-011-lendingclub_v2-lr-iv-woe-s42/manifest.json,
baseline,active,lendingclub_v2,iv_woe,lr,manifested_payload,results/full_baseline_v1/runs/lendingclub_v2/fbv1-011-lendingclub_v2-lr-iv-woe-s42/metrics.csv,1580,5b04bd81ba212a05cc24f706782090f362eb1db5b4f561074af6d1435907b127,True,results/full_baseline_v1/runs/lendingclub_v2/fbv1-011-lendingclub_v2-lr-iv-woe-s42/manifest.json,
baseline,active,lendingclub_v2,iv_woe,lr,manifested_payload,results/full_baseline_v1/runs/lendingclub_v2/fbv1-011-lendingclub_v2-lr-iv-woe-s42/predictions_dev.csv,253360099,a6e773bc882b9719e149a51199fa052dd72a71cb7751f703704325e8e6df7091,True,results/full_baseline_v1/runs/lendingclub_v2/fbv1-011-lendingclub_v2-lr-iv-woe-s42/manifest.json,
baseline,active,lendingclub_v2,iv_woe,lr,manifested_payload,results/full_baseline_v1/runs/lendingclub_v2/fbv1-011-lendingclub_v2-lr-iv-woe-s42/predictions_oot.csv,124054087,842e3c1bd4ac9b7d6eee7258edfd247d8efa3ef943f828442662b3a377889409,True,results/full_baseline_v1/runs/lendingclub_v2/fbv1-011-lendingclub_v2-lr-iv-woe-s42/manifest.json,
baseline,active,lendingclub_v2,iv_woe,lr,manifested_payload,results/full_baseline_v1/runs/lendingclub_v2/fbv1-011-lendingclub_v2-lr-iv-woe-s42/preflight.json,5649,04dffe0eb46fea93ece18af5bae9523a061df1e2e6b5cccb3d06061cd3eef48e,True,results/full_baseline_v1/runs/lendingclub_v2/fbv1-011-lendingclub_v2-lr-iv-woe-s42/manifest.json,
baseline,active,lendingclub_v2,iv_woe,lr,manifested_payload,results/full_baseline_v1/runs/lendingclub_v2/fbv1-011-lendingclub_v2-lr-iv-woe-s42/resource_usage.json,79782,d2f9606285664b0ed51f1e53cb22289fd68ef874e94a759a16e1defd99f58b72,True,results/full_baseline_v1/runs/lendingclub_v2/fbv1-011-lendingclub_v2-lr-iv-woe-s42/manifest.json,
baseline,active,lendingclub_v2,iv_woe,lr,manifested_payload,results/full_baseline_v1/runs/lendingclub_v2/fbv1-011-lendingclub_v2-lr-iv-woe-s42/run.log,3784,eb375e8e14f7d4ba2e745232d7424a50e49f1181db6dedf7db5b5d9f59cb073c,True,results/full_baseline_v1/runs/lendingclub_v2/fbv1-011-lendingclub_v2-lr-iv-woe-s42/manifest.json,
baseline,active,lendingclub_v2,iv_woe,lr,manifested_payload,results/full_baseline_v1/runs/lendingclub_v2/fbv1-011-lendingclub_v2-lr-iv-woe-s42/selected_features.csv,1658,96896d15ea2d0299a049c92f82726c772be3f5a1513a475cca45686b1099a968,True,results/full_baseline_v1/runs/lendingclub_v2/fbv1-011-lendingclub_v2-lr-iv-woe-s42/manifest.json,
baseline,active,lendingclub_v2,iv_woe,lr,manifested_payload,results/full_baseline_v1/runs/lendingclub_v2/fbv1-011-lendingclub_v2-lr-iv-woe-s42/stability.csv,571,d867ff698b13d9ceedd5a8ec486562c117be5992a281293c7ada35989a897e5e,True,results/full_baseline_v1/runs/lendingclub_v2/fbv1-011-lendingclub_v2-lr-iv-woe-s42/manifest.json,
baseline,active,lendingclub_v2,iv_woe,lr,success_marker,results/full_baseline_v1/runs/lendingclub_v2/fbv1-011-lendingclub_v2-lr-iv-woe-s42/_SUCCESS,27,88f44c777dd953cd45baf7b62f853854d868fbc920fcf65f94788e4d251c45eb,True,results/full_baseline_v1/runs/lendingclub_v2/fbv1-011-lendingclub_v2-lr-iv-woe-s42/manifest.json,
baseline,active,lendingclub_v2,lasso_l1_logistic,catboost,manifest,results/full_baseline_v1/runs/lendingclub_v2/fbv1-020-lendingclub_v2-catboost-lasso-l1-logistic-s42/manifest.json,23221,b1d5e9ba29f3ff10271ff0606fd2fbb3cb861d685694a37aba2c8070441b5ff7,True,cleanup/audits/prompt_11_selector_combinations/baseline_completion_authentication.json,
baseline,active,lendingclub_v2,lasso_l1_logistic,catboost,manifested_payload,results/full_baseline_v1/runs/lendingclub_v2/fbv1-020-lendingclub_v2-catboost-lasso-l1-logistic-s42/checkpoint.json,15085,7510b4765198974bf5edea23ea60636f0cf317b3ce76f8c9edfd4c3a857f87dd,True,results/full_baseline_v1/runs/lendingclub_v2/fbv1-020-lendingclub_v2-catboost-lasso-l1-logistic-s42/manifest.json,
baseline,active,lendingclub_v2,lasso_l1_logistic,catboost,manifested_payload,results/full_baseline_v1/runs/lendingclub_v2/fbv1-020-lendingclub_v2-catboost-lasso-l1-logistic-s42/config.json,4676,a4a69bfeaecfbbff0fea2b157c2b7ac5f58d0d228b491a8ddbeb7bbb7db02d04,True,results/full_baseline_v1/runs/lendingclub_v2/fbv1-020-lendingclub_v2-catboost-lasso-l1-logistic-s42/manifest.json,
baseline,active,lendingclub_v2,lasso_l1_logistic,catboost,manifested_payload,results/full_baseline_v1/runs/lendingclub_v2/fbv1-020-lendingclub_v2-catboost-lasso-l1-logistic-s42/fold_selections.csv,16832,b9036850b3fb97a9cf555cb4e9b8f46b376411dfcc9bc7dac7a062406e153b78,True,results/full_baseline_v1/runs/lendingclub_v2/fbv1-020-lendingclub_v2-catboost-lasso-l1-logistic-s42/manifest.json,
baseline,active,lendingclub_v2,lasso_l1_logistic,catboost,manifested_payload,results/full_baseline_v1/runs/lendingclub_v2/fbv1-020-lendingclub_v2-catboost-lasso-l1-logistic-s42/metrics.csv,1646,5cd8f9d048e759a6c76578e13253d93f0f0fc410585854d6d8d97ee7cb2ad176,True,results/full_baseline_v1/runs/lendingclub_v2/fbv1-020-lendingclub_v2-catboost-lasso-l1-logistic-s42/manifest.json,
baseline,active,lendingclub_v2,lasso_l1_logistic,catboost,manifested_payload,results/full_baseline_v1/runs/lendingclub_v2/fbv1-020-lendingclub_v2-catboost-lasso-l1-logistic-s42/predictions_dev.csv,273733942,8dc6792e9385037eedab577e530dbcb963eb9c436606ca9e087c76af78b27c3b,True,results/full_baseline_v1/runs/lendingclub_v2/fbv1-020-lendingclub_v2-catboost-lasso-l1-logistic-s42/manifest.json,
baseline,active,lendingclub_v2,lasso_l1_logistic,catboost,manifested_payload,results/full_baseline_v1/runs/lendingclub_v2/fbv1-020-lendingclub_v2-catboost-lasso-l1-logistic-s42/predictions_oot.csv,134028944,46d75206821fc099b2d21d4823d3020258267719bcbd15e9d90a3fcd6d898062,True,results/full_baseline_v1/runs/lendingclub_v2/fbv1-020-lendingclub_v2-catboost-lasso-l1-logistic-s42/manifest.json,
baseline,active,lendingclub_v2,lasso_l1_logistic,catboost,manifested_payload,results/full_baseline_v1/runs/lendingclub_v2/fbv1-020-lendingclub_v2-catboost-lasso-l1-logistic-s42/preflight.json,5649,04dffe0eb46fea93ece18af5bae9523a061df1e2e6b5cccb3d06061cd3eef48e,True,results/full_baseline_v1/runs/lendingclub_v2/fbv1-020-lendingclub_v2-catboost-lasso-l1-logistic-s42/manifest.json,
baseline,active,lendingclub_v2,lasso_l1_logistic,catboost,manifested_payload,results/full_baseline_v1/runs/lendingclub_v2/fbv1-020-lendingclub_v2-catboost-lasso-l1-logistic-s42/resource_usage.json,847590,efff92efd2420dc87884ebf7261c647bc143fc598eebcc8457629c6e0b9541c2,True,results/full_baseline_v1/runs/lendingclub_v2/fbv1-020-lendingclub_v2-catboost-lasso-l1-logistic-s42/manifest.json,
baseline,active,lendingclub_v2,lasso_l1_logistic,catboost,manifested_payload,results/full_baseline_v1/runs/lendingclub_v2/fbv1-020-lendingclub_v2-catboost-lasso-l1-logistic-s42/run.log,3878,9078584df1bf8549cdccd626acfed4a48b0b07f6a27d3bf78697a9446daa5f91,True,results/full_baseline_v1/runs/lendingclub_v2/fbv1-020-lendingclub_v2-catboost-lasso-l1-logistic-s42/manifest.json,
baseline,active,lendingclub_v2,lasso_l1_logistic,catboost,manifested_payload,results/full_baseline_v1/runs/lendingclub_v2/fbv1-020-lendingclub_v2-catboost-lasso-l1-logistic-s42/selected_features.csv,3502,acf84305b043db0c37db066cdb5187b1f8368f731a2936d7f64a7c4da71d8ce8,True,results/full_baseline_v1/runs/lendingclub_v2/fbv1-020-lendingclub_v2-catboost-lasso-l1-logistic-s42/manifest.json,
baseline,active,lendingclub_v2,lasso_l1_logistic,catboost,manifested_payload,results/full_baseline_v1/runs/lendingclub_v2/fbv1-020-lendingclub_v2-catboost-lasso-l1-logistic-s42/stability.csv,575,7c877e81e4f4ed8acb46babb518976e5e4db772df62234af13b07987cf3a7287,True,results/full_baseline_v1/runs/lendingclub_v2/fbv1-020-lendingclub_v2-catboost-lasso-l1-logistic-s42/manifest.json,
baseline,active,lendingclub_v2,lasso_l1_logistic,catboost,success_marker,results/full_baseline_v1/runs/lendingclub_v2/fbv1-020-lendingclub_v2-catboost-lasso-l1-logistic-s42/_SUCCESS,27,db8c18750f2364d9587b6d9f25c05fa3c62b2bc2a348c6fa4ad83a46c7fbba9b,True,results/full_baseline_v1/runs/lendingclub_v2/fbv1-020-lendingclub_v2-catboost-lasso-l1-logistic-s42/manifest.json,
baseline,active,lendingclub_v2,lasso_l1_logistic,lr,manifest,results/full_baseline_v1/runs/lendingclub_v2/fbv1-019-lendingclub_v2-lr-lasso-l1-logistic-s42/manifest.json,19160,d87f82f1f0c92c0c5df0d3e51b8c16193ffcaa1e5b49d40b368c090987d0fb70,True,cleanup/audits/prompt_11_selector_combinations/baseline_completion_authentication.json,
baseline,active,lendingclub_v2,lasso_l1_logistic,lr,manifested_payload,results/full_baseline_v1/runs/lendingclub_v2/fbv1-019-lendingclub_v2-lr-lasso-l1-logistic-s42/checkpoint.json,15061,15c114bf5aa382952565612b1d08b82f210e6a40bec8f0a272e4a3e79ba1bab4,True,results/full_baseline_v1/runs/lendingclub_v2/fbv1-019-lendingclub_v2-lr-lasso-l1-logistic-s42/manifest.json,
baseline,active,lendingclub_v2,lasso_l1_logistic,lr,manifested_payload,results/full_baseline_v1/runs/lendingclub_v2/fbv1-019-lendingclub_v2-lr-lasso-l1-logistic-s42/config.json,4646,db3a1e7a13890c1df975924764de7dfec30d5e86193c1b2f17cef385373e1375,True,results/full_baseline_v1/runs/lendingclub_v2/fbv1-019-lendingclub_v2-lr-lasso-l1-logistic-s42/manifest.json,
baseline,active,lendingclub_v2,lasso_l1_logistic,lr,manifested_payload,results/full_baseline_v1/runs/lendingclub_v2/fbv1-019-lendingclub_v2-lr-lasso-l1-logistic-s42/fold_selections.csv,7954,13e124990728c99e2025efb5049eb584f49809ba00eee388295a71d9b3d952af,True,results/full_baseline_v1/runs/lendingclub_v2/fbv1-019-lendingclub_v2-lr-lasso-l1-logistic-s42/manifest.json,
baseline,active,lendingclub_v2,lasso_l1_logistic,lr,manifested_payload,results/full_baseline_v1/runs/lendingclub_v2/fbv1-019-lendingclub_v2-lr-lasso-l1-logistic-s42/metrics.csv,1623,5ffd29c4c8a7ae81db2f848958775f7a19ce9da49247d5160865d0cbc2c3e436,True,results/full_baseline_v1/runs/lendingclub_v2/fbv1-019-lendingclub_v2-lr-lasso-l1-logistic-s42/manifest.json,
baseline,active,lendingclub_v2,lasso_l1_logistic,lr,manifested_payload,results/full_baseline_v1/runs/lendingclub_v2/fbv1-019-lendingclub_v2-lr-lasso-l1-logistic-s42/predictions_dev.csv,266531348,faf87ed64a922fddb24c376ba75c532565fe12eb4e9d25c8402af36a34cd3841,True,results/full_baseline_v1/runs/lendingclub_v2/fbv1-019-lendingclub_v2-lr-lasso-l1-logistic-s42/manifest.json,
baseline,active,lendingclub_v2,lasso_l1_logistic,lr,manifested_payload,results/full_baseline_v1/runs/lendingclub_v2/fbv1-019-lendingclub_v2-lr-lasso-l1-logistic-s42/predictions_oot.csv,130505915,7a1051c67031d12958760a417f69e62ec0ed2298bc9d27c2e5d2b391291dce31,True,results/full_baseline_v1/runs/lendingclub_v2/fbv1-019-lendingclub_v2-lr-lasso-l1-logistic-s42/manifest.json,
baseline,active,lendingclub_v2,lasso_l1_logistic,lr,manifested_payload,results/full_baseline_v1/runs/lendingclub_v2/fbv1-019-lendingclub_v2-lr-lasso-l1-logistic-s42/preflight.json,5649,04dffe0eb46fea93ece18af5bae9523a061df1e2e6b5cccb3d06061cd3eef48e,True,results/full_baseline_v1/runs/lendingclub_v2/fbv1-019-lendingclub_v2-lr-lasso-l1-logistic-s42/manifest.json,
baseline,active,lendingclub_v2,lasso_l1_logistic,lr,manifested_payload,results/full_baseline_v1/runs/lendingclub_v2/fbv1-019-lendingclub_v2-lr-lasso-l1-logistic-s42/resource_usage.json,400270,cd78d4070b5cb6608a25ab9e3781d8aac9092a632f8bebf45c121315f7d99d1e,True,results/full_baseline_v1/runs/lendingclub_v2/fbv1-019-lendingclub_v2-lr-lasso-l1-logistic-s42/manifest.json,
baseline,active,lendingclub_v2,lasso_l1_logistic,lr,manifested_payload,results/full_baseline_v1/runs/lendingclub_v2/fbv1-019-lendingclub_v2-lr-lasso-l1-logistic-s42/run.log,3854,aac8e8995369bf6e7f184f85bc2f58c43857e3ecd1f410e1422efccb12141406,True,results/full_baseline_v1/runs/lendingclub_v2/fbv1-019-lendingclub_v2-lr-lasso-l1-logistic-s42/manifest.json,
baseline,active,lendingclub_v2,lasso_l1_logistic,lr,manifested_payload,results/full_baseline_v1/runs/lendingclub_v2/fbv1-019-lendingclub_v2-lr-lasso-l1-logistic-s42/selected_features.csv,1745,2e09df26bc5c3696314e53d9646ef7fb096e941a29a1dc2e717694bf1ad4d17c,True,results/full_baseline_v1/runs/lendingclub_v2/fbv1-019-lendingclub_v2-lr-lasso-l1-logistic-s42/manifest.json,
baseline,active,lendingclub_v2,lasso_l1_logistic,lr,manifested_payload,results/full_baseline_v1/runs/lendingclub_v2/fbv1-019-lendingclub_v2-lr-lasso-l1-logistic-s42/stability.csv,573,42131fcc2bf6de9e2e042bd72699c72c62f29317ce28b8f0944bee4d04fbf887,True,results/full_baseline_v1/runs/lendingclub_v2/fbv1-019-lendingclub_v2-lr-lasso-l1-logistic-s42/manifest.json,
baseline,active,lendingclub_v2,lasso_l1_logistic,lr,success_marker,results/full_baseline_v1/runs/lendingclub_v2/fbv1-019-lendingclub_v2-lr-lasso-l1-logistic-s42/_SUCCESS,27,450d10c4eb7c563e1d4aa8fc3eaa9f59dad20126a03339da35c03b2e3607862f,True,results/full_baseline_v1/runs/lendingclub_v2/fbv1-019-lendingclub_v2-lr-lasso-l1-logistic-s42/manifest.json,
baseline,active,lendingclub_v2,legacy_rf_relevance_corr,catboost,manifest,results/full_baseline_v1/runs/lendingclub_v2/fbv1-024-lendingclub_v2-catboost-legacy-rf-relevance-corr-s42/manifest.json,16592,37c72a0c3415adcd80e94a606a9fa20923745807744ee60e7e41c6f7cfad0c67,True,cleanup/audits/prompt_11_selector_combinations/baseline_completion_authentication.json,
baseline,active,lendingclub_v2,legacy_rf_relevance_corr,catboost,manifested_payload,results/full_baseline_v1/runs/lendingclub_v2/fbv1-024-lendingclub_v2-catboost-legacy-rf-relevance-corr-s42/checkpoint.json,15115,a903037db57265490f8f4137222852a938595ae6161202d5353d29220f535ac3,True,results/full_baseline_v1/runs/lendingclub_v2/fbv1-024-lendingclub_v2-catboost-legacy-rf-relevance-corr-s42/manifest.json,
baseline,active,lendingclub_v2,legacy_rf_relevance_corr,catboost,manifested_payload,results/full_baseline_v1/runs/lendingclub_v2/fbv1-024-lendingclub_v2-catboost-legacy-rf-relevance-corr-s42/config.json,4504,2761ed4b75e8121a3194551bce525d37b40e4cdd8d468dee244f15b94a9068ca,True,results/full_baseline_v1/runs/lendingclub_v2/fbv1-024-lendingclub_v2-catboost-legacy-rf-relevance-corr-s42/manifest.json,
baseline,active,lendingclub_v2,legacy_rf_relevance_corr,catboost,manifested_payload,results/full_baseline_v1/runs/lendingclub_v2/fbv1-024-lendingclub_v2-catboost-legacy-rf-relevance-corr-s42/fold_selections.csv,22402,6f1f34f6e95b2f60fff471323cc5dc5aa15ba1153d149e4c0dbffed14cf40619,True,results/full_baseline_v1/runs/lendingclub_v2/fbv1-024-lendingclub_v2-catboost-legacy-rf-relevance-corr-s42/manifest.json,
baseline,active,lendingclub_v2,legacy_rf_relevance_corr,catboost,manifested_payload,results/full_baseline_v1/runs/lendingclub_v2/fbv1-024-lendingclub_v2-catboost-legacy-rf-relevance-corr-s42/metrics.csv,1670,2b7b7e0905a993f20c86ba3d9fc4ec73c9c173d9305af332aaee473a1cd4474d,True,results/full_baseline_v1/runs/lendingclub_v2/fbv1-024-lendingclub_v2-catboost-legacy-rf-relevance-corr-s42/manifest.json,
baseline,active,lendingclub_v2,legacy_rf_relevance_corr,catboost,manifested_payload,results/full_baseline_v1/runs/lendingclub_v2/fbv1-024-lendingclub_v2-catboost-legacy-rf-relevance-corr-s42/predictions_dev.csv,282111823,2dcb8aab460308dcab9502e4e94959b3f49a8e3aeb6ed62353173b192be2e616,True,results/full_baseline_v1/runs/lendingclub_v2/fbv1-024-lendingclub_v2-catboost-legacy-rf-relevance-corr-s42/manifest.json,
baseline,active,lendingclub_v2,legacy_rf_relevance_corr,catboost,manifested_payload,results/full_baseline_v1/runs/lendingclub_v2/fbv1-024-lendingclub_v2-catboost-legacy-rf-relevance-corr-s42/predictions_oot.csv,138132258,c252fa5e85d25d93507ce691eb1f1aa0ee6d2edd560546bc1c24e99776ea4b81,True,results/full_baseline_v1/runs/lendingclub_v2/fbv1-024-lendingclub_v2-catboost-legacy-rf-relevance-corr-s42/manifest.json,
baseline,active,lendingclub_v2,legacy_rf_relevance_corr,catboost,manifested_payload,results/full_baseline_v1/runs/lendingclub_v2/fbv1-024-lendingclub_v2-catboost-legacy-rf-relevance-corr-s42/preflight.json,5649,04dffe0eb46fea93ece18af5bae9523a061df1e2e6b5cccb3d06061cd3eef48e,True,results/full_baseline_v1/runs/lendingclub_v2/fbv1-024-lendingclub_v2-catboost-legacy-rf-relevance-corr-s42/manifest.json,
baseline,active,lendingclub_v2,legacy_rf_relevance_corr,catboost,manifested_payload,results/full_baseline_v1/runs/lendingclub_v2/fbv1-024-lendingclub_v2-catboost-legacy-rf-relevance-corr-s42/resource_usage.json,236879,de981a34ad2426e4602de778d06c96330cabe13f16d35c38add96864dd51711e,True,results/full_baseline_v1/runs/lendingclub_v2/fbv1-024-lendingclub_v2-catboost-legacy-rf-relevance-corr-s42/manifest.json,
baseline,active,lendingclub_v2,legacy_rf_relevance_corr,catboost,manifested_payload,results/full_baseline_v1/runs/lendingclub_v2/fbv1-024-lendingclub_v2-catboost-legacy-rf-relevance-corr-s42/run.log,5348,392521e11f2a6efafd3403e09ccc9bd0b93cedfb06e43e63585a7294e161eeb7,True,results/full_baseline_v1/runs/lendingclub_v2/fbv1-024-lendingclub_v2-catboost-legacy-rf-relevance-corr-s42/manifest.json,
baseline,active,lendingclub_v2,legacy_rf_relevance_corr,catboost,manifested_payload,results/full_baseline_v1/runs/lendingclub_v2/fbv1-024-lendingclub_v2-catboost-legacy-rf-relevance-corr-s42/selected_features.csv,4789,5eb488ff71fd8c63d4e437117e268bb3d0bdfd39bdcb0807ec39ddaf5207835e,True,results/full_baseline_v1/runs/lendingclub_v2/fbv1-024-lendingclub_v2-catboost-legacy-rf-relevance-corr-s42/manifest.json,
baseline,active,lendingclub_v2,legacy_rf_relevance_corr,catboost,manifested_payload,results/full_baseline_v1/runs/lendingclub_v2/fbv1-024-lendingclub_v2-catboost-legacy-rf-relevance-corr-s42/stability.csv,558,8c5d0d5634651fe74509c99bca135899b5648c65b7c53854521466330c861813,True,results/full_baseline_v1/runs/lendingclub_v2/fbv1-024-lendingclub_v2-catboost-legacy-rf-relevance-corr-s42/manifest.json,
baseline,active,lendingclub_v2,legacy_rf_relevance_corr,catboost,success_marker,results/full_baseline_v1/runs/lendingclub_v2/fbv1-024-lendingclub_v2-catboost-legacy-rf-relevance-corr-s42/_SUCCESS,27,6abac6ae4ffadd74d36bfcb4e71937315ed4cbba2a0fb960fd47447b97fb37be,True,results/full_baseline_v1/runs/lendingclub_v2/fbv1-024-lendingclub_v2-catboost-legacy-rf-relevance-corr-s42/manifest.json,
baseline,active,lendingclub_v2,legacy_rf_relevance_corr,lr,manifest,results/full_baseline_v1/runs/lendingclub_v2/fbv1-023-lendingclub_v2-lr-legacy-rf-relevance-corr-s42/manifest.json,16520,4d55b793926a3d41f78c45fbd062ba9553335975ee054db07f403ed147ca9859,True,cleanup/audits/prompt_11_selector_combinations/baseline_completion_authentication.json,
baseline,active,lendingclub_v2,legacy_rf_relevance_corr,lr,manifested_payload,results/full_baseline_v1/runs/lendingclub_v2/fbv1-023-lendingclub_v2-lr-legacy-rf-relevance-corr-s42/checkpoint.json,15090,a75f795f98f0be35f77a8e52de9ed9da1a54300843ab266fb31ad27922593612,True,results/full_baseline_v1/runs/lendingclub_v2/fbv1-023-lendingclub_v2-lr-legacy-rf-relevance-corr-s42/manifest.json,
baseline,active,lendingclub_v2,legacy_rf_relevance_corr,lr,manifested_payload,results/full_baseline_v1/runs/lendingclub_v2/fbv1-023-lendingclub_v2-lr-legacy-rf-relevance-corr-s42/config.json,4474,5117420d4176657c38069bbd007e83859ef08803d4afc2d9256c6ecb247170e5,True,results/full_baseline_v1/runs/lendingclub_v2/fbv1-023-lendingclub_v2-lr-legacy-rf-relevance-corr-s42/manifest.json,
baseline,active,lendingclub_v2,legacy_rf_relevance_corr,lr,manifested_payload,results/full_baseline_v1/runs/lendingclub_v2/fbv1-023-lendingclub_v2-lr-legacy-rf-relevance-corr-s42/fold_selections.csv,10883,d11198f009317d90e3e4749a35c825fba2555eb4b2a9c05c4a1a98b56599e9ea,True,results/full_baseline_v1/runs/lendingclub_v2/fbv1-023-lendingclub_v2-lr-legacy-rf-relevance-corr-s42/manifest.json,
baseline,active,lendingclub_v2,legacy_rf_relevance_corr,lr,manifested_payload,results/full_baseline_v1/runs/lendingclub_v2/fbv1-023-lendingclub_v2-lr-legacy-rf-relevance-corr-s42/metrics.csv,1646,4971b31f97d6142c01bbeeacbb997c5e04f37c02153f5c9383dbd5930f6e8dd5,True,results/full_baseline_v1/runs/lendingclub_v2/fbv1-023-lendingclub_v2-lr-legacy-rf-relevance-corr-s42/manifest.json,
baseline,active,lendingclub_v2,legacy_rf_relevance_corr,lr,manifested_payload,results/full_baseline_v1/runs/lendingclub_v2/fbv1-023-lendingclub_v2-lr-legacy-rf-relevance-corr-s42/predictions_dev.csv,274913371,38c9b6259266f86b2c1ab34a025754748499d52fab9f34f13e79134501b3c8de,True,results/full_baseline_v1/runs/lendingclub_v2/fbv1-023-lendingclub_v2-lr-legacy-rf-relevance-corr-s42/manifest.json,
baseline,active,lendingclub_v2,legacy_rf_relevance_corr,lr,manifested_payload,results/full_baseline_v1/runs/lendingclub_v2/fbv1-023-lendingclub_v2-lr-legacy-rf-relevance-corr-s42/predictions_oot.csv,134606255,cf99cad0547ee6ac89b4be02ad1aa4d0c7be8e6ce3f69993be09e2743a2fb2a2,True,results/full_baseline_v1/runs/lendingclub_v2/fbv1-023-lendingclub_v2-lr-legacy-rf-relevance-corr-s42/manifest.json,
baseline,active,lendingclub_v2,legacy_rf_relevance_corr,lr,manifested_payload,results/full_baseline_v1/runs/lendingclub_v2/fbv1-023-lendingclub_v2-lr-legacy-rf-relevance-corr-s42/preflight.json,5649,04dffe0eb46fea93ece18af5bae9523a061df1e2e6b5cccb3d06061cd3eef48e,True,results/full_baseline_v1/runs/lendingclub_v2/fbv1-023-lendingclub_v2-lr-legacy-rf-relevance-corr-s42/manifest.json,
baseline,active,lendingclub_v2,legacy_rf_relevance_corr,lr,manifested_payload,results/full_baseline_v1/runs/lendingclub_v2/fbv1-023-lendingclub_v2-lr-legacy-rf-relevance-corr-s42/resource_usage.json,146524,ddbb8f5d68a44a922f01590c92b160176f2ad8cb434ab8f020114bc3583d2c81,True,results/full_baseline_v1/runs/lendingclub_v2/fbv1-023-lendingclub_v2-lr-legacy-rf-relevance-corr-s42/manifest.json,
baseline,active,lendingclub_v2,legacy_rf_relevance_corr,lr,manifested_payload,results/full_baseline_v1/runs/lendingclub_v2/fbv1-023-lendingclub_v2-lr-legacy-rf-relevance-corr-s42/run.log,5324,4ba47ae91234f838adabdbe7787b9245a1ff972d7fa676de9074b9b20d3cec18,True,results/full_baseline_v1/runs/lendingclub_v2/fbv1-023-lendingclub_v2-lr-legacy-rf-relevance-corr-s42/manifest.json,
baseline,active,lendingclub_v2,legacy_rf_relevance_corr,lr,manifested_payload,results/full_baseline_v1/runs/lendingclub_v2/fbv1-023-lendingclub_v2-lr-legacy-rf-relevance-corr-s42/selected_features.csv,2307,41491e7c3f05f00af7df6c181b2a224a8df43586794ebd25564113bf1c4000c4,True,results/full_baseline_v1/runs/lendingclub_v2/fbv1-023-lendingclub_v2-lr-legacy-rf-relevance-corr-s42/manifest.json,
baseline,active,lendingclub_v2,legacy_rf_relevance_corr,lr,manifested_payload,results/full_baseline_v1/runs/lendingclub_v2/fbv1-023-lendingclub_v2-lr-legacy-rf-relevance-corr-s42/stability.csv,555,c915e566e5cc2034c593131ef2d13909efe7f51c48fa8f95565a5f17686dffe8,True,results/full_baseline_v1/runs/lendingclub_v2/fbv1-023-lendingclub_v2-lr-legacy-rf-relevance-corr-s42/manifest.json,
baseline,active,lendingclub_v2,legacy_rf_relevance_corr,lr,success_marker,results/full_baseline_v1/runs/lendingclub_v2/fbv1-023-lendingclub_v2-lr-legacy-rf-relevance-corr-s42/_SUCCESS,27,385ce95cdc816a18e666328570cacf9fa2a1c9e67689480421afc636d242bf9c,True,results/full_baseline_v1/runs/lendingclub_v2/fbv1-023-lendingclub_v2-lr-legacy-rf-relevance-corr-s42/manifest.json,
baseline,active,lendingclub_v2,mrmr_mutual_information,catboost,manifest,results/full_baseline_v1/runs/lendingclub_v2/fbv1-016-lendingclub_v2-catboost-mrmr-mutual-information-s42/manifest.json,16633,e98ebece926623eeda5e0625d49b4a5c516d4590596f2ddd4a806ae96e543178,True,cleanup/audits/prompt_11_selector_combinations/baseline_completion_authentication.json,
baseline,active,lendingclub_v2,mrmr_mutual_information,catboost,manifested_payload,results/full_baseline_v1/runs/lendingclub_v2/fbv1-016-lendingclub_v2-catboost-mrmr-mutual-information-s42/checkpoint.json,15110,77abcb5e1f4c34584a72b69f26872d228f59439a143af172d163f7810647f57b,True,results/full_baseline_v1/runs/lendingclub_v2/fbv1-016-lendingclub_v2-catboost-mrmr-mutual-information-s42/manifest.json,
baseline,active,lendingclub_v2,mrmr_mutual_information,catboost,manifested_payload,results/full_baseline_v1/runs/lendingclub_v2/fbv1-016-lendingclub_v2-catboost-mrmr-mutual-information-s42/config.json,4512,c939f8059ef9a7b2a8e15c5a074361a04bccb92d9c2304a41134f19140181588,True,results/full_baseline_v1/runs/lendingclub_v2/fbv1-016-lendingclub_v2-catboost-mrmr-mutual-information-s42/manifest.json,
baseline,active,lendingclub_v2,mrmr_mutual_information,catboost,manifested_payload,results/full_baseline_v1/runs/lendingclub_v2/fbv1-016-lendingclub_v2-catboost-mrmr-mutual-information-s42/fold_selections.csv,19602,c6b6d198467d03786ec984013a40e4f5e14f3beb564f0741e60eda62382ec82e,True,results/full_baseline_v1/runs/lendingclub_v2/fbv1-016-lendingclub_v2-catboost-mrmr-mutual-information-s42/manifest.json,
baseline,active,lendingclub_v2,mrmr_mutual_information,catboost,manifested_payload,results/full_baseline_v1/runs/lendingclub_v2/fbv1-016-lendingclub_v2-catboost-mrmr-mutual-information-s42/metrics.csv,1669,feb9f43538f1e8062d3fe84815c6c1d2e87ea084ce622d828867b6b26420276d,True,results/full_baseline_v1/runs/lendingclub_v2/fbv1-016-lendingclub_v2-catboost-mrmr-mutual-information-s42/manifest.json,
baseline,active,lendingclub_v2,mrmr_mutual_information,catboost,manifested_payload,results/full_baseline_v1/runs/lendingclub_v2/fbv1-016-lendingclub_v2-catboost-mrmr-mutual-information-s42/predictions_dev.csv,280907890,e5abb4973f64811697aadcb5e4a62a1cd1ad436255d6f59dd88a28a92aa47ce8,True,results/full_baseline_v1/runs/lendingclub_v2/fbv1-016-lendingclub_v2-catboost-mrmr-mutual-information-s42/manifest.json,
baseline,active,lendingclub_v2,mrmr_mutual_information,catboost,manifested_payload,results/full_baseline_v1/runs/lendingclub_v2/fbv1-016-lendingclub_v2-catboost-mrmr-mutual-information-s42/predictions_oot.csv,137537826,7aa9bfe91d63231e556e03eab86990596fc90bfc6110e9602f18b2843b96aec4,True,results/full_baseline_v1/runs/lendingclub_v2/fbv1-016-lendingclub_v2-catboost-mrmr-mutual-information-s42/manifest.json,
baseline,active,lendingclub_v2,mrmr_mutual_information,catboost,manifested_payload,results/full_baseline_v1/runs/lendingclub_v2/fbv1-016-lendingclub_v2-catboost-mrmr-mutual-information-s42/preflight.json,5649,04dffe0eb46fea93ece18af5bae9523a061df1e2e6b5cccb3d06061cd3eef48e,True,results/full_baseline_v1/runs/lendingclub_v2/fbv1-016-lendingclub_v2-catboost-mrmr-mutual-information-s42/manifest.json,
baseline,active,lendingclub_v2,mrmr_mutual_information,catboost,manifested_payload,results/full_baseline_v1/runs/lendingclub_v2/fbv1-016-lendingclub_v2-catboost-mrmr-mutual-information-s42/resource_usage.json,294888,94e40043c0c518553fae81cd9e97c18ca27b6b41ce4d15699fbea96ebc034a02,True,results/full_baseline_v1/runs/lendingclub_v2/fbv1-016-lendingclub_v2-catboost-mrmr-mutual-information-s42/manifest.json,
baseline,active,lendingclub_v2,mrmr_mutual_information,catboost,manifested_payload,results/full_baseline_v1/runs/lendingclub_v2/fbv1-016-lendingclub_v2-catboost-mrmr-mutual-information-s42/run.log,3913,fada1ee3ce382a4d193fe1bc97f901f66fdbfbc24945452e148635a253dbd89f,True,results/full_baseline_v1/runs/lendingclub_v2/fbv1-016-lendingclub_v2-catboost-mrmr-mutual-information-s42/manifest.json,
baseline,active,lendingclub_v2,mrmr_mutual_information,catboost,manifested_payload,results/full_baseline_v1/runs/lendingclub_v2/fbv1-016-lendingclub_v2-catboost-mrmr-mutual-information-s42/selected_features.csv,4156,6e893c9a6cb070fbb7d7fac6feba6ffa31202511b65e05d5fa9aede59603e602,True,results/full_baseline_v1/runs/lendingclub_v2/fbv1-016-lendingclub_v2-catboost-mrmr-mutual-information-s42/manifest.json,
baseline,active,lendingclub_v2,mrmr_mutual_information,catboost,manifested_payload,results/full_baseline_v1/runs/lendingclub_v2/fbv1-016-lendingclub_v2-catboost-mrmr-mutual-information-s42/stability.csv,555,6f924b94fd6a245e03e78995805a76014dae203e2d8a1a8e643eded2160f3140,True,results/full_baseline_v1/runs/lendingclub_v2/fbv1-016-lendingclub_v2-catboost-mrmr-mutual-information-s42/manifest.json,
baseline,active,lendingclub_v2,mrmr_mutual_information,catboost,success_marker,results/full_baseline_v1/runs/lendingclub_v2/fbv1-016-lendingclub_v2-catboost-mrmr-mutual-information-s42/_SUCCESS,27,04d014c1df083473e94476a62f74195733b038d090ee4d9a26b2dbc9ff6ac99a,True,results/full_baseline_v1/runs/lendingclub_v2/fbv1-016-lendingclub_v2-catboost-mrmr-mutual-information-s42/manifest.json,
baseline,active,lendingclub_v2,mrmr_mutual_information,lr,manifest,results/full_baseline_v1/runs/lendingclub_v2/fbv1-015-lendingclub_v2-lr-mrmr-mutual-information-s42/manifest.json,16541,05028323b1073f35b2f31d7ad90691d96e0c4739ce90a7edd930d5c0de7e4e17,True,cleanup/audits/prompt_11_selector_combinations/baseline_completion_authentication.json,
baseline,active,lendingclub_v2,mrmr_mutual_information,lr,manifested_payload,results/full_baseline_v1/runs/lendingclub_v2/fbv1-015-lendingclub_v2-lr-mrmr-mutual-information-s42/checkpoint.json,15086,ff7e7730f9756c8fe019055903e574794af4efe605144c97c34da1f965db5c8e,True,results/full_baseline_v1/runs/lendingclub_v2/fbv1-015-lendingclub_v2-lr-mrmr-mutual-information-s42/manifest.json,
baseline,active,lendingclub_v2,mrmr_mutual_information,lr,manifested_payload,results/full_baseline_v1/runs/lendingclub_v2/fbv1-015-lendingclub_v2-lr-mrmr-mutual-information-s42/config.json,4482,db50596fc57be61d1f880fdf819c098d47ff8a1ff0fa0e8b0796a3f2800ab401,True,results/full_baseline_v1/runs/lendingclub_v2/fbv1-015-lendingclub_v2-lr-mrmr-mutual-information-s42/manifest.json,
baseline,active,lendingclub_v2,mrmr_mutual_information,lr,manifested_payload,results/full_baseline_v1/runs/lendingclub_v2/fbv1-015-lendingclub_v2-lr-mrmr-mutual-information-s42/fold_selections.csv,9936,16efbf0295b58987553bd612a13be30f696f3cf1f020652ab8736e3336a8b864,True,results/full_baseline_v1/runs/lendingclub_v2/fbv1-015-lendingclub_v2-lr-mrmr-mutual-information-s42/manifest.json,
baseline,active,lendingclub_v2,mrmr_mutual_information,lr,manifested_payload,results/full_baseline_v1/runs/lendingclub_v2/fbv1-015-lendingclub_v2-lr-mrmr-mutual-information-s42/metrics.csv,1641,57428003e6aaa937ba75fdc1ee931b8ba9630bb47154cb8a5c05a8bc830b3079,True,results/full_baseline_v1/runs/lendingclub_v2/fbv1-015-lendingclub_v2-lr-mrmr-mutual-information-s42/manifest.json,
baseline,active,lendingclub_v2,mrmr_mutual_information,lr,manifested_payload,results/full_baseline_v1/runs/lendingclub_v2/fbv1-015-lendingclub_v2-lr-mrmr-mutual-information-s42/predictions_dev.csv,273715079,d61489278f075d5650188e55e2acf47a04c8ea760cf0e7cb669cccc4afd093c8,True,results/full_baseline_v1/runs/lendingclub_v2/fbv1-015-lendingclub_v2-lr-mrmr-mutual-information-s42/manifest.json,
baseline,active,lendingclub_v2,mrmr_mutual_information,lr,manifested_payload,results/full_baseline_v1/runs/lendingclub_v2/fbv1-015-lendingclub_v2-lr-mrmr-mutual-information-s42/predictions_oot.csv,134022642,cf346ad43a181262591e9dcd4687266fd397355b666785fd7791a950ca4394c3,True,results/full_baseline_v1/runs/lendingclub_v2/fbv1-015-lendingclub_v2-lr-mrmr-mutual-information-s42/manifest.json,
baseline,active,lendingclub_v2,mrmr_mutual_information,lr,manifested_payload,results/full_baseline_v1/runs/lendingclub_v2/fbv1-015-lendingclub_v2-lr-mrmr-mutual-information-s42/preflight.json,5649,04dffe0eb46fea93ece18af5bae9523a061df1e2e6b5cccb3d06061cd3eef48e,True,results/full_baseline_v1/runs/lendingclub_v2/fbv1-015-lendingclub_v2-lr-mrmr-mutual-information-s42/manifest.json,
baseline,active,lendingclub_v2,mrmr_mutual_information,lr,manifested_payload,results/full_baseline_v1/runs/lendingclub_v2/fbv1-015-lendingclub_v2-lr-mrmr-mutual-information-s42/resource_usage.json,127187,e8eec8bf84676d2254536fed9bddf23aee8dc7976510739cf449687f149e9d9b,True,results/full_baseline_v1/runs/lendingclub_v2/fbv1-015-lendingclub_v2-lr-mrmr-mutual-information-s42/manifest.json,
baseline,active,lendingclub_v2,mrmr_mutual_information,lr,manifested_payload,results/full_baseline_v1/runs/lendingclub_v2/fbv1-015-lendingclub_v2-lr-mrmr-mutual-information-s42/run.log,3888,3578ae0cf4688a182324d4b1c3e31267d555abc61b50da80484403bffcc2e43c,True,results/full_baseline_v1/runs/lendingclub_v2/fbv1-015-lendingclub_v2-lr-mrmr-mutual-information-s42/manifest.json,
baseline,active,lendingclub_v2,mrmr_mutual_information,lr,manifested_payload,results/full_baseline_v1/runs/lendingclub_v2/fbv1-015-lendingclub_v2-lr-mrmr-mutual-information-s42/selected_features.csv,2076,5f5d68978df832526a8062d8738cce6e17444dc5e1e32813d8071c61271a5f0f,True,results/full_baseline_v1/runs/lendingclub_v2/fbv1-015-lendingclub_v2-lr-mrmr-mutual-information-s42/manifest.json,
baseline,active,lendingclub_v2,mrmr_mutual_information,lr,manifested_payload,results/full_baseline_v1/runs/lendingclub_v2/fbv1-015-lendingclub_v2-lr-mrmr-mutual-information-s42/stability.csv,540,71f85df05c23b9fe22d108ddeb4d67e7d5d91ff7a56d8d0da794ad47048a3fd1,True,results/full_baseline_v1/runs/lendingclub_v2/fbv1-015-lendingclub_v2-lr-mrmr-mutual-information-s42/manifest.json,
baseline,active,lendingclub_v2,mrmr_mutual_information,lr,success_marker,results/full_baseline_v1/runs/lendingclub_v2/fbv1-015-lendingclub_v2-lr-mrmr-mutual-information-s42/_SUCCESS,27,b88ff7de7252bf7e31e81bd03107cf0fbc3e99ed961ad9f145a0a400644fc1a4,True,results/full_baseline_v1/runs/lendingclub_v2/fbv1-015-lendingclub_v2-lr-mrmr-mutual-information-s42/manifest.json,
baseline,active,lendingclub_v2,random_k,catboost,manifest,results/full_baseline_v1/runs/lendingclub_v2/fbv1-008-lendingclub_v2-catboost-random-k-s42/manifest.json,16169,9b7e4b9210ae654584acb04adceae846d210c07e9f1c1c45185bbaa9b6cf3842,True,cleanup/audits/prompt_11_selector_combinations/baseline_completion_authentication.json,
baseline,active,lendingclub_v2,random_k,catboost,manifested_payload,results/full_baseline_v1/runs/lendingclub_v2/fbv1-008-lendingclub_v2-catboost-random-k-s42/checkpoint.json,15050,b8862394fe82f3868930cbe0feea0c086cdaab6e9d0ffb01d01e37044bd5698c,True,results/full_baseline_v1/runs/lendingclub_v2/fbv1-008-lendingclub_v2-catboost-random-k-s42/manifest.json,
baseline,active,lendingclub_v2,random_k,catboost,manifested_payload,results/full_baseline_v1/runs/lendingclub_v2/fbv1-008-lendingclub_v2-catboost-random-k-s42/config.json,4329,28c34d63da28fe1c7f7a565b44a9f17ef1379a37f32bb482ca746e66e07b6f44,True,results/full_baseline_v1/runs/lendingclub_v2/fbv1-008-lendingclub_v2-catboost-random-k-s42/manifest.json,
baseline,active,lendingclub_v2,random_k,catboost,manifested_payload,results/full_baseline_v1/runs/lendingclub_v2/fbv1-008-lendingclub_v2-catboost-random-k-s42/fold_selections.csv,16740,d72b5cca7385d3725f344b4965fd0afd8dfa1757228d3842c8fa136c7f77dbdc,True,results/full_baseline_v1/runs/lendingclub_v2/fbv1-008-lendingclub_v2-catboost-random-k-s42/manifest.json,
baseline,active,lendingclub_v2,random_k,catboost,manifested_payload,results/full_baseline_v1/runs/lendingclub_v2/fbv1-008-lendingclub_v2-catboost-random-k-s42/metrics.csv,1613,26508c393f52c4f9c93eb9613318502ebe3ebdfff3d1ac9b2eb6d3fce608f5d8,True,results/full_baseline_v1/runs/lendingclub_v2/fbv1-008-lendingclub_v2-catboost-random-k-s42/manifest.json,
baseline,active,lendingclub_v2,random_k,catboost,manifested_payload,results/full_baseline_v1/runs/lendingclub_v2/fbv1-008-lendingclub_v2-catboost-random-k-s42/predictions_dev.csv,262927060,a3c3009395d3687143833a3c484369f82792f92686debf73b41c3f6fcfca71d2,True,results/full_baseline_v1/runs/lendingclub_v2/fbv1-008-lendingclub_v2-catboost-random-k-s42/manifest.json,
baseline,active,lendingclub_v2,random_k,catboost,manifested_payload,results/full_baseline_v1/runs/lendingclub_v2/fbv1-008-lendingclub_v2-catboost-random-k-s42/predictions_oot.csv,128734955,3c5cebb4fed35c00d49e9ec4cb0793231ff39be02d4d3cbd7e73e1a891eee28a,True,results/full_baseline_v1/runs/lendingclub_v2/fbv1-008-lendingclub_v2-catboost-random-k-s42/manifest.json,
baseline,active,lendingclub_v2,random_k,catboost,manifested_payload,results/full_baseline_v1/runs/lendingclub_v2/fbv1-008-lendingclub_v2-catboost-random-k-s42/preflight.json,5649,04dffe0eb46fea93ece18af5bae9523a061df1e2e6b5cccb3d06061cd3eef48e,True,results/full_baseline_v1/runs/lendingclub_v2/fbv1-008-lendingclub_v2-catboost-random-k-s42/manifest.json,
baseline,active,lendingclub_v2,random_k,catboost,manifested_payload,results/full_baseline_v1/runs/lendingclub_v2/fbv1-008-lendingclub_v2-catboost-random-k-s42/resource_usage.json,124154,6ffaa71ba5841f47d4755af940ad73ccf57b421a9a1b1761a5026c53e24b85ce,True,results/full_baseline_v1/runs/lendingclub_v2/fbv1-008-lendingclub_v2-catboost-random-k-s42/manifest.json,
baseline,active,lendingclub_v2,random_k,catboost,manifested_payload,results/full_baseline_v1/runs/lendingclub_v2/fbv1-008-lendingclub_v2-catboost-random-k-s42/run.log,3822,fcbc75c79057537833c7efdc1bb19da35a43139eac6ed97256b865b195bb2dde,True,results/full_baseline_v1/runs/lendingclub_v2/fbv1-008-lendingclub_v2-catboost-random-k-s42/manifest.json,
baseline,active,lendingclub_v2,random_k,catboost,manifested_payload,results/full_baseline_v1/runs/lendingclub_v2/fbv1-008-lendingclub_v2-catboost-random-k-s42/selected_features.csv,3720,9319007768c4505f74b0a459e7443a053e78f9592e158c64ba592348d3f1749c,True,results/full_baseline_v1/runs/lendingclub_v2/fbv1-008-lendingclub_v2-catboost-random-k-s42/manifest.json,
baseline,active,lendingclub_v2,random_k,catboost,manifested_payload,results/full_baseline_v1/runs/lendingclub_v2/fbv1-008-lendingclub_v2-catboost-random-k-s42/stability.csv,436,570059eb5093ec57a4e2386d4eb8a8926bf6ceb2a56768999ac631517db55c35,True,results/full_baseline_v1/runs/lendingclub_v2/fbv1-008-lendingclub_v2-catboost-random-k-s42/manifest.json,
baseline,active,lendingclub_v2,random_k,catboost,success_marker,results/full_baseline_v1/runs/lendingclub_v2/fbv1-008-lendingclub_v2-catboost-random-k-s42/_SUCCESS,27,2d61b7b36dd5c5b0eec4d38337bbbb21a77d3c46e3505fd2596e49e8e208db48,True,results/full_baseline_v1/runs/lendingclub_v2/fbv1-008-lendingclub_v2-catboost-random-k-s42/manifest.json,
baseline,active,lendingclub_v2,random_k,lr,manifest,results/full_baseline_v1/runs/lendingclub_v2/fbv1-007-lendingclub_v2-lr-random-k-s42/manifest.json,16103,f99063560bfa0650ce39003f3f9e2be9cec4440323681874169e1aa759359875,True,cleanup/audits/prompt_11_selector_combinations/baseline_completion_authentication.json,
baseline,active,lendingclub_v2,random_k,lr,manifested_payload,results/full_baseline_v1/runs/lendingclub_v2/fbv1-007-lendingclub_v2-lr-random-k-s42/checkpoint.json,15025,d8274357144e7ab2c4fab75aa9ee7b02b086e789a9a0128d6c26bd5eb7def484,True,results/full_baseline_v1/runs/lendingclub_v2/fbv1-007-lendingclub_v2-lr-random-k-s42/manifest.json,
baseline,active,lendingclub_v2,random_k,lr,manifested_payload,results/full_baseline_v1/runs/lendingclub_v2/fbv1-007-lendingclub_v2-lr-random-k-s42/config.json,4299,1148bc860cd3ec71609c7901d4bf2d1c0af9cd9e41588da36f14dff22c03be91,True,results/full_baseline_v1/runs/lendingclub_v2/fbv1-007-lendingclub_v2-lr-random-k-s42/manifest.json,
baseline,active,lendingclub_v2,random_k,lr,manifested_payload,results/full_baseline_v1/runs/lendingclub_v2/fbv1-007-lendingclub_v2-lr-random-k-s42/fold_selections.csv,8160,01719a3fcf12118f3f145af4e588cc5cbf214b9b78471181153e4d165141118c,True,results/full_baseline_v1/runs/lendingclub_v2/fbv1-007-lendingclub_v2-lr-random-k-s42/manifest.json,
baseline,active,lendingclub_v2,random_k,lr,manifested_payload,results/full_baseline_v1/runs/lendingclub_v2/fbv1-007-lendingclub_v2-lr-random-k-s42/metrics.csv,1590,19e3e33bf44e257295556aa7edbe132501cf81eb79b598d76d2914b2974990a7,True,results/full_baseline_v1/runs/lendingclub_v2/fbv1-007-lendingclub_v2-lr-random-k-s42/manifest.json,
baseline,active,lendingclub_v2,random_k,lr,manifested_payload,results/full_baseline_v1/runs/lendingclub_v2/fbv1-007-lendingclub_v2-lr-random-k-s42/predictions_dev.csv,255714343,53250d2031c34860c9dd62812c5f137bbc8b213099fb9275ba76623c2a026381,True,results/full_baseline_v1/runs/lendingclub_v2/fbv1-007-lendingclub_v2-lr-random-k-s42/manifest.json,
baseline,active,lendingclub_v2,random_k,lr,manifested_payload,results/full_baseline_v1/runs/lendingclub_v2/fbv1-007-lendingclub_v2-lr-random-k-s42/predictions_oot.csv,125194529,066b749a7600a868f95d1710fcaf6211265abe7ab971b6a5a2339ab1a66117d2,True,results/full_baseline_v1/runs/lendingclub_v2/fbv1-007-lendingclub_v2-lr-random-k-s42/manifest.json,
baseline,active,lendingclub_v2,random_k,lr,manifested_payload,results/full_baseline_v1/runs/lendingclub_v2/fbv1-007-lendingclub_v2-lr-random-k-s42/preflight.json,5649,04dffe0eb46fea93ece18af5bae9523a061df1e2e6b5cccb3d06061cd3eef48e,True,results/full_baseline_v1/runs/lendingclub_v2/fbv1-007-lendingclub_v2-lr-random-k-s42/manifest.json,
baseline,active,lendingclub_v2,random_k,lr,manifested_payload,results/full_baseline_v1/runs/lendingclub_v2/fbv1-007-lendingclub_v2-lr-random-k-s42/resource_usage.json,25074,d29180277ba19fc30071ec515fc365defb18bd7bb3f07fdac046b624369cdabd,True,results/full_baseline_v1/runs/lendingclub_v2/fbv1-007-lendingclub_v2-lr-random-k-s42/manifest.json,
baseline,active,lendingclub_v2,random_k,lr,manifested_payload,results/full_baseline_v1/runs/lendingclub_v2/fbv1-007-lendingclub_v2-lr-random-k-s42/run.log,3792,0eb3be042a85044d093a273862df40117ac283f59f4ab06a1bf8adbe0980ac27,True,results/full_baseline_v1/runs/lendingclub_v2/fbv1-007-lendingclub_v2-lr-random-k-s42/manifest.json,
baseline,active,lendingclub_v2,random_k,lr,manifested_payload,results/full_baseline_v1/runs/lendingclub_v2/fbv1-007-lendingclub_v2-lr-random-k-s42/selected_features.csv,1844,a0a7245148c1e6e5dfcea23248b67dd1b8c52fcd2e06069c07c7641bd91ac07a,True,results/full_baseline_v1/runs/lendingclub_v2/fbv1-007-lendingclub_v2-lr-random-k-s42/manifest.json,
baseline,active,lendingclub_v2,random_k,lr,manifested_payload,results/full_baseline_v1/runs/lendingclub_v2/fbv1-007-lendingclub_v2-lr-random-k-s42/stability.csv,435,5020d4d2c116d7ba1b662b8f9bb7b48d1224b10efc1fe49896801998077f1df3,True,results/full_baseline_v1/runs/lendingclub_v2/fbv1-007-lendingclub_v2-lr-random-k-s42/manifest.json,
baseline,active,lendingclub_v2,random_k,lr,success_marker,results/full_baseline_v1/runs/lendingclub_v2/fbv1-007-lendingclub_v2-lr-random-k-s42/_SUCCESS,27,336156edbc998defff1b9163a54e648f497642934e4d3bb88acd9b4f0644b4ed,True,results/full_baseline_v1/runs/lendingclub_v2/fbv1-007-lendingclub_v2-lr-random-k-s42/manifest.json,
baseline,active,lendingclub_v2,rfe_catboost,catboost,manifest,results/full_baseline_v1/runs/lendingclub_v2/fbv1-036-lendingclub_v2-catboost-rfe-catboost-s42/manifest.json,17061,6620ebe0bc684b71fceca3ca2139b567e098d2cf362e1dce76322f8e26a92754,True,cleanup/audits/prompt_11_selector_combinations/baseline_completion_authentication.json,
baseline,active,lendingclub_v2,rfe_catboost,catboost,manifested_payload,results/full_baseline_v1/runs/lendingclub_v2/fbv1-036-lendingclub_v2-catboost-rfe-catboost-s42/checkpoint.json,18888,c826021ae4a48181ff453b6398895d2ec18b2a30c838244e871387e91634a93e,True,results/full_baseline_v1/runs/lendingclub_v2/fbv1-036-lendingclub_v2-catboost-rfe-catboost-s42/manifest.json,
baseline,active,lendingclub_v2,rfe_catboost,catboost,manifested_payload,results/full_baseline_v1/runs/lendingclub_v2/fbv1-036-lendingclub_v2-catboost-rfe-catboost-s42/config.json,4870,a69bf79513f49495d5fa35bc4df90a615facfe4b90b71ffed33a702001cfb7db,True,results/full_baseline_v1/runs/lendingclub_v2/fbv1-036-lendingclub_v2-catboost-rfe-catboost-s42/manifest.json,
baseline,active,lendingclub_v2,rfe_catboost,catboost,manifested_payload,results/full_baseline_v1/runs/lendingclub_v2/fbv1-036-lendingclub_v2-catboost-rfe-catboost-s42/fold_selections.csv,16259,67184365e92e3eb0197b0208c316512363d94ab5ef07bab58242903b18664eae,True,results/full_baseline_v1/runs/lendingclub_v2/fbv1-036-lendingclub_v2-catboost-rfe-catboost-s42/manifest.json,
baseline,active,lendingclub_v2,rfe_catboost,catboost,manifested_payload,results/full_baseline_v1/runs/lendingclub_v2/fbv1-036-lendingclub_v2-catboost-rfe-catboost-s42/metrics.csv,1626,7adeb0939d9383ef235420426b82fa6ff5be0148eba0cea538412f75728135df,True,results/full_baseline_v1/runs/lendingclub_v2/fbv1-036-lendingclub_v2-catboost-rfe-catboost-s42/manifest.json,
baseline,active,lendingclub_v2,rfe_catboost,catboost,manifested_payload,results/full_baseline_v1/runs/lendingclub_v2/fbv1-036-lendingclub_v2-catboost-rfe-catboost-s42/predictions_dev.csv,267749296,a1081f80603391cc2d7334f04768b24340f3e55ba906e91d3c67285d868106e3,True,results/full_baseline_v1/runs/lendingclub_v2/fbv1-036-lendingclub_v2-catboost-rfe-catboost-s42/manifest.json,
baseline,active,lendingclub_v2,rfe_catboost,catboost,manifested_payload,results/full_baseline_v1/runs/lendingclub_v2/fbv1-036-lendingclub_v2-catboost-rfe-catboost-s42/predictions_oot.csv,131099088,296051843bac7c43ff2032e8861a3769868f4923bf16e6a0b1c4013efb88bb42,True,results/full_baseline_v1/runs/lendingclub_v2/fbv1-036-lendingclub_v2-catboost-rfe-catboost-s42/manifest.json,
baseline,active,lendingclub_v2,rfe_catboost,catboost,manifested_payload,results/full_baseline_v1/runs/lendingclub_v2/fbv1-036-lendingclub_v2-catboost-rfe-catboost-s42/preflight.json,5648,74ec43d4ecbe041efa9e0db7d51d87e402acfc796dede4e38377f4a58224b594,True,results/full_baseline_v1/runs/lendingclub_v2/fbv1-036-lendingclub_v2-catboost-rfe-catboost-s42/manifest.json,
baseline,active,lendingclub_v2,rfe_catboost,catboost,manifested_payload,results/full_baseline_v1/runs/lendingclub_v2/fbv1-036-lendingclub_v2-catboost-rfe-catboost-s42/resource_usage.json,420882,ddf766034e132ab84dcb26ff7d8c6b388543e177f76399e4468d0a60d08cb2ca,True,results/full_baseline_v1/runs/lendingclub_v2/fbv1-036-lendingclub_v2-catboost-rfe-catboost-s42/manifest.json,
baseline,active,lendingclub_v2,rfe_catboost,catboost,manifested_payload,results/full_baseline_v1/runs/lendingclub_v2/fbv1-036-lendingclub_v2-catboost-rfe-catboost-s42/run.log,6230,41fa24480f41265d3bf52ffa1ba8ce47171826c53cb2a242d5da8ca67451e32b,True,results/full_baseline_v1/runs/lendingclub_v2/fbv1-036-lendingclub_v2-catboost-rfe-catboost-s42/manifest.json,
baseline,active,lendingclub_v2,rfe_catboost,catboost,manifested_payload,results/full_baseline_v1/runs/lendingclub_v2/fbv1-036-lendingclub_v2-catboost-rfe-catboost-s42/selected_features.csv,3619,163bc34089db62e0dad868afde10b3700986252f533759d09064d8390fe12b47,True,results/full_baseline_v1/runs/lendingclub_v2/fbv1-036-lendingclub_v2-catboost-rfe-catboost-s42/manifest.json,
baseline,active,lendingclub_v2,rfe_catboost,catboost,manifested_payload,results/full_baseline_v1/runs/lendingclub_v2/fbv1-036-lendingclub_v2-catboost-rfe-catboost-s42/stability.csv,544,f90460ec09bbf883beb093712777beccbb7f079cd1c46c642a0d58356c0b3bf2,True,results/full_baseline_v1/runs/lendingclub_v2/fbv1-036-lendingclub_v2-catboost-rfe-catboost-s42/manifest.json,
baseline,active,lendingclub_v2,rfe_catboost,catboost,success_marker,results/full_baseline_v1/runs/lendingclub_v2/fbv1-036-lendingclub_v2-catboost-rfe-catboost-s42/_SUCCESS,27,09bdb47e7fa41dbe5a2c122726c5e0736024e31f451dc3a80a80ff4cd432a9b1,True,results/full_baseline_v1/runs/lendingclub_v2/fbv1-036-lendingclub_v2-catboost-rfe-catboost-s42/manifest.json,
baseline,active,lendingclub_v2,rfe_catboost,lr,manifest,results/full_baseline_v1/runs/lendingclub_v2/fbv1-035-lendingclub_v2-lr-rfe-catboost-s42/manifest.json,16827,ddbf40af9e9f35e512be5e6ae12f789e3183d1ea0223594675d2e8b526d5c9aa,True,cleanup/audits/prompt_11_selector_combinations/baseline_completion_authentication.json,
baseline,active,lendingclub_v2,rfe_catboost,lr,manifested_payload,results/full_baseline_v1/runs/lendingclub_v2/fbv1-035-lendingclub_v2-lr-rfe-catboost-s42/checkpoint.json,15042,7e55939b6bd5a2d5dea42df460abff354f2de57afbff6a0e98560951b9bd6913,True,results/full_baseline_v1/runs/lendingclub_v2/fbv1-035-lendingclub_v2-lr-rfe-catboost-s42/manifest.json,
baseline,active,lendingclub_v2,rfe_catboost,lr,manifested_payload,results/full_baseline_v1/runs/lendingclub_v2/fbv1-035-lendingclub_v2-lr-rfe-catboost-s42/config.json,4840,d1866e5d5e3b8895c4d9cc4140b9ecf877bd8b09394a915c95d9f052af3490e2,True,results/full_baseline_v1/runs/lendingclub_v2/fbv1-035-lendingclub_v2-lr-rfe-catboost-s42/manifest.json,
baseline,active,lendingclub_v2,rfe_catboost,lr,manifested_payload,results/full_baseline_v1/runs/lendingclub_v2/fbv1-035-lendingclub_v2-lr-rfe-catboost-s42/fold_selections.csv,8119,86399c23f85c31f3020dffa2557dec13ba70866780ce6061701161dc96a0d000,True,results/full_baseline_v1/runs/lendingclub_v2/fbv1-035-lendingclub_v2-lr-rfe-catboost-s42/manifest.json,
baseline,active,lendingclub_v2,rfe_catboost,lr,manifested_payload,results/full_baseline_v1/runs/lendingclub_v2/fbv1-035-lendingclub_v2-lr-rfe-catboost-s42/metrics.csv,1605,855675ab6b4a9eddec76bfad6b094e6eb528ba10b8fd14ff8b45ee30c603b2ea,True,results/full_baseline_v1/runs/lendingclub_v2/fbv1-035-lendingclub_v2-lr-rfe-catboost-s42/manifest.json,
baseline,active,lendingclub_v2,rfe_catboost,lr,manifested_payload,results/full_baseline_v1/runs/lendingclub_v2/fbv1-035-lendingclub_v2-lr-rfe-catboost-s42/predictions_dev.csv,260549126,cb92f9980c554fc7bd489ccee57851bb4c86cc2bce8b1078c2e8be5d2344aea7,True,results/full_baseline_v1/runs/lendingclub_v2/fbv1-035-lendingclub_v2-lr-rfe-catboost-s42/manifest.json,
baseline,active,lendingclub_v2,rfe_catboost,lr,manifested_payload,results/full_baseline_v1/runs/lendingclub_v2/fbv1-035-lendingclub_v2-lr-rfe-catboost-s42/predictions_oot.csv,127572170,86cbca39ca42f5362b678a645aeec66e07acdbe445767cce2b2d974a6be48ae1,True,results/full_baseline_v1/runs/lendingclub_v2/fbv1-035-lendingclub_v2-lr-rfe-catboost-s42/manifest.json,
baseline,active,lendingclub_v2,rfe_catboost,lr,manifested_payload,results/full_baseline_v1/runs/lendingclub_v2/fbv1-035-lendingclub_v2-lr-rfe-catboost-s42/preflight.json,5648,74ec43d4ecbe041efa9e0db7d51d87e402acfc796dede4e38377f4a58224b594,True,results/full_baseline_v1/runs/lendingclub_v2/fbv1-035-lendingclub_v2-lr-rfe-catboost-s42/manifest.json,
baseline,active,lendingclub_v2,rfe_catboost,lr,manifested_payload,results/full_baseline_v1/runs/lendingclub_v2/fbv1-035-lendingclub_v2-lr-rfe-catboost-s42/resource_usage.json,303948,d9cfe2eb8bfb12bf6fe4e8b4cd3498090e7e84d76f770f1d82a7f28672bdbcdc,True,results/full_baseline_v1/runs/lendingclub_v2/fbv1-035-lendingclub_v2-lr-rfe-catboost-s42/manifest.json,
baseline,active,lendingclub_v2,rfe_catboost,lr,manifested_payload,results/full_baseline_v1/runs/lendingclub_v2/fbv1-035-lendingclub_v2-lr-rfe-catboost-s42/run.log,5858,a78cc8a14777a59c460f29929f42b8fa779c9981decbe2959ed97c05e1aee273,True,results/full_baseline_v1/runs/lendingclub_v2/fbv1-035-lendingclub_v2-lr-rfe-catboost-s42/manifest.json,
baseline,active,lendingclub_v2,rfe_catboost,lr,manifested_payload,results/full_baseline_v1/runs/lendingclub_v2/fbv1-035-lendingclub_v2-lr-rfe-catboost-s42/selected_features.csv,1720,cff9ebe01ccf42eaba8768ec7f347c2ed7fb65f88d0a072841e438fbe8c584a5,True,results/full_baseline_v1/runs/lendingclub_v2/fbv1-035-lendingclub_v2-lr-rfe-catboost-s42/manifest.json,
baseline,active,lendingclub_v2,rfe_catboost,lr,manifested_payload,results/full_baseline_v1/runs/lendingclub_v2/fbv1-035-lendingclub_v2-lr-rfe-catboost-s42/stability.csv,548,ea67519f0f3e7acc7f3030537ad27dccff55bfa3f99ddafcf8b27e84ad32659e,True,results/full_baseline_v1/runs/lendingclub_v2/fbv1-035-lendingclub_v2-lr-rfe-catboost-s42/manifest.json,
baseline,active,lendingclub_v2,rfe_catboost,lr,success_marker,results/full_baseline_v1/runs/lendingclub_v2/fbv1-035-lendingclub_v2-lr-rfe-catboost-s42/_SUCCESS,27,97e1e631f0ad4ccfa3a9d69ebe3f04a7b4c13cd038aae4203173a77b5875633e,True,results/full_baseline_v1/runs/lendingclub_v2/fbv1-035-lendingclub_v2-lr-rfe-catboost-s42/manifest.json,
combination_dev,active,homecredit,boruta_then_mrmr_mutual_information,,selection_state,results/selector_combinations_v1/dev/selections/scv1-homecredit-fold-1-boruta-then-mrmr-mutual-information-k20-s42.json,106709,ae14454ccef4c59bc0f2c3d7d8ee7b63dc2d5f86ff0ac2e817411ab23c356b3d,True,results/selector_combinations_v1/dev/selections/scv1-homecredit-fold-1-boruta-then-mrmr-mutual-information-k20-s42.json,
combination_dev,active,homecredit,boruta_then_mrmr_mutual_information,,selection_state,results/selector_combinations_v1/dev/selections/scv1-homecredit-fold-1-boruta-then-mrmr-mutual-information-k40-s42.json,107038,702db1d71a1bfe54bdbd7a614198f7395c944b7af959333a1d4bbd8853f352c3,True,results/selector_combinations_v1/dev/selections/scv1-homecredit-fold-1-boruta-then-mrmr-mutual-information-k40-s42.json,
combination_dev,active,homecredit,boruta_then_mrmr_mutual_information,,selection_state,results/selector_combinations_v1/dev/selections/scv1-homecredit-fold-2-boruta-then-mrmr-mutual-information-k20-s42.json,108373,845f355bf3678f83aba9ebc7acb59cc37925b7ccc83de52d218ef07faf996a6d,True,results/selector_combinations_v1/dev/selections/scv1-homecredit-fold-2-boruta-then-mrmr-mutual-information-k20-s42.json,
combination_dev,active,homecredit,boruta_then_mrmr_mutual_information,,selection_state,results/selector_combinations_v1/dev/selections/scv1-homecredit-fold-2-boruta-then-mrmr-mutual-information-k40-s42.json,109749,9eeddb015d0086b2e7ff2254ba878a758b2cf072a663ab7d1b8332dcc3a4826f,True,results/selector_combinations_v1/dev/selections/scv1-homecredit-fold-2-boruta-then-mrmr-mutual-information-k40-s42.json,
combination_dev,active,homecredit,boruta_then_mrmr_mutual_information,,selection_state,results/selector_combinations_v1/dev/selections/scv1-homecredit-fold-3-boruta-then-mrmr-mutual-information-k20-s42.json,109315,0124b768ad732dda763055e5123c905cc9ee7359ce60d472ab8c35eba5798272,True,results/selector_combinations_v1/dev/selections/scv1-homecredit-fold-3-boruta-then-mrmr-mutual-information-k20-s42.json,
combination_dev,active,homecredit,boruta_then_mrmr_mutual_information,,selection_state,results/selector_combinations_v1/dev/selections/scv1-homecredit-fold-3-boruta-then-mrmr-mutual-information-k40-s42.json,110671,5298048734d7d7e6dc088e44f696c2faec8d0a967490f552904428ee15cb6760,True,results/selector_combinations_v1/dev/selections/scv1-homecredit-fold-3-boruta-then-mrmr-mutual-information-k40-s42.json,
combination_dev,active,homecredit,boruta_then_mrmr_mutual_information,,selection_state,results/selector_combinations_v1/dev/selections/scv1-homecredit-fold-4-boruta-then-mrmr-mutual-information-k20-s42.json,109869,a56b43a18fce631bb4977f5917a2790ded7c6c7d5708463e2009341f2dae9208,True,results/selector_combinations_v1/dev/selections/scv1-homecredit-fold-4-boruta-then-mrmr-mutual-information-k20-s42.json,
combination_dev,active,homecredit,boruta_then_mrmr_mutual_information,,selection_state,results/selector_combinations_v1/dev/selections/scv1-homecredit-fold-4-boruta-then-mrmr-mutual-information-k40-s42.json,111246,ff515909beff88c0afe8c34dfcdb060b7e190db5adf74960225aca007d8241fa,True,results/selector_combinations_v1/dev/selections/scv1-homecredit-fold-4-boruta-then-mrmr-mutual-information-k40-s42.json,
combination_dev,active,homecredit,boruta_then_mrmr_mutual_information,,selection_state,results/selector_combinations_v1/dev/selections/scv1-homecredit-fold-5-boruta-then-mrmr-mutual-information-k20-s42.json,111060,041b0875d6eefe166e86cf6a11b68439ba59a3ea9dadcdb762b7934636a48948,True,results/selector_combinations_v1/dev/selections/scv1-homecredit-fold-5-boruta-then-mrmr-mutual-information-k20-s42.json,
combination_dev,active,homecredit,boruta_then_mrmr_mutual_information,,selection_state,results/selector_combinations_v1/dev/selections/scv1-homecredit-fold-5-boruta-then-mrmr-mutual-information-k40-s42.json,112456,d9054a6124a2e274c0e47543837566bca36c8640357f251f43cd19e05af2a8aa,True,results/selector_combinations_v1/dev/selections/scv1-homecredit-fold-5-boruta-then-mrmr-mutual-information-k40-s42.json,
combination_dev,active,homecredit,boruta_then_mrmr_mutual_information,,state_bound_payload,results/selector_combinations_v1/dev/selections/scv1-homecredit-fold-1-boruta-then-mrmr-mutual-information-k20-s42.combination_result.json,93399,94b7607668d14b51db3ddd2c645cb1620d344cb5ec6ef6e94f3a04235a91b0a8,True,results/selector_combinations_v1/dev/selections/scv1-homecredit-fold-1-boruta-then-mrmr-mutual-information-k20-s42.json,
combination_dev,active,homecredit,boruta_then_mrmr_mutual_information,,state_bound_payload,results/selector_combinations_v1/dev/selections/scv1-homecredit-fold-1-boruta-then-mrmr-mutual-information-k20-s42.final_selected_features.csv,497,11d094a113f19e97a6c4103eab069b12a8f5aee9ce1f5faff8b0555f524fa78a,True,results/selector_combinations_v1/dev/selections/scv1-homecredit-fold-1-boruta-then-mrmr-mutual-information-k20-s42.json,
combination_dev,active,homecredit,boruta_then_mrmr_mutual_information,,state_bound_payload,results/selector_combinations_v1/dev/selections/scv1-homecredit-fold-1-boruta-then-mrmr-mutual-information-k20-s42.intermediate_features.csv,654,12e5ed315d021ab7226f244e810bae56ce472e45948a009bd2403cf5060ea4f5,True,results/selector_combinations_v1/dev/selections/scv1-homecredit-fold-1-boruta-then-mrmr-mutual-information-k20-s42.json,
combination_dev,active,homecredit,boruta_then_mrmr_mutual_information,,state_bound_payload,results/selector_combinations_v1/dev/selections/scv1-homecredit-fold-1-boruta-then-mrmr-mutual-information-k40-s42.combination_result.json,93523,8e90bf8cbc090c85ec5e57d9ac340026af4aa3b46926018c6aa76306f79d32e9,True,results/selector_combinations_v1/dev/selections/scv1-homecredit-fold-1-boruta-then-mrmr-mutual-information-k40-s42.json,
combination_dev,active,homecredit,boruta_then_mrmr_mutual_information,,state_bound_payload,results/selector_combinations_v1/dev/selections/scv1-homecredit-fold-1-boruta-then-mrmr-mutual-information-k40-s42.final_selected_features.csv,654,12e5ed315d021ab7226f244e810bae56ce472e45948a009bd2403cf5060ea4f5,True,results/selector_combinations_v1/dev/selections/scv1-homecredit-fold-1-boruta-then-mrmr-mutual-information-k40-s42.json,
combination_dev,active,homecredit,boruta_then_mrmr_mutual_information,,state_bound_payload,results/selector_combinations_v1/dev/selections/scv1-homecredit-fold-1-boruta-then-mrmr-mutual-information-k40-s42.intermediate_features.csv,654,12e5ed315d021ab7226f244e810bae56ce472e45948a009bd2403cf5060ea4f5,True,results/selector_combinations_v1/dev/selections/scv1-homecredit-fold-1-boruta-then-mrmr-mutual-information-k40-s42.json,
combination_dev,active,homecredit,boruta_then_mrmr_mutual_information,,state_bound_payload,results/selector_combinations_v1/dev/selections/scv1-homecredit-fold-2-boruta-then-mrmr-mutual-information-k20-s42.combination_result.json,94875,4b853aeead5b90a6c859a859fec35c1cfea93360bdb926131ff1f4c0adc2f4f7,True,results/selector_combinations_v1/dev/selections/scv1-homecredit-fold-2-boruta-then-mrmr-mutual-information-k20-s42.json,
combination_dev,active,homecredit,boruta_then_mrmr_mutual_information,,state_bound_payload,results/selector_combinations_v1/dev/selections/scv1-homecredit-fold-2-boruta-then-mrmr-mutual-information-k20-s42.final_selected_features.csv,500,1a661497eca7c0cffb163c8497cc83018d31926c76dfb068dde061a3bc1bd241,True,results/selector_combinations_v1/dev/selections/scv1-homecredit-fold-2-boruta-then-mrmr-mutual-information-k20-s42.json,
combination_dev,active,homecredit,boruta_then_mrmr_mutual_information,,state_bound_payload,results/selector_combinations_v1/dev/selections/scv1-homecredit-fold-2-boruta-then-mrmr-mutual-information-k20-s42.intermediate_features.csv,1991,0186be3b636615cd42742a72219fde06dd0b3c509baff485de08bee895cdc22a,True,results/selector_combinations_v1/dev/selections/scv1-homecredit-fold-2-boruta-then-mrmr-mutual-information-k20-s42.json,
combination_dev,active,homecredit,boruta_then_mrmr_mutual_information,,state_bound_payload,results/selector_combinations_v1/dev/selections/scv1-homecredit-fold-2-boruta-then-mrmr-mutual-information-k40-s42.combination_result.json,95503,ead8190b3e93a8d86d1c7c9b7a067a72cc55d56dca5446a9a1fe8efa0dc90a64,True,results/selector_combinations_v1/dev/selections/scv1-homecredit-fold-2-boruta-then-mrmr-mutual-information-k40-s42.json,
combination_dev,active,homecredit,boruta_then_mrmr_mutual_information,,state_bound_payload,results/selector_combinations_v1/dev/selections/scv1-homecredit-fold-2-boruta-then-mrmr-mutual-information-k40-s42.final_selected_features.csv,1047,fc8d1774be005bda42f119b0a0086990e2fd2af6f5a13fdf371488d6f55cb866,True,results/selector_combinations_v1/dev/selections/scv1-homecredit-fold-2-boruta-then-mrmr-mutual-information-k40-s42.json,
combination_dev,active,homecredit,boruta_then_mrmr_mutual_information,,state_bound_payload,results/selector_combinations_v1/dev/selections/scv1-homecredit-fold-2-boruta-then-mrmr-mutual-information-k40-s42.intermediate_features.csv,1991,0186be3b636615cd42742a72219fde06dd0b3c509baff485de08bee895cdc22a,True,results/selector_combinations_v1/dev/selections/scv1-homecredit-fold-2-boruta-then-mrmr-mutual-information-k40-s42.json,
combination_dev,active,homecredit,boruta_then_mrmr_mutual_information,,state_bound_payload,results/selector_combinations_v1/dev/selections/scv1-homecredit-fold-3-boruta-then-mrmr-mutual-information-k20-s42.combination_result.json,95707,f9775a94366bf778c59d2d1d2199bb00567b65cadaf23abb6a4d2e28d4ca5c3f,True,results/selector_combinations_v1/dev/selections/scv1-homecredit-fold-3-boruta-then-mrmr-mutual-information-k20-s42.json,
combination_dev,active,homecredit,boruta_then_mrmr_mutual_information,,state_bound_payload,results/selector_combinations_v1/dev/selections/scv1-homecredit-fold-3-boruta-then-mrmr-mutual-information-k20-s42.final_selected_features.csv,510,3536b2b3488264c19ea2a2f2ed2c4d62a084a42dfd9162fe642377dfbe228352,True,results/selector_combinations_v1/dev/selections/scv1-homecredit-fold-3-boruta-then-mrmr-mutual-information-k20-s42.json,
combination_dev,active,homecredit,boruta_then_mrmr_mutual_information,,state_bound_payload,results/selector_combinations_v1/dev/selections/scv1-homecredit-fold-3-boruta-then-mrmr-mutual-information-k20-s42.intermediate_features.csv,2755,d7949878c00a69fffa6d411d58fa458a23008ab6617a76c91572a420d7e77c89,True,results/selector_combinations_v1/dev/selections/scv1-homecredit-fold-3-boruta-then-mrmr-mutual-information-k20-s42.json,
combination_dev,active,homecredit,boruta_then_mrmr_mutual_information,,state_bound_payload,results/selector_combinations_v1/dev/selections/scv1-homecredit-fold-3-boruta-then-mrmr-mutual-information-k40-s42.combination_result.json,96324,508655a008a2f585746352c098c54f992bdb9f87b24ebe342e14ba9283a26cdc,True,results/selector_combinations_v1/dev/selections/scv1-homecredit-fold-3-boruta-then-mrmr-mutual-information-k40-s42.json,
combination_dev,active,homecredit,boruta_then_mrmr_mutual_information,,state_bound_payload,results/selector_combinations_v1/dev/selections/scv1-homecredit-fold-3-boruta-then-mrmr-mutual-information-k40-s42.final_selected_features.csv,1048,53f5b5854e7d0e96809d29eedbbc4fc84cfe38e654551b39bca4474cfe760c7c,True,results/selector_combinations_v1/dev/selections/scv1-homecredit-fold-3-boruta-then-mrmr-mutual-information-k40-s42.json,
combination_dev,active,homecredit,boruta_then_mrmr_mutual_information,,state_bound_payload,results/selector_combinations_v1/dev/selections/scv1-homecredit-fold-3-boruta-then-mrmr-mutual-information-k40-s42.intermediate_features.csv,2755,d7949878c00a69fffa6d411d58fa458a23008ab6617a76c91572a420d7e77c89,True,results/selector_combinations_v1/dev/selections/scv1-homecredit-fold-3-boruta-then-mrmr-mutual-information-k40-s42.json,
combination_dev,active,homecredit,boruta_then_mrmr_mutual_information,,state_bound_payload,results/selector_combinations_v1/dev/selections/scv1-homecredit-fold-4-boruta-then-mrmr-mutual-information-k20-s42.combination_result.json,96196,90a131bd893a1b2cb12b355ffa4893e2c49ae07c15d3b324f7a0c7bfe454f60f,True,results/selector_combinations_v1/dev/selections/scv1-homecredit-fold-4-boruta-then-mrmr-mutual-information-k20-s42.json,
combination_dev,active,homecredit,boruta_then_mrmr_mutual_information,,state_bound_payload,results/selector_combinations_v1/dev/selections/scv1-homecredit-fold-4-boruta-then-mrmr-mutual-information-k20-s42.final_selected_features.csv,514,35264d7ab2ba2fc2a4b9ab5a3e9f9234aded5ab325046e1f09678399aece5f96,True,results/selector_combinations_v1/dev/selections/scv1-homecredit-fold-4-boruta-then-mrmr-mutual-information-k20-s42.json,
combination_dev,active,homecredit,boruta_then_mrmr_mutual_information,,state_bound_payload,results/selector_combinations_v1/dev/selections/scv1-homecredit-fold-4-boruta-then-mrmr-mutual-information-k20-s42.intermediate_features.csv,3206,4abab06ef10e825f4ddb0be4db376a52c0bddca7489142408724b0497f23ee19,True,results/selector_combinations_v1/dev/selections/scv1-homecredit-fold-4-boruta-then-mrmr-mutual-information-k20-s42.json,
combination_dev,active,homecredit,boruta_then_mrmr_mutual_information,,state_bound_payload,results/selector_combinations_v1/dev/selections/scv1-homecredit-fold-4-boruta-then-mrmr-mutual-information-k40-s42.combination_result.json,96825,c576c3bec4e2f9ee88d61b88afad6d625ce73d66775a23502817e90d80481778,True,results/selector_combinations_v1/dev/selections/scv1-homecredit-fold-4-boruta-then-mrmr-mutual-information-k40-s42.json,
combination_dev,active,homecredit,boruta_then_mrmr_mutual_information,,state_bound_payload,results/selector_combinations_v1/dev/selections/scv1-homecredit-fold-4-boruta-then-mrmr-mutual-information-k40-s42.final_selected_features.csv,1061,bbbc16cd3ffb2f647796ddfe7e8553c035b2833189918b666a034ec40311c51a,True,results/selector_combinations_v1/dev/selections/scv1-homecredit-fold-4-boruta-then-mrmr-mutual-information-k40-s42.json,
combination_dev,active,homecredit,boruta_then_mrmr_mutual_information,,state_bound_payload,results/selector_combinations_v1/dev/selections/scv1-homecredit-fold-4-boruta-then-mrmr-mutual-information-k40-s42.intermediate_features.csv,3206,4abab06ef10e825f4ddb0be4db376a52c0bddca7489142408724b0497f23ee19,True,results/selector_combinations_v1/dev/selections/scv1-homecredit-fold-4-boruta-then-mrmr-mutual-information-k40-s42.json,
combination_dev,active,homecredit,boruta_then_mrmr_mutual_information,,state_bound_payload,results/selector_combinations_v1/dev/selections/scv1-homecredit-fold-5-boruta-then-mrmr-mutual-information-k20-s42.combination_result.json,97267,b3753bebc6f77e0178dd048f365ff970737501aaaf68dded12cdb146f6744bd5,True,results/selector_combinations_v1/dev/selections/scv1-homecredit-fold-5-boruta-then-mrmr-mutual-information-k20-s42.json,
combination_dev,active,homecredit,boruta_then_mrmr_mutual_information,,state_bound_payload,results/selector_combinations_v1/dev/selections/scv1-homecredit-fold-5-boruta-then-mrmr-mutual-information-k20-s42.final_selected_features.csv,498,b510c72a02411582c8a87844c71665efe15ecc4e255d807227bed69fb7a41dd9,True,results/selector_combinations_v1/dev/selections/scv1-homecredit-fold-5-boruta-then-mrmr-mutual-information-k20-s42.json,
combination_dev,active,homecredit,boruta_then_mrmr_mutual_information,,state_bound_payload,results/selector_combinations_v1/dev/selections/scv1-homecredit-fold-5-boruta-then-mrmr-mutual-information-k20-s42.intermediate_features.csv,4226,f265ed6e54e90b8078392c9d59119224b9e58f085cd4a2b247599e197e238ebb,True,results/selector_combinations_v1/dev/selections/scv1-homecredit-fold-5-boruta-then-mrmr-mutual-information-k20-s42.json,
combination_dev,active,homecredit,boruta_then_mrmr_mutual_information,,state_bound_payload,results/selector_combinations_v1/dev/selections/scv1-homecredit-fold-5-boruta-then-mrmr-mutual-information-k40-s42.combination_result.json,97904,b3b0dc07c8857fc0130150ada13a9c814fd7b2908e7ac99c30ecac39e1c3079c,True,results/selector_combinations_v1/dev/selections/scv1-homecredit-fold-5-boruta-then-mrmr-mutual-information-k40-s42.json,
combination_dev,active,homecredit,boruta_then_mrmr_mutual_information,,state_bound_payload,results/selector_combinations_v1/dev/selections/scv1-homecredit-fold-5-boruta-then-mrmr-mutual-information-k40-s42.final_selected_features.csv,1056,55756e486d4c2742700bf055c974575a91b1b2e0b0f9d158970471cacc2de99d,True,results/selector_combinations_v1/dev/selections/scv1-homecredit-fold-5-boruta-then-mrmr-mutual-information-k40-s42.json,
combination_dev,active,homecredit,boruta_then_mrmr_mutual_information,,state_bound_payload,results/selector_combinations_v1/dev/selections/scv1-homecredit-fold-5-boruta-then-mrmr-mutual-information-k40-s42.intermediate_features.csv,4226,f265ed6e54e90b8078392c9d59119224b9e58f085cd4a2b247599e197e238ebb,True,results/selector_combinations_v1/dev/selections/scv1-homecredit-fold-5-boruta-then-mrmr-mutual-information-k40-s42.json,
combination_dev,active,homecredit,boruta_then_mrmr_mutual_information,catboost,evaluation_state,results/selector_combinations_v1/dev/evaluations/scv1-dev-018-homecredit-boruta-then-mrmr-mutual-information-catboost-fold-1-k40-s42.json,8000,8b07cedd7269749627f70644b5ae1c93e4eecba066a0d36c92dfc3bdf2e22b40,True,results/selector_combinations_v1/dev/evaluations/scv1-dev-018-homecredit-boruta-then-mrmr-mutual-information-catboost-fold-1-k40-s42.json,
combination_dev,active,homecredit,boruta_then_mrmr_mutual_information,catboost,evaluation_state,results/selector_combinations_v1/dev/evaluations/scv1-dev-042-homecredit-boruta-then-mrmr-mutual-information-catboost-fold-2-k40-s42.json,8009,2260ea56075be6bcbd93fdb120894d329bfb354f7c7242eeda83845c0864dc4c,True,results/selector_combinations_v1/dev/evaluations/scv1-dev-042-homecredit-boruta-then-mrmr-mutual-information-catboost-fold-2-k40-s42.json,
combination_dev,active,homecredit,boruta_then_mrmr_mutual_information,catboost,evaluation_state,results/selector_combinations_v1/dev/evaluations/scv1-dev-066-homecredit-boruta-then-mrmr-mutual-information-catboost-fold-3-k40-s42.json,8008,987ab98cda0431da6b369de1ff2af848e4efee5dabd68e044d1fb32f6c5f7c2a,True,results/selector_combinations_v1/dev/evaluations/scv1-dev-066-homecredit-boruta-then-mrmr-mutual-information-catboost-fold-3-k40-s42.json,
combination_dev,active,homecredit,boruta_then_mrmr_mutual_information,catboost,evaluation_state,results/selector_combinations_v1/dev/evaluations/scv1-dev-090-homecredit-boruta-then-mrmr-mutual-information-catboost-fold-4-k40-s42.json,8005,ca6ea65616c68406b02f8055727d94568dd241d10aaa81b51e6bed6ec56f33d6,True,results/selector_combinations_v1/dev/evaluations/scv1-dev-090-homecredit-boruta-then-mrmr-mutual-information-catboost-fold-4-k40-s42.json,
combination_dev,active,homecredit,boruta_then_mrmr_mutual_information,catboost,evaluation_state,results/selector_combinations_v1/dev/evaluations/scv1-dev-114-homecredit-boruta-then-mrmr-mutual-information-catboost-fold-5-k40-s42.json,8011,5931e2343cf49eac7386e270d80843ffc772774a2c141e0abf21a5cfaa16de49,True,results/selector_combinations_v1/dev/evaluations/scv1-dev-114-homecredit-boruta-then-mrmr-mutual-information-catboost-fold-5-k40-s42.json,
combination_dev,active,homecredit,boruta_then_mrmr_mutual_information,catboost,state_bound_payload,results/selector_combinations_v1/dev/evaluations/scv1-dev-018-homecredit-boruta-then-mrmr-mutual-information-catboost-fold-1-k40-s42.dev_metrics.json,628,8d0778e7936e2aaa6bac711c45b764478d26b3e409a30e3ee81e3bf3789111e7,True,results/selector_combinations_v1/dev/evaluations/scv1-dev-018-homecredit-boruta-then-mrmr-mutual-information-catboost-fold-1-k40-s42.json,
combination_dev,active,homecredit,boruta_then_mrmr_mutual_information,catboost,state_bound_payload,results/selector_combinations_v1/dev/evaluations/scv1-dev-018-homecredit-boruta-then-mrmr-mutual-information-catboost-fold-1-k40-s42.dev_predictions.csv,2934947,e104113521a57af5741461937ceb78c4b49b9d9a02e42f7810886b3abe69e876,True,results/selector_combinations_v1/dev/evaluations/scv1-dev-018-homecredit-boruta-then-mrmr-mutual-information-catboost-fold-1-k40-s42.json,
combination_dev,active,homecredit,boruta_then_mrmr_mutual_information,catboost,state_bound_payload,results/selector_combinations_v1/dev/evaluations/scv1-dev-018-homecredit-boruta-then-mrmr-mutual-information-catboost-fold-1-k40-s42.final_model_configuration.json,1908,4677677d1cb9cafff837aa53a9fa66fb27aebcd550fcd68bd05d5403b53315d1,True,results/selector_combinations_v1/dev/evaluations/scv1-dev-018-homecredit-boruta-then-mrmr-mutual-information-catboost-fold-1-k40-s42.json,
combination_dev,active,homecredit,boruta_then_mrmr_mutual_information,catboost,state_bound_payload,results/selector_combinations_v1/dev/evaluations/scv1-dev-042-homecredit-boruta-then-mrmr-mutual-information-catboost-fold-2-k40-s42.dev_metrics.json,637,0e9b02d3a31d7ce6482802d7fe94e7163d25789d5a9a9e3ae484fd6988164284,True,results/selector_combinations_v1/dev/evaluations/scv1-dev-042-homecredit-boruta-then-mrmr-mutual-information-catboost-fold-2-k40-s42.json,
combination_dev,active,homecredit,boruta_then_mrmr_mutual_information,catboost,state_bound_payload,results/selector_combinations_v1/dev/evaluations/scv1-dev-042-homecredit-boruta-then-mrmr-mutual-information-catboost-fold-2-k40-s42.dev_predictions.csv,2920444,e0d392c425a343bbc82d8033f008401bdb59673382904f42abdd1d6c592ff2ed,True,results/selector_combinations_v1/dev/evaluations/scv1-dev-042-homecredit-boruta-then-mrmr-mutual-information-catboost-fold-2-k40-s42.json,
combination_dev,active,homecredit,boruta_then_mrmr_mutual_information,catboost,state_bound_payload,results/selector_combinations_v1/dev/evaluations/scv1-dev-042-homecredit-boruta-then-mrmr-mutual-information-catboost-fold-2-k40-s42.final_model_configuration.json,1908,6271ddfb394d7c91f40150d98e194ccb6711cbbc56471515d62b9e64871cb678,True,results/selector_combinations_v1/dev/evaluations/scv1-dev-042-homecredit-boruta-then-mrmr-mutual-information-catboost-fold-2-k40-s42.json,
combination_dev,active,homecredit,boruta_then_mrmr_mutual_information,catboost,state_bound_payload,results/selector_combinations_v1/dev/evaluations/scv1-dev-066-homecredit-boruta-then-mrmr-mutual-information-catboost-fold-3-k40-s42.dev_metrics.json,636,47c69b256e502bcf1346d4c8c407c3b79646f292ccc74f0e02924729ecb7df23,True,results/selector_combinations_v1/dev/evaluations/scv1-dev-066-homecredit-boruta-then-mrmr-mutual-information-catboost-fold-3-k40-s42.json,
combination_dev,active,homecredit,boruta_then_mrmr_mutual_information,catboost,state_bound_payload,results/selector_combinations_v1/dev/evaluations/scv1-dev-066-homecredit-boruta-then-mrmr-mutual-information-catboost-fold-3-k40-s42.dev_predictions.csv,2878317,5ed5e081cca7ba9a6a7dc8ae5e5ac84b4842d4f412b91d082e22af0cc30c99fa,True,results/selector_combinations_v1/dev/evaluations/scv1-dev-066-homecredit-boruta-then-mrmr-mutual-information-catboost-fold-3-k40-s42.json,
combination_dev,active,homecredit,boruta_then_mrmr_mutual_information,catboost,state_bound_payload,results/selector_combinations_v1/dev/evaluations/scv1-dev-066-homecredit-boruta-then-mrmr-mutual-information-catboost-fold-3-k40-s42.final_model_configuration.json,1908,370c849b77b5f4c93d9241990abb6057ea5a7e4d7883b0a016471b7f2a15145e,True,results/selector_combinations_v1/dev/evaluations/scv1-dev-066-homecredit-boruta-then-mrmr-mutual-information-catboost-fold-3-k40-s42.json,
combination_dev,active,homecredit,boruta_then_mrmr_mutual_information,catboost,state_bound_payload,results/selector_combinations_v1/dev/evaluations/scv1-dev-090-homecredit-boruta-then-mrmr-mutual-information-catboost-fold-4-k40-s42.dev_metrics.json,633,5cd5130b4c44b2b130fbe52a4ed454b233f5b2dc505dece053569fe1d07b68d6,True,results/selector_combinations_v1/dev/evaluations/scv1-dev-090-homecredit-boruta-then-mrmr-mutual-information-catboost-fold-4-k40-s42.json,
combination_dev,active,homecredit,boruta_then_mrmr_mutual_information,catboost,state_bound_payload,results/selector_combinations_v1/dev/evaluations/scv1-dev-090-homecredit-boruta-then-mrmr-mutual-information-catboost-fold-4-k40-s42.dev_predictions.csv,2917266,2928500ca97f5e4c79699d0ff990152e59f875a7a72bc289d07bdd039ae13880,True,results/selector_combinations_v1/dev/evaluations/scv1-dev-090-homecredit-boruta-then-mrmr-mutual-information-catboost-fold-4-k40-s42.json,
combination_dev,active,homecredit,boruta_then_mrmr_mutual_information,catboost,state_bound_payload,results/selector_combinations_v1/dev/evaluations/scv1-dev-090-homecredit-boruta-then-mrmr-mutual-information-catboost-fold-4-k40-s42.final_model_configuration.json,1908,370c849b77b5f4c93d9241990abb6057ea5a7e4d7883b0a016471b7f2a15145e,True,results/selector_combinations_v1/dev/evaluations/scv1-dev-090-homecredit-boruta-then-mrmr-mutual-information-catboost-fold-4-k40-s42.json,
combination_dev,active,homecredit,boruta_then_mrmr_mutual_information,catboost,state_bound_payload,results/selector_combinations_v1/dev/evaluations/scv1-dev-114-homecredit-boruta-then-mrmr-mutual-information-catboost-fold-5-k40-s42.dev_metrics.json,638,ceb816d0f95ef34d82125444e7446c9852d5c3ad0bdb4252e9f54fc5a40f12dd,True,results/selector_combinations_v1/dev/evaluations/scv1-dev-114-homecredit-boruta-then-mrmr-mutual-information-catboost-fold-5-k40-s42.json,
combination_dev,active,homecredit,boruta_then_mrmr_mutual_information,catboost,state_bound_payload,results/selector_combinations_v1/dev/evaluations/scv1-dev-114-homecredit-boruta-then-mrmr-mutual-information-catboost-fold-5-k40-s42.dev_predictions.csv,2853616,20c21a82fe17f4f2b604a6cbdb4a5a6704aeabd70fcfbc54db6b218fb2276dfa,True,results/selector_combinations_v1/dev/evaluations/scv1-dev-114-homecredit-boruta-then-mrmr-mutual-information-catboost-fold-5-k40-s42.json,
combination_dev,active,homecredit,boruta_then_mrmr_mutual_information,catboost,state_bound_payload,results/selector_combinations_v1/dev/evaluations/scv1-dev-114-homecredit-boruta-then-mrmr-mutual-information-catboost-fold-5-k40-s42.final_model_configuration.json,1908,5fbbc3f8673f43015958195d7530619db84d9ee8f5ae019f86a2eea787299049,True,results/selector_combinations_v1/dev/evaluations/scv1-dev-114-homecredit-boruta-then-mrmr-mutual-information-catboost-fold-5-k40-s42.json,
combination_dev,active,homecredit,boruta_then_mrmr_mutual_information,lr,evaluation_state,results/selector_combinations_v1/dev/evaluations/scv1-dev-017-homecredit-boruta-then-mrmr-mutual-information-lr-fold-1-k20-s42.json,7161,68513acea7ad4634c2117410b397f8334cdbbe4641d993f27cf445ce88c4ca4b,True,results/selector_combinations_v1/dev/evaluations/scv1-dev-017-homecredit-boruta-then-mrmr-mutual-information-lr-fold-1-k20-s42.json,
combination_dev,active,homecredit,boruta_then_mrmr_mutual_information,lr,evaluation_state,results/selector_combinations_v1/dev/evaluations/scv1-dev-041-homecredit-boruta-then-mrmr-mutual-information-lr-fold-2-k20-s42.json,7154,d54097b680933bade19ce80d90d1a2f125757627ae9acdb1e77809f8da714dba,True,results/selector_combinations_v1/dev/evaluations/scv1-dev-041-homecredit-boruta-then-mrmr-mutual-information-lr-fold-2-k20-s42.json,
combination_dev,active,homecredit,boruta_then_mrmr_mutual_information,lr,evaluation_state,results/selector_combinations_v1/dev/evaluations/scv1-dev-065-homecredit-boruta-then-mrmr-mutual-information-lr-fold-3-k20-s42.json,7158,40361f358946f6151f6f4d7fad49ea7226b1072ea6fa90b62b297ce9c85a1a79,True,results/selector_combinations_v1/dev/evaluations/scv1-dev-065-homecredit-boruta-then-mrmr-mutual-information-lr-fold-3-k20-s42.json,
combination_dev,active,homecredit,boruta_then_mrmr_mutual_information,lr,evaluation_state,results/selector_combinations_v1/dev/evaluations/scv1-dev-089-homecredit-boruta-then-mrmr-mutual-information-lr-fold-4-k20-s42.json,7159,e55b5911c3455b30328a42131872ba90f255b6d8a617de2217ae69363418711e,True,results/selector_combinations_v1/dev/evaluations/scv1-dev-089-homecredit-boruta-then-mrmr-mutual-information-lr-fold-4-k20-s42.json,
combination_dev,active,homecredit,boruta_then_mrmr_mutual_information,lr,evaluation_state,results/selector_combinations_v1/dev/evaluations/scv1-dev-113-homecredit-boruta-then-mrmr-mutual-information-lr-fold-5-k20-s42.json,7159,422f983aead9cf7373892ef5746d41830dbb0dd5a878c4ccffed9e5d7548f737,True,results/selector_combinations_v1/dev/evaluations/scv1-dev-113-homecredit-boruta-then-mrmr-mutual-information-lr-fold-5-k20-s42.json,
combination_dev,active,homecredit,boruta_then_mrmr_mutual_information,lr,state_bound_payload,results/selector_combinations_v1/dev/evaluations/scv1-dev-017-homecredit-boruta-then-mrmr-mutual-information-lr-fold-1-k20-s42.dev_metrics.json,637,775ab4d6085c52126af30c045ea94c48aa24adfbc959321df14643ae43a928b6,True,results/selector_combinations_v1/dev/evaluations/scv1-dev-017-homecredit-boruta-then-mrmr-mutual-information-lr-fold-1-k20-s42.json,
combination_dev,active,homecredit,boruta_then_mrmr_mutual_information,lr,state_bound_payload,results/selector_combinations_v1/dev/evaluations/scv1-dev-017-homecredit-boruta-then-mrmr-mutual-information-lr-fold-1-k20-s42.dev_predictions.csv,2730094,27b332befeb13d3b1fee977c4b7a1a405fa70575d47efdd8123ddf553efcd366,True,results/selector_combinations_v1/dev/evaluations/scv1-dev-017-homecredit-boruta-then-mrmr-mutual-information-lr-fold-1-k20-s42.json,
combination_dev,active,homecredit,boruta_then_mrmr_mutual_information,lr,state_bound_payload,results/selector_combinations_v1/dev/evaluations/scv1-dev-017-homecredit-boruta-then-mrmr-mutual-information-lr-fold-1-k20-s42.final_model_configuration.json,1208,23ada95e0f85d6c5567ea9ff168c512133154e10cf2b1a8c4ffac63b30c177d9,True,results/selector_combinations_v1/dev/evaluations/scv1-dev-017-homecredit-boruta-then-mrmr-mutual-information-lr-fold-1-k20-s42.json,
combination_dev,active,homecredit,boruta_then_mrmr_mutual_information,lr,state_bound_payload,results/selector_combinations_v1/dev/evaluations/scv1-dev-041-homecredit-boruta-then-mrmr-mutual-information-lr-fold-2-k20-s42.dev_metrics.json,630,4c75be3dc32e30481300a0694b1bd8a16bacc5983dbd6ad3eb6fc8e7f85b68fe,True,results/selector_combinations_v1/dev/evaluations/scv1-dev-041-homecredit-boruta-then-mrmr-mutual-information-lr-fold-2-k20-s42.json,
combination_dev,active,homecredit,boruta_then_mrmr_mutual_information,lr,state_bound_payload,results/selector_combinations_v1/dev/evaluations/scv1-dev-041-homecredit-boruta-then-mrmr-mutual-information-lr-fold-2-k20-s42.dev_predictions.csv,2716480,af0582cfecb4ad715c25c69b4be396bfb9dc0073e09bdef7126f82f4e72c7c3c,True,results/selector_combinations_v1/dev/evaluations/scv1-dev-041-homecredit-boruta-then-mrmr-mutual-information-lr-fold-2-k20-s42.json,
combination_dev,active,homecredit,boruta_then_mrmr_mutual_information,lr,state_bound_payload,results/selector_combinations_v1/dev/evaluations/scv1-dev-041-homecredit-boruta-then-mrmr-mutual-information-lr-fold-2-k20-s42.final_model_configuration.json,1208,4f6820824338410567e8c90ae8ed9e2c235c2690fbcd4b5067f30d3391753e23,True,results/selector_combinations_v1/dev/evaluations/scv1-dev-041-homecredit-boruta-then-mrmr-mutual-information-lr-fold-2-k20-s42.json,
combination_dev,active,homecredit,boruta_then_mrmr_mutual_information,lr,state_bound_payload,results/selector_combinations_v1/dev/evaluations/scv1-dev-065-homecredit-boruta-then-mrmr-mutual-information-lr-fold-3-k20-s42.dev_metrics.json,634,7611a47debec881bf037a67b8ee38d38c52e88ebb8cc12f624aa8416935c00dc,True,results/selector_combinations_v1/dev/evaluations/scv1-dev-065-homecredit-boruta-then-mrmr-mutual-information-lr-fold-3-k20-s42.json,
combination_dev,active,homecredit,boruta_then_mrmr_mutual_information,lr,state_bound_payload,results/selector_combinations_v1/dev/evaluations/scv1-dev-065-homecredit-boruta-then-mrmr-mutual-information-lr-fold-3-k20-s42.dev_predictions.csv,2677467,739452c27031d57765ccc1660f3936092eda56edfba605c125d5e6a3f68b97f3,True,results/selector_combinations_v1/dev/evaluations/scv1-dev-065-homecredit-boruta-then-mrmr-mutual-information-lr-fold-3-k20-s42.json,
combination_dev,active,homecredit,boruta_then_mrmr_mutual_information,lr,state_bound_payload,results/selector_combinations_v1/dev/evaluations/scv1-dev-065-homecredit-boruta-then-mrmr-mutual-information-lr-fold-3-k20-s42.final_model_configuration.json,1208,4f6820824338410567e8c90ae8ed9e2c235c2690fbcd4b5067f30d3391753e23,True,results/selector_combinations_v1/dev/evaluations/scv1-dev-065-homecredit-boruta-then-mrmr-mutual-information-lr-fold-3-k20-s42.json,
combination_dev,active,homecredit,boruta_then_mrmr_mutual_information,lr,state_bound_payload,results/selector_combinations_v1/dev/evaluations/scv1-dev-089-homecredit-boruta-then-mrmr-mutual-information-lr-fold-4-k20-s42.dev_metrics.json,635,92cdc97bf20289e2fa11dfe4ffc31e0b3503bad97fa9af350459f7468734a53e,True,results/selector_combinations_v1/dev/evaluations/scv1-dev-089-homecredit-boruta-then-mrmr-mutual-information-lr-fold-4-k20-s42.json,
combination_dev,active,homecredit,boruta_then_mrmr_mutual_information,lr,state_bound_payload,results/selector_combinations_v1/dev/evaluations/scv1-dev-089-homecredit-boruta-then-mrmr-mutual-information-lr-fold-4-k20-s42.dev_predictions.csv,2714241,8f4e4f3e3be46dea1760a7b7980ef0d635190f6c96c9e93d1a965700a413b9a8,True,results/selector_combinations_v1/dev/evaluations/scv1-dev-089-homecredit-boruta-then-mrmr-mutual-information-lr-fold-4-k20-s42.json,
combination_dev,active,homecredit,boruta_then_mrmr_mutual_information,lr,state_bound_payload,results/selector_combinations_v1/dev/evaluations/scv1-dev-089-homecredit-boruta-then-mrmr-mutual-information-lr-fold-4-k20-s42.final_model_configuration.json,1208,4f6820824338410567e8c90ae8ed9e2c235c2690fbcd4b5067f30d3391753e23,True,results/selector_combinations_v1/dev/evaluations/scv1-dev-089-homecredit-boruta-then-mrmr-mutual-information-lr-fold-4-k20-s42.json,
combination_dev,active,homecredit,boruta_then_mrmr_mutual_information,lr,state_bound_payload,results/selector_combinations_v1/dev/evaluations/scv1-dev-113-homecredit-boruta-then-mrmr-mutual-information-lr-fold-5-k20-s42.dev_metrics.json,634,d5c9474ad8fee1c25eea2a0cf4a8a335f899b70df5c3c6710ff87134641d2410,True,results/selector_combinations_v1/dev/evaluations/scv1-dev-113-homecredit-boruta-then-mrmr-mutual-information-lr-fold-5-k20-s42.json,
combination_dev,active,homecredit,boruta_then_mrmr_mutual_information,lr,state_bound_payload,results/selector_combinations_v1/dev/evaluations/scv1-dev-113-homecredit-boruta-then-mrmr-mutual-information-lr-fold-5-k20-s42.dev_predictions.csv,2655081,e22c806e55c33c927d312174f06a5733326eb26bb67608ab60504771408b2777,True,results/selector_combinations_v1/dev/evaluations/scv1-dev-113-homecredit-boruta-then-mrmr-mutual-information-lr-fold-5-k20-s42.json,
combination_dev,active,homecredit,boruta_then_mrmr_mutual_information,lr,state_bound_payload,results/selector_combinations_v1/dev/evaluations/scv1-dev-113-homecredit-boruta-then-mrmr-mutual-information-lr-fold-5-k20-s42.final_model_configuration.json,1208,10a7bceb6a71fdaff219ec9775ae9d8488d66e073ae1cf2b57d5f7b8f99b37e5,True,results/selector_combinations_v1/dev/evaluations/scv1-dev-113-homecredit-boruta-then-mrmr-mutual-information-lr-fold-5-k20-s42.json,
combination_dev,active,homecredit,boruta_then_rfe_catboost,,selection_state,results/selector_combinations_v1/dev/selections/scv1-homecredit-fold-1-boruta-then-rfe-catboost-k20-s42.json,109698,af64adbc6039e7a05b0bf5a6354ea8ccf48fe1ed556e18ccfdc15f8d2c678db9,True,results/selector_combinations_v1/dev/selections/scv1-homecredit-fold-1-boruta-then-rfe-catboost-k20-s42.json,
combination_dev,active,homecredit,boruta_then_rfe_catboost,,selection_state,results/selector_combinations_v1/dev/selections/scv1-homecredit-fold-1-boruta-then-rfe-catboost-k40-s42.json,107386,8e8add20302ed898ddb81d71f38ef7f4448790b285bc12277d6cf155a4de24c1,True,results/selector_combinations_v1/dev/selections/scv1-homecredit-fold-1-boruta-then-rfe-catboost-k40-s42.json,
combination_dev,active,homecredit,boruta_then_rfe_catboost,,selection_state,results/selector_combinations_v1/dev/selections/scv1-homecredit-fold-2-boruta-then-rfe-catboost-k20-s42.json,114550,812764221d25c7b5adb82a456e3f7c0d9b832249be5a00f32b3055b6a2c42506,True,results/selector_combinations_v1/dev/selections/scv1-homecredit-fold-2-boruta-then-rfe-catboost-k20-s42.json,
combination_dev,active,homecredit,boruta_then_rfe_catboost,,selection_state,results/selector_combinations_v1/dev/selections/scv1-homecredit-fold-2-boruta-then-rfe-catboost-k40-s42.json,115532,ab88f433608593078948d241f75239f0456549b0b029f203283e30bdbce2813a,True,results/selector_combinations_v1/dev/selections/scv1-homecredit-fold-2-boruta-then-rfe-catboost-k40-s42.json,
combination_dev,active,homecredit,boruta_then_rfe_catboost,,selection_state,results/selector_combinations_v1/dev/selections/scv1-homecredit-fold-3-boruta-then-rfe-catboost-k20-s42.json,117200,f63e37eb3327ecef0b4a5a2bf424588105aed7209daa87c29ac2fd0c34ba8685,True,results/selector_combinations_v1/dev/selections/scv1-homecredit-fold-3-boruta-then-rfe-catboost-k20-s42.json,
combination_dev,active,homecredit,boruta_then_rfe_catboost,,selection_state,results/selector_combinations_v1/dev/selections/scv1-homecredit-fold-3-boruta-then-rfe-catboost-k40-s42.json,118198,5e19fd51ad43d5e5bf292e86e4c713008613dcbd890ca1b4c245ac40ca47a9b7,True,results/selector_combinations_v1/dev/selections/scv1-homecredit-fold-3-boruta-then-rfe-catboost-k40-s42.json,
combination_dev,active,homecredit,boruta_then_rfe_catboost,,selection_state,results/selector_combinations_v1/dev/selections/scv1-homecredit-fold-4-boruta-then-rfe-catboost-k20-s42.json,118463,f49343e8a788d458e91b79b37a0cb4020b58a84d9254f0086739e5bf9de2cc58,True,results/selector_combinations_v1/dev/selections/scv1-homecredit-fold-4-boruta-then-rfe-catboost-k20-s42.json,
combination_dev,active,homecredit,boruta_then_rfe_catboost,,selection_state,results/selector_combinations_v1/dev/selections/scv1-homecredit-fold-4-boruta-then-rfe-catboost-k40-s42.json,119422,5380f934e4daf1d47ac7c19bda90528f7a7fedd32f031d392c393ac187441654,True,results/selector_combinations_v1/dev/selections/scv1-homecredit-fold-4-boruta-then-rfe-catboost-k40-s42.json,
combination_dev,active,homecredit,boruta_then_rfe_catboost,,selection_state,results/selector_combinations_v1/dev/selections/scv1-homecredit-fold-5-boruta-then-rfe-catboost-k20-s42.json,121789,a35d1615ba12c6978e53a4af0f27a2245362aa84b95147620a3a930573d9840d,True,results/selector_combinations_v1/dev/selections/scv1-homecredit-fold-5-boruta-then-rfe-catboost-k20-s42.json,
combination_dev,active,homecredit,boruta_then_rfe_catboost,,selection_state,results/selector_combinations_v1/dev/selections/scv1-homecredit-fold-5-boruta-then-rfe-catboost-k40-s42.json,122518,25053df5d3a925e9ad8097054963fe91d8c3004c62200893b66bf4bc74d912d8,True,results/selector_combinations_v1/dev/selections/scv1-homecredit-fold-5-boruta-then-rfe-catboost-k40-s42.json,
combination_dev,active,homecredit,boruta_then_rfe_catboost,,state_bound_payload,results/selector_combinations_v1/dev/selections/scv1-homecredit-fold-1-boruta-then-rfe-catboost-k20-s42.combination_result.json,95967,6fd4264a9279b269e37c7c853f250a5eec4c5b8f563cf6d6303a12a48dc8e2b9,True,results/selector_combinations_v1/dev/selections/scv1-homecredit-fold-1-boruta-then-rfe-catboost-k20-s42.json,
combination_dev,active,homecredit,boruta_then_rfe_catboost,,state_bound_payload,results/selector_combinations_v1/dev/selections/scv1-homecredit-fold-1-boruta-then-rfe-catboost-k20-s42.final_selected_features.csv,502,3979eb32817d98ab8e5735ee5fc256eadc02cdfc595634536269e32aa797489c,True,results/selector_combinations_v1/dev/selections/scv1-homecredit-fold-1-boruta-then-rfe-catboost-k20-s42.json,
combination_dev,active,homecredit,boruta_then_rfe_catboost,,state_bound_payload,results/selector_combinations_v1/dev/selections/scv1-homecredit-fold-1-boruta-then-rfe-catboost-k20-s42.intermediate_features.csv,654,12e5ed315d021ab7226f244e810bae56ce472e45948a009bd2403cf5060ea4f5,True,results/selector_combinations_v1/dev/selections/scv1-homecredit-fold-1-boruta-then-rfe-catboost-k20-s42.json,
combination_dev,active,homecredit,boruta_then_rfe_catboost,,state_bound_payload,results/selector_combinations_v1/dev/selections/scv1-homecredit-fold-1-boruta-then-rfe-catboost-k40-s42.combination_result.json,93691,f146e1ee2c8f93b882195aa1d0f39ed3219fa0cc295c45e612a60ee986d7e573,True,results/selector_combinations_v1/dev/selections/scv1-homecredit-fold-1-boruta-then-rfe-catboost-k40-s42.json,
combination_dev,active,homecredit,boruta_then_rfe_catboost,,state_bound_payload,results/selector_combinations_v1/dev/selections/scv1-homecredit-fold-1-boruta-then-rfe-catboost-k40-s42.final_selected_features.csv,654,12e5ed315d021ab7226f244e810bae56ce472e45948a009bd2403cf5060ea4f5,True,results/selector_combinations_v1/dev/selections/scv1-homecredit-fold-1-boruta-then-rfe-catboost-k40-s42.json,
combination_dev,active,homecredit,boruta_then_rfe_catboost,,state_bound_payload,results/selector_combinations_v1/dev/selections/scv1-homecredit-fold-1-boruta-then-rfe-catboost-k40-s42.intermediate_features.csv,654,12e5ed315d021ab7226f244e810bae56ce472e45948a009bd2403cf5060ea4f5,True,results/selector_combinations_v1/dev/selections/scv1-homecredit-fold-1-boruta-then-rfe-catboost-k40-s42.json,
combination_dev,active,homecredit,boruta_then_rfe_catboost,,state_bound_payload,results/selector_combinations_v1/dev/selections/scv1-homecredit-fold-2-boruta-then-rfe-catboost-k20-s42.combination_result.json,100309,e24cf9fb751b7b1344fc4592c7d3228dadb04852e953ff457ff79a517c019627,True,results/selector_combinations_v1/dev/selections/scv1-homecredit-fold-2-boruta-then-rfe-catboost-k20-s42.json,
combination_dev,active,homecredit,boruta_then_rfe_catboost,,state_bound_payload,results/selector_combinations_v1/dev/selections/scv1-homecredit-fold-2-boruta-then-rfe-catboost-k20-s42.final_selected_features.csv,514,21a1573c8b9fa85e403405a92bd26d8193cc6aaae35a3fbec8d4fee456ad8c02,True,results/selector_combinations_v1/dev/selections/scv1-homecredit-fold-2-boruta-then-rfe-catboost-k20-s42.json,
combination_dev,active,homecredit,boruta_then_rfe_catboost,,state_bound_payload,results/selector_combinations_v1/dev/selections/scv1-homecredit-fold-2-boruta-then-rfe-catboost-k20-s42.intermediate_features.csv,1991,0186be3b636615cd42742a72219fde06dd0b3c509baff485de08bee895cdc22a,True,results/selector_combinations_v1/dev/selections/scv1-homecredit-fold-2-boruta-then-rfe-catboost-k20-s42.json,
combination_dev,active,homecredit,boruta_then_rfe_catboost,,state_bound_payload,results/selector_combinations_v1/dev/selections/scv1-homecredit-fold-2-boruta-then-rfe-catboost-k40-s42.combination_result.json,100621,915403a7ae60e16acba2d3ac573f8fa9ba8ef708baede6ad570680dfcd579543,True,results/selector_combinations_v1/dev/selections/scv1-homecredit-fold-2-boruta-then-rfe-catboost-k40-s42.json,
combination_dev,active,homecredit,boruta_then_rfe_catboost,,state_bound_payload,results/selector_combinations_v1/dev/selections/scv1-homecredit-fold-2-boruta-then-rfe-catboost-k40-s42.final_selected_features.csv,1079,9a2c1161b72bc4f6a66df06dbd722282477f6b9b80b9437fd43d3f4b6bc75770,True,results/selector_combinations_v1/dev/selections/scv1-homecredit-fold-2-boruta-then-rfe-catboost-k40-s42.json,
combination_dev,active,homecredit,boruta_then_rfe_catboost,,state_bound_payload,results/selector_combinations_v1/dev/selections/scv1-homecredit-fold-2-boruta-then-rfe-catboost-k40-s42.intermediate_features.csv,1991,0186be3b636615cd42742a72219fde06dd0b3c509baff485de08bee895cdc22a,True,results/selector_combinations_v1/dev/selections/scv1-homecredit-fold-2-boruta-then-rfe-catboost-k40-s42.json,
combination_dev,active,homecredit,boruta_then_rfe_catboost,,state_bound_payload,results/selector_combinations_v1/dev/selections/scv1-homecredit-fold-3-boruta-then-rfe-catboost-k20-s42.combination_result.json,102688,e5190f7ef73dfb2311fe3d95939b5890d0e447d322cf070bb2424c607d31d16d,True,results/selector_combinations_v1/dev/selections/scv1-homecredit-fold-3-boruta-then-rfe-catboost-k20-s42.json,
combination_dev,active,homecredit,boruta_then_rfe_catboost,,state_bound_payload,results/selector_combinations_v1/dev/selections/scv1-homecredit-fold-3-boruta-then-rfe-catboost-k20-s42.final_selected_features.csv,521,1d8793909a948f75d0ea11b3aaf915abe711d94d73b4b97328f5bbd50059a096,True,results/selector_combinations_v1/dev/selections/scv1-homecredit-fold-3-boruta-then-rfe-catboost-k20-s42.json,
combination_dev,active,homecredit,boruta_then_rfe_catboost,,state_bound_payload,results/selector_combinations_v1/dev/selections/scv1-homecredit-fold-3-boruta-then-rfe-catboost-k20-s42.intermediate_features.csv,2755,d7949878c00a69fffa6d411d58fa458a23008ab6617a76c91572a420d7e77c89,True,results/selector_combinations_v1/dev/selections/scv1-homecredit-fold-3-boruta-then-rfe-catboost-k20-s42.json,
combination_dev,active,homecredit,boruta_then_rfe_catboost,,state_bound_payload,results/selector_combinations_v1/dev/selections/scv1-homecredit-fold-3-boruta-then-rfe-catboost-k40-s42.combination_result.json,103011,41a5ac32e40331308b2868b92e7ffd787d83fc692527b5b52158e58923449784,True,results/selector_combinations_v1/dev/selections/scv1-homecredit-fold-3-boruta-then-rfe-catboost-k40-s42.json,
combination_dev,active,homecredit,boruta_then_rfe_catboost,,state_bound_payload,results/selector_combinations_v1/dev/selections/scv1-homecredit-fold-3-boruta-then-rfe-catboost-k40-s42.final_selected_features.csv,1091,4c03d32b232f308e571d12c2bb7cddf24dc17ef3d8b44a79aa3d14680b0a2f30,True,results/selector_combinations_v1/dev/selections/scv1-homecredit-fold-3-boruta-then-rfe-catboost-k40-s42.json,
combination_dev,active,homecredit,boruta_then_rfe_catboost,,state_bound_payload,results/selector_combinations_v1/dev/selections/scv1-homecredit-fold-3-boruta-then-rfe-catboost-k40-s42.intermediate_features.csv,2755,d7949878c00a69fffa6d411d58fa458a23008ab6617a76c91572a420d7e77c89,True,results/selector_combinations_v1/dev/selections/scv1-homecredit-fold-3-boruta-then-rfe-catboost-k40-s42.json,
combination_dev,active,homecredit,boruta_then_rfe_catboost,,state_bound_payload,results/selector_combinations_v1/dev/selections/scv1-homecredit-fold-4-boruta-then-rfe-catboost-k20-s42.combination_result.json,103829,0dc69a3e3b49c3f21e0faecc94a08a45067f4c8385f0328c4531e38f985f6ef4,True,results/selector_combinations_v1/dev/selections/scv1-homecredit-fold-4-boruta-then-rfe-catboost-k20-s42.json,
combination_dev,active,homecredit,boruta_then_rfe_catboost,,state_bound_payload,results/selector_combinations_v1/dev/selections/scv1-homecredit-fold-4-boruta-then-rfe-catboost-k20-s42.final_selected_features.csv,522,4494638920aa5718fd6571dda847603855cc70068a9f0837176add43b7812884,True,results/selector_combinations_v1/dev/selections/scv1-homecredit-fold-4-boruta-then-rfe-catboost-k20-s42.json,
combination_dev,active,homecredit,boruta_then_rfe_catboost,,state_bound_payload,results/selector_combinations_v1/dev/selections/scv1-homecredit-fold-4-boruta-then-rfe-catboost-k20-s42.intermediate_features.csv,3206,4abab06ef10e825f4ddb0be4db376a52c0bddca7489142408724b0497f23ee19,True,results/selector_combinations_v1/dev/selections/scv1-homecredit-fold-4-boruta-then-rfe-catboost-k20-s42.json,
combination_dev,active,homecredit,boruta_then_rfe_catboost,,state_bound_payload,results/selector_combinations_v1/dev/selections/scv1-homecredit-fold-4-boruta-then-rfe-catboost-k40-s42.combination_result.json,104127,b6b295de005f2c7341608569b3508c339ebdacbfa32dd918d1ba9fb1abcc0e7f,True,results/selector_combinations_v1/dev/selections/scv1-homecredit-fold-4-boruta-then-rfe-catboost-k40-s42.json,
combination_dev,active,homecredit,boruta_then_rfe_catboost,,state_bound_payload,results/selector_combinations_v1/dev/selections/scv1-homecredit-fold-4-boruta-then-rfe-catboost-k40-s42.final_selected_features.csv,1078,a7a1c3b92be8f495bae8ad8aee22d6e0ead59691039849129888790a4a8c88b2,True,results/selector_combinations_v1/dev/selections/scv1-homecredit-fold-4-boruta-then-rfe-catboost-k40-s42.json,
combination_dev,active,homecredit,boruta_then_rfe_catboost,,state_bound_payload,results/selector_combinations_v1/dev/selections/scv1-homecredit-fold-4-boruta-then-rfe-catboost-k40-s42.intermediate_features.csv,3206,4abab06ef10e825f4ddb0be4db376a52c0bddca7489142408724b0497f23ee19,True,results/selector_combinations_v1/dev/selections/scv1-homecredit-fold-4-boruta-then-rfe-catboost-k40-s42.json,
combination_dev,active,homecredit,boruta_then_rfe_catboost,,state_bound_payload,results/selector_combinations_v1/dev/selections/scv1-homecredit-fold-5-boruta-then-rfe-catboost-k20-s42.combination_result.json,106815,9b76d462504b774aa7a7baf6ab0fc7e2d4d18826db828881ef71940acf08c724,True,results/selector_combinations_v1/dev/selections/scv1-homecredit-fold-5-boruta-then-rfe-catboost-k20-s42.json,
combination_dev,active,homecredit,boruta_then_rfe_catboost,,state_bound_payload,results/selector_combinations_v1/dev/selections/scv1-homecredit-fold-5-boruta-then-rfe-catboost-k20-s42.final_selected_features.csv,526,2335d8e4b6b3ccb26fe25048f0985efdbbcf56c9f4e2aff4d375122b92278425,True,results/selector_combinations_v1/dev/selections/scv1-homecredit-fold-5-boruta-then-rfe-catboost-k20-s42.json,
combination_dev,active,homecredit,boruta_then_rfe_catboost,,state_bound_payload,results/selector_combinations_v1/dev/selections/scv1-homecredit-fold-5-boruta-then-rfe-catboost-k20-s42.intermediate_features.csv,4226,f265ed6e54e90b8078392c9d59119224b9e58f085cd4a2b247599e197e238ebb,True,results/selector_combinations_v1/dev/selections/scv1-homecredit-fold-5-boruta-then-rfe-catboost-k20-s42.json,
combination_dev,active,homecredit,boruta_then_rfe_catboost,,state_bound_payload,results/selector_combinations_v1/dev/selections/scv1-homecredit-fold-5-boruta-then-rfe-catboost-k40-s42.combination_result.json,106910,6a183c4a597fc70b2e1d745157b403900a079cb3b46505d8dad8c2797ca7fa10,True,results/selector_combinations_v1/dev/selections/scv1-homecredit-fold-5-boruta-then-rfe-catboost-k40-s42.json,
combination_dev,active,homecredit,boruta_then_rfe_catboost,,state_bound_payload,results/selector_combinations_v1/dev/selections/scv1-homecredit-fold-5-boruta-then-rfe-catboost-k40-s42.final_selected_features.csv,1087,5734d0cd9add1b8ab75c94a08018651430a8994d12da0ebb793133e041ec8556,True,results/selector_combinations_v1/dev/selections/scv1-homecredit-fold-5-boruta-then-rfe-catboost-k40-s42.json,
combination_dev,active,homecredit,boruta_then_rfe_catboost,,state_bound_payload,results/selector_combinations_v1/dev/selections/scv1-homecredit-fold-5-boruta-then-rfe-catboost-k40-s42.intermediate_features.csv,4226,f265ed6e54e90b8078392c9d59119224b9e58f085cd4a2b247599e197e238ebb,True,results/selector_combinations_v1/dev/selections/scv1-homecredit-fold-5-boruta-then-rfe-catboost-k40-s42.json,
combination_dev,active,homecredit,boruta_then_rfe_catboost,catboost,evaluation_state,results/selector_combinations_v1/dev/evaluations/scv1-dev-022-homecredit-boruta-then-rfe-catboost-catboost-fold-1-k40-s42.json,7868,8c75629874ed1d2cd86aef78700cf6b31a5968ed70ca929e6f1c3dd8307dc120,True,results/selector_combinations_v1/dev/evaluations/scv1-dev-022-homecredit-boruta-then-rfe-catboost-catboost-fold-1-k40-s42.json,
combination_dev,active,homecredit,boruta_then_rfe_catboost,catboost,evaluation_state,results/selector_combinations_v1/dev/evaluations/scv1-dev-046-homecredit-boruta-then-rfe-catboost-catboost-fold-2-k40-s42.json,7874,063cd5ce6d0785ed3eb37b6764462338220a43744c1736fad452604f4680f02d,True,results/selector_combinations_v1/dev/evaluations/scv1-dev-046-homecredit-boruta-then-rfe-catboost-catboost-fold-2-k40-s42.json,
combination_dev,active,homecredit,boruta_then_rfe_catboost,catboost,evaluation_state,results/selector_combinations_v1/dev/evaluations/scv1-dev-070-homecredit-boruta-then-rfe-catboost-catboost-fold-3-k40-s42.json,7878,c2782e12fa30d7f11817d39ca77db8a4e39e954f8363f87d51568eb462b20672,True,results/selector_combinations_v1/dev/evaluations/scv1-dev-070-homecredit-boruta-then-rfe-catboost-catboost-fold-3-k40-s42.json,
combination_dev,active,homecredit,boruta_then_rfe_catboost,catboost,evaluation_state,results/selector_combinations_v1/dev/evaluations/scv1-dev-094-homecredit-boruta-then-rfe-catboost-catboost-fold-4-k40-s42.json,7876,9a29f67fefc802f3333133cc11b79169352599f2f030d7372b827e98230d2fb1,True,results/selector_combinations_v1/dev/evaluations/scv1-dev-094-homecredit-boruta-then-rfe-catboost-catboost-fold-4-k40-s42.json,
combination_dev,active,homecredit,boruta_then_rfe_catboost,catboost,evaluation_state,results/selector_combinations_v1/dev/evaluations/scv1-dev-118-homecredit-boruta-then-rfe-catboost-catboost-fold-5-k40-s42.json,7871,757db5d2dba6a9b7f22324b537539494e874663ae7f8525c2107b009e8ae8be0,True,results/selector_combinations_v1/dev/evaluations/scv1-dev-118-homecredit-boruta-then-rfe-catboost-catboost-fold-5-k40-s42.json,
combination_dev,active,homecredit,boruta_then_rfe_catboost,catboost,state_bound_payload,results/selector_combinations_v1/dev/evaluations/scv1-dev-022-homecredit-boruta-then-rfe-catboost-catboost-fold-1-k40-s42.dev_metrics.json,628,8d0778e7936e2aaa6bac711c45b764478d26b3e409a30e3ee81e3bf3789111e7,True,results/selector_combinations_v1/dev/evaluations/scv1-dev-022-homecredit-boruta-then-rfe-catboost-catboost-fold-1-k40-s42.json,
combination_dev,active,homecredit,boruta_then_rfe_catboost,catboost,state_bound_payload,results/selector_combinations_v1/dev/evaluations/scv1-dev-022-homecredit-boruta-then-rfe-catboost-catboost-fold-1-k40-s42.dev_predictions.csv,2567107,ab70fe2b428f9fdeb1ba5ee6d1f5c628c51f9e439afacadc321625bba5a4e8d1,True,results/selector_combinations_v1/dev/evaluations/scv1-dev-022-homecredit-boruta-then-rfe-catboost-catboost-fold-1-k40-s42.json,
combination_dev,active,homecredit,boruta_then_rfe_catboost,catboost,state_bound_payload,results/selector_combinations_v1/dev/evaluations/scv1-dev-022-homecredit-boruta-then-rfe-catboost-catboost-fold-1-k40-s42.final_model_configuration.json,1908,4677677d1cb9cafff837aa53a9fa66fb27aebcd550fcd68bd05d5403b53315d1,True,results/selector_combinations_v1/dev/evaluations/scv1-dev-022-homecredit-boruta-then-rfe-catboost-catboost-fold-1-k40-s42.json,
combination_dev,active,homecredit,boruta_then_rfe_catboost,catboost,state_bound_payload,results/selector_combinations_v1/dev/evaluations/scv1-dev-046-homecredit-boruta-then-rfe-catboost-catboost-fold-2-k40-s42.dev_metrics.json,634,ed2974126ca20ff46effb32e66795c41342cc6c812d6750778aa49dedc5f4685,True,results/selector_combinations_v1/dev/evaluations/scv1-dev-046-homecredit-boruta-then-rfe-catboost-catboost-fold-2-k40-s42.json,
combination_dev,active,homecredit,boruta_then_rfe_catboost,catboost,state_bound_payload,results/selector_combinations_v1/dev/evaluations/scv1-dev-046-homecredit-boruta-then-rfe-catboost-catboost-fold-2-k40-s42.dev_predictions.csv,2554496,bc09acbefc49b2bfcca683bb344eb6d39cb3834ce67d7ad02a3f0319b9df3fb5,True,results/selector_combinations_v1/dev/evaluations/scv1-dev-046-homecredit-boruta-then-rfe-catboost-catboost-fold-2-k40-s42.json,
combination_dev,active,homecredit,boruta_then_rfe_catboost,catboost,state_bound_payload,results/selector_combinations_v1/dev/evaluations/scv1-dev-046-homecredit-boruta-then-rfe-catboost-catboost-fold-2-k40-s42.final_model_configuration.json,1908,6271ddfb394d7c91f40150d98e194ccb6711cbbc56471515d62b9e64871cb678,True,results/selector_combinations_v1/dev/evaluations/scv1-dev-046-homecredit-boruta-then-rfe-catboost-catboost-fold-2-k40-s42.json,
combination_dev,active,homecredit,boruta_then_rfe_catboost,catboost,state_bound_payload,results/selector_combinations_v1/dev/evaluations/scv1-dev-070-homecredit-boruta-then-rfe-catboost-catboost-fold-3-k40-s42.dev_metrics.json,638,6188f1518914bce5b05df0f950b6fda252a1a71c4a51659df810052a545340cb,True,results/selector_combinations_v1/dev/evaluations/scv1-dev-070-homecredit-boruta-then-rfe-catboost-catboost-fold-3-k40-s42.json,
combination_dev,active,homecredit,boruta_then_rfe_catboost,catboost,state_bound_payload,results/selector_combinations_v1/dev/evaluations/scv1-dev-070-homecredit-boruta-then-rfe-catboost-catboost-fold-3-k40-s42.dev_predictions.csv,2517582,de142e451bb4d4e9a34efce00cef1e23a0f64e85deb66ae9850559b0e6ec3b0b,True,results/selector_combinations_v1/dev/evaluations/scv1-dev-070-homecredit-boruta-then-rfe-catboost-catboost-fold-3-k40-s42.json,
combination_dev,active,homecredit,boruta_then_rfe_catboost,catboost,state_bound_payload,results/selector_combinations_v1/dev/evaluations/scv1-dev-070-homecredit-boruta-then-rfe-catboost-catboost-fold-3-k40-s42.final_model_configuration.json,1908,6271ddfb394d7c91f40150d98e194ccb6711cbbc56471515d62b9e64871cb678,True,results/selector_combinations_v1/dev/evaluations/scv1-dev-070-homecredit-boruta-then-rfe-catboost-catboost-fold-3-k40-s42.json,
combination_dev,active,homecredit,boruta_then_rfe_catboost,catboost,state_bound_payload,results/selector_combinations_v1/dev/evaluations/scv1-dev-094-homecredit-boruta-then-rfe-catboost-catboost-fold-4-k40-s42.dev_metrics.json,636,bed5981cf3d605d0aa615355f23434d23378fcc8dcace7fe8ecc9b17f55bf216,True,results/selector_combinations_v1/dev/evaluations/scv1-dev-094-homecredit-boruta-then-rfe-catboost-catboost-fold-4-k40-s42.json,
combination_dev,active,homecredit,boruta_then_rfe_catboost,catboost,state_bound_payload,results/selector_combinations_v1/dev/evaluations/scv1-dev-094-homecredit-boruta-then-rfe-catboost-catboost-fold-4-k40-s42.dev_predictions.csv,2551665,40a9935d49c66ea47f9152cf52e1edaf41c6893e63f2233a6319409478887aab,True,results/selector_combinations_v1/dev/evaluations/scv1-dev-094-homecredit-boruta-then-rfe-catboost-catboost-fold-4-k40-s42.json,
combination_dev,active,homecredit,boruta_then_rfe_catboost,catboost,state_bound_payload,results/selector_combinations_v1/dev/evaluations/scv1-dev-094-homecredit-boruta-then-rfe-catboost-catboost-fold-4-k40-s42.final_model_configuration.json,1908,6271ddfb394d7c91f40150d98e194ccb6711cbbc56471515d62b9e64871cb678,True,results/selector_combinations_v1/dev/evaluations/scv1-dev-094-homecredit-boruta-then-rfe-catboost-catboost-fold-4-k40-s42.json,
combination_dev,active,homecredit,boruta_then_rfe_catboost,catboost,state_bound_payload,results/selector_combinations_v1/dev/evaluations/scv1-dev-118-homecredit-boruta-then-rfe-catboost-catboost-fold-5-k40-s42.dev_metrics.json,630,e2b32df600d004543f82b93648bc4494f50827e080c08bf8015cacce0f3920ad,True,results/selector_combinations_v1/dev/evaluations/scv1-dev-118-homecredit-boruta-then-rfe-catboost-catboost-fold-5-k40-s42.json,
combination_dev,active,homecredit,boruta_then_rfe_catboost,catboost,state_bound_payload,results/selector_combinations_v1/dev/evaluations/scv1-dev-118-homecredit-boruta-then-rfe-catboost-catboost-fold-5-k40-s42.dev_predictions.csv,2495936,76316eabcb2ab8cca133a53241888da4dd89d9d65a9728e96446009da1bfeced,True,results/selector_combinations_v1/dev/evaluations/scv1-dev-118-homecredit-boruta-then-rfe-catboost-catboost-fold-5-k40-s42.json,
combination_dev,active,homecredit,boruta_then_rfe_catboost,catboost,state_bound_payload,results/selector_combinations_v1/dev/evaluations/scv1-dev-118-homecredit-boruta-then-rfe-catboost-catboost-fold-5-k40-s42.final_model_configuration.json,1908,433f2f296d3462c9b8e845facce2aafd882af6ba5bc79e795f02aa17a25db987,True,results/selector_combinations_v1/dev/evaluations/scv1-dev-118-homecredit-boruta-then-rfe-catboost-catboost-fold-5-k40-s42.json,
combination_dev,active,homecredit,boruta_then_rfe_catboost,lr,evaluation_state,results/selector_combinations_v1/dev/evaluations/scv1-dev-021-homecredit-boruta-then-rfe-catboost-lr-fold-1-k20-s42.json,7026,8bef65ce0c15d07bf2ae1cfd9a3c7220301cf598cdeb31ef5e66350548b3e9dd,True,results/selector_combinations_v1/dev/evaluations/scv1-dev-021-homecredit-boruta-then-rfe-catboost-lr-fold-1-k20-s42.json,
combination_dev,active,homecredit,boruta_then_rfe_catboost,lr,evaluation_state,results/selector_combinations_v1/dev/evaluations/scv1-dev-045-homecredit-boruta-then-rfe-catboost-lr-fold-2-k20-s42.json,7028,b1dc950dacc75d0ca6e07cfdeca65702c27095a26e73a28cce987d4d7a544780,True,results/selector_combinations_v1/dev/evaluations/scv1-dev-045-homecredit-boruta-then-rfe-catboost-lr-fold-2-k20-s42.json,
combination_dev,active,homecredit,boruta_then_rfe_catboost,lr,evaluation_state,results/selector_combinations_v1/dev/evaluations/scv1-dev-069-homecredit-boruta-then-rfe-catboost-lr-fold-3-k20-s42.json,7023,e056646e7567c38898301cc706da85484df205d770a6b256f5f8d2c2c85cc7c9,True,results/selector_combinations_v1/dev/evaluations/scv1-dev-069-homecredit-boruta-then-rfe-catboost-lr-fold-3-k20-s42.json,
combination_dev,active,homecredit,boruta_then_rfe_catboost,lr,evaluation_state,results/selector_combinations_v1/dev/evaluations/scv1-dev-093-homecredit-boruta-then-rfe-catboost-lr-fold-4-k20-s42.json,7026,13a5eca144ed6668824a8193ea8efe2e5ec7507a01495006cf7babba855a26fc,True,results/selector_combinations_v1/dev/evaluations/scv1-dev-093-homecredit-boruta-then-rfe-catboost-lr-fold-4-k20-s42.json,
combination_dev,active,homecredit,boruta_then_rfe_catboost,lr,evaluation_state,results/selector_combinations_v1/dev/evaluations/scv1-dev-117-homecredit-boruta-then-rfe-catboost-lr-fold-5-k20-s42.json,7028,11bc5ed3d1f582fd2bd8b174124f3d0b72a0ddffce2e27f85d84fd7fbe169630,True,results/selector_combinations_v1/dev/evaluations/scv1-dev-117-homecredit-boruta-then-rfe-catboost-lr-fold-5-k20-s42.json,
combination_dev,active,homecredit,boruta_then_rfe_catboost,lr,state_bound_payload,results/selector_combinations_v1/dev/evaluations/scv1-dev-021-homecredit-boruta-then-rfe-catboost-lr-fold-1-k20-s42.dev_metrics.json,634,e4a5fc97719699d7e9bb4e9b0d5a838fca05f98cf2593ecc576ea1981857d582,True,results/selector_combinations_v1/dev/evaluations/scv1-dev-021-homecredit-boruta-then-rfe-catboost-lr-fold-1-k20-s42.json,
combination_dev,active,homecredit,boruta_then_rfe_catboost,lr,state_bound_payload,results/selector_combinations_v1/dev/evaluations/scv1-dev-021-homecredit-boruta-then-rfe-catboost-lr-fold-1-k20-s42.dev_predictions.csv,2362361,6e43354437588a9bd928e4b175163c8677f60f8a39ad64885e0ec0e432fc3127,True,results/selector_combinations_v1/dev/evaluations/scv1-dev-021-homecredit-boruta-then-rfe-catboost-lr-fold-1-k20-s42.json,
combination_dev,active,homecredit,boruta_then_rfe_catboost,lr,state_bound_payload,results/selector_combinations_v1/dev/evaluations/scv1-dev-021-homecredit-boruta-then-rfe-catboost-lr-fold-1-k20-s42.final_model_configuration.json,1208,23ada95e0f85d6c5567ea9ff168c512133154e10cf2b1a8c4ffac63b30c177d9,True,results/selector_combinations_v1/dev/evaluations/scv1-dev-021-homecredit-boruta-then-rfe-catboost-lr-fold-1-k20-s42.json,
combination_dev,active,homecredit,boruta_then_rfe_catboost,lr,state_bound_payload,results/selector_combinations_v1/dev/evaluations/scv1-dev-045-homecredit-boruta-then-rfe-catboost-lr-fold-2-k20-s42.dev_metrics.json,636,f37a2851a9f6fe38511370ec2663056e7100ee959ead72223856b8b6b7c9ae00,True,results/selector_combinations_v1/dev/evaluations/scv1-dev-045-homecredit-boruta-then-rfe-catboost-lr-fold-2-k20-s42.json,
combination_dev,active,homecredit,boruta_then_rfe_catboost,lr,state_bound_payload,results/selector_combinations_v1/dev/evaluations/scv1-dev-045-homecredit-boruta-then-rfe-catboost-lr-fold-2-k20-s42.dev_predictions.csv,2350720,6daaaed0a77fef48fecc68eb0d7d4fdefdd560fc18561e29d25539f84cbb10d5,True,results/selector_combinations_v1/dev/evaluations/scv1-dev-045-homecredit-boruta-then-rfe-catboost-lr-fold-2-k20-s42.json,
combination_dev,active,homecredit,boruta_then_rfe_catboost,lr,state_bound_payload,results/selector_combinations_v1/dev/evaluations/scv1-dev-045-homecredit-boruta-then-rfe-catboost-lr-fold-2-k20-s42.final_model_configuration.json,1208,23ada95e0f85d6c5567ea9ff168c512133154e10cf2b1a8c4ffac63b30c177d9,True,results/selector_combinations_v1/dev/evaluations/scv1-dev-045-homecredit-boruta-then-rfe-catboost-lr-fold-2-k20-s42.json,
combination_dev,active,homecredit,boruta_then_rfe_catboost,lr,state_bound_payload,results/selector_combinations_v1/dev/evaluations/scv1-dev-069-homecredit-boruta-then-rfe-catboost-lr-fold-3-k20-s42.dev_metrics.json,631,b357dc985e8ab16a2a0135d8e70b822d912bbf4d430386e69bf3f70446f9ab6f,True,results/selector_combinations_v1/dev/evaluations/scv1-dev-069-homecredit-boruta-then-rfe-catboost-lr-fold-3-k20-s42.json,
combination_dev,active,homecredit,boruta_then_rfe_catboost,lr,state_bound_payload,results/selector_combinations_v1/dev/evaluations/scv1-dev-069-homecredit-boruta-then-rfe-catboost-lr-fold-3-k20-s42.dev_predictions.csv,2317016,2a6416a551483d17b1ccd9aa3599d68e13b64f00d06b740a269deb28611dcddb,True,results/selector_combinations_v1/dev/evaluations/scv1-dev-069-homecredit-boruta-then-rfe-catboost-lr-fold-3-k20-s42.json,
combination_dev,active,homecredit,boruta_then_rfe_catboost,lr,state_bound_payload,results/selector_combinations_v1/dev/evaluations/scv1-dev-069-homecredit-boruta-then-rfe-catboost-lr-fold-3-k20-s42.final_model_configuration.json,1208,23ada95e0f85d6c5567ea9ff168c512133154e10cf2b1a8c4ffac63b30c177d9,True,results/selector_combinations_v1/dev/evaluations/scv1-dev-069-homecredit-boruta-then-rfe-catboost-lr-fold-3-k20-s42.json,
combination_dev,active,homecredit,boruta_then_rfe_catboost,lr,state_bound_payload,results/selector_combinations_v1/dev/evaluations/scv1-dev-093-homecredit-boruta-then-rfe-catboost-lr-fold-4-k20-s42.dev_metrics.json,634,f70eae69471b5f32675184e15a760745703568139b327f6255797e8e011fd588,True,results/selector_combinations_v1/dev/evaluations/scv1-dev-093-homecredit-boruta-then-rfe-catboost-lr-fold-4-k20-s42.json,
combination_dev,active,homecredit,boruta_then_rfe_catboost,lr,state_bound_payload,results/selector_combinations_v1/dev/evaluations/scv1-dev-093-homecredit-boruta-then-rfe-catboost-lr-fold-4-k20-s42.dev_predictions.csv,2348904,f1417314706d3459c0778bc89c0116180a8bfff19079fd4d63a23b8540c82d93,True,results/selector_combinations_v1/dev/evaluations/scv1-dev-093-homecredit-boruta-then-rfe-catboost-lr-fold-4-k20-s42.json,
combination_dev,active,homecredit,boruta_then_rfe_catboost,lr,state_bound_payload,results/selector_combinations_v1/dev/evaluations/scv1-dev-093-homecredit-boruta-then-rfe-catboost-lr-fold-4-k20-s42.final_model_configuration.json,1208,a20668d9d58dd96e93ccf5da03b6fd5f0f5420594587cb8b7e76063a702a06c3,True,results/selector_combinations_v1/dev/evaluations/scv1-dev-093-homecredit-boruta-then-rfe-catboost-lr-fold-4-k20-s42.json,
combination_dev,active,homecredit,boruta_then_rfe_catboost,lr,state_bound_payload,results/selector_combinations_v1/dev/evaluations/scv1-dev-117-homecredit-boruta-then-rfe-catboost-lr-fold-5-k20-s42.dev_metrics.json,635,5a7769ab233b92416a754ec76b70a4022862c15ff844cd1ef35c1d69ef58c1b6,True,results/selector_combinations_v1/dev/evaluations/scv1-dev-117-homecredit-boruta-then-rfe-catboost-lr-fold-5-k20-s42.json,
combination_dev,active,homecredit,boruta_then_rfe_catboost,lr,state_bound_payload,results/selector_combinations_v1/dev/evaluations/scv1-dev-117-homecredit-boruta-then-rfe-catboost-lr-fold-5-k20-s42.dev_predictions.csv,2297507,4703c1c7dfed9aaab74d0164f3487d60a1ef80bb65d95a78b157d96ea515e1a7,True,results/selector_combinations_v1/dev/evaluations/scv1-dev-117-homecredit-boruta-then-rfe-catboost-lr-fold-5-k20-s42.json,
combination_dev,active,homecredit,boruta_then_rfe_catboost,lr,state_bound_payload,results/selector_combinations_v1/dev/evaluations/scv1-dev-117-homecredit-boruta-then-rfe-catboost-lr-fold-5-k20-s42.final_model_configuration.json,1208,23ada95e0f85d6c5567ea9ff168c512133154e10cf2b1a8c4ffac63b30c177d9,True,results/selector_combinations_v1/dev/evaluations/scv1-dev-117-homecredit-boruta-then-rfe-catboost-lr-fold-5-k20-s42.json,
combination_dev,active,homecredit,iv_then_boruta,,selection_state,results/selector_combinations_v1/dev/selections/scv1-homecredit-fold-1-iv-then-boruta-pool100-s42.json,46342,5f3ea8dbf1424733a185ea6398bb5cf16e5419554743552f0912f055d7171eb1,True,results/selector_combinations_v1/dev/selections/scv1-homecredit-fold-1-iv-then-boruta-pool100-s42.json,
combination_dev,active,homecredit,iv_then_boruta,,selection_state,results/selector_combinations_v1/dev/selections/scv1-homecredit-fold-1-iv-then-boruta-pool200-s42.json,64934,9ba22f28b293e03286c881565d22165a6f93b1dd24885b26227ceed826ae070c,True,results/selector_combinations_v1/dev/selections/scv1-homecredit-fold-1-iv-then-boruta-pool200-s42.json,
combination_dev,active,homecredit,iv_then_boruta,,selection_state,results/selector_combinations_v1/dev/selections/scv1-homecredit-fold-1-iv-then-boruta-pool300-s42.json,83279,330803d3601100ddebdb08754871ecae1a2a94d6a92b5ccc72f2feb420a211fe,True,results/selector_combinations_v1/dev/selections/scv1-homecredit-fold-1-iv-then-boruta-pool300-s42.json,
combination_dev,active,homecredit,iv_then_boruta,,selection_state,results/selector_combinations_v1/dev/selections/scv1-homecredit-fold-2-iv-then-boruta-pool100-s42.json,47740,c2d7b02dd9b8af97e4f6762f997dec66b95cdf5fa5ab22e4833988c7269986f1,True,results/selector_combinations_v1/dev/selections/scv1-homecredit-fold-2-iv-then-boruta-pool100-s42.json,
combination_dev,active,homecredit,iv_then_boruta,,selection_state,results/selector_combinations_v1/dev/selections/scv1-homecredit-fold-2-iv-then-boruta-pool200-s42.json,66104,144e12a3bbd78aee71fed7c5b6a411afbc3590fee28bc64404ae31b1c0c88c53,True,results/selector_combinations_v1/dev/selections/scv1-homecredit-fold-2-iv-then-boruta-pool200-s42.json,
combination_dev,active,homecredit,iv_then_boruta,,selection_state,results/selector_combinations_v1/dev/selections/scv1-homecredit-fold-2-iv-then-boruta-pool300-s42.json,84922,27b2d5f98fbba8a343fd6b747c798bf7d4c01af72baa350cc71d07d457c60005,True,results/selector_combinations_v1/dev/selections/scv1-homecredit-fold-2-iv-then-boruta-pool300-s42.json,
combination_dev,active,homecredit,iv_then_boruta,,selection_state,results/selector_combinations_v1/dev/selections/scv1-homecredit-fold-3-iv-then-boruta-pool100-s42.json,48818,8e08d4e9ebf0ffcdc871c0ac672f7bbc9a668cdc73d5f7437a94bbe8ff8ff261,True,results/selector_combinations_v1/dev/selections/scv1-homecredit-fold-3-iv-then-boruta-pool100-s42.json,
combination_dev,active,homecredit,iv_then_boruta,,selection_state,results/selector_combinations_v1/dev/selections/scv1-homecredit-fold-3-iv-then-boruta-pool200-s42.json,66497,79981ea0e67494435cc469cfc66a4f943a5f7f1496ed6fb97116181da198eec5,True,results/selector_combinations_v1/dev/selections/scv1-homecredit-fold-3-iv-then-boruta-pool200-s42.json,
combination_dev,active,homecredit,iv_then_boruta,,selection_state,results/selector_combinations_v1/dev/selections/scv1-homecredit-fold-3-iv-then-boruta-pool300-s42.json,86192,91294a067b78e592c188e800ef99ddc5481a8a6bbbe1451ad11e4c3ca57d075e,True,results/selector_combinations_v1/dev/selections/scv1-homecredit-fold-3-iv-then-boruta-pool300-s42.json,
combination_dev,active,homecredit,iv_then_boruta,,selection_state,results/selector_combinations_v1/dev/selections/scv1-homecredit-fold-4-iv-then-boruta-pool100-s42.json,49494,25dbaf3aa8051a5dad01b32db7122f84c80c9e5787348e6ba3ecb802f43bdda9,True,results/selector_combinations_v1/dev/selections/scv1-homecredit-fold-4-iv-then-boruta-pool100-s42.json,
combination_dev,active,homecredit,iv_then_boruta,,selection_state,results/selector_combinations_v1/dev/selections/scv1-homecredit-fold-4-iv-then-boruta-pool200-s42.json,69458,c8ec813f1039ef2b98ea255b26bd832cf4bdd1731acbcd1e801bdd4c976669b6,True,results/selector_combinations_v1/dev/selections/scv1-homecredit-fold-4-iv-then-boruta-pool200-s42.json,
combination_dev,active,homecredit,iv_then_boruta,,selection_state,results/selector_combinations_v1/dev/selections/scv1-homecredit-fold-4-iv-then-boruta-pool300-s42.json,87836,b08bee9411303eea521d779e8e195f44a4d1f44d3054b8d1916403e52a521766,True,results/selector_combinations_v1/dev/selections/scv1-homecredit-fold-4-iv-then-boruta-pool300-s42.json,
combination_dev,active,homecredit,iv_then_boruta,,selection_state,results/selector_combinations_v1/dev/selections/scv1-homecredit-fold-5-iv-then-boruta-pool100-s42.json,50042,c985a2b44d9226370152e7a2c89e0beb7771fe5c02fb07dd8fe04441826a7be6,True,results/selector_combinations_v1/dev/selections/scv1-homecredit-fold-5-iv-then-boruta-pool100-s42.json,
combination_dev,active,homecredit,iv_then_boruta,,selection_state,results/selector_combinations_v1/dev/selections/scv1-homecredit-fold-5-iv-then-boruta-pool200-s42.json,70369,ca3d6d08052b9c3538c4a5b7c9d8888bfc14afe9286f2a12a9d0e3f39bdbff93,True,results/selector_combinations_v1/dev/selections/scv1-homecredit-fold-5-iv-then-boruta-pool200-s42.json,
combination_dev,active,homecredit,iv_then_boruta,,selection_state,results/selector_combinations_v1/dev/selections/scv1-homecredit-fold-5-iv-then-boruta-pool300-s42.json,88999,7bbf8459a5ab78233b75ec89b60910db059d5da3b6881c38928ace03575dcc98,True,results/selector_combinations_v1/dev/selections/scv1-homecredit-fold-5-iv-then-boruta-pool300-s42.json,
combination_dev,active,homecredit,iv_then_boruta,,state_bound_payload,results/selector_combinations_v1/dev/selections/scv1-homecredit-fold-1-iv-then-boruta-pool100-s42.combination_result.json,37970,a88c94b8e38ac2a33287d7f7fb194461114857ae73f4efdd8b91d9b838dbfc4f,True,results/selector_combinations_v1/dev/selections/scv1-homecredit-fold-1-iv-then-boruta-pool100-s42.json,
combination_dev,active,homecredit,iv_then_boruta,,state_bound_payload,results/selector_combinations_v1/dev/selections/scv1-homecredit-fold-1-iv-then-boruta-pool100-s42.final_selected_features.csv,490,772fafead6372cc8e2fc8c84b3e0e0f1431a71381fa21c74fffcc626da299cc8,True,results/selector_combinations_v1/dev/selections/scv1-homecredit-fold-1-iv-then-boruta-pool100-s42.json,
combination_dev,active,homecredit,iv_then_boruta,,state_bound_payload,results/selector_combinations_v1/dev/selections/scv1-homecredit-fold-1-iv-then-boruta-pool100-s42.intermediate_features.csv,2740,963f9cf7c5ffa420a27b166f04f9c646731c4e428a2593fc6806eaae43a6c998,True,results/selector_combinations_v1/dev/selections/scv1-homecredit-fold-1-iv-then-boruta-pool100-s42.json,
combination_dev,active,homecredit,iv_then_boruta,,state_bound_payload,results/selector_combinations_v1/dev/selections/scv1-homecredit-fold-1-iv-then-boruta-pool200-s42.combination_result.json,54773,4278ee4986d13184794d68ca8f43062c85bb6fb1180f2bfad941ed907de2059b,True,results/selector_combinations_v1/dev/selections/scv1-homecredit-fold-1-iv-then-boruta-pool200-s42.json,
combination_dev,active,homecredit,iv_then_boruta,,state_bound_payload,results/selector_combinations_v1/dev/selections/scv1-homecredit-fold-1-iv-then-boruta-pool200-s42.final_selected_features.csv,629,3a83f9900a623749c286bb0c8a5c8ec826cb4e3c27a3bac4e31464bfb5689b7f,True,results/selector_combinations_v1/dev/selections/scv1-homecredit-fold-1-iv-then-boruta-pool200-s42.json,
combination_dev,active,homecredit,iv_then_boruta,,state_bound_payload,results/selector_combinations_v1/dev/selections/scv1-homecredit-fold-1-iv-then-boruta-pool200-s42.intermediate_features.csv,5734,aab943b0093814713fa544ecee107b321a0ae81a60b9e313bea5c0005d8ed510,True,results/selector_combinations_v1/dev/selections/scv1-homecredit-fold-1-iv-then-boruta-pool200-s42.json,
combination_dev,active,homecredit,iv_then_boruta,,state_bound_payload,results/selector_combinations_v1/dev/selections/scv1-homecredit-fold-1-iv-then-boruta-pool300-s42.combination_result.json,71411,aa01df36b2d53e70b14e1bc880042e55ee5f735de5789bab0251f651110027bc,True,results/selector_combinations_v1/dev/selections/scv1-homecredit-fold-1-iv-then-boruta-pool300-s42.json,
combination_dev,active,homecredit,iv_then_boruta,,state_bound_payload,results/selector_combinations_v1/dev/selections/scv1-homecredit-fold-1-iv-then-boruta-pool300-s42.final_selected_features.csv,706,b6e638a6f99634a6499a1c4c51972a24c5b69bd491dd66835f73e51ed69f61c4,True,results/selector_combinations_v1/dev/selections/scv1-homecredit-fold-1-iv-then-boruta-pool300-s42.json,
combination_dev,active,homecredit,iv_then_boruta,,state_bound_payload,results/selector_combinations_v1/dev/selections/scv1-homecredit-fold-1-iv-then-boruta-pool300-s42.intermediate_features.csv,8699,4ec541814836d68b1b7ec8f540e5fb9d8fd9ad04c78963e2afbae552ec7f1e79,True,results/selector_combinations_v1/dev/selections/scv1-homecredit-fold-1-iv-then-boruta-pool300-s42.json,
combination_dev,active,homecredit,iv_then_boruta,,state_bound_payload,results/selector_combinations_v1/dev/selections/scv1-homecredit-fold-2-iv-then-boruta-pool100-s42.combination_result.json,38643,199b6dc2a8c423c8e1de038a604860488172a827239e3c2eeecc30b3cf5ceabf,True,results/selector_combinations_v1/dev/selections/scv1-homecredit-fold-2-iv-then-boruta-pool100-s42.json,
combination_dev,active,homecredit,iv_then_boruta,,state_bound_payload,results/selector_combinations_v1/dev/selections/scv1-homecredit-fold-2-iv-then-boruta-pool100-s42.final_selected_features.csv,1023,69d9598801389583dec398ab3bacab2af388e721f2ccf263abb1f9fc3fd8cb52,True,results/selector_combinations_v1/dev/selections/scv1-homecredit-fold-2-iv-then-boruta-pool100-s42.json,
combination_dev,active,homecredit,iv_then_boruta,,state_bound_payload,results/selector_combinations_v1/dev/selections/scv1-homecredit-fold-2-iv-then-boruta-pool100-s42.intermediate_features.csv,2756,f8c25afa295ac6c82989af7790abaf3c2c34ce462aa0a17950033861884667db,True,results/selector_combinations_v1/dev/selections/scv1-homecredit-fold-2-iv-then-boruta-pool100-s42.json,
combination_dev,active,homecredit,iv_then_boruta,,state_bound_payload,results/selector_combinations_v1/dev/selections/scv1-homecredit-fold-2-iv-then-boruta-pool200-s42.combination_result.json,55145,b495eb01d2d81a0a46d87796095327ba6b91afb881a9c5a94056ca41bb3161aa,True,results/selector_combinations_v1/dev/selections/scv1-homecredit-fold-2-iv-then-boruta-pool200-s42.json,
combination_dev,active,homecredit,iv_then_boruta,,state_bound_payload,results/selector_combinations_v1/dev/selections/scv1-homecredit-fold-2-iv-then-boruta-pool200-s42.final_selected_features.csv,1215,b5e5a46d1c6472880fa0b40a114a19a837c2ccdbf2d8871b337148c380827de2,True,results/selector_combinations_v1/dev/selections/scv1-homecredit-fold-2-iv-then-boruta-pool200-s42.json,
combination_dev,active,homecredit,iv_then_boruta,,state_bound_payload,results/selector_combinations_v1/dev/selections/scv1-homecredit-fold-2-iv-then-boruta-pool200-s42.intermediate_features.csv,5667,1ea4bb6c80a12cea2582093062043ba815eca222001beb288410eaefa8e9d465,True,results/selector_combinations_v1/dev/selections/scv1-homecredit-fold-2-iv-then-boruta-pool200-s42.json,
combination_dev,active,homecredit,iv_then_boruta,,state_bound_payload,results/selector_combinations_v1/dev/selections/scv1-homecredit-fold-2-iv-then-boruta-pool300-s42.combination_result.json,71984,21a02af336671fb839d4a1db3957a59da240875ca545d18aa17ddc4667161434,True,results/selector_combinations_v1/dev/selections/scv1-homecredit-fold-2-iv-then-boruta-pool300-s42.json,
combination_dev,active,homecredit,iv_then_boruta,,state_bound_payload,results/selector_combinations_v1/dev/selections/scv1-homecredit-fold-2-iv-then-boruta-pool300-s42.final_selected_features.csv,1494,7987502b46258fbdfdcfec215b70030d164535327b4f6e6ea5a3e0cadd6ca9f5,True,results/selector_combinations_v1/dev/selections/scv1-homecredit-fold-2-iv-then-boruta-pool300-s42.json,
combination_dev,active,homecredit,iv_then_boruta,,state_bound_payload,results/selector_combinations_v1/dev/selections/scv1-homecredit-fold-2-iv-then-boruta-pool300-s42.intermediate_features.csv,8627,9fea1d5d995ad8706dfa9c0b48dd1b3352cfbbb4d6cc01178c67d37812379969,True,results/selector_combinations_v1/dev/selections/scv1-homecredit-fold-2-iv-then-boruta-pool300-s42.json,
combination_dev,active,homecredit,iv_then_boruta,,state_bound_payload,results/selector_combinations_v1/dev/selections/scv1-homecredit-fold-3-iv-then-boruta-pool100-s42.combination_result.json,39145,2d330220b48fca8caf1a0cdd73af3c5a38f160e35b06594a2d30e5be64d8a58e,True,results/selector_combinations_v1/dev/selections/scv1-homecredit-fold-3-iv-then-boruta-pool100-s42.json,
combination_dev,active,homecredit,iv_then_boruta,,state_bound_payload,results/selector_combinations_v1/dev/selections/scv1-homecredit-fold-3-iv-then-boruta-pool100-s42.final_selected_features.csv,1459,1729dede45d2a73c4f7b23ad905df3b08967dd8152a7ed6d07c534c7250f4d6f,True,results/selector_combinations_v1/dev/selections/scv1-homecredit-fold-3-iv-then-boruta-pool100-s42.json,
combination_dev,active,homecredit,iv_then_boruta,,state_bound_payload,results/selector_combinations_v1/dev/selections/scv1-homecredit-fold-3-iv-then-boruta-pool100-s42.intermediate_features.csv,2758,633a21a8c8fafa99c3c5510c82dacc6a3f3e0d5a0e61482d4f073c2fc43c4dbd,True,results/selector_combinations_v1/dev/selections/scv1-homecredit-fold-3-iv-then-boruta-pool100-s42.json,
combination_dev,active,homecredit,iv_then_boruta,,state_bound_payload,results/selector_combinations_v1/dev/selections/scv1-homecredit-fold-3-iv-then-boruta-pool200-s42.combination_result.json,55324,f9583367af8efdb652841eb7e898db34debc2a955e5398020755d7c06efd1920,True,results/selector_combinations_v1/dev/selections/scv1-homecredit-fold-3-iv-then-boruta-pool200-s42.json,
combination_dev,active,homecredit,iv_then_boruta,,state_bound_payload,results/selector_combinations_v1/dev/selections/scv1-homecredit-fold-3-iv-then-boruta-pool200-s42.final_selected_features.csv,1379,267746428f5df65dcbd27d008edfbd4e99bb3e7226ea7e83b2e4da86433faddb,True,results/selector_combinations_v1/dev/selections/scv1-homecredit-fold-3-iv-then-boruta-pool200-s42.json,
combination_dev,active,homecredit,iv_then_boruta,,state_bound_payload,results/selector_combinations_v1/dev/selections/scv1-homecredit-fold-3-iv-then-boruta-pool200-s42.intermediate_features.csv,5672,483b6533c7ef85264b08ca30773daa40a710741ae0b57223ece4d310ee76aa1b,True,results/selector_combinations_v1/dev/selections/scv1-homecredit-fold-3-iv-then-boruta-pool200-s42.json,
combination_dev,active,homecredit,iv_then_boruta,,state_bound_payload,results/selector_combinations_v1/dev/selections/scv1-homecredit-fold-3-iv-then-boruta-pool300-s42.combination_result.json,72482,0c07cc73a5f4181946ceee43a7668d6a903974f85b4633b27cf95f2e4be8a744,True,results/selector_combinations_v1/dev/selections/scv1-homecredit-fold-3-iv-then-boruta-pool300-s42.json,
combination_dev,active,homecredit,iv_then_boruta,,state_bound_payload,results/selector_combinations_v1/dev/selections/scv1-homecredit-fold-3-iv-then-boruta-pool300-s42.final_selected_features.csv,2076,0174b21e928344bbd6a528424ec429411b4ecd87adaf1a8e68794d1391472683,True,results/selector_combinations_v1/dev/selections/scv1-homecredit-fold-3-iv-then-boruta-pool300-s42.json,
combination_dev,active,homecredit,iv_then_boruta,,state_bound_payload,results/selector_combinations_v1/dev/selections/scv1-homecredit-fold-3-iv-then-boruta-pool300-s42.intermediate_features.csv,8594,2df18102f69949ac5b430c90f2281924c59f20ecac9deef6364f711e1547ed34,True,results/selector_combinations_v1/dev/selections/scv1-homecredit-fold-3-iv-then-boruta-pool300-s42.json,
combination_dev,active,homecredit,iv_then_boruta,,state_bound_payload,results/selector_combinations_v1/dev/selections/scv1-homecredit-fold-4-iv-then-boruta-pool100-s42.combination_result.json,39554,9922c39e626b5abeb4f5057cc54e8080a5e594bf7c75fde7c5256f6302b18cf7,True,results/selector_combinations_v1/dev/selections/scv1-homecredit-fold-4-iv-then-boruta-pool100-s42.json,
combination_dev,active,homecredit,iv_then_boruta,,state_bound_payload,results/selector_combinations_v1/dev/selections/scv1-homecredit-fold-4-iv-then-boruta-pool100-s42.final_selected_features.csv,1656,1bf78e8533bac0c3a10788374f79c08884198d0293f82a0bde85c4f9df9b3fb1,True,results/selector_combinations_v1/dev/selections/scv1-homecredit-fold-4-iv-then-boruta-pool100-s42.json,
combination_dev,active,homecredit,iv_then_boruta,,state_bound_payload,results/selector_combinations_v1/dev/selections/scv1-homecredit-fold-4-iv-then-boruta-pool100-s42.intermediate_features.csv,2804,524f3978efd9b508b116fe06d44f81e77231b52ef72d565da001675a93d961db,True,results/selector_combinations_v1/dev/selections/scv1-homecredit-fold-4-iv-then-boruta-pool100-s42.json,
combination_dev,active,homecredit,iv_then_boruta,,state_bound_payload,results/selector_combinations_v1/dev/selections/scv1-homecredit-fold-4-iv-then-boruta-pool200-s42.combination_result.json,56736,f6c36941209f34339471b0a3267eead37f0e81480f7aec7128b4269b8b5a10fa,True,results/selector_combinations_v1/dev/selections/scv1-homecredit-fold-4-iv-then-boruta-pool200-s42.json,
combination_dev,active,homecredit,iv_then_boruta,,state_bound_payload,results/selector_combinations_v1/dev/selections/scv1-homecredit-fold-4-iv-then-boruta-pool200-s42.final_selected_features.csv,2538,dd5d508b682156a65e2e62e7a4361c395311e2f0e5986e3a50f105274a13d637,True,results/selector_combinations_v1/dev/selections/scv1-homecredit-fold-4-iv-then-boruta-pool200-s42.json,
combination_dev,active,homecredit,iv_then_boruta,,state_bound_payload,results/selector_combinations_v1/dev/selections/scv1-homecredit-fold-4-iv-then-boruta-pool200-s42.intermediate_features.csv,5699,91fe2fb1de2fb716b1e27d7a491556fcebaa2c70d5f02c8293b8748e2e687f44,True,results/selector_combinations_v1/dev/selections/scv1-homecredit-fold-4-iv-then-boruta-pool200-s42.json,
combination_dev,active,homecredit,iv_then_boruta,,state_bound_payload,results/selector_combinations_v1/dev/selections/scv1-homecredit-fold-4-iv-then-boruta-pool300-s42.combination_result.json,73347,5984cf803cd5f4c246d13799c79010f8f196ce790439c9d1a04a341a958f98e2,True,results/selector_combinations_v1/dev/selections/scv1-homecredit-fold-4-iv-then-boruta-pool300-s42.json,
combination_dev,active,homecredit,iv_then_boruta,,state_bound_payload,results/selector_combinations_v1/dev/selections/scv1-homecredit-fold-4-iv-then-boruta-pool300-s42.final_selected_features.csv,2655,51879eaf42738f98edc4a2ed571330fec243f94e0539df8b3fe516689b233f1b,True,results/selector_combinations_v1/dev/selections/scv1-homecredit-fold-4-iv-then-boruta-pool300-s42.json,
combination_dev,active,homecredit,iv_then_boruta,,state_bound_payload,results/selector_combinations_v1/dev/selections/scv1-homecredit-fold-4-iv-then-boruta-pool300-s42.intermediate_features.csv,8648,ea9730228ad652bfd160e3f6d11525c116a11fb38d97489d467d7ea465e866ab,True,results/selector_combinations_v1/dev/selections/scv1-homecredit-fold-4-iv-then-boruta-pool300-s42.json,
combination_dev,active,homecredit,iv_then_boruta,,state_bound_payload,results/selector_combinations_v1/dev/selections/scv1-homecredit-fold-5-iv-then-boruta-pool100-s42.combination_result.json,39842,87346875cf80cb7dd6c694952c9b3a1c8b94982cff595cc77a008bc5c2ec8aeb,True,results/selector_combinations_v1/dev/selections/scv1-homecredit-fold-5-iv-then-boruta-pool100-s42.json,
combination_dev,active,homecredit,iv_then_boruta,,state_bound_payload,results/selector_combinations_v1/dev/selections/scv1-homecredit-fold-5-iv-then-boruta-pool100-s42.final_selected_features.csv,1856,57662d17259cca00dd0a66793ed262541e05aa6c1d6336114f6aacdb05d2bbce,True,results/selector_combinations_v1/dev/selections/scv1-homecredit-fold-5-iv-then-boruta-pool100-s42.json,
combination_dev,active,homecredit,iv_then_boruta,,state_bound_payload,results/selector_combinations_v1/dev/selections/scv1-homecredit-fold-5-iv-then-boruta-pool100-s42.intermediate_features.csv,2820,4cf60fd9e86345de2da8bbd5a7fc79d2dc2e8deb81e910e6cf76d74feccc3931,True,results/selector_combinations_v1/dev/selections/scv1-homecredit-fold-5-iv-then-boruta-pool100-s42.json,
combination_dev,active,homecredit,iv_then_boruta,,state_bound_payload,results/selector_combinations_v1/dev/selections/scv1-homecredit-fold-5-iv-then-boruta-pool200-s42.combination_result.json,57307,77e29727edd2894c4ceed5ec0610c969976bece3aa9e30f861914babf25201dc,True,results/selector_combinations_v1/dev/selections/scv1-homecredit-fold-5-iv-then-boruta-pool200-s42.json,
combination_dev,active,homecredit,iv_then_boruta,,state_bound_payload,results/selector_combinations_v1/dev/selections/scv1-homecredit-fold-5-iv-then-boruta-pool200-s42.final_selected_features.csv,2788,c468a6194e5365f5da409f3adb64b692454daab98e0daedb6c129d6e8a9efde5,True,results/selector_combinations_v1/dev/selections/scv1-homecredit-fold-5-iv-then-boruta-pool200-s42.json,
combination_dev,active,homecredit,iv_then_boruta,,state_bound_payload,results/selector_combinations_v1/dev/selections/scv1-homecredit-fold-5-iv-then-boruta-pool200-s42.intermediate_features.csv,5770,ea5de20d7917dc87402b2b4b4faf392a0d4f69e3cfa244ca5e48d58723307fbe,True,results/selector_combinations_v1/dev/selections/scv1-homecredit-fold-5-iv-then-boruta-pool200-s42.json,
combination_dev,active,homecredit,iv_then_boruta,,state_bound_payload,results/selector_combinations_v1/dev/selections/scv1-homecredit-fold-5-iv-then-boruta-pool300-s42.combination_result.json,73958,b53d0209306c262819ad7bb9fa0959a2049ae730beed70418082519bdd9391d4,True,results/selector_combinations_v1/dev/selections/scv1-homecredit-fold-5-iv-then-boruta-pool300-s42.json,
combination_dev,active,homecredit,iv_then_boruta,,state_bound_payload,results/selector_combinations_v1/dev/selections/scv1-homecredit-fold-5-iv-then-boruta-pool300-s42.final_selected_features.csv,3076,fbad567c6fc62933cecffb87b261cc1fb8ca288f73b91497afbf7cc9a89277c8,True,results/selector_combinations_v1/dev/selections/scv1-homecredit-fold-5-iv-then-boruta-pool300-s42.json,
combination_dev,active,homecredit,iv_then_boruta,,state_bound_payload,results/selector_combinations_v1/dev/selections/scv1-homecredit-fold-5-iv-then-boruta-pool300-s42.intermediate_features.csv,8688,79b7f66aa98919707a697c328d341d2b4803297a69acedee05b697069e597254,True,results/selector_combinations_v1/dev/selections/scv1-homecredit-fold-5-iv-then-boruta-pool300-s42.json,
combination_dev,active,homecredit,iv_then_boruta,catboost,evaluation_state,results/selector_combinations_v1/dev/evaluations/scv1-dev-006-homecredit-iv-then-boruta-catboost-fold-1-pool100-s42.json,7800,11a9a207f471f81c85175b1348c70aa05848111f883df073020d4d2c41e7f966,True,results/selector_combinations_v1/dev/evaluations/scv1-dev-006-homecredit-iv-then-boruta-catboost-fold-1-pool100-s42.json,
combination_dev,active,homecredit,iv_then_boruta,catboost,evaluation_state,results/selector_combinations_v1/dev/evaluations/scv1-dev-010-homecredit-iv-then-boruta-catboost-fold-1-pool200-s42.json,7797,422123116b7f7a17ff6e4d41d08e3bd0113b4ba7a8109b9a25d5eb325b33b5be,True,results/selector_combinations_v1/dev/evaluations/scv1-dev-010-homecredit-iv-then-boruta-catboost-fold-1-pool200-s42.json,
combination_dev,active,homecredit,iv_then_boruta,catboost,evaluation_state,results/selector_combinations_v1/dev/evaluations/scv1-dev-014-homecredit-iv-then-boruta-catboost-fold-1-pool300-s42.json,7801,b638a8794ed4eda77a396d40437e6f744fd9221c83aeb3196b1080df19e58618,True,results/selector_combinations_v1/dev/evaluations/scv1-dev-014-homecredit-iv-then-boruta-catboost-fold-1-pool300-s42.json,
combination_dev,active,homecredit,iv_then_boruta,catboost,evaluation_state,results/selector_combinations_v1/dev/evaluations/scv1-dev-030-homecredit-iv-then-boruta-catboost-fold-2-pool100-s42.json,7799,b375f4aed290f51004838e8929ade7f85d98f4751d3989a4ad06287d0ebec48e,True,results/selector_combinations_v1/dev/evaluations/scv1-dev-030-homecredit-iv-then-boruta-catboost-fold-2-pool100-s42.json,
combination_dev,active,homecredit,iv_then_boruta,catboost,evaluation_state,results/selector_combinations_v1/dev/evaluations/scv1-dev-034-homecredit-iv-then-boruta-catboost-fold-2-pool200-s42.json,7800,0eabc5ba24d4fa59ff969a3961d4099a7598cfd3905c12e18f665c1fab04ba2a,True,results/selector_combinations_v1/dev/evaluations/scv1-dev-034-homecredit-iv-then-boruta-catboost-fold-2-pool200-s42.json,
combination_dev,active,homecredit,iv_then_boruta,catboost,evaluation_state,results/selector_combinations_v1/dev/evaluations/scv1-dev-038-homecredit-iv-then-boruta-catboost-fold-2-pool300-s42.json,7797,994b99aa9de1681b82b920e52ec31432e448a4c5033f2851e66a38822a586343,True,results/selector_combinations_v1/dev/evaluations/scv1-dev-038-homecredit-iv-then-boruta-catboost-fold-2-pool300-s42.json,
combination_dev,active,homecredit,iv_then_boruta,catboost,evaluation_state,results/selector_combinations_v1/dev/evaluations/scv1-dev-054-homecredit-iv-then-boruta-catboost-fold-3-pool100-s42.json,7798,f9f1339a5dce3c8d9220faf03d151f31ea6622843518e7106ee4e5ce12797224,True,results/selector_combinations_v1/dev/evaluations/scv1-dev-054-homecredit-iv-then-boruta-catboost-fold-3-pool100-s42.json,
combination_dev,active,homecredit,iv_then_boruta,catboost,evaluation_state,results/selector_combinations_v1/dev/evaluations/scv1-dev-058-homecredit-iv-then-boruta-catboost-fold-3-pool200-s42.json,7798,5ec64ac3a276a61924f3e02160f0fc3974c26af000b02b5e0a14bf382226aedb,True,results/selector_combinations_v1/dev/evaluations/scv1-dev-058-homecredit-iv-then-boruta-catboost-fold-3-pool200-s42.json,
combination_dev,active,homecredit,iv_then_boruta,catboost,evaluation_state,results/selector_combinations_v1/dev/evaluations/scv1-dev-062-homecredit-iv-then-boruta-catboost-fold-3-pool300-s42.json,7800,18fe2054e6a92b87cf81b47690babf2e4f5af0793a78f12cbc9e0538e3bb979a,True,results/selector_combinations_v1/dev/evaluations/scv1-dev-062-homecredit-iv-then-boruta-catboost-fold-3-pool300-s42.json,
combination_dev,active,homecredit,iv_then_boruta,catboost,evaluation_state,results/selector_combinations_v1/dev/evaluations/scv1-dev-078-homecredit-iv-then-boruta-catboost-fold-4-pool100-s42.json,7797,46aec93fad8662be54ba783a4a32bac0dbc148cb8ea21ce74a4932e4a77e3f95,True,results/selector_combinations_v1/dev/evaluations/scv1-dev-078-homecredit-iv-then-boruta-catboost-fold-4-pool100-s42.json,
combination_dev,active,homecredit,iv_then_boruta,catboost,evaluation_state,results/selector_combinations_v1/dev/evaluations/scv1-dev-082-homecredit-iv-then-boruta-catboost-fold-4-pool200-s42.json,7801,dae47d3b7d69db015b843fdc1902b31271aa5a701406e241e67b2508154c0921,True,results/selector_combinations_v1/dev/evaluations/scv1-dev-082-homecredit-iv-then-boruta-catboost-fold-4-pool200-s42.json,
combination_dev,active,homecredit,iv_then_boruta,catboost,evaluation_state,results/selector_combinations_v1/dev/evaluations/scv1-dev-086-homecredit-iv-then-boruta-catboost-fold-4-pool300-s42.json,7800,8ef6d4f6a676e419b75b139c74d0da27ba9a1145bd73275f369f79825c7a800b,True,results/selector_combinations_v1/dev/evaluations/scv1-dev-086-homecredit-iv-then-boruta-catboost-fold-4-pool300-s42.json,
combination_dev,active,homecredit,iv_then_boruta,catboost,evaluation_state,results/selector_combinations_v1/dev/evaluations/scv1-dev-102-homecredit-iv-then-boruta-catboost-fold-5-pool100-s42.json,7798,afa35d79635700c6fb78e44e657fd213e88d1094e1f89ae85bfa3b10e529bf06,True,results/selector_combinations_v1/dev/evaluations/scv1-dev-102-homecredit-iv-then-boruta-catboost-fold-5-pool100-s42.json,
combination_dev,active,homecredit,iv_then_boruta,catboost,evaluation_state,results/selector_combinations_v1/dev/evaluations/scv1-dev-106-homecredit-iv-then-boruta-catboost-fold-5-pool200-s42.json,7800,eec998a3798c7b8f21d2e191d6de22806b3529c6dfd72649ce0559ae27878c3d,True,results/selector_combinations_v1/dev/evaluations/scv1-dev-106-homecredit-iv-then-boruta-catboost-fold-5-pool200-s42.json,
combination_dev,active,homecredit,iv_then_boruta,catboost,evaluation_state,results/selector_combinations_v1/dev/evaluations/scv1-dev-110-homecredit-iv-then-boruta-catboost-fold-5-pool300-s42.json,7805,215194903dbfdd9ca8a3e4c0a63d6cb599a8ade014f5e54d774dbf74a3394384,True,results/selector_combinations_v1/dev/evaluations/scv1-dev-110-homecredit-iv-then-boruta-catboost-fold-5-pool300-s42.json,
combination_dev,active,homecredit,iv_then_boruta,catboost,state_bound_payload,results/selector_combinations_v1/dev/evaluations/scv1-dev-006-homecredit-iv-then-boruta-catboost-fold-1-pool100-s42.dev_metrics.json,636,c34c480f23b356279798760f1ad077dabc0d4f12161e05467bf8e47038619007,True,results/selector_combinations_v1/dev/evaluations/scv1-dev-006-homecredit-iv-then-boruta-catboost-fold-1-pool100-s42.json,
combination_dev,active,homecredit,iv_then_boruta,catboost,state_bound_payload,results/selector_combinations_v1/dev/evaluations/scv1-dev-006-homecredit-iv-then-boruta-catboost-fold-1-pool100-s42.dev_predictions.csv,2299366,37a6ceb61506f71f83217edfb746e8584a703369f5fe3a965db0ec7fdd7b15ad,True,results/selector_combinations_v1/dev/evaluations/scv1-dev-006-homecredit-iv-then-boruta-catboost-fold-1-pool100-s42.json,
combination_dev,active,homecredit,iv_then_boruta,catboost,state_bound_payload,results/selector_combinations_v1/dev/evaluations/scv1-dev-006-homecredit-iv-then-boruta-catboost-fold-1-pool100-s42.final_model_configuration.json,1908,ca215c389693c0363c5ab3234a72be3556960bcd9416d755aba92263fa1cea30,True,results/selector_combinations_v1/dev/evaluations/scv1-dev-006-homecredit-iv-then-boruta-catboost-fold-1-pool100-s42.json,
combination_dev,active,homecredit,iv_then_boruta,catboost,state_bound_payload,results/selector_combinations_v1/dev/evaluations/scv1-dev-010-homecredit-iv-then-boruta-catboost-fold-1-pool200-s42.dev_metrics.json,632,0515e427f2013431162bcf79b5ddf57a7dfbbebd3145c174bb71551ec74ad06c,True,results/selector_combinations_v1/dev/evaluations/scv1-dev-010-homecredit-iv-then-boruta-catboost-fold-1-pool200-s42.json,
combination_dev,active,homecredit,iv_then_boruta,catboost,state_bound_payload,results/selector_combinations_v1/dev/evaluations/scv1-dev-010-homecredit-iv-then-boruta-catboost-fold-1-pool200-s42.dev_predictions.csv,2299733,74c66713105279746de59e762ee2599d6d9056b7c6c42a3a4d64d1cbcabada43,True,results/selector_combinations_v1/dev/evaluations/scv1-dev-010-homecredit-iv-then-boruta-catboost-fold-1-pool200-s42.json,
combination_dev,active,homecredit,iv_then_boruta,catboost,state_bound_payload,results/selector_combinations_v1/dev/evaluations/scv1-dev-010-homecredit-iv-then-boruta-catboost-fold-1-pool200-s42.final_model_configuration.json,1908,2f341a650b44d5603787e80ee37bfa5a859ff9815d7a11a126bfdc55384d12e8,True,results/selector_combinations_v1/dev/evaluations/scv1-dev-010-homecredit-iv-then-boruta-catboost-fold-1-pool200-s42.json,
combination_dev,active,homecredit,iv_then_boruta,catboost,state_bound_payload,results/selector_combinations_v1/dev/evaluations/scv1-dev-014-homecredit-iv-then-boruta-catboost-fold-1-pool300-s42.dev_metrics.json,636,ef38a5fe112f042a7a6620979dc127e893fdbf6d714860f2dac1bde1ba19bd61,True,results/selector_combinations_v1/dev/evaluations/scv1-dev-014-homecredit-iv-then-boruta-catboost-fold-1-pool300-s42.json,
combination_dev,active,homecredit,iv_then_boruta,catboost,state_bound_payload,results/selector_combinations_v1/dev/evaluations/scv1-dev-014-homecredit-iv-then-boruta-catboost-fold-1-pool300-s42.dev_predictions.csv,2299727,691a035c74f97aa138ea80cec7c18d47e14d40356d8d61aac6ee38890487e412,True,results/selector_combinations_v1/dev/evaluations/scv1-dev-014-homecredit-iv-then-boruta-catboost-fold-1-pool300-s42.json,
combination_dev,active,homecredit,iv_then_boruta,catboost,state_bound_payload,results/selector_combinations_v1/dev/evaluations/scv1-dev-014-homecredit-iv-then-boruta-catboost-fold-1-pool300-s42.final_model_configuration.json,1908,00173b660c921647d753d2b94d6634d3cfc69e3dbabb09cc3d3b544df7bbd789,True,results/selector_combinations_v1/dev/evaluations/scv1-dev-014-homecredit-iv-then-boruta-catboost-fold-1-pool300-s42.json,
combination_dev,active,homecredit,iv_then_boruta,catboost,state_bound_payload,results/selector_combinations_v1/dev/evaluations/scv1-dev-030-homecredit-iv-then-boruta-catboost-fold-2-pool100-s42.dev_metrics.json,634,25fc11444d1e4d2fd27c8da33f7dd4d80981bb2ab4a52b58f8b0745a830a845b,True,results/selector_combinations_v1/dev/evaluations/scv1-dev-030-homecredit-iv-then-boruta-catboost-fold-2-pool100-s42.json,
combination_dev,active,homecredit,iv_then_boruta,catboost,state_bound_payload,results/selector_combinations_v1/dev/evaluations/scv1-dev-030-homecredit-iv-then-boruta-catboost-fold-2-pool100-s42.dev_predictions.csv,2288443,5d5630fcc55b52cb6fff0e6f957e472b0e75301277c51a9e2e1f1384c80e7212,True,results/selector_combinations_v1/dev/evaluations/scv1-dev-030-homecredit-iv-then-boruta-catboost-fold-2-pool100-s42.json,
combination_dev,active,homecredit,iv_then_boruta,catboost,state_bound_payload,results/selector_combinations_v1/dev/evaluations/scv1-dev-030-homecredit-iv-then-boruta-catboost-fold-2-pool100-s42.final_model_configuration.json,1908,67348c548ff9e164a71e7e9a4063d44529da1ffbb2686f3003f172f7b6b5c3c8,True,results/selector_combinations_v1/dev/evaluations/scv1-dev-030-homecredit-iv-then-boruta-catboost-fold-2-pool100-s42.json,
combination_dev,active,homecredit,iv_then_boruta,catboost,state_bound_payload,results/selector_combinations_v1/dev/evaluations/scv1-dev-034-homecredit-iv-then-boruta-catboost-fold-2-pool200-s42.dev_metrics.json,635,820af1f1252e4fed3cf5728e96526f32188e4cc45cc59acb071db53624f061a4,True,results/selector_combinations_v1/dev/evaluations/scv1-dev-034-homecredit-iv-then-boruta-catboost-fold-2-pool200-s42.json,
combination_dev,active,homecredit,iv_then_boruta,catboost,state_bound_payload,results/selector_combinations_v1/dev/evaluations/scv1-dev-034-homecredit-iv-then-boruta-catboost-fold-2-pool200-s42.dev_predictions.csv,2288190,f7e7db64e5359101602b2b0866958341c555d177d7b16b5b7dc27ca4aecc55ff,True,results/selector_combinations_v1/dev/evaluations/scv1-dev-034-homecredit-iv-then-boruta-catboost-fold-2-pool200-s42.json,
combination_dev,active,homecredit,iv_then_boruta,catboost,state_bound_payload,results/selector_combinations_v1/dev/evaluations/scv1-dev-034-homecredit-iv-then-boruta-catboost-fold-2-pool200-s42.final_model_configuration.json,1908,5203b581a13f757642ba5d389eee6ab2102f63bff3d06a70a83348899844cd62,True,results/selector_combinations_v1/dev/evaluations/scv1-dev-034-homecredit-iv-then-boruta-catboost-fold-2-pool200-s42.json,
combination_dev,active,homecredit,iv_then_boruta,catboost,state_bound_payload,results/selector_combinations_v1/dev/evaluations/scv1-dev-038-homecredit-iv-then-boruta-catboost-fold-2-pool300-s42.dev_metrics.json,632,20f8c99196723eebf91672efd0d1964e41459e977d1634d1aa0c4959cb350a95,True,results/selector_combinations_v1/dev/evaluations/scv1-dev-038-homecredit-iv-then-boruta-catboost-fold-2-pool300-s42.json,
combination_dev,active,homecredit,iv_then_boruta,catboost,state_bound_payload,results/selector_combinations_v1/dev/evaluations/scv1-dev-038-homecredit-iv-then-boruta-catboost-fold-2-pool300-s42.dev_predictions.csv,2288467,95c2b65b8f6a750a6b73378f259a61a28528e7e3e657b7947f931d8f5c75182e,True,results/selector_combinations_v1/dev/evaluations/scv1-dev-038-homecredit-iv-then-boruta-catboost-fold-2-pool300-s42.json,
combination_dev,active,homecredit,iv_then_boruta,catboost,state_bound_payload,results/selector_combinations_v1/dev/evaluations/scv1-dev-038-homecredit-iv-then-boruta-catboost-fold-2-pool300-s42.final_model_configuration.json,1908,bb7cb61d752088edd096b276e90ba1216126859684e3b727ed0e302e80de23aa,True,results/selector_combinations_v1/dev/evaluations/scv1-dev-038-homecredit-iv-then-boruta-catboost-fold-2-pool300-s42.json,
combination_dev,active,homecredit,iv_then_boruta,catboost,state_bound_payload,results/selector_combinations_v1/dev/evaluations/scv1-dev-054-homecredit-iv-then-boruta-catboost-fold-3-pool100-s42.dev_metrics.json,633,e832247a3a70d9b782e649acaf6bda63f7d2a5bddbafd3f80f39d25753bf809e,True,results/selector_combinations_v1/dev/evaluations/scv1-dev-054-homecredit-iv-then-boruta-catboost-fold-3-pool100-s42.json,
combination_dev,active,homecredit,iv_then_boruta,catboost,state_bound_payload,results/selector_combinations_v1/dev/evaluations/scv1-dev-054-homecredit-iv-then-boruta-catboost-fold-3-pool100-s42.dev_predictions.csv,2254957,a3aeb6e8ab4fd5440af0082c5b930c98ffb61ae044dfaa815ad9dfeb0dd891f1,True,results/selector_combinations_v1/dev/evaluations/scv1-dev-054-homecredit-iv-then-boruta-catboost-fold-3-pool100-s42.json,
combination_dev,active,homecredit,iv_then_boruta,catboost,state_bound_payload,results/selector_combinations_v1/dev/evaluations/scv1-dev-054-homecredit-iv-then-boruta-catboost-fold-3-pool100-s42.final_model_configuration.json,1908,c76d853caac38155e9e439aac2b3860572cdb83c9b0331bb2d3e4381b205d049,True,results/selector_combinations_v1/dev/evaluations/scv1-dev-054-homecredit-iv-then-boruta-catboost-fold-3-pool100-s42.json,
combination_dev,active,homecredit,iv_then_boruta,catboost,state_bound_payload,results/selector_combinations_v1/dev/evaluations/scv1-dev-058-homecredit-iv-then-boruta-catboost-fold-3-pool200-s42.dev_metrics.json,633,d3dd0171fb59f81ddb1806a6a51f4173da49b638584d32ed6607bf3bada84ca2,True,results/selector_combinations_v1/dev/evaluations/scv1-dev-058-homecredit-iv-then-boruta-catboost-fold-3-pool200-s42.json,
combination_dev,active,homecredit,iv_then_boruta,catboost,state_bound_payload,results/selector_combinations_v1/dev/evaluations/scv1-dev-058-homecredit-iv-then-boruta-catboost-fold-3-pool200-s42.dev_predictions.csv,2254915,4ee70e0a878948872de1d5e8b2a91927cfb5fa99e57ab5e8b074968e3c3bafce,True,results/selector_combinations_v1/dev/evaluations/scv1-dev-058-homecredit-iv-then-boruta-catboost-fold-3-pool200-s42.json,
combination_dev,active,homecredit,iv_then_boruta,catboost,state_bound_payload,results/selector_combinations_v1/dev/evaluations/scv1-dev-058-homecredit-iv-then-boruta-catboost-fold-3-pool200-s42.final_model_configuration.json,1908,002b87746a6a5ede23a8cd4217952797ac215961c6fe12c03119f9b205462dfb,True,results/selector_combinations_v1/dev/evaluations/scv1-dev-058-homecredit-iv-then-boruta-catboost-fold-3-pool200-s42.json,
combination_dev,active,homecredit,iv_then_boruta,catboost,state_bound_payload,results/selector_combinations_v1/dev/evaluations/scv1-dev-062-homecredit-iv-then-boruta-catboost-fold-3-pool300-s42.dev_metrics.json,635,fefe18798d7d89c685efe744236fc7dcaa6934c89855f1af5cebc49933846c02,True,results/selector_combinations_v1/dev/evaluations/scv1-dev-062-homecredit-iv-then-boruta-catboost-fold-3-pool300-s42.json,
combination_dev,active,homecredit,iv_then_boruta,catboost,state_bound_payload,results/selector_combinations_v1/dev/evaluations/scv1-dev-062-homecredit-iv-then-boruta-catboost-fold-3-pool300-s42.dev_predictions.csv,2255399,191926daa61e070773778cb7f47180bc1c04a8cf31b03fa882af5d2d3a281504,True,results/selector_combinations_v1/dev/evaluations/scv1-dev-062-homecredit-iv-then-boruta-catboost-fold-3-pool300-s42.json,
combination_dev,active,homecredit,iv_then_boruta,catboost,state_bound_payload,results/selector_combinations_v1/dev/evaluations/scv1-dev-062-homecredit-iv-then-boruta-catboost-fold-3-pool300-s42.final_model_configuration.json,1908,12a763c527eb5fcdcf6fdf3c23bf806f9e0b04a65952feebb3a14c640ae366b8,True,results/selector_combinations_v1/dev/evaluations/scv1-dev-062-homecredit-iv-then-boruta-catboost-fold-3-pool300-s42.json,
combination_dev,active,homecredit,iv_then_boruta,catboost,state_bound_payload,results/selector_combinations_v1/dev/evaluations/scv1-dev-078-homecredit-iv-then-boruta-catboost-fold-4-pool100-s42.dev_metrics.json,632,9056faaab35ce66b62817b1d4e73e7e102e8cf8bf6a7a6e5703e43d04f5b0f73,True,results/selector_combinations_v1/dev/evaluations/scv1-dev-078-homecredit-iv-then-boruta-catboost-fold-4-pool100-s42.json,
combination_dev,active,homecredit,iv_then_boruta,catboost,state_bound_payload,results/selector_combinations_v1/dev/evaluations/scv1-dev-078-homecredit-iv-then-boruta-catboost-fold-4-pool100-s42.dev_predictions.csv,2285427,f56645ad64ee55bd8251bf25a5d8df8b8c205505ad382e7747ef45098994a185,True,results/selector_combinations_v1/dev/evaluations/scv1-dev-078-homecredit-iv-then-boruta-catboost-fold-4-pool100-s42.json,
combination_dev,active,homecredit,iv_then_boruta,catboost,state_bound_payload,results/selector_combinations_v1/dev/evaluations/scv1-dev-078-homecredit-iv-then-boruta-catboost-fold-4-pool100-s42.final_model_configuration.json,1908,5c30c8e314decdca3bb6bb6c178e233516398e8a493f6cc4afb23019c7e64b6c,True,results/selector_combinations_v1/dev/evaluations/scv1-dev-078-homecredit-iv-then-boruta-catboost-fold-4-pool100-s42.json,
combination_dev,active,homecredit,iv_then_boruta,catboost,state_bound_payload,results/selector_combinations_v1/dev/evaluations/scv1-dev-082-homecredit-iv-then-boruta-catboost-fold-4-pool200-s42.dev_metrics.json,636,5936a76beca045cd601a361f4f4c97b62565aa0b74658c38f18002ecde579559,True,results/selector_combinations_v1/dev/evaluations/scv1-dev-082-homecredit-iv-then-boruta-catboost-fold-4-pool200-s42.json,
combination_dev,active,homecredit,iv_then_boruta,catboost,state_bound_payload,results/selector_combinations_v1/dev/evaluations/scv1-dev-082-homecredit-iv-then-boruta-catboost-fold-4-pool200-s42.dev_predictions.csv,2285827,3c1f8a373f2c2807a847be24fa423515e06a9bc601ab660aab4e5a8ad5f879f4,True,results/selector_combinations_v1/dev/evaluations/scv1-dev-082-homecredit-iv-then-boruta-catboost-fold-4-pool200-s42.json,
combination_dev,active,homecredit,iv_then_boruta,catboost,state_bound_payload,results/selector_combinations_v1/dev/evaluations/scv1-dev-082-homecredit-iv-then-boruta-catboost-fold-4-pool200-s42.final_model_configuration.json,1908,f4f18fb45a1ff4efd901547a0a5ea5424616322bd2637ceb1301341492aed985,True,results/selector_combinations_v1/dev/evaluations/scv1-dev-082-homecredit-iv-then-boruta-catboost-fold-4-pool200-s42.json,
combination_dev,active,homecredit,iv_then_boruta,catboost,state_bound_payload,results/selector_combinations_v1/dev/evaluations/scv1-dev-086-homecredit-iv-then-boruta-catboost-fold-4-pool300-s42.dev_metrics.json,634,26bbdca3616f56ac4f869a328e7034ba188a03a531d649abed20151962c1c7b9,True,results/selector_combinations_v1/dev/evaluations/scv1-dev-086-homecredit-iv-then-boruta-catboost-fold-4-pool300-s42.json,
combination_dev,active,homecredit,iv_then_boruta,catboost,state_bound_payload,results/selector_combinations_v1/dev/evaluations/scv1-dev-086-homecredit-iv-then-boruta-catboost-fold-4-pool300-s42.dev_predictions.csv,2285656,580b9501fc0aa985aa1e429bfdfbe161d64eaea0a6ef2172217a0515e8e58133,True,results/selector_combinations_v1/dev/evaluations/scv1-dev-086-homecredit-iv-then-boruta-catboost-fold-4-pool300-s42.json,
combination_dev,active,homecredit,iv_then_boruta,catboost,state_bound_payload,results/selector_combinations_v1/dev/evaluations/scv1-dev-086-homecredit-iv-then-boruta-catboost-fold-4-pool300-s42.final_model_configuration.json,1909,35bb6a1ab4d03b2420ec8dc9b65c53ff6cb28cf01199857e2d25535e8ba65284,True,results/selector_combinations_v1/dev/evaluations/scv1-dev-086-homecredit-iv-then-boruta-catboost-fold-4-pool300-s42.json,
combination_dev,active,homecredit,iv_then_boruta,catboost,state_bound_payload,results/selector_combinations_v1/dev/evaluations/scv1-dev-102-homecredit-iv-then-boruta-catboost-fold-5-pool100-s42.dev_metrics.json,632,d7361c491b90692853348b89ff730ab3057e6bfd53753a2b650ffdec43d14dd9,True,results/selector_combinations_v1/dev/evaluations/scv1-dev-102-homecredit-iv-then-boruta-catboost-fold-5-pool100-s42.json,
combination_dev,active,homecredit,iv_then_boruta,catboost,state_bound_payload,results/selector_combinations_v1/dev/evaluations/scv1-dev-102-homecredit-iv-then-boruta-catboost-fold-5-pool100-s42.dev_predictions.csv,2235531,f5c68c0c7bb92e301d35a37741017aacc2c717d20b5678e17cacf794e615e6d6,True,results/selector_combinations_v1/dev/evaluations/scv1-dev-102-homecredit-iv-then-boruta-catboost-fold-5-pool100-s42.json,
combination_dev,active,homecredit,iv_then_boruta,catboost,state_bound_payload,results/selector_combinations_v1/dev/evaluations/scv1-dev-102-homecredit-iv-then-boruta-catboost-fold-5-pool100-s42.final_model_configuration.json,1908,0fbe97ea07f1d6b4e598067cf2464027bbc66255c3b096a7fe3746685ce3f79c,True,results/selector_combinations_v1/dev/evaluations/scv1-dev-102-homecredit-iv-then-boruta-catboost-fold-5-pool100-s42.json,
combination_dev,active,homecredit,iv_then_boruta,catboost,state_bound_payload,results/selector_combinations_v1/dev/evaluations/scv1-dev-106-homecredit-iv-then-boruta-catboost-fold-5-pool200-s42.dev_metrics.json,633,024dafc5489272e70aa10cd6795b65af52ff6967bb908ffc120c6d0b3ebdacc3,True,results/selector_combinations_v1/dev/evaluations/scv1-dev-106-homecredit-iv-then-boruta-catboost-fold-5-pool200-s42.json,
combination_dev,active,homecredit,iv_then_boruta,catboost,state_bound_payload,results/selector_combinations_v1/dev/evaluations/scv1-dev-106-homecredit-iv-then-boruta-catboost-fold-5-pool200-s42.dev_predictions.csv,2235662,4e0f7d3b16bb78c173cf72760ee4217e81d11ce7fb6504963202a744ef7363c3,True,results/selector_combinations_v1/dev/evaluations/scv1-dev-106-homecredit-iv-then-boruta-catboost-fold-5-pool200-s42.json,
combination_dev,active,homecredit,iv_then_boruta,catboost,state_bound_payload,results/selector_combinations_v1/dev/evaluations/scv1-dev-106-homecredit-iv-then-boruta-catboost-fold-5-pool200-s42.final_model_configuration.json,1909,1ccf500819454a45b5e4750020a834cbe2060d3cebc6971f990d3035ac6c6e5c,True,results/selector_combinations_v1/dev/evaluations/scv1-dev-106-homecredit-iv-then-boruta-catboost-fold-5-pool200-s42.json,
combination_dev,active,homecredit,iv_then_boruta,catboost,state_bound_payload,results/selector_combinations_v1/dev/evaluations/scv1-dev-110-homecredit-iv-then-boruta-catboost-fold-5-pool300-s42.dev_metrics.json,636,48bd005a6e261a2721ccdaddaea07c423ac0b823f2d48390b5eed178032ac547,True,results/selector_combinations_v1/dev/evaluations/scv1-dev-110-homecredit-iv-then-boruta-catboost-fold-5-pool300-s42.json,
combination_dev,active,homecredit,iv_then_boruta,catboost,state_bound_payload,results/selector_combinations_v1/dev/evaluations/scv1-dev-110-homecredit-iv-then-boruta-catboost-fold-5-pool300-s42.dev_predictions.csv,2236022,210b84782fb93637feb934229c5a9838fd4fd4bfc3bb023ff1d31316fbbb2bae,True,results/selector_combinations_v1/dev/evaluations/scv1-dev-110-homecredit-iv-then-boruta-catboost-fold-5-pool300-s42.json,
combination_dev,active,homecredit,iv_then_boruta,catboost,state_bound_payload,results/selector_combinations_v1/dev/evaluations/scv1-dev-110-homecredit-iv-then-boruta-catboost-fold-5-pool300-s42.final_model_configuration.json,1911,81b1809e797524a28b9b406df51036addd3a6390e1d8757a1bdd5abd1c88a02d,True,results/selector_combinations_v1/dev/evaluations/scv1-dev-110-homecredit-iv-then-boruta-catboost-fold-5-pool300-s42.json,
combination_dev,active,homecredit,iv_then_boruta,lr,evaluation_state,results/selector_combinations_v1/dev/evaluations/scv1-dev-005-homecredit-iv-then-boruta-lr-fold-1-pool100-s42.json,6948,96862cada2afb54476043c45fff8d09284b4216099908c07d0fc400225c21682,True,results/selector_combinations_v1/dev/evaluations/scv1-dev-005-homecredit-iv-then-boruta-lr-fold-1-pool100-s42.json,
combination_dev,active,homecredit,iv_then_boruta,lr,evaluation_state,results/selector_combinations_v1/dev/evaluations/scv1-dev-009-homecredit-iv-then-boruta-lr-fold-1-pool200-s42.json,6950,edc33f6e6cd8dd60184363fbbd27c7d74552548ef2d8d92551b40964b52e5c1b,True,results/selector_combinations_v1/dev/evaluations/scv1-dev-009-homecredit-iv-then-boruta-lr-fold-1-pool200-s42.json,
combination_dev,active,homecredit,iv_then_boruta,lr,evaluation_state,results/selector_combinations_v1/dev/evaluations/scv1-dev-013-homecredit-iv-then-boruta-lr-fold-1-pool300-s42.json,6950,320d861b0d22b2ce21611a6e979914f33e13748faee6320102ad90790e5b7a3c,True,results/selector_combinations_v1/dev/evaluations/scv1-dev-013-homecredit-iv-then-boruta-lr-fold-1-pool300-s42.json,
combination_dev,active,homecredit,iv_then_boruta,lr,evaluation_state,results/selector_combinations_v1/dev/evaluations/scv1-dev-029-homecredit-iv-then-boruta-lr-fold-2-pool100-s42.json,6953,3f9219796be9dd8485f952ec3a52f361eddc33f393d6f6dc6bee902706b6ae3e,True,results/selector_combinations_v1/dev/evaluations/scv1-dev-029-homecredit-iv-then-boruta-lr-fold-2-pool100-s42.json,
combination_dev,active,homecredit,iv_then_boruta,lr,evaluation_state,results/selector_combinations_v1/dev/evaluations/scv1-dev-033-homecredit-iv-then-boruta-lr-fold-2-pool200-s42.json,6949,93eddf770012d85cd4d7fac3bbfed53846eef52c18e311188c440ba30e9d2331,True,results/selector_combinations_v1/dev/evaluations/scv1-dev-033-homecredit-iv-then-boruta-lr-fold-2-pool200-s42.json,
combination_dev,active,homecredit,iv_then_boruta,lr,evaluation_state,results/selector_combinations_v1/dev/evaluations/scv1-dev-037-homecredit-iv-then-boruta-lr-fold-2-pool300-s42.json,6949,951ffec1be006dd00ce30f15eadf5db178ea538829f7383af9d7186d2ff61462,True,results/selector_combinations_v1/dev/evaluations/scv1-dev-037-homecredit-iv-then-boruta-lr-fold-2-pool300-s42.json,
combination_dev,active,homecredit,iv_then_boruta,lr,evaluation_state,results/selector_combinations_v1/dev/evaluations/scv1-dev-053-homecredit-iv-then-boruta-lr-fold-3-pool100-s42.json,6948,0a959cbdf052e804da09ae4d4e45e6862563526e16c8d1211e896e56e0c75a26,True,results/selector_combinations_v1/dev/evaluations/scv1-dev-053-homecredit-iv-then-boruta-lr-fold-3-pool100-s42.json,
combination_dev,active,homecredit,iv_then_boruta,lr,evaluation_state,results/selector_combinations_v1/dev/evaluations/scv1-dev-057-homecredit-iv-then-boruta-lr-fold-3-pool200-s42.json,6952,90870757eebd81c3dd5dad37076206f6a22a7d94692a407c269d2f72c78b073a,True,results/selector_combinations_v1/dev/evaluations/scv1-dev-057-homecredit-iv-then-boruta-lr-fold-3-pool200-s42.json,
combination_dev,active,homecredit,iv_then_boruta,lr,evaluation_state,results/selector_combinations_v1/dev/evaluations/scv1-dev-061-homecredit-iv-then-boruta-lr-fold-3-pool300-s42.json,6950,5e5f5889c4ba46dc42ffc11a7a8d2f18a09d3c7b6c441208e6f590911dc867b2,True,results/selector_combinations_v1/dev/evaluations/scv1-dev-061-homecredit-iv-then-boruta-lr-fold-3-pool300-s42.json,
combination_dev,active,homecredit,iv_then_boruta,lr,evaluation_state,results/selector_combinations_v1/dev/evaluations/scv1-dev-077-homecredit-iv-then-boruta-lr-fold-4-pool100-s42.json,6951,bdd6f8f50b7593b6735dbf2c9debe83a87a2816a742ab24a2def3c078f193844,True,results/selector_combinations_v1/dev/evaluations/scv1-dev-077-homecredit-iv-then-boruta-lr-fold-4-pool100-s42.json,
combination_dev,active,homecredit,iv_then_boruta,lr,evaluation_state,results/selector_combinations_v1/dev/evaluations/scv1-dev-081-homecredit-iv-then-boruta-lr-fold-4-pool200-s42.json,6947,75f046d11ae4b8430c66784b9ed148e455920746d63412abadabcfdaaf92008b,True,results/selector_combinations_v1/dev/evaluations/scv1-dev-081-homecredit-iv-then-boruta-lr-fold-4-pool200-s42.json,
combination_dev,active,homecredit,iv_then_boruta,lr,evaluation_state,results/selector_combinations_v1/dev/evaluations/scv1-dev-085-homecredit-iv-then-boruta-lr-fold-4-pool300-s42.json,6952,d338d06aac0d6a8c6bd6d000967b12945d4cbc5973091517a2815162d9ff31db,True,results/selector_combinations_v1/dev/evaluations/scv1-dev-085-homecredit-iv-then-boruta-lr-fold-4-pool300-s42.json,
combination_dev,active,homecredit,iv_then_boruta,lr,evaluation_state,results/selector_combinations_v1/dev/evaluations/scv1-dev-101-homecredit-iv-then-boruta-lr-fold-5-pool100-s42.json,6950,948017531d0fa5525fcee038b9c3a5ac7bedb4fcb6c04e000c8b8ec5b44cc7f3,True,results/selector_combinations_v1/dev/evaluations/scv1-dev-101-homecredit-iv-then-boruta-lr-fold-5-pool100-s42.json,
combination_dev,active,homecredit,iv_then_boruta,lr,evaluation_state,results/selector_combinations_v1/dev/evaluations/scv1-dev-105-homecredit-iv-then-boruta-lr-fold-5-pool200-s42.json,6951,68537093450552a3cca779f9c73717db2e9c75b52bbc8e7526e9736a4021fe23,True,results/selector_combinations_v1/dev/evaluations/scv1-dev-105-homecredit-iv-then-boruta-lr-fold-5-pool200-s42.json,
combination_dev,active,homecredit,iv_then_boruta,lr,evaluation_state,results/selector_combinations_v1/dev/evaluations/scv1-dev-109-homecredit-iv-then-boruta-lr-fold-5-pool300-s42.json,6955,a0943133f33b30a5bb6502029d71cc71e07e3794ba0d7e4c26558c9b51605fd6,True,results/selector_combinations_v1/dev/evaluations/scv1-dev-109-homecredit-iv-then-boruta-lr-fold-5-pool300-s42.json,
combination_dev,active,homecredit,iv_then_boruta,lr,state_bound_payload,results/selector_combinations_v1/dev/evaluations/scv1-dev-005-homecredit-iv-then-boruta-lr-fold-1-pool100-s42.dev_metrics.json,632,d4655b4b65bb2fa1e957c12ae5157e415814f538178d3f03e206163ab5bf0fb2,True,results/selector_combinations_v1/dev/evaluations/scv1-dev-005-homecredit-iv-then-boruta-lr-fold-1-pool100-s42.json,
combination_dev,active,homecredit,iv_then_boruta,lr,state_bound_payload,results/selector_combinations_v1/dev/evaluations/scv1-dev-005-homecredit-iv-then-boruta-lr-fold-1-pool100-s42.dev_predictions.csv,2094735,01659df85f38a0881afc4d56518b9dcfe26099cd84093907a7de05b988dd578f,True,results/selector_combinations_v1/dev/evaluations/scv1-dev-005-homecredit-iv-then-boruta-lr-fold-1-pool100-s42.json,
combination_dev,active,homecredit,iv_then_boruta,lr,state_bound_payload,results/selector_combinations_v1/dev/evaluations/scv1-dev-005-homecredit-iv-then-boruta-lr-fold-1-pool100-s42.final_model_configuration.json,1208,23ada95e0f85d6c5567ea9ff168c512133154e10cf2b1a8c4ffac63b30c177d9,True,results/selector_combinations_v1/dev/evaluations/scv1-dev-005-homecredit-iv-then-boruta-lr-fold-1-pool100-s42.json,
combination_dev,active,homecredit,iv_then_boruta,lr,state_bound_payload,results/selector_combinations_v1/dev/evaluations/scv1-dev-009-homecredit-iv-then-boruta-lr-fold-1-pool200-s42.dev_metrics.json,634,d6e85102df0826f1b9f7ac1037d829208cf0bca848f1a8e7bb66e217255c6524,True,results/selector_combinations_v1/dev/evaluations/scv1-dev-009-homecredit-iv-then-boruta-lr-fold-1-pool200-s42.json,
combination_dev,active,homecredit,iv_then_boruta,lr,state_bound_payload,results/selector_combinations_v1/dev/evaluations/scv1-dev-009-homecredit-iv-then-boruta-lr-fold-1-pool200-s42.dev_predictions.csv,2094827,d0799bff58609e8071127f571ad1c66f7cb65f4e14fe5f009eed68c6cbccb179,True,results/selector_combinations_v1/dev/evaluations/scv1-dev-009-homecredit-iv-then-boruta-lr-fold-1-pool200-s42.json,
combination_dev,active,homecredit,iv_then_boruta,lr,state_bound_payload,results/selector_combinations_v1/dev/evaluations/scv1-dev-009-homecredit-iv-then-boruta-lr-fold-1-pool200-s42.final_model_configuration.json,1208,c1e37ee6cd62fbabf52d369bce5d8651f5a21d995448ed040812670af9b58207,True,results/selector_combinations_v1/dev/evaluations/scv1-dev-009-homecredit-iv-then-boruta-lr-fold-1-pool200-s42.json,
combination_dev,active,homecredit,iv_then_boruta,lr,state_bound_payload,results/selector_combinations_v1/dev/evaluations/scv1-dev-013-homecredit-iv-then-boruta-lr-fold-1-pool300-s42.dev_metrics.json,633,a15fb606d816a1443191297f19b08385642e1cfbd4843f6f71c5d4daa95d1eaf,True,results/selector_combinations_v1/dev/evaluations/scv1-dev-013-homecredit-iv-then-boruta-lr-fold-1-pool300-s42.json,
combination_dev,active,homecredit,iv_then_boruta,lr,state_bound_payload,results/selector_combinations_v1/dev/evaluations/scv1-dev-013-homecredit-iv-then-boruta-lr-fold-1-pool300-s42.dev_predictions.csv,2094853,fca4078fef695c86013ccbea3f23fba59a1fc022e855dcf97820726ec99f4396,True,results/selector_combinations_v1/dev/evaluations/scv1-dev-013-homecredit-iv-then-boruta-lr-fold-1-pool300-s42.json,
combination_dev,active,homecredit,iv_then_boruta,lr,state_bound_payload,results/selector_combinations_v1/dev/evaluations/scv1-dev-013-homecredit-iv-then-boruta-lr-fold-1-pool300-s42.final_model_configuration.json,1208,ef5b266a95ee6724b1f2697381ab09daf3cb02ff1ce210b9f4ce57dcd1d47ccb,True,results/selector_combinations_v1/dev/evaluations/scv1-dev-013-homecredit-iv-then-boruta-lr-fold-1-pool300-s42.json,
combination_dev,active,homecredit,iv_then_boruta,lr,state_bound_payload,results/selector_combinations_v1/dev/evaluations/scv1-dev-029-homecredit-iv-then-boruta-lr-fold-2-pool100-s42.dev_metrics.json,636,02496f3d6c33c030d56f5fc38f00e4aad395e245f88fc0d73d86f033d0227dd3,True,results/selector_combinations_v1/dev/evaluations/scv1-dev-029-homecredit-iv-then-boruta-lr-fold-2-pool100-s42.json,
combination_dev,active,homecredit,iv_then_boruta,lr,state_bound_payload,results/selector_combinations_v1/dev/evaluations/scv1-dev-029-homecredit-iv-then-boruta-lr-fold-2-pool100-s42.dev_predictions.csv,2084503,873bbd61382b81e16d67f9604d0e2b8e7684f5665c8321cb4690ce3d44f4c38a,True,results/selector_combinations_v1/dev/evaluations/scv1-dev-029-homecredit-iv-then-boruta-lr-fold-2-pool100-s42.json,
combination_dev,active,homecredit,iv_then_boruta,lr,state_bound_payload,results/selector_combinations_v1/dev/evaluations/scv1-dev-029-homecredit-iv-then-boruta-lr-fold-2-pool100-s42.final_model_configuration.json,1208,b72e4dfc3be6c9718ec1790a267c2f075adc466d42782c247faa75b930f91a56,True,results/selector_combinations_v1/dev/evaluations/scv1-dev-029-homecredit-iv-then-boruta-lr-fold-2-pool100-s42.json,
combination_dev,active,homecredit,iv_then_boruta,lr,state_bound_payload,results/selector_combinations_v1/dev/evaluations/scv1-dev-033-homecredit-iv-then-boruta-lr-fold-2-pool200-s42.dev_metrics.json,632,8db7f5a1f7a571bc5d3ea5be9908b6e3973895ddd1121bd1b2f9bc94ec5fca1f,True,results/selector_combinations_v1/dev/evaluations/scv1-dev-033-homecredit-iv-then-boruta-lr-fold-2-pool200-s42.json,
combination_dev,active,homecredit,iv_then_boruta,lr,state_bound_payload,results/selector_combinations_v1/dev/evaluations/scv1-dev-033-homecredit-iv-then-boruta-lr-fold-2-pool200-s42.dev_predictions.csv,2084586,c0cb5b725c6560a97b1b8694f4e7c772fdfbc8d8837b1e7819f45cf79d415480,True,results/selector_combinations_v1/dev/evaluations/scv1-dev-033-homecredit-iv-then-boruta-lr-fold-2-pool200-s42.json,
combination_dev,active,homecredit,iv_then_boruta,lr,state_bound_payload,results/selector_combinations_v1/dev/evaluations/scv1-dev-033-homecredit-iv-then-boruta-lr-fold-2-pool200-s42.final_model_configuration.json,1208,8d45f50a16bd457d8d9f8b5776859ddcb27ba0a974e02bbe8b12dc76c696815b,True,results/selector_combinations_v1/dev/evaluations/scv1-dev-033-homecredit-iv-then-boruta-lr-fold-2-pool200-s42.json,
combination_dev,active,homecredit,iv_then_boruta,lr,state_bound_payload,results/selector_combinations_v1/dev/evaluations/scv1-dev-037-homecredit-iv-then-boruta-lr-fold-2-pool300-s42.dev_metrics.json,632,07d8266fb1b739293dc1d424158cb1a9bd7370a9a088d9ce6c3a45749051b557,True,results/selector_combinations_v1/dev/evaluations/scv1-dev-037-homecredit-iv-then-boruta-lr-fold-2-pool300-s42.json,
combination_dev,active,homecredit,iv_then_boruta,lr,state_bound_payload,results/selector_combinations_v1/dev/evaluations/scv1-dev-037-homecredit-iv-then-boruta-lr-fold-2-pool300-s42.dev_predictions.csv,2084617,dfcf59fe2b53e6357325d23ccf206af3e39fbac02d7e31e7797021e83768bcc6,True,results/selector_combinations_v1/dev/evaluations/scv1-dev-037-homecredit-iv-then-boruta-lr-fold-2-pool300-s42.json,
combination_dev,active,homecredit,iv_then_boruta,lr,state_bound_payload,results/selector_combinations_v1/dev/evaluations/scv1-dev-037-homecredit-iv-then-boruta-lr-fold-2-pool300-s42.final_model_configuration.json,1208,f6ec784ffd4b526039bbe4d26f9987115f532e944f7a0bd31c6963730905184e,True,results/selector_combinations_v1/dev/evaluations/scv1-dev-037-homecredit-iv-then-boruta-lr-fold-2-pool300-s42.json,
combination_dev,active,homecredit,iv_then_boruta,lr,state_bound_payload,results/selector_combinations_v1/dev/evaluations/scv1-dev-053-homecredit-iv-then-boruta-lr-fold-3-pool100-s42.dev_metrics.json,631,f0e3c5ad6a5d13d7b79de5c8bd432b2dd2478ee2176bde63848fa54854e7f062,True,results/selector_combinations_v1/dev/evaluations/scv1-dev-053-homecredit-iv-then-boruta-lr-fold-3-pool100-s42.json,
combination_dev,active,homecredit,iv_then_boruta,lr,state_bound_payload,results/selector_combinations_v1/dev/evaluations/scv1-dev-053-homecredit-iv-then-boruta-lr-fold-3-pool100-s42.dev_predictions.csv,2054725,98f6aab38636404c97d9cff281a12c61230b494de1fd438b314ef700aa469a73,True,results/selector_combinations_v1/dev/evaluations/scv1-dev-053-homecredit-iv-then-boruta-lr-fold-3-pool100-s42.json,
combination_dev,active,homecredit,iv_then_boruta,lr,state_bound_payload,results/selector_combinations_v1/dev/evaluations/scv1-dev-053-homecredit-iv-then-boruta-lr-fold-3-pool100-s42.final_model_configuration.json,1208,8417fef42e35c5c3b8e6c4dc253abff74071b08f5aac4c43f845b370a629ff05,True,results/selector_combinations_v1/dev/evaluations/scv1-dev-053-homecredit-iv-then-boruta-lr-fold-3-pool100-s42.json,
combination_dev,active,homecredit,iv_then_boruta,lr,state_bound_payload,results/selector_combinations_v1/dev/evaluations/scv1-dev-057-homecredit-iv-then-boruta-lr-fold-3-pool200-s42.dev_metrics.json,635,739038a8526f4c99f1f7927569e4200fe2ee93c80961ea5183e1730442953dc1,True,results/selector_combinations_v1/dev/evaluations/scv1-dev-057-homecredit-iv-then-boruta-lr-fold-3-pool200-s42.json,
combination_dev,active,homecredit,iv_then_boruta,lr,state_bound_payload,results/selector_combinations_v1/dev/evaluations/scv1-dev-057-homecredit-iv-then-boruta-lr-fold-3-pool200-s42.dev_predictions.csv,2054514,4892c88a6c948956915d74a7d71021721c1f3f0ca47c3a7784780321e2120f21,True,results/selector_combinations_v1/dev/evaluations/scv1-dev-057-homecredit-iv-then-boruta-lr-fold-3-pool200-s42.json,
combination_dev,active,homecredit,iv_then_boruta,lr,state_bound_payload,results/selector_combinations_v1/dev/evaluations/scv1-dev-057-homecredit-iv-then-boruta-lr-fold-3-pool200-s42.final_model_configuration.json,1208,90799f058eb52327b6fd3a416a9e00f1d2e6d613a0614a0e5ca35b07b8933feb,True,results/selector_combinations_v1/dev/evaluations/scv1-dev-057-homecredit-iv-then-boruta-lr-fold-3-pool200-s42.json,
combination_dev,active,homecredit,iv_then_boruta,lr,state_bound_payload,results/selector_combinations_v1/dev/evaluations/scv1-dev-061-homecredit-iv-then-boruta-lr-fold-3-pool300-s42.dev_metrics.json,633,b6e23514dcf72e402205269fb0ce7a083a436f0bd6c2634f8b09c058843f2a92,True,results/selector_combinations_v1/dev/evaluations/scv1-dev-061-homecredit-iv-then-boruta-lr-fold-3-pool300-s42.json,
combination_dev,active,homecredit,iv_then_boruta,lr,state_bound_payload,results/selector_combinations_v1/dev/evaluations/scv1-dev-061-homecredit-iv-then-boruta-lr-fold-3-pool300-s42.dev_predictions.csv,2054594,ac807d24d4e5f6c859fc05ee85e744167d0313311226c963699bdffba3c4b4a0,True,results/selector_combinations_v1/dev/evaluations/scv1-dev-061-homecredit-iv-then-boruta-lr-fold-3-pool300-s42.json,
combination_dev,active,homecredit,iv_then_boruta,lr,state_bound_payload,results/selector_combinations_v1/dev/evaluations/scv1-dev-061-homecredit-iv-then-boruta-lr-fold-3-pool300-s42.final_model_configuration.json,1208,15e169c76a03aadd99f2650fa58972fdaf4c2563708027b9e1078dbd68426c9d,True,results/selector_combinations_v1/dev/evaluations/scv1-dev-061-homecredit-iv-then-boruta-lr-fold-3-pool300-s42.json,
combination_dev,active,homecredit,iv_then_boruta,lr,state_bound_payload,results/selector_combinations_v1/dev/evaluations/scv1-dev-077-homecredit-iv-then-boruta-lr-fold-4-pool100-s42.dev_metrics.json,634,17fceee79f56e022cf7fe96a66364ec847e0cb0e5555235fe4a35f079d53adef,True,results/selector_combinations_v1/dev/evaluations/scv1-dev-077-homecredit-iv-then-boruta-lr-fold-4-pool100-s42.json,
combination_dev,active,homecredit,iv_then_boruta,lr,state_bound_payload,results/selector_combinations_v1/dev/evaluations/scv1-dev-077-homecredit-iv-then-boruta-lr-fold-4-pool100-s42.dev_predictions.csv,2082777,fee4a68bdb37f9c96c2d9992c524f601372fabfcb1109a1b8658e619098d86d8,True,results/selector_combinations_v1/dev/evaluations/scv1-dev-077-homecredit-iv-then-boruta-lr-fold-4-pool100-s42.json,
combination_dev,active,homecredit,iv_then_boruta,lr,state_bound_payload,results/selector_combinations_v1/dev/evaluations/scv1-dev-077-homecredit-iv-then-boruta-lr-fold-4-pool100-s42.final_model_configuration.json,1208,b31aba8abf3070629a2b249c26f23a6920d2d7c2a1b6a4efb44a5567df4f73ec,True,results/selector_combinations_v1/dev/evaluations/scv1-dev-077-homecredit-iv-then-boruta-lr-fold-4-pool100-s42.json,
combination_dev,active,homecredit,iv_then_boruta,lr,state_bound_payload,results/selector_combinations_v1/dev/evaluations/scv1-dev-081-homecredit-iv-then-boruta-lr-fold-4-pool200-s42.dev_metrics.json,630,78e11ab40099eb748883a0fe66f5972b7c9b88128022f1491048c73538ebafa2,True,results/selector_combinations_v1/dev/evaluations/scv1-dev-081-homecredit-iv-then-boruta-lr-fold-4-pool200-s42.json,
combination_dev,active,homecredit,iv_then_boruta,lr,state_bound_payload,results/selector_combinations_v1/dev/evaluations/scv1-dev-081-homecredit-iv-then-boruta-lr-fold-4-pool200-s42.dev_predictions.csv,2083041,dba1e1deeb1554bf290f35acc1bcdc150b4329dd4da9be111bfd9ed7ccd848dc,True,results/selector_combinations_v1/dev/evaluations/scv1-dev-081-homecredit-iv-then-boruta-lr-fold-4-pool200-s42.json,
combination_dev,active,homecredit,iv_then_boruta,lr,state_bound_payload,results/selector_combinations_v1/dev/evaluations/scv1-dev-081-homecredit-iv-then-boruta-lr-fold-4-pool200-s42.final_model_configuration.json,1208,422c8e516e5af85b8ae3a0932c4b9b57f67d8fc92462d0eec7cb0cf13145a256,True,results/selector_combinations_v1/dev/evaluations/scv1-dev-081-homecredit-iv-then-boruta-lr-fold-4-pool200-s42.json,
combination_dev,active,homecredit,iv_then_boruta,lr,state_bound_payload,results/selector_combinations_v1/dev/evaluations/scv1-dev-085-homecredit-iv-then-boruta-lr-fold-4-pool300-s42.dev_metrics.json,634,eea791932b5f8db5a4ecf6ec2e570bba36530afd86b7bcc0ff6b60045e33eae2,True,results/selector_combinations_v1/dev/evaluations/scv1-dev-085-homecredit-iv-then-boruta-lr-fold-4-pool300-s42.json,
combination_dev,active,homecredit,iv_then_boruta,lr,state_bound_payload,results/selector_combinations_v1/dev/evaluations/scv1-dev-085-homecredit-iv-then-boruta-lr-fold-4-pool300-s42.dev_predictions.csv,2082809,d82dfb26d691ac8897e1ef01bea90b8fa755cd2cb7a5229b0001c5d137160453,True,results/selector_combinations_v1/dev/evaluations/scv1-dev-085-homecredit-iv-then-boruta-lr-fold-4-pool300-s42.json,
combination_dev,active,homecredit,iv_then_boruta,lr,state_bound_payload,results/selector_combinations_v1/dev/evaluations/scv1-dev-085-homecredit-iv-then-boruta-lr-fold-4-pool300-s42.final_model_configuration.json,1209,e4ed6ddbf218e07d588fdeedd9b5a79d6e3732ff158713984314ff81f91fad82,True,results/selector_combinations_v1/dev/evaluations/scv1-dev-085-homecredit-iv-then-boruta-lr-fold-4-pool300-s42.json,
combination_dev,active,homecredit,iv_then_boruta,lr,state_bound_payload,results/selector_combinations_v1/dev/evaluations/scv1-dev-101-homecredit-iv-then-boruta-lr-fold-5-pool100-s42.dev_metrics.json,632,c252b7c4345799be1b86f9eafd724d266efbf8077eb13a31f745372ed667b6ba,True,results/selector_combinations_v1/dev/evaluations/scv1-dev-101-homecredit-iv-then-boruta-lr-fold-5-pool100-s42.json,
combination_dev,active,homecredit,iv_then_boruta,lr,state_bound_payload,results/selector_combinations_v1/dev/evaluations/scv1-dev-101-homecredit-iv-then-boruta-lr-fold-5-pool100-s42.dev_predictions.csv,2037340,9ed3d8f2586e6c7f51d7c8e077c20cc64e852ce0be18eb7a4d6750ba7950c353,True,results/selector_combinations_v1/dev/evaluations/scv1-dev-101-homecredit-iv-then-boruta-lr-fold-5-pool100-s42.json,
combination_dev,active,homecredit,iv_then_boruta,lr,state_bound_payload,results/selector_combinations_v1/dev/evaluations/scv1-dev-101-homecredit-iv-then-boruta-lr-fold-5-pool100-s42.final_model_configuration.json,1208,d71697319937ba5d9adcf9c224d515bbe38421e8045898fe594993ed9e6270b1,True,results/selector_combinations_v1/dev/evaluations/scv1-dev-101-homecredit-iv-then-boruta-lr-fold-5-pool100-s42.json,
combination_dev,active,homecredit,iv_then_boruta,lr,state_bound_payload,results/selector_combinations_v1/dev/evaluations/scv1-dev-105-homecredit-iv-then-boruta-lr-fold-5-pool200-s42.dev_metrics.json,632,c35e0174f454b7de8290d0369eef39b1745c22c5bdec4c49d1091baac265fa5f,True,results/selector_combinations_v1/dev/evaluations/scv1-dev-105-homecredit-iv-then-boruta-lr-fold-5-pool200-s42.json,
combination_dev,active,homecredit,iv_then_boruta,lr,state_bound_payload,results/selector_combinations_v1/dev/evaluations/scv1-dev-105-homecredit-iv-then-boruta-lr-fold-5-pool200-s42.dev_predictions.csv,2037578,2a096e8cdb055b68b42cb8017e14b874c9297d1232b8baa23036f8f212f99408,True,results/selector_combinations_v1/dev/evaluations/scv1-dev-105-homecredit-iv-then-boruta-lr-fold-5-pool200-s42.json,
combination_dev,active,homecredit,iv_then_boruta,lr,state_bound_payload,results/selector_combinations_v1/dev/evaluations/scv1-dev-105-homecredit-iv-then-boruta-lr-fold-5-pool200-s42.final_model_configuration.json,1209,49c2a523ab65e2c631a396bc79e83ed825c7d6b9ee7ccd0a05b58f6882363c7a,True,results/selector_combinations_v1/dev/evaluations/scv1-dev-105-homecredit-iv-then-boruta-lr-fold-5-pool200-s42.json,
combination_dev,active,homecredit,iv_then_boruta,lr,state_bound_payload,results/selector_combinations_v1/dev/evaluations/scv1-dev-109-homecredit-iv-then-boruta-lr-fold-5-pool300-s42.dev_metrics.json,634,fce1428769d25baa17f8ea8071e751747d8a7c80fca858cc6f659372bf778746,True,results/selector_combinations_v1/dev/evaluations/scv1-dev-109-homecredit-iv-then-boruta-lr-fold-5-pool300-s42.json,
combination_dev,active,homecredit,iv_then_boruta,lr,state_bound_payload,results/selector_combinations_v1/dev/evaluations/scv1-dev-109-homecredit-iv-then-boruta-lr-fold-5-pool300-s42.dev_predictions.csv,2037587,8de4fd3da025422b4cc4261c464bcc55cd5c835041f627f9cd14e47e5e97ff47,True,results/selector_combinations_v1/dev/evaluations/scv1-dev-109-homecredit-iv-then-boruta-lr-fold-5-pool300-s42.json,
combination_dev,active,homecredit,iv_then_boruta,lr,state_bound_payload,results/selector_combinations_v1/dev/evaluations/scv1-dev-109-homecredit-iv-then-boruta-lr-fold-5-pool300-s42.final_model_configuration.json,1211,85d1e012f6ffbd5116d3d1170069c5f3ec89e826d67a1fd2da1d1dec0c85984c,True,results/selector_combinations_v1/dev/evaluations/scv1-dev-109-homecredit-iv-then-boruta-lr-fold-5-pool300-s42.json,
combination_dev,active,homecredit,statistical_normalized_average_rank,,selection_state,results/selector_combinations_v1/dev/selections/scv1-homecredit-fold-1-statistical-normalized-average-rank-k20-s42.json,1084439,eca49af17ed99939db0cbbf4afc2fd7a6f2eca2ec3a6cbe5001d1cdd901c42bf,True,results/selector_combinations_v1/dev/selections/scv1-homecredit-fold-1-statistical-normalized-average-rank-k20-s42.json,
combination_dev,active,homecredit,statistical_normalized_average_rank,,selection_state,results/selector_combinations_v1/dev/selections/scv1-homecredit-fold-1-statistical-normalized-average-rank-k40-s42.json,1085344,07806ec31fc3d62a1540db93a6228fe34f0d58b7decbda58e9b279618f3b11ef,True,results/selector_combinations_v1/dev/selections/scv1-homecredit-fold-1-statistical-normalized-average-rank-k40-s42.json,
combination_dev,active,homecredit,statistical_normalized_average_rank,,selection_state,results/selector_combinations_v1/dev/selections/scv1-homecredit-fold-2-statistical-normalized-average-rank-k20-s42.json,1083786,4bb1e69b3efeb6e9f9ccdf279cd5f11936b3baf75d927e2775a9dd7020eb71e5,True,results/selector_combinations_v1/dev/selections/scv1-homecredit-fold-2-statistical-normalized-average-rank-k20-s42.json,
combination_dev,active,homecredit,statistical_normalized_average_rank,,selection_state,results/selector_combinations_v1/dev/selections/scv1-homecredit-fold-2-statistical-normalized-average-rank-k40-s42.json,1084700,90bd6819a93cf26192fe34ba27a7ce4524961898ffa67e558699edfaae740792,True,results/selector_combinations_v1/dev/selections/scv1-homecredit-fold-2-statistical-normalized-average-rank-k40-s42.json,
combination_dev,active,homecredit,statistical_normalized_average_rank,,selection_state,results/selector_combinations_v1/dev/selections/scv1-homecredit-fold-3-statistical-normalized-average-rank-k20-s42.json,1084013,9446045f0e32623d8ce38d095e4f1cb348ad20c84156b7c9d900940219933891,True,results/selector_combinations_v1/dev/selections/scv1-homecredit-fold-3-statistical-normalized-average-rank-k20-s42.json,
combination_dev,active,homecredit,statistical_normalized_average_rank,,selection_state,results/selector_combinations_v1/dev/selections/scv1-homecredit-fold-3-statistical-normalized-average-rank-k40-s42.json,1084950,20490724e38e64a41c3ef98a520d37e7d2c679a13b2e4dfb476e8cb0f0e43245,True,results/selector_combinations_v1/dev/selections/scv1-homecredit-fold-3-statistical-normalized-average-rank-k40-s42.json,
combination_dev,active,homecredit,statistical_normalized_average_rank,,selection_state,results/selector_combinations_v1/dev/selections/scv1-homecredit-fold-4-statistical-normalized-average-rank-k20-s42.json,1083836,d6ca57eaa901f62b2778f7eac3660e1976d79287a8abf35738005dac83dbee08,True,results/selector_combinations_v1/dev/selections/scv1-homecredit-fold-4-statistical-normalized-average-rank-k20-s42.json,
combination_dev,active,homecredit,statistical_normalized_average_rank,,selection_state,results/selector_combinations_v1/dev/selections/scv1-homecredit-fold-4-statistical-normalized-average-rank-k40-s42.json,1084723,9d1df2d9ff60e269bd75b602c057906a4b485bf69b1a852b9cf120f0feef5218,True,results/selector_combinations_v1/dev/selections/scv1-homecredit-fold-4-statistical-normalized-average-rank-k40-s42.json,
combination_dev,active,homecredit,statistical_normalized_average_rank,,selection_state,results/selector_combinations_v1/dev/selections/scv1-homecredit-fold-5-statistical-normalized-average-rank-k20-s42.json,1083695,7b377d1d8ca8ca408f36064d2b0625a63e012644bf6732e211a7a8ce8f447917,True,results/selector_combinations_v1/dev/selections/scv1-homecredit-fold-5-statistical-normalized-average-rank-k20-s42.json,
combination_dev,active,homecredit,statistical_normalized_average_rank,,selection_state,results/selector_combinations_v1/dev/selections/scv1-homecredit-fold-5-statistical-normalized-average-rank-k40-s42.json,1084626,8b4d86e20e824d9911f342861e04fc5d722e26022caf8368b4c835bf3411513f,True,results/selector_combinations_v1/dev/selections/scv1-homecredit-fold-5-statistical-normalized-average-rank-k40-s42.json,
combination_dev,active,homecredit,statistical_normalized_average_rank,,state_bound_payload,results/selector_combinations_v1/dev/selections/scv1-homecredit-fold-1-statistical-normalized-average-rank-k20-s42.combination_result.json,1002278,edfc8bee52976507a03b1449a34d510d77e4b2571f4adcac1a76a8ff19e703b1,True,results/selector_combinations_v1/dev/selections/scv1-homecredit-fold-1-statistical-normalized-average-rank-k20-s42.json,
combination_dev,active,homecredit,statistical_normalized_average_rank,,state_bound_payload,results/selector_combinations_v1/dev/selections/scv1-homecredit-fold-1-statistical-normalized-average-rank-k20-s42.final_selected_features.csv,504,2f17fcadb3bc707024ae6c0be6b2f12f6c51dfbb034802f05274a6a4f6a95188,True,results/selector_combinations_v1/dev/selections/scv1-homecredit-fold-1-statistical-normalized-average-rank-k20-s42.json,
combination_dev,active,homecredit,statistical_normalized_average_rank,,state_bound_payload,results/selector_combinations_v1/dev/selections/scv1-homecredit-fold-1-statistical-normalized-average-rank-k20-s42.voting_evidence.csv,318088,9f71900c3a74183c24de14bc4f76d9446c6643e9262a38df24286d3eea952501,True,results/selector_combinations_v1/dev/selections/scv1-homecredit-fold-1-statistical-normalized-average-rank-k20-s42.json,
combination_dev,active,homecredit,statistical_normalized_average_rank,,state_bound_payload,results/selector_combinations_v1/dev/selections/scv1-homecredit-fold-1-statistical-normalized-average-rank-k40-s42.combination_result.json,1002546,17e702f2a6d28d5970b6c2680e4ba2e1e0d54d62276f8013a94452d3cfab5609,True,results/selector_combinations_v1/dev/selections/scv1-homecredit-fold-1-statistical-normalized-average-rank-k40-s42.json,
combination_dev,active,homecredit,statistical_normalized_average_rank,,state_bound_payload,results/selector_combinations_v1/dev/selections/scv1-homecredit-fold-1-statistical-normalized-average-rank-k40-s42.final_selected_features.csv,1036,f0f63b0191eea87e8e95c494b9ed8f75d635c62367afdc56edfe5c4153e2c31e,True,results/selector_combinations_v1/dev/selections/scv1-homecredit-fold-1-statistical-normalized-average-rank-k40-s42.json,
combination_dev,active,homecredit,statistical_normalized_average_rank,,state_bound_payload,results/selector_combinations_v1/dev/selections/scv1-homecredit-fold-1-statistical-normalized-average-rank-k40-s42.voting_evidence.csv,318073,20203cb1a54c652c6f0fed0ad1a60c2ba55b1afeeaac91ddbf140606cffcfcc3,True,results/selector_combinations_v1/dev/selections/scv1-homecredit-fold-1-statistical-normalized-average-rank-k40-s42.json,
combination_dev,active,homecredit,statistical_normalized_average_rank,,state_bound_payload,results/selector_combinations_v1/dev/selections/scv1-homecredit-fold-2-statistical-normalized-average-rank-k20-s42.combination_result.json,1001637,ec1c8eabe32e7edda948ade2d328f4a30c02c85e60569ca3431cbd73a417c696,True,results/selector_combinations_v1/dev/selections/scv1-homecredit-fold-2-statistical-normalized-average-rank-k20-s42.json,
combination_dev,active,homecredit,statistical_normalized_average_rank,,state_bound_payload,results/selector_combinations_v1/dev/selections/scv1-homecredit-fold-2-statistical-normalized-average-rank-k20-s42.final_selected_features.csv,491,195a92b6e6df9f75021c325adf51edfa0eee01d0a5661405e8197aa6ab1b2964,True,results/selector_combinations_v1/dev/selections/scv1-homecredit-fold-2-statistical-normalized-average-rank-k20-s42.json,
combination_dev,active,homecredit,statistical_normalized_average_rank,,state_bound_payload,results/selector_combinations_v1/dev/selections/scv1-homecredit-fold-2-statistical-normalized-average-rank-k20-s42.voting_evidence.csv,318017,83bba9b6da55ee9c265828eeef267b6cd90e67671625b1a6c1ee5c5df4b49450,True,results/selector_combinations_v1/dev/selections/scv1-homecredit-fold-2-statistical-normalized-average-rank-k20-s42.json,
combination_dev,active,homecredit,statistical_normalized_average_rank,,state_bound_payload,results/selector_combinations_v1/dev/selections/scv1-homecredit-fold-2-statistical-normalized-average-rank-k40-s42.combination_result.json,1001908,679daf9a5ac7670a70ee0447d3cd4139f3fbf3154c119b4fc5ae055d574e9299,True,results/selector_combinations_v1/dev/selections/scv1-homecredit-fold-2-statistical-normalized-average-rank-k40-s42.json,
combination_dev,active,homecredit,statistical_normalized_average_rank,,state_bound_payload,results/selector_combinations_v1/dev/selections/scv1-homecredit-fold-2-statistical-normalized-average-rank-k40-s42.final_selected_features.csv,1029,f180dbea553eb3eef367ee68be4d78eb94302d9e18a58d661235412869c9a5f0,True,results/selector_combinations_v1/dev/selections/scv1-homecredit-fold-2-statistical-normalized-average-rank-k40-s42.json,
combination_dev,active,homecredit,statistical_normalized_average_rank,,state_bound_payload,results/selector_combinations_v1/dev/selections/scv1-homecredit-fold-2-statistical-normalized-average-rank-k40-s42.voting_evidence.csv,317999,38541cf207b11e5ad9d1533ba0292e98fca76389096333bd8fe63383f3928e66,True,results/selector_combinations_v1/dev/selections/scv1-homecredit-fold-2-statistical-normalized-average-rank-k40-s42.json,
combination_dev,active,homecredit,statistical_normalized_average_rank,,state_bound_payload,results/selector_combinations_v1/dev/selections/scv1-homecredit-fold-3-statistical-normalized-average-rank-k20-s42.combination_result.json,1001889,26b5d9d1541ce023df081e599ee7825280aeb8c070d0c622010d94a9d56e8775,True,results/selector_combinations_v1/dev/selections/scv1-homecredit-fold-3-statistical-normalized-average-rank-k20-s42.json,
combination_dev,active,homecredit,statistical_normalized_average_rank,,state_bound_payload,results/selector_combinations_v1/dev/selections/scv1-homecredit-fold-3-statistical-normalized-average-rank-k20-s42.final_selected_features.csv,466,8edcc3b429a436d41b3547bb7f58697fe7638a5b26e14fe7cee5e972759a5980,True,results/selector_combinations_v1/dev/selections/scv1-homecredit-fold-3-statistical-normalized-average-rank-k20-s42.json,
combination_dev,active,homecredit,statistical_normalized_average_rank,,state_bound_payload,results/selector_combinations_v1/dev/selections/scv1-homecredit-fold-3-statistical-normalized-average-rank-k20-s42.voting_evidence.csv,317924,dadc6a026261ffe256fb4e33b1e3a4eb362b71ac526367db591115b12231b195,True,results/selector_combinations_v1/dev/selections/scv1-homecredit-fold-3-statistical-normalized-average-rank-k20-s42.json,
combination_dev,active,homecredit,statistical_normalized_average_rank,,state_bound_payload,results/selector_combinations_v1/dev/selections/scv1-homecredit-fold-3-statistical-normalized-average-rank-k40-s42.combination_result.json,1002168,df65e218f3d84d0ade1d52371c3550be8eed12dd65cb3158bb364abdd275a893,True,results/selector_combinations_v1/dev/selections/scv1-homecredit-fold-3-statistical-normalized-average-rank-k40-s42.json,
combination_dev,active,homecredit,statistical_normalized_average_rank,,state_bound_payload,results/selector_combinations_v1/dev/selections/scv1-homecredit-fold-3-statistical-normalized-average-rank-k40-s42.final_selected_features.csv,1019,0518df97219903d73865e2558cf1f87544231f7251bad0b5f674569b794e25d9,True,results/selector_combinations_v1/dev/selections/scv1-homecredit-fold-3-statistical-normalized-average-rank-k40-s42.json,
combination_dev,active,homecredit,statistical_normalized_average_rank,,state_bound_payload,results/selector_combinations_v1/dev/selections/scv1-homecredit-fold-3-statistical-normalized-average-rank-k40-s42.voting_evidence.csv,317905,78596a6f866579c76d73a81cb5f80f30c7408268278e1578fd0852961e6a15d9,True,results/selector_combinations_v1/dev/selections/scv1-homecredit-fold-3-statistical-normalized-average-rank-k40-s42.json,
combination_dev,active,homecredit,statistical_normalized_average_rank,,state_bound_payload,results/selector_combinations_v1/dev/selections/scv1-homecredit-fold-4-statistical-normalized-average-rank-k20-s42.combination_result.json,1001703,c00f1b3816d14efe941ab59baa99e5c8179fb945619c090ceff9700556f7496f,True,results/selector_combinations_v1/dev/selections/scv1-homecredit-fold-4-statistical-normalized-average-rank-k20-s42.json,
combination_dev,active,homecredit,statistical_normalized_average_rank,,state_bound_payload,results/selector_combinations_v1/dev/selections/scv1-homecredit-fold-4-statistical-normalized-average-rank-k20-s42.final_selected_features.csv,475,fe0a02279c3e49308ef3f3297c1fa00d2fb6e0f64e36d1413d796570ab46a7ee,True,results/selector_combinations_v1/dev/selections/scv1-homecredit-fold-4-statistical-normalized-average-rank-k20-s42.json,
combination_dev,active,homecredit,statistical_normalized_average_rank,,state_bound_payload,results/selector_combinations_v1/dev/selections/scv1-homecredit-fold-4-statistical-normalized-average-rank-k20-s42.voting_evidence.csv,317884,b88b98457702990556b16b8335f552d924282ce38e947639ffb2dc66ee7a0fa3,True,results/selector_combinations_v1/dev/selections/scv1-homecredit-fold-4-statistical-normalized-average-rank-k20-s42.json,
combination_dev,active,homecredit,statistical_normalized_average_rank,,state_bound_payload,results/selector_combinations_v1/dev/selections/scv1-homecredit-fold-4-statistical-normalized-average-rank-k40-s42.combination_result.json,1001948,8461672715e1d1233b89dabdfc086d87c57bd4d2801fd2897f64960d523eeb7d,True,results/selector_combinations_v1/dev/selections/scv1-homecredit-fold-4-statistical-normalized-average-rank-k40-s42.json,
combination_dev,active,homecredit,statistical_normalized_average_rank,,state_bound_payload,results/selector_combinations_v1/dev/selections/scv1-homecredit-fold-4-statistical-normalized-average-rank-k40-s42.final_selected_features.csv,1012,07d378764cf6d8061bce7854329c56f3dbdf52682938d9d677f927ee2639b89d,True,results/selector_combinations_v1/dev/selections/scv1-homecredit-fold-4-statistical-normalized-average-rank-k40-s42.json,
combination_dev,active,homecredit,statistical_normalized_average_rank,,state_bound_payload,results/selector_combinations_v1/dev/selections/scv1-homecredit-fold-4-statistical-normalized-average-rank-k40-s42.voting_evidence.csv,317840,a9748ced59a37c3a1bc1505afd707638b83f62c286806015611388d713d65e92,True,results/selector_combinations_v1/dev/selections/scv1-homecredit-fold-4-statistical-normalized-average-rank-k40-s42.json,
combination_dev,active,homecredit,statistical_normalized_average_rank,,state_bound_payload,results/selector_combinations_v1/dev/selections/scv1-homecredit-fold-5-statistical-normalized-average-rank-k20-s42.combination_result.json,1001564,6644726160ac508001fac43a9a021931a866b4483d1c0a2706790e1fcb9e8c76,True,results/selector_combinations_v1/dev/selections/scv1-homecredit-fold-5-statistical-normalized-average-rank-k20-s42.json,
combination_dev,active,homecredit,statistical_normalized_average_rank,,state_bound_payload,results/selector_combinations_v1/dev/selections/scv1-homecredit-fold-5-statistical-normalized-average-rank-k20-s42.final_selected_features.csv,473,7aa643c517b51a03efc52174e1e47b5889e48e89b6efe44e6553d5540a747a38,True,results/selector_combinations_v1/dev/selections/scv1-homecredit-fold-5-statistical-normalized-average-rank-k20-s42.json,
combination_dev,active,homecredit,statistical_normalized_average_rank,,state_bound_payload,results/selector_combinations_v1/dev/selections/scv1-homecredit-fold-5-statistical-normalized-average-rank-k20-s42.voting_evidence.csv,317772,5959220d1d950fbc7363165772ab11df0c034a45c1925b802bd7fb0dff9dbb84,True,results/selector_combinations_v1/dev/selections/scv1-homecredit-fold-5-statistical-normalized-average-rank-k20-s42.json,
combination_dev,active,homecredit,statistical_normalized_average_rank,,state_bound_payload,results/selector_combinations_v1/dev/selections/scv1-homecredit-fold-5-statistical-normalized-average-rank-k40-s42.combination_result.json,1001846,dc117d2644db371b48cc2bc73a07b207e4684026f32ef2ca8d8b2236a3725146,True,results/selector_combinations_v1/dev/selections/scv1-homecredit-fold-5-statistical-normalized-average-rank-k40-s42.json,
combination_dev,active,homecredit,statistical_normalized_average_rank,,state_bound_payload,results/selector_combinations_v1/dev/selections/scv1-homecredit-fold-5-statistical-normalized-average-rank-k40-s42.final_selected_features.csv,1017,6b14ae87528a81501f8b1827b9ef1f0877ddb45f035072919d8d2765c622d9b0,True,results/selector_combinations_v1/dev/selections/scv1-homecredit-fold-5-statistical-normalized-average-rank-k40-s42.json,
combination_dev,active,homecredit,statistical_normalized_average_rank,,state_bound_payload,results/selector_combinations_v1/dev/selections/scv1-homecredit-fold-5-statistical-normalized-average-rank-k40-s42.voting_evidence.csv,317765,6cf16105bcb1a96dc9b0597306aaabb6dc5409a9085f20d2a94ed36fe0d9c9be,True,results/selector_combinations_v1/dev/selections/scv1-homecredit-fold-5-statistical-normalized-average-rank-k40-s42.json,
combination_dev,active,homecredit,statistical_normalized_average_rank,catboost,evaluation_state,results/selector_combinations_v1/dev/evaluations/scv1-dev-002-homecredit-statistical-normalized-average-rank-catboost-fold-1-k40-s42.json,8002,8ef8204b7c2dd7ed5067547d9d61b6546e4d48825fdb280844eb73701ba4a5cc,True,results/selector_combinations_v1/dev/evaluations/scv1-dev-002-homecredit-statistical-normalized-average-rank-catboost-fold-1-k40-s42.json,
combination_dev,active,homecredit,statistical_normalized_average_rank,catboost,evaluation_state,results/selector_combinations_v1/dev/evaluations/scv1-dev-026-homecredit-statistical-normalized-average-rank-catboost-fold-2-k40-s42.json,8007,2fa751f2c160978092a27938175276f5de625fa046766fc31cbd405ab6eb16de,True,results/selector_combinations_v1/dev/evaluations/scv1-dev-026-homecredit-statistical-normalized-average-rank-catboost-fold-2-k40-s42.json,
combination_dev,active,homecredit,statistical_normalized_average_rank,catboost,evaluation_state,results/selector_combinations_v1/dev/evaluations/scv1-dev-050-homecredit-statistical-normalized-average-rank-catboost-fold-3-k40-s42.json,8007,7c6f2fa94ad95a50ede9e3060b2a03b6eadef7358624260b8386eb7c771b3362,True,results/selector_combinations_v1/dev/evaluations/scv1-dev-050-homecredit-statistical-normalized-average-rank-catboost-fold-3-k40-s42.json,
combination_dev,active,homecredit,statistical_normalized_average_rank,catboost,evaluation_state,results/selector_combinations_v1/dev/evaluations/scv1-dev-074-homecredit-statistical-normalized-average-rank-catboost-fold-4-k40-s42.json,8004,a1b6bb30f6b9ef2ea158fb994d5f2ca792a25ed2e5c03ebb3681d1e2d59f9ab5,True,results/selector_combinations_v1/dev/evaluations/scv1-dev-074-homecredit-statistical-normalized-average-rank-catboost-fold-4-k40-s42.json,
combination_dev,active,homecredit,statistical_normalized_average_rank,catboost,evaluation_state,results/selector_combinations_v1/dev/evaluations/scv1-dev-098-homecredit-statistical-normalized-average-rank-catboost-fold-5-k40-s42.json,8004,c230f95ae348d023a4f81722b848457b7831d978d33b4446ef2bd77466a9340d,True,results/selector_combinations_v1/dev/evaluations/scv1-dev-098-homecredit-statistical-normalized-average-rank-catboost-fold-5-k40-s42.json,
combination_dev,active,homecredit,statistical_normalized_average_rank,catboost,state_bound_payload,results/selector_combinations_v1/dev/evaluations/scv1-dev-002-homecredit-statistical-normalized-average-rank-catboost-fold-1-k40-s42.dev_metrics.json,631,5ba2e0989950d30f13272bcdf4d35a7c753054130e75a3a51809706684ca801f,True,results/selector_combinations_v1/dev/evaluations/scv1-dev-002-homecredit-statistical-normalized-average-rank-catboost-fold-1-k40-s42.json,
combination_dev,active,homecredit,statistical_normalized_average_rank,catboost,state_bound_payload,results/selector_combinations_v1/dev/evaluations/scv1-dev-002-homecredit-statistical-normalized-average-rank-catboost-fold-1-k40-s42.dev_predictions.csv,2936016,73865c20397695eb39452d3dabc0e4cb7bbc8696405593ab7ade5d156e904853,True,results/selector_combinations_v1/dev/evaluations/scv1-dev-002-homecredit-statistical-normalized-average-rank-catboost-fold-1-k40-s42.json,
combination_dev,active,homecredit,statistical_normalized_average_rank,catboost,state_bound_payload,results/selector_combinations_v1/dev/evaluations/scv1-dev-002-homecredit-statistical-normalized-average-rank-catboost-fold-1-k40-s42.final_model_configuration.json,1908,370c849b77b5f4c93d9241990abb6057ea5a7e4d7883b0a016471b7f2a15145e,True,results/selector_combinations_v1/dev/evaluations/scv1-dev-002-homecredit-statistical-normalized-average-rank-catboost-fold-1-k40-s42.json,
combination_dev,active,homecredit,statistical_normalized_average_rank,catboost,state_bound_payload,results/selector_combinations_v1/dev/evaluations/scv1-dev-026-homecredit-statistical-normalized-average-rank-catboost-fold-2-k40-s42.dev_metrics.json,635,e4b545631901eaef46e0c200ecb70497dfcb439ee0e67adca4bb84885b59be30,True,results/selector_combinations_v1/dev/evaluations/scv1-dev-026-homecredit-statistical-normalized-average-rank-catboost-fold-2-k40-s42.json,
combination_dev,active,homecredit,statistical_normalized_average_rank,catboost,state_bound_payload,results/selector_combinations_v1/dev/evaluations/scv1-dev-026-homecredit-statistical-normalized-average-rank-catboost-fold-2-k40-s42.dev_predictions.csv,2920932,f2c252719e02b7833568344a2d6125adf2e3df8e62adcc154007c629dbf7e645,True,results/selector_combinations_v1/dev/evaluations/scv1-dev-026-homecredit-statistical-normalized-average-rank-catboost-fold-2-k40-s42.json,
combination_dev,active,homecredit,statistical_normalized_average_rank,catboost,state_bound_payload,results/selector_combinations_v1/dev/evaluations/scv1-dev-026-homecredit-statistical-normalized-average-rank-catboost-fold-2-k40-s42.final_model_configuration.json,1908,771440d0850398082530b031345036cb9b17a2004d4221a719b5162b83f63243,True,results/selector_combinations_v1/dev/evaluations/scv1-dev-026-homecredit-statistical-normalized-average-rank-catboost-fold-2-k40-s42.json,
combination_dev,active,homecredit,statistical_normalized_average_rank,catboost,state_bound_payload,results/selector_combinations_v1/dev/evaluations/scv1-dev-050-homecredit-statistical-normalized-average-rank-catboost-fold-3-k40-s42.dev_metrics.json,635,2661e15949b141fdf0dff81664dc13745cbb71a2300902f47334b2dc5ad9aee2,True,results/selector_combinations_v1/dev/evaluations/scv1-dev-050-homecredit-statistical-normalized-average-rank-catboost-fold-3-k40-s42.json,
combination_dev,active,homecredit,statistical_normalized_average_rank,catboost,state_bound_payload,results/selector_combinations_v1/dev/evaluations/scv1-dev-050-homecredit-statistical-normalized-average-rank-catboost-fold-3-k40-s42.dev_predictions.csv,2878580,5584f7101f9f9d6390c0dcc10284be55d5309b1b89d82d365395f7d2a9ad8e19,True,results/selector_combinations_v1/dev/evaluations/scv1-dev-050-homecredit-statistical-normalized-average-rank-catboost-fold-3-k40-s42.json,
combination_dev,active,homecredit,statistical_normalized_average_rank,catboost,state_bound_payload,results/selector_combinations_v1/dev/evaluations/scv1-dev-050-homecredit-statistical-normalized-average-rank-catboost-fold-3-k40-s42.final_model_configuration.json,1908,370c849b77b5f4c93d9241990abb6057ea5a7e4d7883b0a016471b7f2a15145e,True,results/selector_combinations_v1/dev/evaluations/scv1-dev-050-homecredit-statistical-normalized-average-rank-catboost-fold-3-k40-s42.json,
combination_dev,active,homecredit,statistical_normalized_average_rank,catboost,state_bound_payload,results/selector_combinations_v1/dev/evaluations/scv1-dev-074-homecredit-statistical-normalized-average-rank-catboost-fold-4-k40-s42.dev_metrics.json,632,d8e46f5d7c864c2da11f95fbde66e080374984ac2058dda2224394e18d4f5ebb,True,results/selector_combinations_v1/dev/evaluations/scv1-dev-074-homecredit-statistical-normalized-average-rank-catboost-fold-4-k40-s42.json,
combination_dev,active,homecredit,statistical_normalized_average_rank,catboost,state_bound_payload,results/selector_combinations_v1/dev/evaluations/scv1-dev-074-homecredit-statistical-normalized-average-rank-catboost-fold-4-k40-s42.dev_predictions.csv,2917450,a38b6a401c10fa832fcf08e663ad79bc28fe83661fa8024bb2701281f0ef7bfa,True,results/selector_combinations_v1/dev/evaluations/scv1-dev-074-homecredit-statistical-normalized-average-rank-catboost-fold-4-k40-s42.json,
combination_dev,active,homecredit,statistical_normalized_average_rank,catboost,state_bound_payload,results/selector_combinations_v1/dev/evaluations/scv1-dev-074-homecredit-statistical-normalized-average-rank-catboost-fold-4-k40-s42.final_model_configuration.json,1908,771440d0850398082530b031345036cb9b17a2004d4221a719b5162b83f63243,True,results/selector_combinations_v1/dev/evaluations/scv1-dev-074-homecredit-statistical-normalized-average-rank-catboost-fold-4-k40-s42.json,
combination_dev,active,homecredit,statistical_normalized_average_rank,catboost,state_bound_payload,results/selector_combinations_v1/dev/evaluations/scv1-dev-098-homecredit-statistical-normalized-average-rank-catboost-fold-5-k40-s42.dev_metrics.json,632,9101b945d24c10ec56cb9a32b7481f024a931d749098952463a2dc98d8e411c2,True,results/selector_combinations_v1/dev/evaluations/scv1-dev-098-homecredit-statistical-normalized-average-rank-catboost-fold-5-k40-s42.json,
combination_dev,active,homecredit,statistical_normalized_average_rank,catboost,state_bound_payload,results/selector_combinations_v1/dev/evaluations/scv1-dev-098-homecredit-statistical-normalized-average-rank-catboost-fold-5-k40-s42.dev_predictions.csv,2853501,f83d8c9a51257675c43e412642a54be13dc0b19da52c3ccb41c48ece97eb07ef,True,results/selector_combinations_v1/dev/evaluations/scv1-dev-098-homecredit-statistical-normalized-average-rank-catboost-fold-5-k40-s42.json,
combination_dev,active,homecredit,statistical_normalized_average_rank,catboost,state_bound_payload,results/selector_combinations_v1/dev/evaluations/scv1-dev-098-homecredit-statistical-normalized-average-rank-catboost-fold-5-k40-s42.final_model_configuration.json,1908,8882b532a4e96916b5ac3682c2b9a274b6731a3ea232b2c07769069e860eef3e,True,results/selector_combinations_v1/dev/evaluations/scv1-dev-098-homecredit-statistical-normalized-average-rank-catboost-fold-5-k40-s42.json,
combination_dev,active,homecredit,statistical_normalized_average_rank,lr,evaluation_state,results/selector_combinations_v1/dev/evaluations/scv1-dev-001-homecredit-statistical-normalized-average-rank-lr-fold-1-k20-s42.json,7159,911328c4ec33fcf2508df6d00d983cd5dddde34965de828a15759a312ff2dab5,True,results/selector_combinations_v1/dev/evaluations/scv1-dev-001-homecredit-statistical-normalized-average-rank-lr-fold-1-k20-s42.json,
combination_dev,active,homecredit,statistical_normalized_average_rank,lr,evaluation_state,results/selector_combinations_v1/dev/evaluations/scv1-dev-025-homecredit-statistical-normalized-average-rank-lr-fold-2-k20-s42.json,7158,169168ab674b394a075510579a43558f934271634ae9cf3a2892518a72b0f629,True,results/selector_combinations_v1/dev/evaluations/scv1-dev-025-homecredit-statistical-normalized-average-rank-lr-fold-2-k20-s42.json,
combination_dev,active,homecredit,statistical_normalized_average_rank,lr,evaluation_state,results/selector_combinations_v1/dev/evaluations/scv1-dev-049-homecredit-statistical-normalized-average-rank-lr-fold-3-k20-s42.json,7154,b637c26ec72219b99ff9ceae5181e6b2fa56d13cd8b2aa29c4274e55745c9e69,True,results/selector_combinations_v1/dev/evaluations/scv1-dev-049-homecredit-statistical-normalized-average-rank-lr-fold-3-k20-s42.json,
combination_dev,active,homecredit,statistical_normalized_average_rank,lr,evaluation_state,results/selector_combinations_v1/dev/evaluations/scv1-dev-073-homecredit-statistical-normalized-average-rank-lr-fold-4-k20-s42.json,7152,9fbe9904ab30507d09011606f1c336a2572100b4977bb25aee02ee4c14408cf5,True,results/selector_combinations_v1/dev/evaluations/scv1-dev-073-homecredit-statistical-normalized-average-rank-lr-fold-4-k20-s42.json,
combination_dev,active,homecredit,statistical_normalized_average_rank,lr,evaluation_state,results/selector_combinations_v1/dev/evaluations/scv1-dev-097-homecredit-statistical-normalized-average-rank-lr-fold-5-k20-s42.json,7159,99f11010fdf2b7f210edf0287abcf1906c97d268dd8c1cb5e0fe700cfe8d6bc3,True,results/selector_combinations_v1/dev/evaluations/scv1-dev-097-homecredit-statistical-normalized-average-rank-lr-fold-5-k20-s42.json,
combination_dev,active,homecredit,statistical_normalized_average_rank,lr,state_bound_payload,results/selector_combinations_v1/dev/evaluations/scv1-dev-001-homecredit-statistical-normalized-average-rank-lr-fold-1-k20-s42.dev_metrics.json,636,03a7a04c30a71526133c5ea342d8dd377e6d50cc0457c7a3914eb0c91d8e8775,True,results/selector_combinations_v1/dev/evaluations/scv1-dev-001-homecredit-statistical-normalized-average-rank-lr-fold-1-k20-s42.json,
combination_dev,active,homecredit,statistical_normalized_average_rank,lr,state_bound_payload,results/selector_combinations_v1/dev/evaluations/scv1-dev-001-homecredit-statistical-normalized-average-rank-lr-fold-1-k20-s42.dev_predictions.csv,2730391,2107362ff2a835915144b9874a02a96d9b1568300fddf71e37e9ea26c669ba97,True,results/selector_combinations_v1/dev/evaluations/scv1-dev-001-homecredit-statistical-normalized-average-rank-lr-fold-1-k20-s42.json,
combination_dev,active,homecredit,statistical_normalized_average_rank,lr,state_bound_payload,results/selector_combinations_v1/dev/evaluations/scv1-dev-001-homecredit-statistical-normalized-average-rank-lr-fold-1-k20-s42.final_model_configuration.json,1208,a56991bba01a56c649971329362f335394913daf9760f41c262b3f3398590865,True,results/selector_combinations_v1/dev/evaluations/scv1-dev-001-homecredit-statistical-normalized-average-rank-lr-fold-1-k20-s42.json,
combination_dev,active,homecredit,statistical_normalized_average_rank,lr,state_bound_payload,results/selector_combinations_v1/dev/evaluations/scv1-dev-025-homecredit-statistical-normalized-average-rank-lr-fold-2-k20-s42.dev_metrics.json,634,87728828dbb26d908942a63e126d3aeb1c0ad7d2ed66dcaa9495c02ec126fc0f,True,results/selector_combinations_v1/dev/evaluations/scv1-dev-025-homecredit-statistical-normalized-average-rank-lr-fold-2-k20-s42.json,
combination_dev,active,homecredit,statistical_normalized_average_rank,lr,state_bound_payload,results/selector_combinations_v1/dev/evaluations/scv1-dev-025-homecredit-statistical-normalized-average-rank-lr-fold-2-k20-s42.dev_predictions.csv,2716819,fc77e16083096386a5c00a34f5e0d6ccdcbd41dcd579c8f9a40c3ea5a0ead8df,True,results/selector_combinations_v1/dev/evaluations/scv1-dev-025-homecredit-statistical-normalized-average-rank-lr-fold-2-k20-s42.json,
combination_dev,active,homecredit,statistical_normalized_average_rank,lr,state_bound_payload,results/selector_combinations_v1/dev/evaluations/scv1-dev-025-homecredit-statistical-normalized-average-rank-lr-fold-2-k20-s42.final_model_configuration.json,1208,4f6820824338410567e8c90ae8ed9e2c235c2690fbcd4b5067f30d3391753e23,True,results/selector_combinations_v1/dev/evaluations/scv1-dev-025-homecredit-statistical-normalized-average-rank-lr-fold-2-k20-s42.json,
combination_dev,active,homecredit,statistical_normalized_average_rank,lr,state_bound_payload,results/selector_combinations_v1/dev/evaluations/scv1-dev-049-homecredit-statistical-normalized-average-rank-lr-fold-3-k20-s42.dev_metrics.json,630,8495a847e9646aa4fa129f47fbf2dfb4cf942cd0215cbbe14b1733682afa82df,True,results/selector_combinations_v1/dev/evaluations/scv1-dev-049-homecredit-statistical-normalized-average-rank-lr-fold-3-k20-s42.json,
combination_dev,active,homecredit,statistical_normalized_average_rank,lr,state_bound_payload,results/selector_combinations_v1/dev/evaluations/scv1-dev-049-homecredit-statistical-normalized-average-rank-lr-fold-3-k20-s42.dev_predictions.csv,2678097,7d993d6f5acce4703fc37812354809026cbcb217e7e5421a06ee5426fc136652,True,results/selector_combinations_v1/dev/evaluations/scv1-dev-049-homecredit-statistical-normalized-average-rank-lr-fold-3-k20-s42.json,
combination_dev,active,homecredit,statistical_normalized_average_rank,lr,state_bound_payload,results/selector_combinations_v1/dev/evaluations/scv1-dev-049-homecredit-statistical-normalized-average-rank-lr-fold-3-k20-s42.final_model_configuration.json,1208,97d20486a59dd9bd03d5e2bf409f020cbbb84753d419f489f071d17700450b17,True,results/selector_combinations_v1/dev/evaluations/scv1-dev-049-homecredit-statistical-normalized-average-rank-lr-fold-3-k20-s42.json,
combination_dev,active,homecredit,statistical_normalized_average_rank,lr,state_bound_payload,results/selector_combinations_v1/dev/evaluations/scv1-dev-073-homecredit-statistical-normalized-average-rank-lr-fold-4-k20-s42.dev_metrics.json,628,8cfc72324018eada0fa00b6475f746ff74151e34bf8987b8ce00a80ecbb4508f,True,results/selector_combinations_v1/dev/evaluations/scv1-dev-073-homecredit-statistical-normalized-average-rank-lr-fold-4-k20-s42.json,
combination_dev,active,homecredit,statistical_normalized_average_rank,lr,state_bound_payload,results/selector_combinations_v1/dev/evaluations/scv1-dev-073-homecredit-statistical-normalized-average-rank-lr-fold-4-k20-s42.dev_predictions.csv,2714666,a916135d64a2bc2f28b177432205153cf305d71e15de54d13c3768af1bb36be0,True,results/selector_combinations_v1/dev/evaluations/scv1-dev-073-homecredit-statistical-normalized-average-rank-lr-fold-4-k20-s42.json,
combination_dev,active,homecredit,statistical_normalized_average_rank,lr,state_bound_payload,results/selector_combinations_v1/dev/evaluations/scv1-dev-073-homecredit-statistical-normalized-average-rank-lr-fold-4-k20-s42.final_model_configuration.json,1208,97d20486a59dd9bd03d5e2bf409f020cbbb84753d419f489f071d17700450b17,True,results/selector_combinations_v1/dev/evaluations/scv1-dev-073-homecredit-statistical-normalized-average-rank-lr-fold-4-k20-s42.json,
combination_dev,active,homecredit,statistical_normalized_average_rank,lr,state_bound_payload,results/selector_combinations_v1/dev/evaluations/scv1-dev-097-homecredit-statistical-normalized-average-rank-lr-fold-5-k20-s42.dev_metrics.json,635,0a9ba3a02cdb6bd18553fc0eeba3086a5182697737698aeaff6d6165b0fc7d66,True,results/selector_combinations_v1/dev/evaluations/scv1-dev-097-homecredit-statistical-normalized-average-rank-lr-fold-5-k20-s42.json,
combination_dev,active,homecredit,statistical_normalized_average_rank,lr,state_bound_payload,results/selector_combinations_v1/dev/evaluations/scv1-dev-097-homecredit-statistical-normalized-average-rank-lr-fold-5-k20-s42.dev_predictions.csv,2655388,84c334dadb215afa698adf33aa01bc7429e2e4a9e2a6cba48484ab4b8567e4bc,True,results/selector_combinations_v1/dev/evaluations/scv1-dev-097-homecredit-statistical-normalized-average-rank-lr-fold-5-k20-s42.json,
combination_dev,active,homecredit,statistical_normalized_average_rank,lr,state_bound_payload,results/selector_combinations_v1/dev/evaluations/scv1-dev-097-homecredit-statistical-normalized-average-rank-lr-fold-5-k20-s42.final_model_configuration.json,1208,dd4d254bdc1023de550ff28216d88650e78c5f261f09d8af3749f62305b49080,True,results/selector_combinations_v1/dev/evaluations/scv1-dev-097-homecredit-statistical-normalized-average-rank-lr-fold-5-k20-s42.json,
combination_dev,active,lendingclub_v2,boruta_then_mrmr_mutual_information,,selection_state,results/selector_combinations_v1/dev/selections/scv1-lendingclub_v2-fold-1-boruta-then-mrmr-mutual-information-k20-s42.json,139431,398eed9f16122e116f3ffcf0b5aa9bbefba1a1c830ad2c4c38b90ec8ae68f906,True,results/selector_combinations_v1/dev/selections/scv1-lendingclub_v2-fold-1-boruta-then-mrmr-mutual-information-k20-s42.json,
combination_dev,active,lendingclub_v2,boruta_then_mrmr_mutual_information,,selection_state,results/selector_combinations_v1/dev/selections/scv1-lendingclub_v2-fold-1-boruta-then-mrmr-mutual-information-k40-s42.json,140759,d60027b240b3d09fdac473519e2263906fbfead6e33df10158825bab5747d0b2,True,results/selector_combinations_v1/dev/selections/scv1-lendingclub_v2-fold-1-boruta-then-mrmr-mutual-information-k40-s42.json,
combination_dev,active,lendingclub_v2,boruta_then_mrmr_mutual_information,,selection_state,results/selector_combinations_v1/dev/selections/scv1-lendingclub_v2-fold-2-boruta-then-mrmr-mutual-information-k20-s42.json,140593,67a4c17f1b0d284acbfea9edf9f49fa2fa88169fef79bc1654fd37a9de50c685,True,results/selector_combinations_v1/dev/selections/scv1-lendingclub_v2-fold-2-boruta-then-mrmr-mutual-information-k20-s42.json,
combination_dev,active,lendingclub_v2,boruta_then_mrmr_mutual_information,,selection_state,results/selector_combinations_v1/dev/selections/scv1-lendingclub_v2-fold-2-boruta-then-mrmr-mutual-information-k40-s42.json,141986,f9e397235f7b4b8a9af58212beb40ccf53ba1f4edc9c9570b2f56e6c209b0749,True,results/selector_combinations_v1/dev/selections/scv1-lendingclub_v2-fold-2-boruta-then-mrmr-mutual-information-k40-s42.json,
combination_dev,active,lendingclub_v2,boruta_then_mrmr_mutual_information,,selection_state,results/selector_combinations_v1/dev/selections/scv1-lendingclub_v2-fold-3-boruta-then-mrmr-mutual-information-k20-s42.json,141213,e4958718eda874b8e8138ac03c0dbe2db60448d55ddc6841bfcad6c3b9929f56,True,results/selector_combinations_v1/dev/selections/scv1-lendingclub_v2-fold-3-boruta-then-mrmr-mutual-information-k20-s42.json,
combination_dev,active,lendingclub_v2,boruta_then_mrmr_mutual_information,,selection_state,results/selector_combinations_v1/dev/selections/scv1-lendingclub_v2-fold-3-boruta-then-mrmr-mutual-information-k40-s42.json,142618,eee26558fa78c6ea4d4026e821d19c91e693c829613d75535e20e133a28b61aa,True,results/selector_combinations_v1/dev/selections/scv1-lendingclub_v2-fold-3-boruta-then-mrmr-mutual-information-k40-s42.json,
combination_dev,active,lendingclub_v2,boruta_then_mrmr_mutual_information,,selection_state,results/selector_combinations_v1/dev/selections/scv1-lendingclub_v2-fold-4-boruta-then-mrmr-mutual-information-k20-s42.json,141663,234ac301ba53daaafe6b3fbe81d1c8c9d06568471f60bdbbddf341bc00ea1bc9,True,results/selector_combinations_v1/dev/selections/scv1-lendingclub_v2-fold-4-boruta-then-mrmr-mutual-information-k20-s42.json,
combination_dev,active,lendingclub_v2,boruta_then_mrmr_mutual_information,,selection_state,results/selector_combinations_v1/dev/selections/scv1-lendingclub_v2-fold-4-boruta-then-mrmr-mutual-information-k40-s42.json,143069,28effefead1ecac0939a7c97bfba81b587ed7111189b3b6d5dfd6996cf0b9a04,True,results/selector_combinations_v1/dev/selections/scv1-lendingclub_v2-fold-4-boruta-then-mrmr-mutual-information-k40-s42.json,
combination_dev,active,lendingclub_v2,boruta_then_mrmr_mutual_information,,selection_state,results/selector_combinations_v1/dev/selections/scv1-lendingclub_v2-fold-5-boruta-then-mrmr-mutual-information-k20-s42.json,142272,0839052e9d9310118338b1973ff7c441aaf2f2938a12ae0f18fa52229bf8d4e3,True,results/selector_combinations_v1/dev/selections/scv1-lendingclub_v2-fold-5-boruta-then-mrmr-mutual-information-k20-s42.json,
combination_dev,active,lendingclub_v2,boruta_then_mrmr_mutual_information,,selection_state,results/selector_combinations_v1/dev/selections/scv1-lendingclub_v2-fold-5-boruta-then-mrmr-mutual-information-k40-s42.json,143746,01a46d59b6e51d7c1e68bb7d998f70f87f17d7bb9fda6c55be221f4a4658ea9f,True,results/selector_combinations_v1/dev/selections/scv1-lendingclub_v2-fold-5-boruta-then-mrmr-mutual-information-k40-s42.json,
combination_dev,active,lendingclub_v2,boruta_then_mrmr_mutual_information,,state_bound_payload,results/selector_combinations_v1/dev/selections/scv1-lendingclub_v2-fold-1-boruta-then-mrmr-mutual-information-k20-s42.combination_result.json,123141,bb7069de4d766d993f47d9f2b6477b5303589533995ec6206987e90cd9e45019,True,results/selector_combinations_v1/dev/selections/scv1-lendingclub_v2-fold-1-boruta-then-mrmr-mutual-information-k20-s42.json,
combination_dev,active,lendingclub_v2,boruta_then_mrmr_mutual_information,,state_bound_payload,results/selector_combinations_v1/dev/selections/scv1-lendingclub_v2-fold-1-boruta-then-mrmr-mutual-information-k20-s42.final_selected_features.csv,570,5c542d4c969de6eb76abdbf82de974a1299da108f04a23ca0617fd2b4a35afa2,True,results/selector_combinations_v1/dev/selections/scv1-lendingclub_v2-fold-1-boruta-then-mrmr-mutual-information-k20-s42.json,
combination_dev,active,lendingclub_v2,boruta_then_mrmr_mutual_information,,state_bound_payload,results/selector_combinations_v1/dev/selections/scv1-lendingclub_v2-fold-1-boruta-then-mrmr-mutual-information-k20-s42.intermediate_features.csv,4431,1b1cac4b921e30cde3015165743217fcd7167cec9f0642070a638b4c6c1ac02f,True,results/selector_combinations_v1/dev/selections/scv1-lendingclub_v2-fold-1-boruta-then-mrmr-mutual-information-k20-s42.json,
combination_dev,active,lendingclub_v2,boruta_then_mrmr_mutual_information,,state_bound_payload,results/selector_combinations_v1/dev/selections/scv1-lendingclub_v2-fold-1-boruta-then-mrmr-mutual-information-k40-s42.combination_result.json,123744,b7bd33a333553d941bc2649ae5a7681fbf519ce36e48e3e27c3d3f3293a14e26,True,results/selector_combinations_v1/dev/selections/scv1-lendingclub_v2-fold-1-boruta-then-mrmr-mutual-information-k40-s42.json,
combination_dev,active,lendingclub_v2,boruta_then_mrmr_mutual_information,,state_bound_payload,results/selector_combinations_v1/dev/selections/scv1-lendingclub_v2-fold-1-boruta-then-mrmr-mutual-information-k40-s42.final_selected_features.csv,1094,36cb781fad420cf714dfc9bb03d35c6dc692c655158cb0a26cc718ee79b3be16,True,results/selector_combinations_v1/dev/selections/scv1-lendingclub_v2-fold-1-boruta-then-mrmr-mutual-information-k40-s42.json,
combination_dev,active,lendingclub_v2,boruta_then_mrmr_mutual_information,,state_bound_payload,results/selector_combinations_v1/dev/selections/scv1-lendingclub_v2-fold-1-boruta-then-mrmr-mutual-information-k40-s42.intermediate_features.csv,4431,1b1cac4b921e30cde3015165743217fcd7167cec9f0642070a638b4c6c1ac02f,True,results/selector_combinations_v1/dev/selections/scv1-lendingclub_v2-fold-1-boruta-then-mrmr-mutual-information-k40-s42.json,
combination_dev,active,lendingclub_v2,boruta_then_mrmr_mutual_information,,state_bound_payload,results/selector_combinations_v1/dev/selections/scv1-lendingclub_v2-fold-2-boruta-then-mrmr-mutual-information-k20-s42.combination_result.json,124158,5d425c52934d884c02e2c8f45130f2b75be5d6e86743d5ecfd7a5b8011cc1c40,True,results/selector_combinations_v1/dev/selections/scv1-lendingclub_v2-fold-2-boruta-then-mrmr-mutual-information-k20-s42.json,
combination_dev,active,lendingclub_v2,boruta_then_mrmr_mutual_information,,state_bound_payload,results/selector_combinations_v1/dev/selections/scv1-lendingclub_v2-fold-2-boruta-then-mrmr-mutual-information-k20-s42.final_selected_features.csv,583,45375bbf0ae9f7ca804ac3d71ee9dc6b38e61839fb55b6e4f49756d57f61214c,True,results/selector_combinations_v1/dev/selections/scv1-lendingclub_v2-fold-2-boruta-then-mrmr-mutual-information-k20-s42.json,
combination_dev,active,lendingclub_v2,boruta_then_mrmr_mutual_information,,state_bound_payload,results/selector_combinations_v1/dev/selections/scv1-lendingclub_v2-fold-2-boruta-then-mrmr-mutual-information-k20-s42.intermediate_features.csv,5381,bc1fa7510c37db3e86f9a7f3bc309d9657fe97512f9d18344dbf42ac3a39eef6,True,results/selector_combinations_v1/dev/selections/scv1-lendingclub_v2-fold-2-boruta-then-mrmr-mutual-information-k20-s42.json,
combination_dev,active,lendingclub_v2,boruta_then_mrmr_mutual_information,,state_bound_payload,results/selector_combinations_v1/dev/selections/scv1-lendingclub_v2-fold-2-boruta-then-mrmr-mutual-information-k40-s42.combination_result.json,124794,32b973ab28d2b0cbafaf73a66eb85bf34e1e323517c2f018e140fdb7001fbc4f,True,results/selector_combinations_v1/dev/selections/scv1-lendingclub_v2-fold-2-boruta-then-mrmr-mutual-information-k40-s42.json,
combination_dev,active,lendingclub_v2,boruta_then_mrmr_mutual_information,,state_bound_payload,results/selector_combinations_v1/dev/selections/scv1-lendingclub_v2-fold-2-boruta-then-mrmr-mutual-information-k40-s42.final_selected_features.csv,1139,180dbb8fd51fff37d537c6802fbf7760142780de15d579a5ff01d7c69d83006a,True,results/selector_combinations_v1/dev/selections/scv1-lendingclub_v2-fold-2-boruta-then-mrmr-mutual-information-k40-s42.json,
combination_dev,active,lendingclub_v2,boruta_then_mrmr_mutual_information,,state_bound_payload,results/selector_combinations_v1/dev/selections/scv1-lendingclub_v2-fold-2-boruta-then-mrmr-mutual-information-k40-s42.intermediate_features.csv,5381,bc1fa7510c37db3e86f9a7f3bc309d9657fe97512f9d18344dbf42ac3a39eef6,True,results/selector_combinations_v1/dev/selections/scv1-lendingclub_v2-fold-2-boruta-then-mrmr-mutual-information-k40-s42.json,
combination_dev,active,lendingclub_v2,boruta_then_mrmr_mutual_information,,state_bound_payload,results/selector_combinations_v1/dev/selections/scv1-lendingclub_v2-fold-3-boruta-then-mrmr-mutual-information-k20-s42.combination_result.json,124744,379fa943d1f73e9656dac1d8bb5ba98e6daf794807d4cea1791c71f444490b52,True,results/selector_combinations_v1/dev/selections/scv1-lendingclub_v2-fold-3-boruta-then-mrmr-mutual-information-k20-s42.json,
combination_dev,active,lendingclub_v2,boruta_then_mrmr_mutual_information,,state_bound_payload,results/selector_combinations_v1/dev/selections/scv1-lendingclub_v2-fold-3-boruta-then-mrmr-mutual-information-k20-s42.final_selected_features.csv,533,477c9ed365bc02e245f5dc4952bacbce490c485b10ee3a4b8a0e163d8fa7fbf1,True,results/selector_combinations_v1/dev/selections/scv1-lendingclub_v2-fold-3-boruta-then-mrmr-mutual-information-k20-s42.json,
combination_dev,active,lendingclub_v2,boruta_then_mrmr_mutual_information,,state_bound_payload,results/selector_combinations_v1/dev/selections/scv1-lendingclub_v2-fold-3-boruta-then-mrmr-mutual-information-k20-s42.intermediate_features.csv,5967,3a2c0b0b283e11c1a10191737eae62bf7c7ceca7f1eb6bb7cd7e51ac7a54b87e,True,results/selector_combinations_v1/dev/selections/scv1-lendingclub_v2-fold-3-boruta-then-mrmr-mutual-information-k20-s42.json,
combination_dev,active,lendingclub_v2,boruta_then_mrmr_mutual_information,,state_bound_payload,results/selector_combinations_v1/dev/selections/scv1-lendingclub_v2-fold-3-boruta-then-mrmr-mutual-information-k40-s42.combination_result.json,125386,1abe97dbf16ece58aeebc6d88ea48621f672cfde1efaa8c27ae2f1f657c1d7de,True,results/selector_combinations_v1/dev/selections/scv1-lendingclub_v2-fold-3-boruta-then-mrmr-mutual-information-k40-s42.json,
combination_dev,active,lendingclub_v2,boruta_then_mrmr_mutual_information,,state_bound_payload,results/selector_combinations_v1/dev/selections/scv1-lendingclub_v2-fold-3-boruta-then-mrmr-mutual-information-k40-s42.final_selected_features.csv,1095,82e6348ad2bc797e7d045a05d4a436ab49c5a4bbd1db192e41b985eda4446c37,True,results/selector_combinations_v1/dev/selections/scv1-lendingclub_v2-fold-3-boruta-then-mrmr-mutual-information-k40-s42.json,
combination_dev,active,lendingclub_v2,boruta_then_mrmr_mutual_information,,state_bound_payload,results/selector_combinations_v1/dev/selections/scv1-lendingclub_v2-fold-3-boruta-then-mrmr-mutual-information-k40-s42.intermediate_features.csv,5967,3a2c0b0b283e11c1a10191737eae62bf7c7ceca7f1eb6bb7cd7e51ac7a54b87e,True,results/selector_combinations_v1/dev/selections/scv1-lendingclub_v2-fold-3-boruta-then-mrmr-mutual-information-k40-s42.json,
combination_dev,active,lendingclub_v2,boruta_then_mrmr_mutual_information,,state_bound_payload,results/selector_combinations_v1/dev/selections/scv1-lendingclub_v2-fold-4-boruta-then-mrmr-mutual-information-k20-s42.combination_result.json,125126,99b41fafc73279fe337818f562f53927b6f72a5ed795ac924f58c5553d959d46,True,results/selector_combinations_v1/dev/selections/scv1-lendingclub_v2-fold-4-boruta-then-mrmr-mutual-information-k20-s42.json,
combination_dev,active,lendingclub_v2,boruta_then_mrmr_mutual_information,,state_bound_payload,results/selector_combinations_v1/dev/selections/scv1-lendingclub_v2-fold-4-boruta-then-mrmr-mutual-information-k20-s42.final_selected_features.csv,552,be71a4f91239bd5495956fbf5554f63bef4be4c4ce5768cc38fcdfaf209c3bf3,True,results/selector_combinations_v1/dev/selections/scv1-lendingclub_v2-fold-4-boruta-then-mrmr-mutual-information-k20-s42.json,
combination_dev,active,lendingclub_v2,boruta_then_mrmr_mutual_information,,state_bound_payload,results/selector_combinations_v1/dev/selections/scv1-lendingclub_v2-fold-4-boruta-then-mrmr-mutual-information-k20-s42.intermediate_features.csv,6313,bb8efe685074497b7f070c0b62433b9890a3589191400ca14ce117dcfcdc2404,True,results/selector_combinations_v1/dev/selections/scv1-lendingclub_v2-fold-4-boruta-then-mrmr-mutual-information-k20-s42.json,
combination_dev,active,lendingclub_v2,boruta_then_mrmr_mutual_information,,state_bound_payload,results/selector_combinations_v1/dev/selections/scv1-lendingclub_v2-fold-4-boruta-then-mrmr-mutual-information-k40-s42.combination_result.json,125768,2cbfde7563f0a519cbbcfc889868cb3d8a2ceffd09af3b83b5de5d354d91e4ee,True,results/selector_combinations_v1/dev/selections/scv1-lendingclub_v2-fold-4-boruta-then-mrmr-mutual-information-k40-s42.json,
combination_dev,active,lendingclub_v2,boruta_then_mrmr_mutual_information,,state_bound_payload,results/selector_combinations_v1/dev/selections/scv1-lendingclub_v2-fold-4-boruta-then-mrmr-mutual-information-k40-s42.final_selected_features.csv,1115,ad6eb0f85aa1708f610bfc239fa9a550e4e7a30f6bf2c7e49d24f75235d96375,True,results/selector_combinations_v1/dev/selections/scv1-lendingclub_v2-fold-4-boruta-then-mrmr-mutual-information-k40-s42.json,
combination_dev,active,lendingclub_v2,boruta_then_mrmr_mutual_information,,state_bound_payload,results/selector_combinations_v1/dev/selections/scv1-lendingclub_v2-fold-4-boruta-then-mrmr-mutual-information-k40-s42.intermediate_features.csv,6313,bb8efe685074497b7f070c0b62433b9890a3589191400ca14ce117dcfcdc2404,True,results/selector_combinations_v1/dev/selections/scv1-lendingclub_v2-fold-4-boruta-then-mrmr-mutual-information-k40-s42.json,
combination_dev,active,lendingclub_v2,boruta_then_mrmr_mutual_information,,state_bound_payload,results/selector_combinations_v1/dev/selections/scv1-lendingclub_v2-fold-5-boruta-then-mrmr-mutual-information-k20-s42.combination_result.json,125657,d75a54279ba33e61ea1d4c04133c1ed1f8a5939723f151e03333d64b222f0be1,True,results/selector_combinations_v1/dev/selections/scv1-lendingclub_v2-fold-5-boruta-then-mrmr-mutual-information-k20-s42.json,
combination_dev,active,lendingclub_v2,boruta_then_mrmr_mutual_information,,state_bound_payload,results/selector_combinations_v1/dev/selections/scv1-lendingclub_v2-fold-5-boruta-then-mrmr-mutual-information-k20-s42.final_selected_features.csv,566,aeb2912ab6c844b25c423af0754fdd8a008e10bce9f427ea2e0143ea44643d8e,True,results/selector_combinations_v1/dev/selections/scv1-lendingclub_v2-fold-5-boruta-then-mrmr-mutual-information-k20-s42.json,
combination_dev,active,lendingclub_v2,boruta_then_mrmr_mutual_information,,state_bound_payload,results/selector_combinations_v1/dev/selections/scv1-lendingclub_v2-fold-5-boruta-then-mrmr-mutual-information-k20-s42.intermediate_features.csv,6801,f93f0baa9dba8207ad0afad1cedaf6d6528e897c8e8d4d05fcf24d725a898594,True,results/selector_combinations_v1/dev/selections/scv1-lendingclub_v2-fold-5-boruta-then-mrmr-mutual-information-k20-s42.json,
combination_dev,active,lendingclub_v2,boruta_then_mrmr_mutual_information,,state_bound_payload,results/selector_combinations_v1/dev/selections/scv1-lendingclub_v2-fold-5-boruta-then-mrmr-mutual-information-k40-s42.combination_result.json,126334,24ef284cf72461007f2a1709b79f698259aae175d03922ed08dda9ca0e2db307,True,results/selector_combinations_v1/dev/selections/scv1-lendingclub_v2-fold-5-boruta-then-mrmr-mutual-information-k40-s42.json,
combination_dev,active,lendingclub_v2,boruta_then_mrmr_mutual_information,,state_bound_payload,results/selector_combinations_v1/dev/selections/scv1-lendingclub_v2-fold-5-boruta-then-mrmr-mutual-information-k40-s42.final_selected_features.csv,1162,02981aca8ae2d89becc0103eb973c38cbb78d2ea4ce994ba9722d6568a5b900c,True,results/selector_combinations_v1/dev/selections/scv1-lendingclub_v2-fold-5-boruta-then-mrmr-mutual-information-k40-s42.json,
combination_dev,active,lendingclub_v2,boruta_then_mrmr_mutual_information,,state_bound_payload,results/selector_combinations_v1/dev/selections/scv1-lendingclub_v2-fold-5-boruta-then-mrmr-mutual-information-k40-s42.intermediate_features.csv,6801,f93f0baa9dba8207ad0afad1cedaf6d6528e897c8e8d4d05fcf24d725a898594,True,results/selector_combinations_v1/dev/selections/scv1-lendingclub_v2-fold-5-boruta-then-mrmr-mutual-information-k40-s42.json,
combination_dev,active,lendingclub_v2,boruta_then_mrmr_mutual_information,catboost,evaluation_state,results/selector_combinations_v1/dev/evaluations/scv1-dev-020-lendingclub_v2-boruta-then-mrmr-mutual-information-catboost-fold-1-k40-s42.json,8107,a438c83b89fb7429d9c460a6ee6e1bc535685c7e88aa31515ba86feca1a4ee1c,True,results/selector_combinations_v1/dev/evaluations/scv1-dev-020-lendingclub_v2-boruta-then-mrmr-mutual-information-catboost-fold-1-k40-s42.json,
combination_dev,active,lendingclub_v2,boruta_then_mrmr_mutual_information,catboost,evaluation_state,results/selector_combinations_v1/dev/evaluations/scv1-dev-044-lendingclub_v2-boruta-then-mrmr-mutual-information-catboost-fold-2-k40-s42.json,8104,4281d04b99609e22c2b451a330598445e35cb441ec2a746501924f0032056e5f,True,results/selector_combinations_v1/dev/evaluations/scv1-dev-044-lendingclub_v2-boruta-then-mrmr-mutual-information-catboost-fold-2-k40-s42.json,
combination_dev,active,lendingclub_v2,boruta_then_mrmr_mutual_information,catboost,evaluation_state,results/selector_combinations_v1/dev/evaluations/scv1-dev-068-lendingclub_v2-boruta-then-mrmr-mutual-information-catboost-fold-3-k40-s42.json,8106,6dfef1becdbf3745b50bfeb4555ed3b44a64b9f5fca3645bde3b00f977d6f789,True,results/selector_combinations_v1/dev/evaluations/scv1-dev-068-lendingclub_v2-boruta-then-mrmr-mutual-information-catboost-fold-3-k40-s42.json,
combination_dev,active,lendingclub_v2,boruta_then_mrmr_mutual_information,catboost,evaluation_state,results/selector_combinations_v1/dev/evaluations/scv1-dev-092-lendingclub_v2-boruta-then-mrmr-mutual-information-catboost-fold-4-k40-s42.json,8107,26640b0c66ac838b867e9bca6107d9a3d5607500ae7853a24e65b03619f43a73,True,results/selector_combinations_v1/dev/evaluations/scv1-dev-092-lendingclub_v2-boruta-then-mrmr-mutual-information-catboost-fold-4-k40-s42.json,
combination_dev,active,lendingclub_v2,boruta_then_mrmr_mutual_information,catboost,evaluation_state,results/selector_combinations_v1/dev/evaluations/scv1-dev-116-lendingclub_v2-boruta-then-mrmr-mutual-information-catboost-fold-5-k40-s42.json,8103,40b81a094722e273b923f8aba2dfc149c0af9c2779b846806f99722aa3130033,True,results/selector_combinations_v1/dev/evaluations/scv1-dev-116-lendingclub_v2-boruta-then-mrmr-mutual-information-catboost-fold-5-k40-s42.json,
combination_dev,active,lendingclub_v2,boruta_then_mrmr_mutual_information,catboost,state_bound_payload,results/selector_combinations_v1/dev/evaluations/scv1-dev-020-lendingclub_v2-boruta-then-mrmr-mutual-information-catboost-fold-1-k40-s42.dev_metrics.json,638,402f262e092ab6c0f9c3ef5499dcdfcd6dc96aad312210c516e4aa3ce1edfbc4,True,results/selector_combinations_v1/dev/evaluations/scv1-dev-020-lendingclub_v2-boruta-then-mrmr-mutual-information-catboost-fold-1-k40-s42.json,
combination_dev,active,lendingclub_v2,boruta_then_mrmr_mutual_information,catboost,state_bound_payload,results/selector_combinations_v1/dev/evaluations/scv1-dev-020-lendingclub_v2-boruta-then-mrmr-mutual-information-catboost-fold-1-k40-s42.dev_predictions.csv,21170565,ad266813f3c753dcb9bebd561c5b6573ee4ac72683ddc3ac1436e01e050e5e03,True,results/selector_combinations_v1/dev/evaluations/scv1-dev-020-lendingclub_v2-boruta-then-mrmr-mutual-information-catboost-fold-1-k40-s42.json,
combination_dev,active,lendingclub_v2,boruta_then_mrmr_mutual_information,catboost,state_bound_payload,results/selector_combinations_v1/dev/evaluations/scv1-dev-020-lendingclub_v2-boruta-then-mrmr-mutual-information-catboost-fold-1-k40-s42.final_model_configuration.json,1945,ccde9814bb86ca3a6f9eebb38595f0f6898fd66b1aa7cc01ce81a9b8b47b7261,True,results/selector_combinations_v1/dev/evaluations/scv1-dev-020-lendingclub_v2-boruta-then-mrmr-mutual-information-catboost-fold-1-k40-s42.json,
combination_dev,active,lendingclub_v2,boruta_then_mrmr_mutual_information,catboost,state_bound_payload,results/selector_combinations_v1/dev/evaluations/scv1-dev-044-lendingclub_v2-boruta-then-mrmr-mutual-information-catboost-fold-2-k40-s42.dev_metrics.json,638,11e60f846914ea586fc3d8065cf4e28c8475d932d63ba8b64595fec0cf3252ef,True,results/selector_combinations_v1/dev/evaluations/scv1-dev-044-lendingclub_v2-boruta-then-mrmr-mutual-information-catboost-fold-2-k40-s42.json,
combination_dev,active,lendingclub_v2,boruta_then_mrmr_mutual_information,catboost,state_bound_payload,results/selector_combinations_v1/dev/evaluations/scv1-dev-044-lendingclub_v2-boruta-then-mrmr-mutual-information-catboost-fold-2-k40-s42.dev_predictions.csv,15964410,f9b3cc8cba3b5fbb656e069ec18b0345f83cccaf583aa057408fb8af3d6ccc35,True,results/selector_combinations_v1/dev/evaluations/scv1-dev-044-lendingclub_v2-boruta-then-mrmr-mutual-information-catboost-fold-2-k40-s42.json,
combination_dev,active,lendingclub_v2,boruta_then_mrmr_mutual_information,catboost,state_bound_payload,results/selector_combinations_v1/dev/evaluations/scv1-dev-044-lendingclub_v2-boruta-then-mrmr-mutual-information-catboost-fold-2-k40-s42.final_model_configuration.json,1945,98aa5fadccb90c51cbb7f7cfb14171e9540de225d2288baeaee892f23857db2b,True,results/selector_combinations_v1/dev/evaluations/scv1-dev-044-lendingclub_v2-boruta-then-mrmr-mutual-information-catboost-fold-2-k40-s42.json,
combination_dev,active,lendingclub_v2,boruta_then_mrmr_mutual_information,catboost,state_bound_payload,results/selector_combinations_v1/dev/evaluations/scv1-dev-068-lendingclub_v2-boruta-then-mrmr-mutual-information-catboost-fold-3-k40-s42.dev_metrics.json,637,54fda55709420c2384c8c9bbb05026763a2246b3d5b5d37dd4772084f996e8ee,True,results/selector_combinations_v1/dev/evaluations/scv1-dev-068-lendingclub_v2-boruta-then-mrmr-mutual-information-catboost-fold-3-k40-s42.json,
combination_dev,active,lendingclub_v2,boruta_then_mrmr_mutual_information,catboost,state_bound_payload,results/selector_combinations_v1/dev/evaluations/scv1-dev-068-lendingclub_v2-boruta-then-mrmr-mutual-information-catboost-fold-3-k40-s42.dev_predictions.csv,23527655,8b34fcc43fb4eca8d6e09358a92d9a382a90b0640abc60157ee9e24a7cb40a5b,True,results/selector_combinations_v1/dev/evaluations/scv1-dev-068-lendingclub_v2-boruta-then-mrmr-mutual-information-catboost-fold-3-k40-s42.json,
combination_dev,active,lendingclub_v2,boruta_then_mrmr_mutual_information,catboost,state_bound_payload,results/selector_combinations_v1/dev/evaluations/scv1-dev-068-lendingclub_v2-boruta-then-mrmr-mutual-information-catboost-fold-3-k40-s42.final_model_configuration.json,1945,bf8824940a680c5852e74f7c496aa8b18f1b62491d4594290fed52d9da2e6a54,True,results/selector_combinations_v1/dev/evaluations/scv1-dev-068-lendingclub_v2-boruta-then-mrmr-mutual-information-catboost-fold-3-k40-s42.json,
combination_dev,active,lendingclub_v2,boruta_then_mrmr_mutual_information,catboost,state_bound_payload,results/selector_combinations_v1/dev/evaluations/scv1-dev-092-lendingclub_v2-boruta-then-mrmr-mutual-information-catboost-fold-4-k40-s42.dev_metrics.json,640,03bc7c15a99b75389372fecadee260887b8e0f69117b7c18d362f3ee42b94b60,True,results/selector_combinations_v1/dev/evaluations/scv1-dev-092-lendingclub_v2-boruta-then-mrmr-mutual-information-catboost-fold-4-k40-s42.json,
combination_dev,active,lendingclub_v2,boruta_then_mrmr_mutual_information,catboost,state_bound_payload,results/selector_combinations_v1/dev/evaluations/scv1-dev-092-lendingclub_v2-boruta-then-mrmr-mutual-information-catboost-fold-4-k40-s42.dev_predictions.csv,18497254,d4cbfdfb853bd6e6b18534da81b2568a62ff0f5a5300413791074eb090ca7da5,True,results/selector_combinations_v1/dev/evaluations/scv1-dev-092-lendingclub_v2-boruta-then-mrmr-mutual-information-catboost-fold-4-k40-s42.json,
combination_dev,active,lendingclub_v2,boruta_then_mrmr_mutual_information,catboost,state_bound_payload,results/selector_combinations_v1/dev/evaluations/scv1-dev-092-lendingclub_v2-boruta-then-mrmr-mutual-information-catboost-fold-4-k40-s42.final_model_configuration.json,1945,bf8824940a680c5852e74f7c496aa8b18f1b62491d4594290fed52d9da2e6a54,True,results/selector_combinations_v1/dev/evaluations/scv1-dev-092-lendingclub_v2-boruta-then-mrmr-mutual-information-catboost-fold-4-k40-s42.json,
combination_dev,active,lendingclub_v2,boruta_then_mrmr_mutual_information,catboost,state_bound_payload,results/selector_combinations_v1/dev/evaluations/scv1-dev-116-lendingclub_v2-boruta-then-mrmr-mutual-information-catboost-fold-5-k40-s42.dev_metrics.json,635,0675bc4c910a5873d0082d30048795868ce7d487904d5d19846ab783b2a6ccc7,True,results/selector_combinations_v1/dev/evaluations/scv1-dev-116-lendingclub_v2-boruta-then-mrmr-mutual-information-catboost-fold-5-k40-s42.json,
combination_dev,active,lendingclub_v2,boruta_then_mrmr_mutual_information,catboost,state_bound_payload,results/selector_combinations_v1/dev/evaluations/scv1-dev-116-lendingclub_v2-boruta-then-mrmr-mutual-information-catboost-fold-5-k40-s42.dev_predictions.csv,13323106,cf2a3c3317e3680cdcf54d6f8bf46c1e30f39c7df94956400c7b8b87c38a6811,True,results/selector_combinations_v1/dev/evaluations/scv1-dev-116-lendingclub_v2-boruta-then-mrmr-mutual-information-catboost-fold-5-k40-s42.json,
combination_dev,active,lendingclub_v2,boruta_then_mrmr_mutual_information,catboost,state_bound_payload,results/selector_combinations_v1/dev/evaluations/scv1-dev-116-lendingclub_v2-boruta-then-mrmr-mutual-information-catboost-fold-5-k40-s42.final_model_configuration.json,1945,0fdc1d04e6de3647f9a47ad2a580769524723311ab4596e3d7a09de886304042,True,results/selector_combinations_v1/dev/evaluations/scv1-dev-116-lendingclub_v2-boruta-then-mrmr-mutual-information-catboost-fold-5-k40-s42.json,
combination_dev,active,lendingclub_v2,boruta_then_mrmr_mutual_information,lr,evaluation_state,results/selector_combinations_v1/dev/evaluations/scv1-dev-019-lendingclub_v2-boruta-then-mrmr-mutual-information-lr-fold-1-k20-s42.json,7258,97e504e72a2880f8c385d33ddbfbd3eb72c269f54acee6b36af4d532a16e8b37,True,results/selector_combinations_v1/dev/evaluations/scv1-dev-019-lendingclub_v2-boruta-then-mrmr-mutual-information-lr-fold-1-k20-s42.json,
combination_dev,active,lendingclub_v2,boruta_then_mrmr_mutual_information,lr,evaluation_state,results/selector_combinations_v1/dev/evaluations/scv1-dev-043-lendingclub_v2-boruta-then-mrmr-mutual-information-lr-fold-2-k20-s42.json,7258,9b4fd0256b4878b0516d35d07ef98a00d97260487a2facf8c88d21ed12d45fd7,True,results/selector_combinations_v1/dev/evaluations/scv1-dev-043-lendingclub_v2-boruta-then-mrmr-mutual-information-lr-fold-2-k20-s42.json,
combination_dev,active,lendingclub_v2,boruta_then_mrmr_mutual_information,lr,evaluation_state,results/selector_combinations_v1/dev/evaluations/scv1-dev-067-lendingclub_v2-boruta-then-mrmr-mutual-information-lr-fold-3-k20-s42.json,7255,019ef62c7aa9462f20617cb28e5407a411be2342e05b7919056eb4e9e589b5d9,True,results/selector_combinations_v1/dev/evaluations/scv1-dev-067-lendingclub_v2-boruta-then-mrmr-mutual-information-lr-fold-3-k20-s42.json,
combination_dev,active,lendingclub_v2,boruta_then_mrmr_mutual_information,lr,evaluation_state,results/selector_combinations_v1/dev/evaluations/scv1-dev-091-lendingclub_v2-boruta-then-mrmr-mutual-information-lr-fold-4-k20-s42.json,7251,3b6a94dcc5ebd3c98da846df44b1085857bd58c17d5cd1aab87e023ad5c945cf,True,results/selector_combinations_v1/dev/evaluations/scv1-dev-091-lendingclub_v2-boruta-then-mrmr-mutual-information-lr-fold-4-k20-s42.json,
combination_dev,active,lendingclub_v2,boruta_then_mrmr_mutual_information,lr,evaluation_state,results/selector_combinations_v1/dev/evaluations/scv1-dev-115-lendingclub_v2-boruta-then-mrmr-mutual-information-lr-fold-5-k20-s42.json,7257,eb7e08cd5be302f356e3d679b279a5281b59d764792856c723dba97f6d9e0662,True,results/selector_combinations_v1/dev/evaluations/scv1-dev-115-lendingclub_v2-boruta-then-mrmr-mutual-information-lr-fold-5-k20-s42.json,
combination_dev,active,lendingclub_v2,boruta_then_mrmr_mutual_information,lr,state_bound_payload,results/selector_combinations_v1/dev/evaluations/scv1-dev-019-lendingclub_v2-boruta-then-mrmr-mutual-information-lr-fold-1-k20-s42.dev_metrics.json,637,9435f5fc05b84c762dcfc526772fb7b516cf4a5bb58c18bc1358bf5ccbb50d45,True,results/selector_combinations_v1/dev/evaluations/scv1-dev-019-lendingclub_v2-boruta-then-mrmr-mutual-information-lr-fold-1-k20-s42.json,
combination_dev,active,lendingclub_v2,boruta_then_mrmr_mutual_information,lr,state_bound_payload,results/selector_combinations_v1/dev/evaluations/scv1-dev-019-lendingclub_v2-boruta-then-mrmr-mutual-information-lr-fold-1-k20-s42.dev_predictions.csv,19790746,3e800abf7190bca3b81d5b26c4a1b87189d6fda662b798900f78c6e8caab5415,True,results/selector_combinations_v1/dev/evaluations/scv1-dev-019-lendingclub_v2-boruta-then-mrmr-mutual-information-lr-fold-1-k20-s42.json,
combination_dev,active,lendingclub_v2,boruta_then_mrmr_mutual_information,lr,state_bound_payload,results/selector_combinations_v1/dev/evaluations/scv1-dev-019-lendingclub_v2-boruta-then-mrmr-mutual-information-lr-fold-1-k20-s42.final_model_configuration.json,1245,461d065110791b9305c8a21759be05ac57d495f884d3561dee84570f83d05c0a,True,results/selector_combinations_v1/dev/evaluations/scv1-dev-019-lendingclub_v2-boruta-then-mrmr-mutual-information-lr-fold-1-k20-s42.json,
combination_dev,active,lendingclub_v2,boruta_then_mrmr_mutual_information,lr,state_bound_payload,results/selector_combinations_v1/dev/evaluations/scv1-dev-043-lendingclub_v2-boruta-then-mrmr-mutual-information-lr-fold-2-k20-s42.dev_metrics.json,640,7e2c7bb2917288efde85e9e7854a3f943305021111b9f23114936b1edc1f1df5,True,results/selector_combinations_v1/dev/evaluations/scv1-dev-043-lendingclub_v2-boruta-then-mrmr-mutual-information-lr-fold-2-k20-s42.json,
combination_dev,active,lendingclub_v2,boruta_then_mrmr_mutual_information,lr,state_bound_payload,results/selector_combinations_v1/dev/evaluations/scv1-dev-043-lendingclub_v2-boruta-then-mrmr-mutual-information-lr-fold-2-k20-s42.dev_predictions.csv,14925700,aafdbf19361b51f51bfa88f7cc172cd737becbb2d27340c90d3f4828013a40f5,True,results/selector_combinations_v1/dev/evaluations/scv1-dev-043-lendingclub_v2-boruta-then-mrmr-mutual-information-lr-fold-2-k20-s42.json,
combination_dev,active,lendingclub_v2,boruta_then_mrmr_mutual_information,lr,state_bound_payload,results/selector_combinations_v1/dev/evaluations/scv1-dev-043-lendingclub_v2-boruta-then-mrmr-mutual-information-lr-fold-2-k20-s42.final_model_configuration.json,1245,f04b8368740be167a71ee9cc00ab51451927cf5cad2f45e6e4c1607eb4ff6772,True,results/selector_combinations_v1/dev/evaluations/scv1-dev-043-lendingclub_v2-boruta-then-mrmr-mutual-information-lr-fold-2-k20-s42.json,
combination_dev,active,lendingclub_v2,boruta_then_mrmr_mutual_information,lr,state_bound_payload,results/selector_combinations_v1/dev/evaluations/scv1-dev-067-lendingclub_v2-boruta-then-mrmr-mutual-information-lr-fold-3-k20-s42.dev_metrics.json,634,f930df8e72842ebacc4b2f44ba9ef9a0f5ac2ea1d409624162901dfea2df6d96,True,results/selector_combinations_v1/dev/evaluations/scv1-dev-067-lendingclub_v2-boruta-then-mrmr-mutual-information-lr-fold-3-k20-s42.json,
combination_dev,active,lendingclub_v2,boruta_then_mrmr_mutual_information,lr,state_bound_payload,results/selector_combinations_v1/dev/evaluations/scv1-dev-067-lendingclub_v2-boruta-then-mrmr-mutual-information-lr-fold-3-k20-s42.dev_predictions.csv,21998545,6ff658ed849998719f1d5c58799ac5d492ca44df7277f9eb3c56c4e0a0f76769,True,results/selector_combinations_v1/dev/evaluations/scv1-dev-067-lendingclub_v2-boruta-then-mrmr-mutual-information-lr-fold-3-k20-s42.json,
combination_dev,active,lendingclub_v2,boruta_then_mrmr_mutual_information,lr,state_bound_payload,results/selector_combinations_v1/dev/evaluations/scv1-dev-067-lendingclub_v2-boruta-then-mrmr-mutual-information-lr-fold-3-k20-s42.final_model_configuration.json,1245,656f1d8849ccea971e05588c53f4dfdcb9f6b09d3b54a9766255deee28f0ad04,True,results/selector_combinations_v1/dev/evaluations/scv1-dev-067-lendingclub_v2-boruta-then-mrmr-mutual-information-lr-fold-3-k20-s42.json,
combination_dev,active,lendingclub_v2,boruta_then_mrmr_mutual_information,lr,state_bound_payload,results/selector_combinations_v1/dev/evaluations/scv1-dev-091-lendingclub_v2-boruta-then-mrmr-mutual-information-lr-fold-4-k20-s42.dev_metrics.json,633,2fc70e10e1d086c1d63e7d32111b80827f4553653ec177a45b0878b2af4cf05c,True,results/selector_combinations_v1/dev/evaluations/scv1-dev-091-lendingclub_v2-boruta-then-mrmr-mutual-information-lr-fold-4-k20-s42.json,
combination_dev,active,lendingclub_v2,boruta_then_mrmr_mutual_information,lr,state_bound_payload,results/selector_combinations_v1/dev/evaluations/scv1-dev-091-lendingclub_v2-boruta-then-mrmr-mutual-information-lr-fold-4-k20-s42.dev_predictions.csv,17295513,52323a01f40bd2e0fa768961357d57fc93fee684895237ff49a2ebe89c665a0a,True,results/selector_combinations_v1/dev/evaluations/scv1-dev-091-lendingclub_v2-boruta-then-mrmr-mutual-information-lr-fold-4-k20-s42.json,
combination_dev,active,lendingclub_v2,boruta_then_mrmr_mutual_information,lr,state_bound_payload,results/selector_combinations_v1/dev/evaluations/scv1-dev-091-lendingclub_v2-boruta-then-mrmr-mutual-information-lr-fold-4-k20-s42.final_model_configuration.json,1245,656f1d8849ccea971e05588c53f4dfdcb9f6b09d3b54a9766255deee28f0ad04,True,results/selector_combinations_v1/dev/evaluations/scv1-dev-091-lendingclub_v2-boruta-then-mrmr-mutual-information-lr-fold-4-k20-s42.json,
combination_dev,active,lendingclub_v2,boruta_then_mrmr_mutual_information,lr,state_bound_payload,results/selector_combinations_v1/dev/evaluations/scv1-dev-115-lendingclub_v2-boruta-then-mrmr-mutual-information-lr-fold-5-k20-s42.dev_metrics.json,637,21fc33183551943904ba346c2fcbbefa77532a5ae665b013497207ba0e77f5a9,True,results/selector_combinations_v1/dev/evaluations/scv1-dev-115-lendingclub_v2-boruta-then-mrmr-mutual-information-lr-fold-5-k20-s42.json,
combination_dev,active,lendingclub_v2,boruta_then_mrmr_mutual_information,lr,state_bound_payload,results/selector_combinations_v1/dev/evaluations/scv1-dev-115-lendingclub_v2-boruta-then-mrmr-mutual-information-lr-fold-5-k20-s42.dev_predictions.csv,12458052,e0362a66eb85018fa7c7f894a009bf96e924e59239266909b5166e287b4fc0a6,True,results/selector_combinations_v1/dev/evaluations/scv1-dev-115-lendingclub_v2-boruta-then-mrmr-mutual-information-lr-fold-5-k20-s42.json,
combination_dev,active,lendingclub_v2,boruta_then_mrmr_mutual_information,lr,state_bound_payload,results/selector_combinations_v1/dev/evaluations/scv1-dev-115-lendingclub_v2-boruta-then-mrmr-mutual-information-lr-fold-5-k20-s42.final_model_configuration.json,1245,01bb723d159d25461a3ac58cdd5501dcba4c8f0ad5cb443a6ee5146668a4473c,True,results/selector_combinations_v1/dev/evaluations/scv1-dev-115-lendingclub_v2-boruta-then-mrmr-mutual-information-lr-fold-5-k20-s42.json,
combination_dev,active,lendingclub_v2,boruta_then_rfe_catboost,,selection_state,results/selector_combinations_v1/dev/selections/scv1-lendingclub_v2-fold-1-boruta-then-rfe-catboost-k20-s42.json,150551,6dd5407b4b9871103a6109986a40375e580e3078cd6e2f8c34b6f805b0117efe,True,results/selector_combinations_v1/dev/selections/scv1-lendingclub_v2-fold-1-boruta-then-rfe-catboost-k20-s42.json,
combination_dev,active,lendingclub_v2,boruta_then_rfe_catboost,,selection_state,results/selector_combinations_v1/dev/selections/scv1-lendingclub_v2-fold-1-boruta-then-rfe-catboost-k40-s42.json,151515,c8b756986ea8acb8bd5ba7935e97372b6e0390d2e6c058fb8274d82aec206ee5,True,results/selector_combinations_v1/dev/selections/scv1-lendingclub_v2-fold-1-boruta-then-rfe-catboost-k40-s42.json,
combination_dev,active,lendingclub_v2,boruta_then_rfe_catboost,,selection_state,results/selector_combinations_v1/dev/selections/scv1-lendingclub_v2-fold-2-boruta-then-rfe-catboost-k20-s42.json,153326,bfd0a94eabcb03728dc874fb33798229434d54ab4acb1c50fac738265e71af62,True,results/selector_combinations_v1/dev/selections/scv1-lendingclub_v2-fold-2-boruta-then-rfe-catboost-k20-s42.json,
combination_dev,active,lendingclub_v2,boruta_then_rfe_catboost,,selection_state,results/selector_combinations_v1/dev/selections/scv1-lendingclub_v2-fold-2-boruta-then-rfe-catboost-k40-s42.json,154318,701d13ea15616f214c64976166b4736e96c8965fd75e5d34ee8eabd27a376508,True,results/selector_combinations_v1/dev/selections/scv1-lendingclub_v2-fold-2-boruta-then-rfe-catboost-k40-s42.json,
combination_dev,active,lendingclub_v2,boruta_then_rfe_catboost,,selection_state,results/selector_combinations_v1/dev/selections/scv1-lendingclub_v2-fold-3-boruta-then-rfe-catboost-k20-s42.json,155022,8cdaf5f70984c2fac90a9979b449c9efb7866ab06f0905eb47fb658cd8221bbf,True,results/selector_combinations_v1/dev/selections/scv1-lendingclub_v2-fold-3-boruta-then-rfe-catboost-k20-s42.json,
combination_dev,active,lendingclub_v2,boruta_then_rfe_catboost,,selection_state,results/selector_combinations_v1/dev/selections/scv1-lendingclub_v2-fold-3-boruta-then-rfe-catboost-k40-s42.json,155942,84fe6fcb2b6ab9363b351a3a33d1fb693141525f082b8fe7cba67c4a0804cc75,True,results/selector_combinations_v1/dev/selections/scv1-lendingclub_v2-fold-3-boruta-then-rfe-catboost-k40-s42.json,
combination_dev,active,lendingclub_v2,boruta_then_rfe_catboost,,selection_state,results/selector_combinations_v1/dev/selections/scv1-lendingclub_v2-fold-4-boruta-then-rfe-catboost-k20-s42.json,156244,91301ab3bc4fc047204ab98f8e92a33b6cc399bc638f4de3b4c3ac678150bc22,True,results/selector_combinations_v1/dev/selections/scv1-lendingclub_v2-fold-4-boruta-then-rfe-catboost-k20-s42.json,
combination_dev,active,lendingclub_v2,boruta_then_rfe_catboost,,selection_state,results/selector_combinations_v1/dev/selections/scv1-lendingclub_v2-fold-4-boruta-then-rfe-catboost-k40-s42.json,156865,20893fd009801b065c6ade2f2a79269c4a38694fb91d92434269002042ed6486,True,results/selector_combinations_v1/dev/selections/scv1-lendingclub_v2-fold-4-boruta-then-rfe-catboost-k40-s42.json,
combination_dev,active,lendingclub_v2,boruta_then_rfe_catboost,,selection_state,results/selector_combinations_v1/dev/selections/scv1-lendingclub_v2-fold-5-boruta-then-rfe-catboost-k20-s42.json,157629,78b35cbb835ac3914f34a0cc304e1ff3e204f9cdf276f0de609bb81984e849de,True,results/selector_combinations_v1/dev/selections/scv1-lendingclub_v2-fold-5-boruta-then-rfe-catboost-k20-s42.json,
combination_dev,active,lendingclub_v2,boruta_then_rfe_catboost,,selection_state,results/selector_combinations_v1/dev/selections/scv1-lendingclub_v2-fold-5-boruta-then-rfe-catboost-k40-s42.json,158522,a4991a7f800971ba324b0eeb5af93f0aec56a5d448c7b249fb6cef285d1ec5b4,True,results/selector_combinations_v1/dev/selections/scv1-lendingclub_v2-fold-5-boruta-then-rfe-catboost-k40-s42.json,
combination_dev,active,lendingclub_v2,boruta_then_rfe_catboost,,state_bound_payload,results/selector_combinations_v1/dev/selections/scv1-lendingclub_v2-fold-1-boruta-then-rfe-catboost-k20-s42.combination_result.json,133057,919fc8ebec66f006a13b2b913d853ba14ba44926925568181b832aa26760c4b5,True,results/selector_combinations_v1/dev/selections/scv1-lendingclub_v2-fold-1-boruta-then-rfe-catboost-k20-s42.json,
combination_dev,active,lendingclub_v2,boruta_then_rfe_catboost,,state_bound_payload,results/selector_combinations_v1/dev/selections/scv1-lendingclub_v2-fold-1-boruta-then-rfe-catboost-k20-s42.final_selected_features.csv,562,ee7652df879a28aa9c734ffcac28fc2140ae0a74e44df32ce2ac9ed20c6fc9c5,True,results/selector_combinations_v1/dev/selections/scv1-lendingclub_v2-fold-1-boruta-then-rfe-catboost-k20-s42.json,
combination_dev,active,lendingclub_v2,boruta_then_rfe_catboost,,state_bound_payload,results/selector_combinations_v1/dev/selections/scv1-lendingclub_v2-fold-1-boruta-then-rfe-catboost-k20-s42.intermediate_features.csv,4431,1b1cac4b921e30cde3015165743217fcd7167cec9f0642070a638b4c6c1ac02f,True,results/selector_combinations_v1/dev/selections/scv1-lendingclub_v2-fold-1-boruta-then-rfe-catboost-k20-s42.json,
combination_dev,active,lendingclub_v2,boruta_then_rfe_catboost,,state_bound_payload,results/selector_combinations_v1/dev/selections/scv1-lendingclub_v2-fold-1-boruta-then-rfe-catboost-k40-s42.combination_result.json,133358,58710e8e8cd0c506187c20802fea00397ab1fe68f0aa5a4671f72e767a48bc2b,True,results/selector_combinations_v1/dev/selections/scv1-lendingclub_v2-fold-1-boruta-then-rfe-catboost-k40-s42.json,
combination_dev,active,lendingclub_v2,boruta_then_rfe_catboost,,state_bound_payload,results/selector_combinations_v1/dev/selections/scv1-lendingclub_v2-fold-1-boruta-then-rfe-catboost-k40-s42.final_selected_features.csv,1120,d6edf3ac0b64cb700ed47979dc365ffdde680961f40452012e707ac18f4d460e,True,results/selector_combinations_v1/dev/selections/scv1-lendingclub_v2-fold-1-boruta-then-rfe-catboost-k40-s42.json,
combination_dev,active,lendingclub_v2,boruta_then_rfe_catboost,,state_bound_payload,results/selector_combinations_v1/dev/selections/scv1-lendingclub_v2-fold-1-boruta-then-rfe-catboost-k40-s42.intermediate_features.csv,4431,1b1cac4b921e30cde3015165743217fcd7167cec9f0642070a638b4c6c1ac02f,True,results/selector_combinations_v1/dev/selections/scv1-lendingclub_v2-fold-1-boruta-then-rfe-catboost-k40-s42.json,
combination_dev,active,lendingclub_v2,boruta_then_rfe_catboost,,state_bound_payload,results/selector_combinations_v1/dev/selections/scv1-lendingclub_v2-fold-2-boruta-then-rfe-catboost-k20-s42.combination_result.json,135599,b2c23040d5b73583888d8b37ba3b27be5ac1bef39257fd19318f6d96fb4292a9,True,results/selector_combinations_v1/dev/selections/scv1-lendingclub_v2-fold-2-boruta-then-rfe-catboost-k20-s42.json,
combination_dev,active,lendingclub_v2,boruta_then_rfe_catboost,,state_bound_payload,results/selector_combinations_v1/dev/selections/scv1-lendingclub_v2-fold-2-boruta-then-rfe-catboost-k20-s42.final_selected_features.csv,499,ad4c1e871c9422ca3740ebe1431f301b666d8cd5f2bc116b636d95d61be21caf,True,results/selector_combinations_v1/dev/selections/scv1-lendingclub_v2-fold-2-boruta-then-rfe-catboost-k20-s42.json,
combination_dev,active,lendingclub_v2,boruta_then_rfe_catboost,,state_bound_payload,results/selector_combinations_v1/dev/selections/scv1-lendingclub_v2-fold-2-boruta-then-rfe-catboost-k20-s42.intermediate_features.csv,5381,bc1fa7510c37db3e86f9a7f3bc309d9657fe97512f9d18344dbf42ac3a39eef6,True,results/selector_combinations_v1/dev/selections/scv1-lendingclub_v2-fold-2-boruta-then-rfe-catboost-k20-s42.json,
combination_dev,active,lendingclub_v2,boruta_then_rfe_catboost,,state_bound_payload,results/selector_combinations_v1/dev/selections/scv1-lendingclub_v2-fold-2-boruta-then-rfe-catboost-k40-s42.combination_result.json,135915,9512f249c6ba8aaa9cb00f1fb0a91b21b783cbfc1387583e106a9dc74c1cc5f6,True,results/selector_combinations_v1/dev/selections/scv1-lendingclub_v2-fold-2-boruta-then-rfe-catboost-k40-s42.json,
combination_dev,active,lendingclub_v2,boruta_then_rfe_catboost,,state_bound_payload,results/selector_combinations_v1/dev/selections/scv1-lendingclub_v2-fold-2-boruta-then-rfe-catboost-k40-s42.final_selected_features.csv,1070,da4653f77563f37451cbade4a82047b410aec3598c2b852d8b7755af863ff4fc,True,results/selector_combinations_v1/dev/selections/scv1-lendingclub_v2-fold-2-boruta-then-rfe-catboost-k40-s42.json,
combination_dev,active,lendingclub_v2,boruta_then_rfe_catboost,,state_bound_payload,results/selector_combinations_v1/dev/selections/scv1-lendingclub_v2-fold-2-boruta-then-rfe-catboost-k40-s42.intermediate_features.csv,5381,bc1fa7510c37db3e86f9a7f3bc309d9657fe97512f9d18344dbf42ac3a39eef6,True,results/selector_combinations_v1/dev/selections/scv1-lendingclub_v2-fold-2-boruta-then-rfe-catboost-k40-s42.json,
combination_dev,active,lendingclub_v2,boruta_then_rfe_catboost,,state_bound_payload,results/selector_combinations_v1/dev/selections/scv1-lendingclub_v2-fold-3-boruta-then-rfe-catboost-k20-s42.combination_result.json,137113,715f53f86f86df8c4251962fd506fd7f68aa71c810d603f3befcb931a3bb5c39,True,results/selector_combinations_v1/dev/selections/scv1-lendingclub_v2-fold-3-boruta-then-rfe-catboost-k20-s42.json,
combination_dev,active,lendingclub_v2,boruta_then_rfe_catboost,,state_bound_payload,results/selector_combinations_v1/dev/selections/scv1-lendingclub_v2-fold-3-boruta-then-rfe-catboost-k20-s42.final_selected_features.csv,513,21764b0ce800b767f192084e49829aa4a95db5d2f03a11adab93dc3bf23c7bc9,True,results/selector_combinations_v1/dev/selections/scv1-lendingclub_v2-fold-3-boruta-then-rfe-catboost-k20-s42.json,
combination_dev,active,lendingclub_v2,boruta_then_rfe_catboost,,state_bound_payload,results/selector_combinations_v1/dev/selections/scv1-lendingclub_v2-fold-3-boruta-then-rfe-catboost-k20-s42.intermediate_features.csv,5967,3a2c0b0b283e11c1a10191737eae62bf7c7ceca7f1eb6bb7cd7e51ac7a54b87e,True,results/selector_combinations_v1/dev/selections/scv1-lendingclub_v2-fold-3-boruta-then-rfe-catboost-k20-s42.json,
combination_dev,active,lendingclub_v2,boruta_then_rfe_catboost,,state_bound_payload,results/selector_combinations_v1/dev/selections/scv1-lendingclub_v2-fold-3-boruta-then-rfe-catboost-k40-s42.combination_result.json,137392,5c40bf4b032f96729bcd49e2e4504138ad9c42d0e5026d5740addf9e71e4a581,True,results/selector_combinations_v1/dev/selections/scv1-lendingclub_v2-fold-3-boruta-then-rfe-catboost-k40-s42.json,
combination_dev,active,lendingclub_v2,boruta_then_rfe_catboost,,state_bound_payload,results/selector_combinations_v1/dev/selections/scv1-lendingclub_v2-fold-3-boruta-then-rfe-catboost-k40-s42.final_selected_features.csv,1049,95cd0d4ba7b760e40499f6b10c3d03db0403497be869a4004142eb55d13aeb62,True,results/selector_combinations_v1/dev/selections/scv1-lendingclub_v2-fold-3-boruta-then-rfe-catboost-k40-s42.json,
combination_dev,active,lendingclub_v2,boruta_then_rfe_catboost,,state_bound_payload,results/selector_combinations_v1/dev/selections/scv1-lendingclub_v2-fold-3-boruta-then-rfe-catboost-k40-s42.intermediate_features.csv,5967,3a2c0b0b283e11c1a10191737eae62bf7c7ceca7f1eb6bb7cd7e51ac7a54b87e,True,results/selector_combinations_v1/dev/selections/scv1-lendingclub_v2-fold-3-boruta-then-rfe-catboost-k40-s42.json,
combination_dev,active,lendingclub_v2,boruta_then_rfe_catboost,,state_bound_payload,results/selector_combinations_v1/dev/selections/scv1-lendingclub_v2-fold-4-boruta-then-rfe-catboost-k20-s42.combination_result.json,138200,59be03f8f2cd83d62076b99a367fd5887a121b7d56acbb4912983dbc285b4c7e,True,results/selector_combinations_v1/dev/selections/scv1-lendingclub_v2-fold-4-boruta-then-rfe-catboost-k20-s42.json,
combination_dev,active,lendingclub_v2,boruta_then_rfe_catboost,,state_bound_payload,results/selector_combinations_v1/dev/selections/scv1-lendingclub_v2-fold-4-boruta-then-rfe-catboost-k20-s42.final_selected_features.csv,519,93c1b6dcefbb1a5e6eac26ec8e01b315a3292d4658405562bbeaaa494a8a4ee7,True,results/selector_combinations_v1/dev/selections/scv1-lendingclub_v2-fold-4-boruta-then-rfe-catboost-k20-s42.json,
combination_dev,active,lendingclub_v2,boruta_then_rfe_catboost,,state_bound_payload,results/selector_combinations_v1/dev/selections/scv1-lendingclub_v2-fold-4-boruta-then-rfe-catboost-k20-s42.intermediate_features.csv,6313,bb8efe685074497b7f070c0b62433b9890a3589191400ca14ce117dcfcdc2404,True,results/selector_combinations_v1/dev/selections/scv1-lendingclub_v2-fold-4-boruta-then-rfe-catboost-k20-s42.json,
combination_dev,active,lendingclub_v2,boruta_then_rfe_catboost,,state_bound_payload,results/selector_combinations_v1/dev/selections/scv1-lendingclub_v2-fold-4-boruta-then-rfe-catboost-k40-s42.combination_result.json,138237,4f9ce1c47ebdf0583620e6affb1095e4b4d25b450c5e5cdfa0e31d0166cc0f5d,True,results/selector_combinations_v1/dev/selections/scv1-lendingclub_v2-fold-4-boruta-then-rfe-catboost-k40-s42.json,
combination_dev,active,lendingclub_v2,boruta_then_rfe_catboost,,state_bound_payload,results/selector_combinations_v1/dev/selections/scv1-lendingclub_v2-fold-4-boruta-then-rfe-catboost-k40-s42.final_selected_features.csv,1030,d996589bbee6660af4d0e13107bc445bf2344613202bc7d5e79f5e141c2fd7dd,True,results/selector_combinations_v1/dev/selections/scv1-lendingclub_v2-fold-4-boruta-then-rfe-catboost-k40-s42.json,
combination_dev,active,lendingclub_v2,boruta_then_rfe_catboost,,state_bound_payload,results/selector_combinations_v1/dev/selections/scv1-lendingclub_v2-fold-4-boruta-then-rfe-catboost-k40-s42.intermediate_features.csv,6313,bb8efe685074497b7f070c0b62433b9890a3589191400ca14ce117dcfcdc2404,True,results/selector_combinations_v1/dev/selections/scv1-lendingclub_v2-fold-4-boruta-then-rfe-catboost-k40-s42.json,
combination_dev,active,lendingclub_v2,boruta_then_rfe_catboost,,state_bound_payload,results/selector_combinations_v1/dev/selections/scv1-lendingclub_v2-fold-5-boruta-then-rfe-catboost-k20-s42.combination_result.json,139440,e5fe3f9e5bb6d0506654f1db6553b12306f03bd70ff373e637d3537405c0460a,True,results/selector_combinations_v1/dev/selections/scv1-lendingclub_v2-fold-5-boruta-then-rfe-catboost-k20-s42.json,
combination_dev,active,lendingclub_v2,boruta_then_rfe_catboost,,state_bound_payload,results/selector_combinations_v1/dev/selections/scv1-lendingclub_v2-fold-5-boruta-then-rfe-catboost-k20-s42.final_selected_features.csv,536,9ff1a6b78951438e5151924565c0c63b56a0823f4f7137cf99499ebf73f91f26,True,results/selector_combinations_v1/dev/selections/scv1-lendingclub_v2-fold-5-boruta-then-rfe-catboost-k20-s42.json,
combination_dev,active,lendingclub_v2,boruta_then_rfe_catboost,,state_bound_payload,results/selector_combinations_v1/dev/selections/scv1-lendingclub_v2-fold-5-boruta-then-rfe-catboost-k20-s42.intermediate_features.csv,6801,f93f0baa9dba8207ad0afad1cedaf6d6528e897c8e8d4d05fcf24d725a898594,True,results/selector_combinations_v1/dev/selections/scv1-lendingclub_v2-fold-5-boruta-then-rfe-catboost-k20-s42.json,
combination_dev,active,lendingclub_v2,boruta_then_rfe_catboost,,state_bound_payload,results/selector_combinations_v1/dev/selections/scv1-lendingclub_v2-fold-5-boruta-then-rfe-catboost-k40-s42.combination_result.json,139706,cbe9f300ba4ff78a9fa601200186f0b3486794457f18647068b2704bc6c5a137,True,results/selector_combinations_v1/dev/selections/scv1-lendingclub_v2-fold-5-boruta-then-rfe-catboost-k40-s42.json,
combination_dev,active,lendingclub_v2,boruta_then_rfe_catboost,,state_bound_payload,results/selector_combinations_v1/dev/selections/scv1-lendingclub_v2-fold-5-boruta-then-rfe-catboost-k40-s42.final_selected_features.csv,1058,ce55da3ff7e8ee2923435a3d56132c95895d375a710cf9c5d51642881d1bcb9e,True,results/selector_combinations_v1/dev/selections/scv1-lendingclub_v2-fold-5-boruta-then-rfe-catboost-k40-s42.json,
combination_dev,active,lendingclub_v2,boruta_then_rfe_catboost,,state_bound_payload,results/selector_combinations_v1/dev/selections/scv1-lendingclub_v2-fold-5-boruta-then-rfe-catboost-k40-s42.intermediate_features.csv,6801,f93f0baa9dba8207ad0afad1cedaf6d6528e897c8e8d4d05fcf24d725a898594,True,results/selector_combinations_v1/dev/selections/scv1-lendingclub_v2-fold-5-boruta-then-rfe-catboost-k40-s42.json,
combination_dev,active,lendingclub_v2,boruta_then_rfe_catboost,catboost,evaluation_state,results/selector_combinations_v1/dev/evaluations/scv1-dev-024-lendingclub_v2-boruta-then-rfe-catboost-catboost-fold-1-k40-s42.json,7974,3b2e4581d2d2078b433f9369794e07d6a4058715d0b2b15df6fe43c9c2159e4c,True,results/selector_combinations_v1/dev/evaluations/scv1-dev-024-lendingclub_v2-boruta-then-rfe-catboost-catboost-fold-1-k40-s42.json,
combination_dev,active,lendingclub_v2,boruta_then_rfe_catboost,catboost,evaluation_state,results/selector_combinations_v1/dev/evaluations/scv1-dev-048-lendingclub_v2-boruta-then-rfe-catboost-catboost-fold-2-k40-s42.json,7972,6dcbbb418c89249af34eccc645804436499e6f34629961fd7b1a27014fa9dddc,True,results/selector_combinations_v1/dev/evaluations/scv1-dev-048-lendingclub_v2-boruta-then-rfe-catboost-catboost-fold-2-k40-s42.json,
combination_dev,active,lendingclub_v2,boruta_then_rfe_catboost,catboost,evaluation_state,results/selector_combinations_v1/dev/evaluations/scv1-dev-072-lendingclub_v2-boruta-then-rfe-catboost-catboost-fold-3-k40-s42.json,7977,e6bb91290e8c3aab204910426841ab01627273a8b6a2a0a0fbc26affcefb531f,True,results/selector_combinations_v1/dev/evaluations/scv1-dev-072-lendingclub_v2-boruta-then-rfe-catboost-catboost-fold-3-k40-s42.json,
combination_dev,active,lendingclub_v2,boruta_then_rfe_catboost,catboost,evaluation_state,results/selector_combinations_v1/dev/evaluations/scv1-dev-096-lendingclub_v2-boruta-then-rfe-catboost-catboost-fold-4-k40-s42.json,7972,a58724e583adbf15704d20d3f414ded0ae406070ea44fb2355fa194d222384c9,True,results/selector_combinations_v1/dev/evaluations/scv1-dev-096-lendingclub_v2-boruta-then-rfe-catboost-catboost-fold-4-k40-s42.json,
combination_dev,active,lendingclub_v2,boruta_then_rfe_catboost,catboost,evaluation_state,results/selector_combinations_v1/dev/evaluations/scv1-dev-120-lendingclub_v2-boruta-then-rfe-catboost-catboost-fold-5-k40-s42.json,7973,8cc6c35b1bd2382d5bdb4a56e37ea22a5a628755045b2ea8a4da32304d390dfa,True,results/selector_combinations_v1/dev/evaluations/scv1-dev-120-lendingclub_v2-boruta-then-rfe-catboost-catboost-fold-5-k40-s42.json,
combination_dev,active,lendingclub_v2,boruta_then_rfe_catboost,catboost,state_bound_payload,results/selector_combinations_v1/dev/evaluations/scv1-dev-024-lendingclub_v2-boruta-then-rfe-catboost-catboost-fold-1-k40-s42.dev_metrics.json,637,7fdbae66d86b4d19da3be94602a07f1c8f4a5145096399221c943a1f6a799cf1,True,results/selector_combinations_v1/dev/evaluations/scv1-dev-024-lendingclub_v2-boruta-then-rfe-catboost-catboost-fold-1-k40-s42.json,
combination_dev,active,lendingclub_v2,boruta_then_rfe_catboost,catboost,state_bound_payload,results/selector_combinations_v1/dev/evaluations/scv1-dev-024-lendingclub_v2-boruta-then-rfe-catboost-catboost-fold-1-k40-s42.dev_predictions.csv,18656130,80d653bb21f244d44ca43dc4a38f820ff5efa9af871fefc9bd57e83474119eae,True,results/selector_combinations_v1/dev/evaluations/scv1-dev-024-lendingclub_v2-boruta-then-rfe-catboost-catboost-fold-1-k40-s42.json,
combination_dev,active,lendingclub_v2,boruta_then_rfe_catboost,catboost,state_bound_payload,results/selector_combinations_v1/dev/evaluations/scv1-dev-024-lendingclub_v2-boruta-then-rfe-catboost-catboost-fold-1-k40-s42.final_model_configuration.json,1945,c7b159ca00c3fdfba3055ada1bc1474771a8dad3c6959058d127d0fc1b5714fa,True,results/selector_combinations_v1/dev/evaluations/scv1-dev-024-lendingclub_v2-boruta-then-rfe-catboost-catboost-fold-1-k40-s42.json,
combination_dev,active,lendingclub_v2,boruta_then_rfe_catboost,catboost,state_bound_payload,results/selector_combinations_v1/dev/evaluations/scv1-dev-048-lendingclub_v2-boruta-then-rfe-catboost-catboost-fold-2-k40-s42.dev_metrics.json,638,7975d4ce15ebc8afe37daf402589b6907609f3d0713f108033fa918d88785231,True,results/selector_combinations_v1/dev/evaluations/scv1-dev-048-lendingclub_v2-boruta-then-rfe-catboost-catboost-fold-2-k40-s42.json,
combination_dev,active,lendingclub_v2,boruta_then_rfe_catboost,catboost,state_bound_payload,results/selector_combinations_v1/dev/evaluations/scv1-dev-048-lendingclub_v2-boruta-then-rfe-catboost-catboost-fold-2-k40-s42.dev_predictions.csv,14068489,ce8e9f73c3416aac98fe0e81cb82bc1ffd92233ab7bd31da398e6411c41ae7f9,True,results/selector_combinations_v1/dev/evaluations/scv1-dev-048-lendingclub_v2-boruta-then-rfe-catboost-catboost-fold-2-k40-s42.json,
combination_dev,active,lendingclub_v2,boruta_then_rfe_catboost,catboost,state_bound_payload,results/selector_combinations_v1/dev/evaluations/scv1-dev-048-lendingclub_v2-boruta-then-rfe-catboost-catboost-fold-2-k40-s42.final_model_configuration.json,1945,d44459866f342e8cfaddae50284fce454b9e11d2fff74064338298422ff91567,True,results/selector_combinations_v1/dev/evaluations/scv1-dev-048-lendingclub_v2-boruta-then-rfe-catboost-catboost-fold-2-k40-s42.json,
combination_dev,active,lendingclub_v2,boruta_then_rfe_catboost,catboost,state_bound_payload,results/selector_combinations_v1/dev/evaluations/scv1-dev-072-lendingclub_v2-boruta-then-rfe-catboost-catboost-fold-3-k40-s42.dev_metrics.json,639,662dd44abc1a0e442e0e77c05b9538ae2caaa0637ffc8842bc6c9356599822eb,True,results/selector_combinations_v1/dev/evaluations/scv1-dev-072-lendingclub_v2-boruta-then-rfe-catboost-catboost-fold-3-k40-s42.json,
combination_dev,active,lendingclub_v2,boruta_then_rfe_catboost,catboost,state_bound_payload,results/selector_combinations_v1/dev/evaluations/scv1-dev-072-lendingclub_v2-boruta-then-rfe-catboost-catboost-fold-3-k40-s42.dev_predictions.csv,20733640,bb113873fc88883d70af68b525f771a72aef2aaaf5c7e61a1937be2dd6887756,True,results/selector_combinations_v1/dev/evaluations/scv1-dev-072-lendingclub_v2-boruta-then-rfe-catboost-catboost-fold-3-k40-s42.json,
combination_dev,active,lendingclub_v2,boruta_then_rfe_catboost,catboost,state_bound_payload,results/selector_combinations_v1/dev/evaluations/scv1-dev-072-lendingclub_v2-boruta-then-rfe-catboost-catboost-fold-3-k40-s42.final_model_configuration.json,1945,dfa1a5be91666660559329a6d667aba3c46222ff4382601c9dfbf1ef9d826fd7,True,results/selector_combinations_v1/dev/evaluations/scv1-dev-072-lendingclub_v2-boruta-then-rfe-catboost-catboost-fold-3-k40-s42.json,
combination_dev,active,lendingclub_v2,boruta_then_rfe_catboost,catboost,state_bound_payload,results/selector_combinations_v1/dev/evaluations/scv1-dev-096-lendingclub_v2-boruta-then-rfe-catboost-catboost-fold-4-k40-s42.dev_metrics.json,637,a7428b29ac2b7c90ec71dbac5aa7d2171fdb6ff34717926315abc5e2c82d9edf,True,results/selector_combinations_v1/dev/evaluations/scv1-dev-096-lendingclub_v2-boruta-then-rfe-catboost-catboost-fold-4-k40-s42.json,
combination_dev,active,lendingclub_v2,boruta_then_rfe_catboost,catboost,state_bound_payload,results/selector_combinations_v1/dev/evaluations/scv1-dev-096-lendingclub_v2-boruta-then-rfe-catboost-catboost-fold-4-k40-s42.dev_predictions.csv,16301205,425dbd941ede202c9b4d3bb9319c17ac7548e062c319eeb4a8c84c88223035cf,True,results/selector_combinations_v1/dev/evaluations/scv1-dev-096-lendingclub_v2-boruta-then-rfe-catboost-catboost-fold-4-k40-s42.json,
combination_dev,active,lendingclub_v2,boruta_then_rfe_catboost,catboost,state_bound_payload,results/selector_combinations_v1/dev/evaluations/scv1-dev-096-lendingclub_v2-boruta-then-rfe-catboost-catboost-fold-4-k40-s42.final_model_configuration.json,1945,b1a8fccbb04ff7b82d94bef832ceb0b134ebd30256c2ebc4aa8729fe8455a775,True,results/selector_combinations_v1/dev/evaluations/scv1-dev-096-lendingclub_v2-boruta-then-rfe-catboost-catboost-fold-4-k40-s42.json,
combination_dev,active,lendingclub_v2,boruta_then_rfe_catboost,catboost,state_bound_payload,results/selector_combinations_v1/dev/evaluations/scv1-dev-120-lendingclub_v2-boruta-then-rfe-catboost-catboost-fold-5-k40-s42.dev_metrics.json,637,f95209b9b75502c57bb40c6c987e80fb9b22b6748d12de4f65949d411b5c264f,True,results/selector_combinations_v1/dev/evaluations/scv1-dev-120-lendingclub_v2-boruta-then-rfe-catboost-catboost-fold-5-k40-s42.json,
combination_dev,active,lendingclub_v2,boruta_then_rfe_catboost,catboost,state_bound_payload,results/selector_combinations_v1/dev/evaluations/scv1-dev-120-lendingclub_v2-boruta-then-rfe-catboost-catboost-fold-5-k40-s42.dev_predictions.csv,11741615,6e5aa1c07077fd2682e9818f52006d1e2ad7f5d97115a55c77a57bd0a5d521d5,True,results/selector_combinations_v1/dev/evaluations/scv1-dev-120-lendingclub_v2-boruta-then-rfe-catboost-catboost-fold-5-k40-s42.json,
combination_dev,active,lendingclub_v2,boruta_then_rfe_catboost,catboost,state_bound_payload,results/selector_combinations_v1/dev/evaluations/scv1-dev-120-lendingclub_v2-boruta-then-rfe-catboost-catboost-fold-5-k40-s42.final_model_configuration.json,1945,ccceb002e1de44d98fd7c564cc58677eb3f1ae775895ffab14ff75fe5696b70a,True,results/selector_combinations_v1/dev/evaluations/scv1-dev-120-lendingclub_v2-boruta-then-rfe-catboost-catboost-fold-5-k40-s42.json,
combination_dev,active,lendingclub_v2,boruta_then_rfe_catboost,lr,evaluation_state,results/selector_combinations_v1/dev/evaluations/scv1-dev-023-lendingclub_v2-boruta-then-rfe-catboost-lr-fold-1-k20-s42.json,7126,679b9dc2cfcae08a64c687e715791e219c165b76189a3eeb9aa0ea4ec2e2dc6f,True,results/selector_combinations_v1/dev/evaluations/scv1-dev-023-lendingclub_v2-boruta-then-rfe-catboost-lr-fold-1-k20-s42.json,
combination_dev,active,lendingclub_v2,boruta_then_rfe_catboost,lr,evaluation_state,results/selector_combinations_v1/dev/evaluations/scv1-dev-047-lendingclub_v2-boruta-then-rfe-catboost-lr-fold-2-k20-s42.json,7122,1c1767be06a3e1532b52db5f0b36bc3ebefa2ac4ad5d402c32d8e4131106afd6,True,results/selector_combinations_v1/dev/evaluations/scv1-dev-047-lendingclub_v2-boruta-then-rfe-catboost-lr-fold-2-k20-s42.json,
combination_dev,active,lendingclub_v2,boruta_then_rfe_catboost,lr,evaluation_state,results/selector_combinations_v1/dev/evaluations/scv1-dev-071-lendingclub_v2-boruta-then-rfe-catboost-lr-fold-3-k20-s42.json,7125,a50ba9612c7e8b3b22b41fa1ebff6c885cd2a443b055a8541f3741af4ad5f158,True,results/selector_combinations_v1/dev/evaluations/scv1-dev-071-lendingclub_v2-boruta-then-rfe-catboost-lr-fold-3-k20-s42.json,
combination_dev,active,lendingclub_v2,boruta_then_rfe_catboost,lr,evaluation_state,results/selector_combinations_v1/dev/evaluations/scv1-dev-095-lendingclub_v2-boruta-then-rfe-catboost-lr-fold-4-k20-s42.json,7121,7914d0180356de22a19ffa5376a6a31d6dd1b943ddff5d344b981be40a2efaba,True,results/selector_combinations_v1/dev/evaluations/scv1-dev-095-lendingclub_v2-boruta-then-rfe-catboost-lr-fold-4-k20-s42.json,
combination_dev,active,lendingclub_v2,boruta_then_rfe_catboost,lr,evaluation_state,results/selector_combinations_v1/dev/evaluations/scv1-dev-119-lendingclub_v2-boruta-then-rfe-catboost-lr-fold-5-k20-s42.json,7120,76e3f98c6c779e4c3da7791f4a8988d5c09a22ffdfa28312f35e2dcb6f53b2d8,True,results/selector_combinations_v1/dev/evaluations/scv1-dev-119-lendingclub_v2-boruta-then-rfe-catboost-lr-fold-5-k20-s42.json,
combination_dev,active,lendingclub_v2,boruta_then_rfe_catboost,lr,state_bound_payload,results/selector_combinations_v1/dev/evaluations/scv1-dev-023-lendingclub_v2-boruta-then-rfe-catboost-lr-fold-1-k20-s42.dev_metrics.json,637,3bd20858fa578c80c0246b2ae40782b77027bfc03fe12d63aeb5cc7a98a131ad,True,results/selector_combinations_v1/dev/evaluations/scv1-dev-023-lendingclub_v2-boruta-then-rfe-catboost-lr-fold-1-k20-s42.json,
combination_dev,active,lendingclub_v2,boruta_then_rfe_catboost,lr,state_bound_payload,results/selector_combinations_v1/dev/evaluations/scv1-dev-023-lendingclub_v2-boruta-then-rfe-catboost-lr-fold-1-k20-s42.dev_predictions.csv,17277685,20c7c53cf3948abfcb3552150b4737bcd2c170e136297fef7c76a49a38c7a309,True,results/selector_combinations_v1/dev/evaluations/scv1-dev-023-lendingclub_v2-boruta-then-rfe-catboost-lr-fold-1-k20-s42.json,
combination_dev,active,lendingclub_v2,boruta_then_rfe_catboost,lr,state_bound_payload,results/selector_combinations_v1/dev/evaluations/scv1-dev-023-lendingclub_v2-boruta-then-rfe-catboost-lr-fold-1-k20-s42.final_model_configuration.json,1245,763bffd4d9bdb066dd8f357cb8795e337f1ecd7d3b22d5ba0d35b6157ee69995,True,results/selector_combinations_v1/dev/evaluations/scv1-dev-023-lendingclub_v2-boruta-then-rfe-catboost-lr-fold-1-k20-s42.json,
combination_dev,active,lendingclub_v2,boruta_then_rfe_catboost,lr,state_bound_payload,results/selector_combinations_v1/dev/evaluations/scv1-dev-047-lendingclub_v2-boruta-then-rfe-catboost-lr-fold-2-k20-s42.dev_metrics.json,636,f76d118654413dd419325733a6e21e2d2dc566d63c2dde4b8125294da210d15d,True,results/selector_combinations_v1/dev/evaluations/scv1-dev-047-lendingclub_v2-boruta-then-rfe-catboost-lr-fold-2-k20-s42.json,
combination_dev,active,lendingclub_v2,boruta_then_rfe_catboost,lr,state_bound_payload,results/selector_combinations_v1/dev/evaluations/scv1-dev-047-lendingclub_v2-boruta-then-rfe-catboost-lr-fold-2-k20-s42.dev_predictions.csv,13030419,1a2002b8edef6a1b788c2c23d6c878bca482e04d0b9ba6533476b218f93418a3,True,results/selector_combinations_v1/dev/evaluations/scv1-dev-047-lendingclub_v2-boruta-then-rfe-catboost-lr-fold-2-k20-s42.json,
combination_dev,active,lendingclub_v2,boruta_then_rfe_catboost,lr,state_bound_payload,results/selector_combinations_v1/dev/evaluations/scv1-dev-047-lendingclub_v2-boruta-then-rfe-catboost-lr-fold-2-k20-s42.final_model_configuration.json,1245,6930eab6cfa95687581405c14468c180d3e3e7aa042d8c311d681cdf34165a4e,True,results/selector_combinations_v1/dev/evaluations/scv1-dev-047-lendingclub_v2-boruta-then-rfe-catboost-lr-fold-2-k20-s42.json,
combination_dev,active,lendingclub_v2,boruta_then_rfe_catboost,lr,state_bound_payload,results/selector_combinations_v1/dev/evaluations/scv1-dev-071-lendingclub_v2-boruta-then-rfe-catboost-lr-fold-3-k20-s42.dev_metrics.json,636,397737f15b5b265221bd2ab4c125ff077fc25e91ee095a3b709737392919a15f,True,results/selector_combinations_v1/dev/evaluations/scv1-dev-071-lendingclub_v2-boruta-then-rfe-catboost-lr-fold-3-k20-s42.json,
combination_dev,active,lendingclub_v2,boruta_then_rfe_catboost,lr,state_bound_payload,results/selector_combinations_v1/dev/evaluations/scv1-dev-071-lendingclub_v2-boruta-then-rfe-catboost-lr-fold-3-k20-s42.dev_predictions.csv,19204510,fbc516a961cc3e0ef7dc78f707ab4d9c58702c2f9894cbf063b0b6374e6adbcb,True,results/selector_combinations_v1/dev/evaluations/scv1-dev-071-lendingclub_v2-boruta-then-rfe-catboost-lr-fold-3-k20-s42.json,
combination_dev,active,lendingclub_v2,boruta_then_rfe_catboost,lr,state_bound_payload,results/selector_combinations_v1/dev/evaluations/scv1-dev-071-lendingclub_v2-boruta-then-rfe-catboost-lr-fold-3-k20-s42.final_model_configuration.json,1245,39d5a071d7af3aba2e532dc5f4c6b26a30a42c2b3fddae03396a6723d05a06ca,True,results/selector_combinations_v1/dev/evaluations/scv1-dev-071-lendingclub_v2-boruta-then-rfe-catboost-lr-fold-3-k20-s42.json,
combination_dev,active,lendingclub_v2,boruta_then_rfe_catboost,lr,state_bound_payload,results/selector_combinations_v1/dev/evaluations/scv1-dev-095-lendingclub_v2-boruta-then-rfe-catboost-lr-fold-4-k20-s42.dev_metrics.json,635,9c8bf246e058dc67835eda851f824df6eb383e80f9b56f8e73ef01298e14148c,True,results/selector_combinations_v1/dev/evaluations/scv1-dev-095-lendingclub_v2-boruta-then-rfe-catboost-lr-fold-4-k20-s42.json,
combination_dev,active,lendingclub_v2,boruta_then_rfe_catboost,lr,state_bound_payload,results/selector_combinations_v1/dev/evaluations/scv1-dev-095-lendingclub_v2-boruta-then-rfe-catboost-lr-fold-4-k20-s42.dev_predictions.csv,15099504,486045f311b1bde16d3460e8def8dbd53b526c0d4fc180286bf8b34ae2739a11,True,results/selector_combinations_v1/dev/evaluations/scv1-dev-095-lendingclub_v2-boruta-then-rfe-catboost-lr-fold-4-k20-s42.json,
combination_dev,active,lendingclub_v2,boruta_then_rfe_catboost,lr,state_bound_payload,results/selector_combinations_v1/dev/evaluations/scv1-dev-095-lendingclub_v2-boruta-then-rfe-catboost-lr-fold-4-k20-s42.final_model_configuration.json,1245,e2e3a4a84f7e278054315725c966cdb859fc9b2326bfdf0731ea22b3c1d26260,True,results/selector_combinations_v1/dev/evaluations/scv1-dev-095-lendingclub_v2-boruta-then-rfe-catboost-lr-fold-4-k20-s42.json,
combination_dev,active,lendingclub_v2,boruta_then_rfe_catboost,lr,state_bound_payload,results/selector_combinations_v1/dev/evaluations/scv1-dev-119-lendingclub_v2-boruta-then-rfe-catboost-lr-fold-5-k20-s42.dev_metrics.json,633,e29806223e23ecb290bf3cae53cdf6edd827ba9635c4842e233e7310f5eb6b1f,True,results/selector_combinations_v1/dev/evaluations/scv1-dev-119-lendingclub_v2-boruta-then-rfe-catboost-lr-fold-5-k20-s42.json,
combination_dev,active,lendingclub_v2,boruta_then_rfe_catboost,lr,state_bound_payload,results/selector_combinations_v1/dev/evaluations/scv1-dev-119-lendingclub_v2-boruta-then-rfe-catboost-lr-fold-5-k20-s42.dev_predictions.csv,10876262,a4961fc1de3dc908844fc8e934ecb0e4be47cefeaf34c412eed1d6db3363e15c,True,results/selector_combinations_v1/dev/evaluations/scv1-dev-119-lendingclub_v2-boruta-then-rfe-catboost-lr-fold-5-k20-s42.json,
combination_dev,active,lendingclub_v2,boruta_then_rfe_catboost,lr,state_bound_payload,results/selector_combinations_v1/dev/evaluations/scv1-dev-119-lendingclub_v2-boruta-then-rfe-catboost-lr-fold-5-k20-s42.final_model_configuration.json,1245,e510666aad3d12eb0700136a4cf23a89fb995708908d3f86e02c4e03e93848ef,True,results/selector_combinations_v1/dev/evaluations/scv1-dev-119-lendingclub_v2-boruta-then-rfe-catboost-lr-fold-5-k20-s42.json,
combination_dev,active,lendingclub_v2,iv_then_boruta,,selection_state,results/selector_combinations_v1/dev/selections/scv1-lendingclub_v2-fold-1-iv-then-boruta-pool100-s42.json,55856,740ef32bcfe677e6c3636766472474f15140da88c2ce60f8e35dcf8e044b9c66,True,results/selector_combinations_v1/dev/selections/scv1-lendingclub_v2-fold-1-iv-then-boruta-pool100-s42.json,
combination_dev,active,lendingclub_v2,iv_then_boruta,,selection_state,results/selector_combinations_v1/dev/selections/scv1-lendingclub_v2-fold-1-iv-then-boruta-pool200-s42.json,76166,91551680fcf265cc4b52d0f179eedf36efd36dd6d3fddd8b80d05dffc6b7343e,True,results/selector_combinations_v1/dev/selections/scv1-lendingclub_v2-fold-1-iv-then-boruta-pool200-s42.json,
combination_dev,active,lendingclub_v2,iv_then_boruta,,selection_state,results/selector_combinations_v1/dev/selections/scv1-lendingclub_v2-fold-1-iv-then-boruta-pool300-s42.json,95601,ad4f4b7c8ee8b982fe7058885516243c8b1cf3ae37b48db9df24b92052780bb9,True,results/selector_combinations_v1/dev/selections/scv1-lendingclub_v2-fold-1-iv-then-boruta-pool300-s42.json,
combination_dev,active,lendingclub_v2,iv_then_boruta,,selection_state,results/selector_combinations_v1/dev/selections/scv1-lendingclub_v2-fold-2-iv-then-boruta-pool100-s42.json,56472,dd4c9a574e916a4fa130d348453eefb1a84c04b0a57d4d96df03175eed231ea0,True,results/selector_combinations_v1/dev/selections/scv1-lendingclub_v2-fold-2-iv-then-boruta-pool100-s42.json,
combination_dev,active,lendingclub_v2,iv_then_boruta,,selection_state,results/selector_combinations_v1/dev/selections/scv1-lendingclub_v2-fold-2-iv-then-boruta-pool200-s42.json,78737,359520cdaf63c1da9cc422dd4dcc1bc33b6335c6ba78c177aa0c3cbca83b8c7d,True,results/selector_combinations_v1/dev/selections/scv1-lendingclub_v2-fold-2-iv-then-boruta-pool200-s42.json,
combination_dev,active,lendingclub_v2,iv_then_boruta,,selection_state,results/selector_combinations_v1/dev/selections/scv1-lendingclub_v2-fold-2-iv-then-boruta-pool300-s42.json,97639,28be852354f945bce0f64172e4a7d197b7039439a9fa365ec86cf6b1938add67,True,results/selector_combinations_v1/dev/selections/scv1-lendingclub_v2-fold-2-iv-then-boruta-pool300-s42.json,
combination_dev,active,lendingclub_v2,iv_then_boruta,,selection_state,results/selector_combinations_v1/dev/selections/scv1-lendingclub_v2-fold-3-iv-then-boruta-pool100-s42.json,56600,1971375ca6037c6db9dee4392de4e379291cebce096f68214f164b9fa55b6658,True,results/selector_combinations_v1/dev/selections/scv1-lendingclub_v2-fold-3-iv-then-boruta-pool100-s42.json,
combination_dev,active,lendingclub_v2,iv_then_boruta,,selection_state,results/selector_combinations_v1/dev/selections/scv1-lendingclub_v2-fold-3-iv-then-boruta-pool200-s42.json,80096,cb8edb77710f51e90ce9f6e61e1d13f4a2ed84999230c90f7250320af988fa3d,True,results/selector_combinations_v1/dev/selections/scv1-lendingclub_v2-fold-3-iv-then-boruta-pool200-s42.json,
combination_dev,active,lendingclub_v2,iv_then_boruta,,selection_state,results/selector_combinations_v1/dev/selections/scv1-lendingclub_v2-fold-3-iv-then-boruta-pool300-s42.json,99443,77f9cd733ed8d400355dd5ded1bbd5ca12f3dda01b84c723e017e00b52d522b7,True,results/selector_combinations_v1/dev/selections/scv1-lendingclub_v2-fold-3-iv-then-boruta-pool300-s42.json,
combination_dev,active,lendingclub_v2,iv_then_boruta,,selection_state,results/selector_combinations_v1/dev/selections/scv1-lendingclub_v2-fold-4-iv-then-boruta-pool100-s42.json,56558,6871be61b6ae181ccda33e50cf8f19b6a37ecb943773101fc185dc54dc327727,True,results/selector_combinations_v1/dev/selections/scv1-lendingclub_v2-fold-4-iv-then-boruta-pool100-s42.json,
combination_dev,active,lendingclub_v2,iv_then_boruta,,selection_state,results/selector_combinations_v1/dev/selections/scv1-lendingclub_v2-fold-4-iv-then-boruta-pool200-s42.json,80214,c2b572ac620af61898ee205f881ee0bddfdd263adacc1c426118806940a3f3f9,True,results/selector_combinations_v1/dev/selections/scv1-lendingclub_v2-fold-4-iv-then-boruta-pool200-s42.json,
combination_dev,active,lendingclub_v2,iv_then_boruta,,selection_state,results/selector_combinations_v1/dev/selections/scv1-lendingclub_v2-fold-4-iv-then-boruta-pool300-s42.json,100395,0efa8878a174c4c4cfe37a791c18781e2c9bed55837a8933693a381161767bc4,True,results/selector_combinations_v1/dev/selections/scv1-lendingclub_v2-fold-4-iv-then-boruta-pool300-s42.json,
combination_dev,active,lendingclub_v2,iv_then_boruta,,selection_state,results/selector_combinations_v1/dev/selections/scv1-lendingclub_v2-fold-5-iv-then-boruta-pool100-s42.json,56515,0c48e18d0271258423ee5e53afa7b90620d9a86b40b436b02ce23017c6653857,True,results/selector_combinations_v1/dev/selections/scv1-lendingclub_v2-fold-5-iv-then-boruta-pool100-s42.json,
combination_dev,active,lendingclub_v2,iv_then_boruta,,selection_state,results/selector_combinations_v1/dev/selections/scv1-lendingclub_v2-fold-5-iv-then-boruta-pool200-s42.json,80421,6b15db7b1951c08147e99988efb7b50dcfa6c1f5a48a4b91ffd159e50051d0c8,True,results/selector_combinations_v1/dev/selections/scv1-lendingclub_v2-fold-5-iv-then-boruta-pool200-s42.json,
combination_dev,active,lendingclub_v2,iv_then_boruta,,selection_state,results/selector_combinations_v1/dev/selections/scv1-lendingclub_v2-fold-5-iv-then-boruta-pool300-s42.json,101309,42391e2caa935c86ce79229236092629a16c1a92215568a4467cc76a352849a5,True,results/selector_combinations_v1/dev/selections/scv1-lendingclub_v2-fold-5-iv-then-boruta-pool300-s42.json,
combination_dev,active,lendingclub_v2,iv_then_boruta,,state_bound_payload,results/selector_combinations_v1/dev/selections/scv1-lendingclub_v2-fold-1-iv-then-boruta-pool100-s42.combination_result.json,44477,e76774930abb7aa074c13f72ebdc545fd50b7a780c56aa74d601bada65549d33,True,results/selector_combinations_v1/dev/selections/scv1-lendingclub_v2-fold-1-iv-then-boruta-pool100-s42.json,
combination_dev,active,lendingclub_v2,iv_then_boruta,,state_bound_payload,results/selector_combinations_v1/dev/selections/scv1-lendingclub_v2-fold-1-iv-then-boruta-pool100-s42.final_selected_features.csv,2224,88454fc30d333ac282f2dc56153888bb8e82e574f1a2fedbab98b4dbfba93819,True,results/selector_combinations_v1/dev/selections/scv1-lendingclub_v2-fold-1-iv-then-boruta-pool100-s42.json,
combination_dev,active,lendingclub_v2,iv_then_boruta,,state_bound_payload,results/selector_combinations_v1/dev/selections/scv1-lendingclub_v2-fold-1-iv-then-boruta-pool100-s42.intermediate_features.csv,2591,52e2e8dc586708cf755d297da1797f6e91e11a0699c81de7c78aad8d1a12aea0,True,results/selector_combinations_v1/dev/selections/scv1-lendingclub_v2-fold-1-iv-then-boruta-pool100-s42.json,
combination_dev,active,lendingclub_v2,iv_then_boruta,,state_bound_payload,results/selector_combinations_v1/dev/selections/scv1-lendingclub_v2-fold-1-iv-then-boruta-pool200-s42.combination_result.json,61929,82dc1ab3e5124424ffc301252f0de1c6c5e31eb2d6f7fa1c01f7f780b7d4beac,True,results/selector_combinations_v1/dev/selections/scv1-lendingclub_v2-fold-1-iv-then-boruta-pool200-s42.json,
combination_dev,active,lendingclub_v2,iv_then_boruta,,state_bound_payload,results/selector_combinations_v1/dev/selections/scv1-lendingclub_v2-fold-1-iv-then-boruta-pool200-s42.final_selected_features.csv,3180,dad75d5d9f23e3f461d5439950079b75c53579256359a1f8e26f629dc837a4dc,True,results/selector_combinations_v1/dev/selections/scv1-lendingclub_v2-fold-1-iv-then-boruta-pool200-s42.json,
combination_dev,active,lendingclub_v2,iv_then_boruta,,state_bound_payload,results/selector_combinations_v1/dev/selections/scv1-lendingclub_v2-fold-1-iv-then-boruta-pool200-s42.intermediate_features.csv,5536,81b3fe818ad203c0da14e63c70e45e084ce77f6c33e0d2a3f3aaca4f9aba58b1,True,results/selector_combinations_v1/dev/selections/scv1-lendingclub_v2-fold-1-iv-then-boruta-pool200-s42.json,
combination_dev,active,lendingclub_v2,iv_then_boruta,,state_bound_payload,results/selector_combinations_v1/dev/selections/scv1-lendingclub_v2-fold-1-iv-then-boruta-pool300-s42.combination_result.json,79145,4497e0b4f1edf3506571f7b2fac6fed5917ddd116bdfc4709da096b81125eab8,True,results/selector_combinations_v1/dev/selections/scv1-lendingclub_v2-fold-1-iv-then-boruta-pool300-s42.json,
combination_dev,active,lendingclub_v2,iv_then_boruta,,state_bound_payload,results/selector_combinations_v1/dev/selections/scv1-lendingclub_v2-fold-1-iv-then-boruta-pool300-s42.final_selected_features.csv,3654,7159a4995c33069b8cc35ced5d349674e2b09c794549ea0f6ea6836ba396c3e5,True,results/selector_combinations_v1/dev/selections/scv1-lendingclub_v2-fold-1-iv-then-boruta-pool300-s42.json,
combination_dev,active,lendingclub_v2,iv_then_boruta,,state_bound_payload,results/selector_combinations_v1/dev/selections/scv1-lendingclub_v2-fold-1-iv-then-boruta-pool300-s42.intermediate_features.csv,8549,ecc226de1bd4869fa1ef95421c9db38c626ce6db54ce974b2ff8fe0b3b1e8e01,True,results/selector_combinations_v1/dev/selections/scv1-lendingclub_v2-fold-1-iv-then-boruta-pool300-s42.json,
combination_dev,active,lendingclub_v2,iv_then_boruta,,state_bound_payload,results/selector_combinations_v1/dev/selections/scv1-lendingclub_v2-fold-2-iv-then-boruta-pool100-s42.combination_result.json,44733,6ea100ef54d61b91ae438b2cc65a1a992d2ef7745322be68f8803cb000d70268,True,results/selector_combinations_v1/dev/selections/scv1-lendingclub_v2-fold-2-iv-then-boruta-pool100-s42.json,
combination_dev,active,lendingclub_v2,iv_then_boruta,,state_bound_payload,results/selector_combinations_v1/dev/selections/scv1-lendingclub_v2-fold-2-iv-then-boruta-pool100-s42.final_selected_features.csv,2483,3ae80d438e0aac4a54cf194fabba3b7b9962f22189142599a62e57ad96ea2470,True,results/selector_combinations_v1/dev/selections/scv1-lendingclub_v2-fold-2-iv-then-boruta-pool100-s42.json,
combination_dev,active,lendingclub_v2,iv_then_boruta,,state_bound_payload,results/selector_combinations_v1/dev/selections/scv1-lendingclub_v2-fold-2-iv-then-boruta-pool100-s42.intermediate_features.csv,2579,e39c5275622f938d6ca0c3bee65fc7df9d10942d66e05d61d06ac63ec954750c,True,results/selector_combinations_v1/dev/selections/scv1-lendingclub_v2-fold-2-iv-then-boruta-pool100-s42.json,
combination_dev,active,lendingclub_v2,iv_then_boruta,,state_bound_payload,results/selector_combinations_v1/dev/selections/scv1-lendingclub_v2-fold-2-iv-then-boruta-pool200-s42.combination_result.json,63219,699d33a9e025c49704f48e866c47593936736c79ff334768c1498fd896e415c9,True,results/selector_combinations_v1/dev/selections/scv1-lendingclub_v2-fold-2-iv-then-boruta-pool200-s42.json,
combination_dev,active,lendingclub_v2,iv_then_boruta,,state_bound_payload,results/selector_combinations_v1/dev/selections/scv1-lendingclub_v2-fold-2-iv-then-boruta-pool200-s42.final_selected_features.csv,4154,81a1a9d2e36f0fe4522d4df7a69d7573d6912d447aced75f7d9394be418d6648,True,results/selector_combinations_v1/dev/selections/scv1-lendingclub_v2-fold-2-iv-then-boruta-pool200-s42.json,
combination_dev,active,lendingclub_v2,iv_then_boruta,,state_bound_payload,results/selector_combinations_v1/dev/selections/scv1-lendingclub_v2-fold-2-iv-then-boruta-pool200-s42.intermediate_features.csv,5590,49a0e6e6a6ec5e2c753259c557d9734d90c4ae60dff1959432acaaac32864344,True,results/selector_combinations_v1/dev/selections/scv1-lendingclub_v2-fold-2-iv-then-boruta-pool200-s42.json,
combination_dev,active,lendingclub_v2,iv_then_boruta,,state_bound_payload,results/selector_combinations_v1/dev/selections/scv1-lendingclub_v2-fold-2-iv-then-boruta-pool300-s42.combination_result.json,80158,4ddc7aff0daf13a0766be22a7d6f8e098735755b4c250270ee55fd83b1699943,True,results/selector_combinations_v1/dev/selections/scv1-lendingclub_v2-fold-2-iv-then-boruta-pool300-s42.json,
combination_dev,active,lendingclub_v2,iv_then_boruta,,state_bound_payload,results/selector_combinations_v1/dev/selections/scv1-lendingclub_v2-fold-2-iv-then-boruta-pool300-s42.final_selected_features.csv,4427,c28c9da7011329fe2c043295e22c6d8047f8b29da277710e077c81d41f045f31,True,results/selector_combinations_v1/dev/selections/scv1-lendingclub_v2-fold-2-iv-then-boruta-pool300-s42.json,
combination_dev,active,lendingclub_v2,iv_then_boruta,,state_bound_payload,results/selector_combinations_v1/dev/selections/scv1-lendingclub_v2-fold-2-iv-then-boruta-pool300-s42.intermediate_features.csv,8596,3fc8b0b61e0d9db105312bd4780ded4c380161e3d9547bde3159889ca6de53db,True,results/selector_combinations_v1/dev/selections/scv1-lendingclub_v2-fold-2-iv-then-boruta-pool300-s42.json,
combination_dev,active,lendingclub_v2,iv_then_boruta,,state_bound_payload,results/selector_combinations_v1/dev/selections/scv1-lendingclub_v2-fold-3-iv-then-boruta-pool100-s42.combination_result.json,44768,d49b99e9613d259ba03ba36a63b6ac77b6106a3203e39dd41dd058a00032132c,True,results/selector_combinations_v1/dev/selections/scv1-lendingclub_v2-fold-3-iv-then-boruta-pool100-s42.json,
combination_dev,active,lendingclub_v2,iv_then_boruta,,state_bound_payload,results/selector_combinations_v1/dev/selections/scv1-lendingclub_v2-fold-3-iv-then-boruta-pool100-s42.final_selected_features.csv,2550,99e10950801978b0beb3561989e7d4727b776e63bd48d6d7289943521f1cadc6,True,results/selector_combinations_v1/dev/selections/scv1-lendingclub_v2-fold-3-iv-then-boruta-pool100-s42.json,
combination_dev,active,lendingclub_v2,iv_then_boruta,,state_bound_payload,results/selector_combinations_v1/dev/selections/scv1-lendingclub_v2-fold-3-iv-then-boruta-pool100-s42.intermediate_features.csv,2570,62e54ed27dadc2f5e354b513a04a2ca307b91f25ef5392d46b041af3d03a8f36,True,results/selector_combinations_v1/dev/selections/scv1-lendingclub_v2-fold-3-iv-then-boruta-pool100-s42.json,
combination_dev,active,lendingclub_v2,iv_then_boruta,,state_bound_payload,results/selector_combinations_v1/dev/selections/scv1-lendingclub_v2-fold-3-iv-then-boruta-pool200-s42.combination_result.json,63869,3f12f55c0ace9a1cfc15912bcdb164d6bb92b3b7f69e83ce456d993d02d597f4,True,results/selector_combinations_v1/dev/selections/scv1-lendingclub_v2-fold-3-iv-then-boruta-pool200-s42.json,
combination_dev,active,lendingclub_v2,iv_then_boruta,,state_bound_payload,results/selector_combinations_v1/dev/selections/scv1-lendingclub_v2-fold-3-iv-then-boruta-pool200-s42.final_selected_features.csv,4701,9990525039d2ec00c55184aaaf49b27fd8b6a2875196e366fcc223fdde55263a,True,results/selector_combinations_v1/dev/selections/scv1-lendingclub_v2-fold-3-iv-then-boruta-pool200-s42.json,
combination_dev,active,lendingclub_v2,iv_then_boruta,,state_bound_payload,results/selector_combinations_v1/dev/selections/scv1-lendingclub_v2-fold-3-iv-then-boruta-pool200-s42.intermediate_features.csv,5603,e9a906e34d36e38dea2337d2f54d74eff3f6d8bea17bbc38a40e10f61c297096,True,results/selector_combinations_v1/dev/selections/scv1-lendingclub_v2-fold-3-iv-then-boruta-pool200-s42.json,
combination_dev,active,lendingclub_v2,iv_then_boruta,,state_bound_payload,results/selector_combinations_v1/dev/selections/scv1-lendingclub_v2-fold-3-iv-then-boruta-pool300-s42.combination_result.json,80912,51cab4c3333b2a512d9a079ad701510fab2e01763ae01ce75464850709809d48,True,results/selector_combinations_v1/dev/selections/scv1-lendingclub_v2-fold-3-iv-then-boruta-pool300-s42.json,
combination_dev,active,lendingclub_v2,iv_then_boruta,,state_bound_payload,results/selector_combinations_v1/dev/selections/scv1-lendingclub_v2-fold-3-iv-then-boruta-pool300-s42.final_selected_features.csv,5216,5f5ffb9c736af4b652b2e64ee784af2c65809d397c322aa1753ee3fef8413793,True,results/selector_combinations_v1/dev/selections/scv1-lendingclub_v2-fold-3-iv-then-boruta-pool300-s42.json,
combination_dev,active,lendingclub_v2,iv_then_boruta,,state_bound_payload,results/selector_combinations_v1/dev/selections/scv1-lendingclub_v2-fold-3-iv-then-boruta-pool300-s42.intermediate_features.csv,8569,2c97dd6d6078e86f35c18fb34507814115d35828c90cc3ac9ddffce46d5d6534,True,results/selector_combinations_v1/dev/selections/scv1-lendingclub_v2-fold-3-iv-then-boruta-pool300-s42.json,
combination_dev,active,lendingclub_v2,iv_then_boruta,,state_bound_payload,results/selector_combinations_v1/dev/selections/scv1-lendingclub_v2-fold-4-iv-then-boruta-pool100-s42.combination_result.json,44733,b97679bdb1eab27eb8f554b9bebc1e7dc228ee37749e4992ab12aaa58c63069a,True,results/selector_combinations_v1/dev/selections/scv1-lendingclub_v2-fold-4-iv-then-boruta-pool100-s42.json,
combination_dev,active,lendingclub_v2,iv_then_boruta,,state_bound_payload,results/selector_combinations_v1/dev/selections/scv1-lendingclub_v2-fold-4-iv-then-boruta-pool100-s42.final_selected_features.csv,2543,511f8a24cfba934e31e02132bbdb465562a94c4b265b6bb67c9531f00adc3e4b,True,results/selector_combinations_v1/dev/selections/scv1-lendingclub_v2-fold-4-iv-then-boruta-pool100-s42.json,
combination_dev,active,lendingclub_v2,iv_then_boruta,,state_bound_payload,results/selector_combinations_v1/dev/selections/scv1-lendingclub_v2-fold-4-iv-then-boruta-pool100-s42.intermediate_features.csv,2563,3e189ab6d676bba8ed92804c6822568de424c19ab4f8cc7d3c07155a4d8229bf,True,results/selector_combinations_v1/dev/selections/scv1-lendingclub_v2-fold-4-iv-then-boruta-pool100-s42.json,
combination_dev,active,lendingclub_v2,iv_then_boruta,,state_bound_payload,results/selector_combinations_v1/dev/selections/scv1-lendingclub_v2-fold-4-iv-then-boruta-pool200-s42.combination_result.json,63854,8428daf0921aa693c30e08eb718951dbae8d6960a2101a55370d94a1890462e3,True,results/selector_combinations_v1/dev/selections/scv1-lendingclub_v2-fold-4-iv-then-boruta-pool200-s42.json,
combination_dev,active,lendingclub_v2,iv_then_boruta,,state_bound_payload,results/selector_combinations_v1/dev/selections/scv1-lendingclub_v2-fold-4-iv-then-boruta-pool200-s42.final_selected_features.csv,4798,f918ea1295c911f902e633315c42355714b8df94f0a1e52bd4b31bffb64f0da7,True,results/selector_combinations_v1/dev/selections/scv1-lendingclub_v2-fold-4-iv-then-boruta-pool200-s42.json,
combination_dev,active,lendingclub_v2,iv_then_boruta,,state_bound_payload,results/selector_combinations_v1/dev/selections/scv1-lendingclub_v2-fold-4-iv-then-boruta-pool200-s42.intermediate_features.csv,5571,1859d9ef5d48e91237a4b1f8972ad48899786c0c122fae300437e58f3e9b1f59,True,results/selector_combinations_v1/dev/selections/scv1-lendingclub_v2-fold-4-iv-then-boruta-pool200-s42.json,
combination_dev,active,lendingclub_v2,iv_then_boruta,,state_bound_payload,results/selector_combinations_v1/dev/selections/scv1-lendingclub_v2-fold-4-iv-then-boruta-pool300-s42.combination_result.json,81367,a375f388b10de66ee9a7bd767ff34805bed6c3c3dbb64155f80c4e9b50e8b27d,True,results/selector_combinations_v1/dev/selections/scv1-lendingclub_v2-fold-4-iv-then-boruta-pool300-s42.json,
combination_dev,active,lendingclub_v2,iv_then_boruta,,state_bound_payload,results/selector_combinations_v1/dev/selections/scv1-lendingclub_v2-fold-4-iv-then-boruta-pool300-s42.final_selected_features.csv,5605,8afb462ab8521fe829baf43125d51e5b8da59a2a79a604fa2bf7a9edfe268f8b,True,results/selector_combinations_v1/dev/selections/scv1-lendingclub_v2-fold-4-iv-then-boruta-pool300-s42.json,
combination_dev,active,lendingclub_v2,iv_then_boruta,,state_bound_payload,results/selector_combinations_v1/dev/selections/scv1-lendingclub_v2-fold-4-iv-then-boruta-pool300-s42.intermediate_features.csv,8576,e2ee07d666c177e55379af11e163798c09be501fdbdb0f37c99261fbc2d4dcd5,True,results/selector_combinations_v1/dev/selections/scv1-lendingclub_v2-fold-4-iv-then-boruta-pool300-s42.json,
combination_dev,active,lendingclub_v2,iv_then_boruta,,state_bound_payload,results/selector_combinations_v1/dev/selections/scv1-lendingclub_v2-fold-5-iv-then-boruta-pool100-s42.combination_result.json,44697,371a60fcf6efab6f742642c6b74655a3732347a6d1daa9206bcbc130e58eb2ba,True,results/selector_combinations_v1/dev/selections/scv1-lendingclub_v2-fold-5-iv-then-boruta-pool100-s42.json,
combination_dev,active,lendingclub_v2,iv_then_boruta,,state_bound_payload,results/selector_combinations_v1/dev/selections/scv1-lendingclub_v2-fold-5-iv-then-boruta-pool100-s42.final_selected_features.csv,2536,893be5aee16f914faf3cfda41ab26548eba5a3ad8202f38d6fa7212a29aeebf9,True,results/selector_combinations_v1/dev/selections/scv1-lendingclub_v2-fold-5-iv-then-boruta-pool100-s42.json,
combination_dev,active,lendingclub_v2,iv_then_boruta,,state_bound_payload,results/selector_combinations_v1/dev/selections/scv1-lendingclub_v2-fold-5-iv-then-boruta-pool100-s42.intermediate_features.csv,2556,d24c5b9167ec56ff85ddc5cf95d5128e3a8cc654034c52755648c5adfc8c9b9a,True,results/selector_combinations_v1/dev/selections/scv1-lendingclub_v2-fold-5-iv-then-boruta-pool100-s42.json,
combination_dev,active,lendingclub_v2,iv_then_boruta,,state_bound_payload,results/selector_combinations_v1/dev/selections/scv1-lendingclub_v2-fold-5-iv-then-boruta-pool200-s42.combination_result.json,63904,5d5c081bf2fd5bf0285058d25bd68ad3ca947b22b73fc6bcfe8d6fc2e8dc119f,True,results/selector_combinations_v1/dev/selections/scv1-lendingclub_v2-fold-5-iv-then-boruta-pool200-s42.json,
combination_dev,active,lendingclub_v2,iv_then_boruta,,state_bound_payload,results/selector_combinations_v1/dev/selections/scv1-lendingclub_v2-fold-5-iv-then-boruta-pool200-s42.final_selected_features.csv,4909,ce321f7c08c3d4f450aaf85507959f323529eed0a3ad7299b8550e3320070f7c,True,results/selector_combinations_v1/dev/selections/scv1-lendingclub_v2-fold-5-iv-then-boruta-pool200-s42.json,
combination_dev,active,lendingclub_v2,iv_then_boruta,,state_bound_payload,results/selector_combinations_v1/dev/selections/scv1-lendingclub_v2-fold-5-iv-then-boruta-pool200-s42.intermediate_features.csv,5552,27dd9cc40b8249de236721fade45aa4400434ea128c5a175f653595ec7fd0196,True,results/selector_combinations_v1/dev/selections/scv1-lendingclub_v2-fold-5-iv-then-boruta-pool200-s42.json,
combination_dev,active,lendingclub_v2,iv_then_boruta,,state_bound_payload,results/selector_combinations_v1/dev/selections/scv1-lendingclub_v2-fold-5-iv-then-boruta-pool300-s42.combination_result.json,81853,31992df905134cccb8c9dc5bdc1cd005e9ed39db310cf4223816ea09487bb2fe,True,results/selector_combinations_v1/dev/selections/scv1-lendingclub_v2-fold-5-iv-then-boruta-pool300-s42.json,
combination_dev,active,lendingclub_v2,iv_then_boruta,,state_bound_payload,results/selector_combinations_v1/dev/selections/scv1-lendingclub_v2-fold-5-iv-then-boruta-pool300-s42.final_selected_features.csv,5933,8c4b267106794913b17df9576d6400053f85b19bca7c1e0be7101cb631b6cf4e,True,results/selector_combinations_v1/dev/selections/scv1-lendingclub_v2-fold-5-iv-then-boruta-pool300-s42.json,
combination_dev,active,lendingclub_v2,iv_then_boruta,,state_bound_payload,results/selector_combinations_v1/dev/selections/scv1-lendingclub_v2-fold-5-iv-then-boruta-pool300-s42.intermediate_features.csv,8607,13070cc4e69ba214ca6d619c52536df4110b89362e520157ec8d5252c2bb6761,True,results/selector_combinations_v1/dev/selections/scv1-lendingclub_v2-fold-5-iv-then-boruta-pool300-s42.json,
combination_dev,active,lendingclub_v2,iv_then_boruta,catboost,evaluation_state,results/selector_combinations_v1/dev/evaluations/scv1-dev-008-lendingclub_v2-iv-then-boruta-catboost-fold-1-pool100-s42.json,7903,f6bff9ded8925e923faf9003f1065b9a9a622e7d07ad46546c6452cee37af9fa,True,results/selector_combinations_v1/dev/evaluations/scv1-dev-008-lendingclub_v2-iv-then-boruta-catboost-fold-1-pool100-s42.json,
combination_dev,active,lendingclub_v2,iv_then_boruta,catboost,evaluation_state,results/selector_combinations_v1/dev/evaluations/scv1-dev-012-lendingclub_v2-iv-then-boruta-catboost-fold-1-pool200-s42.json,7905,bff98911c2390343d0733e56f318eb6a1c80fc541f171811fe96e0b57f8fa2d8,True,results/selector_combinations_v1/dev/evaluations/scv1-dev-012-lendingclub_v2-iv-then-boruta-catboost-fold-1-pool200-s42.json,
combination_dev,active,lendingclub_v2,iv_then_boruta,catboost,evaluation_state,results/selector_combinations_v1/dev/evaluations/scv1-dev-016-lendingclub_v2-iv-then-boruta-catboost-fold-1-pool300-s42.json,7906,3b96fc6f5de9964e1acdde82591b20351deb45b8199c485f162e5208c791f438,True,results/selector_combinations_v1/dev/evaluations/scv1-dev-016-lendingclub_v2-iv-then-boruta-catboost-fold-1-pool300-s42.json,
combination_dev,active,lendingclub_v2,iv_then_boruta,catboost,evaluation_state,results/selector_combinations_v1/dev/evaluations/scv1-dev-032-lendingclub_v2-iv-then-boruta-catboost-fold-2-pool100-s42.json,7900,e00e406cd24fab7f9ad921e0c3e31d7b0e2c64abbdc257c117525dcb2a72f145,True,results/selector_combinations_v1/dev/evaluations/scv1-dev-032-lendingclub_v2-iv-then-boruta-catboost-fold-2-pool100-s42.json,
combination_dev,active,lendingclub_v2,iv_then_boruta,catboost,evaluation_state,results/selector_combinations_v1/dev/evaluations/scv1-dev-036-lendingclub_v2-iv-then-boruta-catboost-fold-2-pool200-s42.json,7901,24e6d682260c8354c19ae3a0a5d40dba816e4d40266d902fa31d2f008f080604,True,results/selector_combinations_v1/dev/evaluations/scv1-dev-036-lendingclub_v2-iv-then-boruta-catboost-fold-2-pool200-s42.json,
combination_dev,active,lendingclub_v2,iv_then_boruta,catboost,evaluation_state,results/selector_combinations_v1/dev/evaluations/scv1-dev-040-lendingclub_v2-iv-then-boruta-catboost-fold-2-pool300-s42.json,7901,3ec4f69a21f7295d1e66ba09bf9b5d487e0bde059cad8695e24508dd7a685bea,True,results/selector_combinations_v1/dev/evaluations/scv1-dev-040-lendingclub_v2-iv-then-boruta-catboost-fold-2-pool300-s42.json,
combination_dev,active,lendingclub_v2,iv_then_boruta,catboost,evaluation_state,results/selector_combinations_v1/dev/evaluations/scv1-dev-056-lendingclub_v2-iv-then-boruta-catboost-fold-3-pool100-s42.json,7901,33391bc5f7eb504c64430ce3b4bfc3295f6f054881f0014610caca0d734db969,True,results/selector_combinations_v1/dev/evaluations/scv1-dev-056-lendingclub_v2-iv-then-boruta-catboost-fold-3-pool100-s42.json,
combination_dev,active,lendingclub_v2,iv_then_boruta,catboost,evaluation_state,results/selector_combinations_v1/dev/evaluations/scv1-dev-060-lendingclub_v2-iv-then-boruta-catboost-fold-3-pool200-s42.json,7903,1e0c73044a4100afa6c73feb65c48d330dad9dba9b965a7ffe4ad75f461af3a6,True,results/selector_combinations_v1/dev/evaluations/scv1-dev-060-lendingclub_v2-iv-then-boruta-catboost-fold-3-pool200-s42.json,
combination_dev,active,lendingclub_v2,iv_then_boruta,catboost,evaluation_state,results/selector_combinations_v1/dev/evaluations/scv1-dev-064-lendingclub_v2-iv-then-boruta-catboost-fold-3-pool300-s42.json,7903,04b75894c163d5cc877a8dec42d8e232cc052d4afcc5f34b7c54ddcb398d8a64,True,results/selector_combinations_v1/dev/evaluations/scv1-dev-064-lendingclub_v2-iv-then-boruta-catboost-fold-3-pool300-s42.json,
combination_dev,active,lendingclub_v2,iv_then_boruta,catboost,evaluation_state,results/selector_combinations_v1/dev/evaluations/scv1-dev-080-lendingclub_v2-iv-then-boruta-catboost-fold-4-pool100-s42.json,7900,a8aecf22b018ece78530457d4bc12c6311649d63d18177f94c23f5e6760edd28,True,results/selector_combinations_v1/dev/evaluations/scv1-dev-080-lendingclub_v2-iv-then-boruta-catboost-fold-4-pool100-s42.json,
combination_dev,active,lendingclub_v2,iv_then_boruta,catboost,evaluation_state,results/selector_combinations_v1/dev/evaluations/scv1-dev-084-lendingclub_v2-iv-then-boruta-catboost-fold-4-pool200-s42.json,7901,65fdd36d12c89426232d25bcac154874c738c406bc943c49a2d1504a4424ceed,True,results/selector_combinations_v1/dev/evaluations/scv1-dev-084-lendingclub_v2-iv-then-boruta-catboost-fold-4-pool200-s42.json,
combination_dev,active,lendingclub_v2,iv_then_boruta,catboost,evaluation_state,results/selector_combinations_v1/dev/evaluations/scv1-dev-088-lendingclub_v2-iv-then-boruta-catboost-fold-4-pool300-s42.json,7901,5102949a408baea72d2805b3fe54b76f8969fa242bac408c162c1db118c5cdfb,True,results/selector_combinations_v1/dev/evaluations/scv1-dev-088-lendingclub_v2-iv-then-boruta-catboost-fold-4-pool300-s42.json,
combination_dev,active,lendingclub_v2,iv_then_boruta,catboost,evaluation_state,results/selector_combinations_v1/dev/evaluations/scv1-dev-104-lendingclub_v2-iv-then-boruta-catboost-fold-5-pool100-s42.json,7899,c4a8ae1a0766cd51e609be70ae5462bc2fed8860187d241138ec11dc07b96757,True,results/selector_combinations_v1/dev/evaluations/scv1-dev-104-lendingclub_v2-iv-then-boruta-catboost-fold-5-pool100-s42.json,
combination_dev,active,lendingclub_v2,iv_then_boruta,catboost,evaluation_state,results/selector_combinations_v1/dev/evaluations/scv1-dev-108-lendingclub_v2-iv-then-boruta-catboost-fold-5-pool200-s42.json,7902,15de90df7b733f655d309594530ea09a1710af81990467b2748b0b307af5f55f,True,results/selector_combinations_v1/dev/evaluations/scv1-dev-108-lendingclub_v2-iv-then-boruta-catboost-fold-5-pool200-s42.json,
combination_dev,active,lendingclub_v2,iv_then_boruta,catboost,evaluation_state,results/selector_combinations_v1/dev/evaluations/scv1-dev-112-lendingclub_v2-iv-then-boruta-catboost-fold-5-pool300-s42.json,7902,35779419fd2c725861997a1d999a3b8377db224625ec8de2c56781ea5ef97924,True,results/selector_combinations_v1/dev/evaluations/scv1-dev-112-lendingclub_v2-iv-then-boruta-catboost-fold-5-pool300-s42.json,
combination_dev,active,lendingclub_v2,iv_then_boruta,catboost,state_bound_payload,results/selector_combinations_v1/dev/evaluations/scv1-dev-008-lendingclub_v2-iv-then-boruta-catboost-fold-1-pool100-s42.dev_metrics.json,640,ce68e747fa69d4311037603bcb5a5f94d4ecfbc0b97e8c3c0ec2198ca8334d51,True,results/selector_combinations_v1/dev/evaluations/scv1-dev-008-lendingclub_v2-iv-then-boruta-catboost-fold-1-pool100-s42.json,
combination_dev,active,lendingclub_v2,iv_then_boruta,catboost,state_bound_payload,results/selector_combinations_v1/dev/evaluations/scv1-dev-008-lendingclub_v2-iv-then-boruta-catboost-fold-1-pool100-s42.dev_predictions.csv,16827409,e9d3ca161faa12f6a9699411347f6647c2d2a1980e1ea068f8c84400f2b8ecdc,True,results/selector_combinations_v1/dev/evaluations/scv1-dev-008-lendingclub_v2-iv-then-boruta-catboost-fold-1-pool100-s42.json,
combination_dev,active,lendingclub_v2,iv_then_boruta,catboost,state_bound_payload,results/selector_combinations_v1/dev/evaluations/scv1-dev-008-lendingclub_v2-iv-then-boruta-catboost-fold-1-pool100-s42.final_model_configuration.json,1946,1df82de37800fd825303e2ed655f4762d0f7c21b1ec14de64b47ccf7d7db539d,True,results/selector_combinations_v1/dev/evaluations/scv1-dev-008-lendingclub_v2-iv-then-boruta-catboost-fold-1-pool100-s42.json,
combination_dev,active,lendingclub_v2,iv_then_boruta,catboost,state_bound_payload,results/selector_combinations_v1/dev/evaluations/scv1-dev-012-lendingclub_v2-iv-then-boruta-catboost-fold-1-pool200-s42.dev_metrics.json,639,55d4dd43f6edbfe5084a84da52e773ffcbbe063843bee0859861f95f8f09c037,True,results/selector_combinations_v1/dev/evaluations/scv1-dev-012-lendingclub_v2-iv-then-boruta-catboost-fold-1-pool200-s42.json,
combination_dev,active,lendingclub_v2,iv_then_boruta,catboost,state_bound_payload,results/selector_combinations_v1/dev/evaluations/scv1-dev-012-lendingclub_v2-iv-then-boruta-catboost-fold-1-pool200-s42.dev_predictions.csv,16828835,1058126b0df7aac8b2de70f0a18e88bc10df29f4cbab7301ab07043f20967c4b,True,results/selector_combinations_v1/dev/evaluations/scv1-dev-012-lendingclub_v2-iv-then-boruta-catboost-fold-1-pool200-s42.json,
combination_dev,active,lendingclub_v2,iv_then_boruta,catboost,state_bound_payload,results/selector_combinations_v1/dev/evaluations/scv1-dev-012-lendingclub_v2-iv-then-boruta-catboost-fold-1-pool200-s42.final_model_configuration.json,1948,8a0f76a9746f5017a6072868c958bc3ff697138333efb595b293095d5015ffed,True,results/selector_combinations_v1/dev/evaluations/scv1-dev-012-lendingclub_v2-iv-then-boruta-catboost-fold-1-pool200-s42.json,
combination_dev,active,lendingclub_v2,iv_then_boruta,catboost,state_bound_payload,results/selector_combinations_v1/dev/evaluations/scv1-dev-016-lendingclub_v2-iv-then-boruta-catboost-fold-1-pool300-s42.dev_metrics.json,640,1c7ba109a0c00aaaf0514d5ce1653fdd41074cbbd95349c679a0533bd3a771f6,True,results/selector_combinations_v1/dev/evaluations/scv1-dev-016-lendingclub_v2-iv-then-boruta-catboost-fold-1-pool300-s42.json,
combination_dev,active,lendingclub_v2,iv_then_boruta,catboost,state_bound_payload,results/selector_combinations_v1/dev/evaluations/scv1-dev-016-lendingclub_v2-iv-then-boruta-catboost-fold-1-pool300-s42.dev_predictions.csv,16829112,6f6718dccfc3ea8a9bfa43b036cf39bd820675c7a9c496136e1e315aae6e206e,True,results/selector_combinations_v1/dev/evaluations/scv1-dev-016-lendingclub_v2-iv-then-boruta-catboost-fold-1-pool300-s42.json,
combination_dev,active,lendingclub_v2,iv_then_boruta,catboost,state_bound_payload,results/selector_combinations_v1/dev/evaluations/scv1-dev-016-lendingclub_v2-iv-then-boruta-catboost-fold-1-pool300-s42.final_model_configuration.json,1948,7895467368a93dc92df544d7be3fd57d505cb209920efaf7c0b930c60146f80e,True,results/selector_combinations_v1/dev/evaluations/scv1-dev-016-lendingclub_v2-iv-then-boruta-catboost-fold-1-pool300-s42.json,
combination_dev,active,lendingclub_v2,iv_then_boruta,catboost,state_bound_payload,results/selector_combinations_v1/dev/evaluations/scv1-dev-032-lendingclub_v2-iv-then-boruta-catboost-fold-2-pool100-s42.dev_metrics.json,639,e4d94df872e05131b941ba6c6e10af2ebc11e5a782ddb290853006a49d489875,True,results/selector_combinations_v1/dev/evaluations/scv1-dev-032-lendingclub_v2-iv-then-boruta-catboost-fold-2-pool100-s42.json,
combination_dev,active,lendingclub_v2,iv_then_boruta,catboost,state_bound_payload,results/selector_combinations_v1/dev/evaluations/scv1-dev-032-lendingclub_v2-iv-then-boruta-catboost-fold-2-pool100-s42.dev_predictions.csv,12688955,e8ecbbb2e28f8dbcbda013d70b26ccce8234140093b9d7f654b1c355caafd26e,True,results/selector_combinations_v1/dev/evaluations/scv1-dev-032-lendingclub_v2-iv-then-boruta-catboost-fold-2-pool100-s42.json,
combination_dev,active,lendingclub_v2,iv_then_boruta,catboost,state_bound_payload,results/selector_combinations_v1/dev/evaluations/scv1-dev-032-lendingclub_v2-iv-then-boruta-catboost-fold-2-pool100-s42.final_model_configuration.json,1946,ddbe5c881572d11d65da4ff91f65571f13bdc9d2c7c9b5bb5543d71a6a80c008,True,results/selector_combinations_v1/dev/evaluations/scv1-dev-032-lendingclub_v2-iv-then-boruta-catboost-fold-2-pool100-s42.json,
combination_dev,active,lendingclub_v2,iv_then_boruta,catboost,state_bound_payload,results/selector_combinations_v1/dev/evaluations/scv1-dev-036-lendingclub_v2-iv-then-boruta-catboost-fold-2-pool200-s42.dev_metrics.json,638,2ddf9759f553e84f9814c18ceb1a60fffab52df372d03e8dfbd15029599d9a52,True,results/selector_combinations_v1/dev/evaluations/scv1-dev-036-lendingclub_v2-iv-then-boruta-catboost-fold-2-pool200-s42.json,
combination_dev,active,lendingclub_v2,iv_then_boruta,catboost,state_bound_payload,results/selector_combinations_v1/dev/evaluations/scv1-dev-036-lendingclub_v2-iv-then-boruta-catboost-fold-2-pool200-s42.dev_predictions.csv,12690336,1ac6aa25fc376bc4ca3768940961ff956be64925efb13d1170610e3fb7563c52,True,results/selector_combinations_v1/dev/evaluations/scv1-dev-036-lendingclub_v2-iv-then-boruta-catboost-fold-2-pool200-s42.json,
combination_dev,active,lendingclub_v2,iv_then_boruta,catboost,state_bound_payload,results/selector_combinations_v1/dev/evaluations/scv1-dev-036-lendingclub_v2-iv-then-boruta-catboost-fold-2-pool200-s42.final_model_configuration.json,1948,beb842a6a4565bd5792309f408e76ac74927d34962c622fd70a46843ace11662,True,results/selector_combinations_v1/dev/evaluations/scv1-dev-036-lendingclub_v2-iv-then-boruta-catboost-fold-2-pool200-s42.json,
combination_dev,active,lendingclub_v2,iv_then_boruta,catboost,state_bound_payload,results/selector_combinations_v1/dev/evaluations/scv1-dev-040-lendingclub_v2-iv-then-boruta-catboost-fold-2-pool300-s42.dev_metrics.json,638,eaa81cd2faf46c4765af74860389258f20900714f2ec606cfa091e6eb931ddf2,True,results/selector_combinations_v1/dev/evaluations/scv1-dev-040-lendingclub_v2-iv-then-boruta-catboost-fold-2-pool300-s42.json,
combination_dev,active,lendingclub_v2,iv_then_boruta,catboost,state_bound_payload,results/selector_combinations_v1/dev/evaluations/scv1-dev-040-lendingclub_v2-iv-then-boruta-catboost-fold-2-pool300-s42.dev_predictions.csv,12690239,4e4191ff744e74b2440a4322e84f74977b89670f4726cc4080615f5824348ddd,True,results/selector_combinations_v1/dev/evaluations/scv1-dev-040-lendingclub_v2-iv-then-boruta-catboost-fold-2-pool300-s42.json,
combination_dev,active,lendingclub_v2,iv_then_boruta,catboost,state_bound_payload,results/selector_combinations_v1/dev/evaluations/scv1-dev-040-lendingclub_v2-iv-then-boruta-catboost-fold-2-pool300-s42.final_model_configuration.json,1948,d03fc3ed3f22501d366561421475f25bc27376e22fba4cbcdd0e4cce6b5852ee,True,results/selector_combinations_v1/dev/evaluations/scv1-dev-040-lendingclub_v2-iv-then-boruta-catboost-fold-2-pool300-s42.json,
combination_dev,active,lendingclub_v2,iv_then_boruta,catboost,state_bound_payload,results/selector_combinations_v1/dev/evaluations/scv1-dev-056-lendingclub_v2-iv-then-boruta-catboost-fold-3-pool100-s42.dev_metrics.json,637,1c35cede000257068c37668e8a90c56fe49ad4ae395d8f5955ee47b428efd8f2,True,results/selector_combinations_v1/dev/evaluations/scv1-dev-056-lendingclub_v2-iv-then-boruta-catboost-fold-3-pool100-s42.json,
combination_dev,active,lendingclub_v2,iv_then_boruta,catboost,state_bound_payload,results/selector_combinations_v1/dev/evaluations/scv1-dev-056-lendingclub_v2-iv-then-boruta-catboost-fold-3-pool100-s42.dev_predictions.csv,18701178,8faac69ca1854e9d1ef3f10a9504b54466ec510d515e281151f486dbbe184cac,True,results/selector_combinations_v1/dev/evaluations/scv1-dev-056-lendingclub_v2-iv-then-boruta-catboost-fold-3-pool100-s42.json,
combination_dev,active,lendingclub_v2,iv_then_boruta,catboost,state_bound_payload,results/selector_combinations_v1/dev/evaluations/scv1-dev-056-lendingclub_v2-iv-then-boruta-catboost-fold-3-pool100-s42.final_model_configuration.json,1946,24be1ba150f281f2d8db7817212e511c57c4104af227d5b6c2cfc4b11b5e8513,True,results/selector_combinations_v1/dev/evaluations/scv1-dev-056-lendingclub_v2-iv-then-boruta-catboost-fold-3-pool100-s42.json,
combination_dev,active,lendingclub_v2,iv_then_boruta,catboost,state_bound_payload,results/selector_combinations_v1/dev/evaluations/scv1-dev-060-lendingclub_v2-iv-then-boruta-catboost-fold-3-pool200-s42.dev_metrics.json,637,c1b58cf2798cb6e9146951122712302bd03a53453b4757f31c84b0ed6b05faf0,True,results/selector_combinations_v1/dev/evaluations/scv1-dev-060-lendingclub_v2-iv-then-boruta-catboost-fold-3-pool200-s42.json,
combination_dev,active,lendingclub_v2,iv_then_boruta,catboost,state_bound_payload,results/selector_combinations_v1/dev/evaluations/scv1-dev-060-lendingclub_v2-iv-then-boruta-catboost-fold-3-pool200-s42.dev_predictions.csv,18702929,f29f25b113721deee499b1fa34dbbbcea1b24f85bfdbb2f49dd0f2adcd02658d,True,results/selector_combinations_v1/dev/evaluations/scv1-dev-060-lendingclub_v2-iv-then-boruta-catboost-fold-3-pool200-s42.json,
combination_dev,active,lendingclub_v2,iv_then_boruta,catboost,state_bound_payload,results/selector_combinations_v1/dev/evaluations/scv1-dev-060-lendingclub_v2-iv-then-boruta-catboost-fold-3-pool200-s42.final_model_configuration.json,1948,5c5c45b476a39f819c4bf14b2904d32011edb9d32a3bfde2b0fc72b19bebdf89,True,results/selector_combinations_v1/dev/evaluations/scv1-dev-060-lendingclub_v2-iv-then-boruta-catboost-fold-3-pool200-s42.json,
combination_dev,active,lendingclub_v2,iv_then_boruta,catboost,state_bound_payload,results/selector_combinations_v1/dev/evaluations/scv1-dev-064-lendingclub_v2-iv-then-boruta-catboost-fold-3-pool300-s42.dev_metrics.json,637,91a384f95aa5376162b8f3f1b2e1d5ea9e1e187426d20da51cebd4e5a182d87d,True,results/selector_combinations_v1/dev/evaluations/scv1-dev-064-lendingclub_v2-iv-then-boruta-catboost-fold-3-pool300-s42.json,
combination_dev,active,lendingclub_v2,iv_then_boruta,catboost,state_bound_payload,results/selector_combinations_v1/dev/evaluations/scv1-dev-064-lendingclub_v2-iv-then-boruta-catboost-fold-3-pool300-s42.dev_predictions.csv,18703414,dcf43782ef2190020d47c4de3d5281203d56eca1493c03b2193c7141fccd992b,True,results/selector_combinations_v1/dev/evaluations/scv1-dev-064-lendingclub_v2-iv-then-boruta-catboost-fold-3-pool300-s42.json,
combination_dev,active,lendingclub_v2,iv_then_boruta,catboost,state_bound_payload,results/selector_combinations_v1/dev/evaluations/scv1-dev-064-lendingclub_v2-iv-then-boruta-catboost-fold-3-pool300-s42.final_model_configuration.json,1948,e866ab810e94a047f00fca98c3179d2c90a2dd1a2cbfb3f40aa1f40ef103f77d,True,results/selector_combinations_v1/dev/evaluations/scv1-dev-064-lendingclub_v2-iv-then-boruta-catboost-fold-3-pool300-s42.json,
combination_dev,active,lendingclub_v2,iv_then_boruta,catboost,state_bound_payload,results/selector_combinations_v1/dev/evaluations/scv1-dev-080-lendingclub_v2-iv-then-boruta-catboost-fold-4-pool100-s42.dev_metrics.json,639,dc0120c303ad169c521c7cca580aa43ae63fed82c49f19fcb483d03b9029e359,True,results/selector_combinations_v1/dev/evaluations/scv1-dev-080-lendingclub_v2-iv-then-boruta-catboost-fold-4-pool100-s42.json,
combination_dev,active,lendingclub_v2,iv_then_boruta,catboost,state_bound_payload,results/selector_combinations_v1/dev/evaluations/scv1-dev-080-lendingclub_v2-iv-then-boruta-catboost-fold-4-pool100-s42.dev_predictions.csv,14703390,338afbc24f10c4480125e44642530a3773fb67a4b92b365637dcd5ba5dee2bbd,True,results/selector_combinations_v1/dev/evaluations/scv1-dev-080-lendingclub_v2-iv-then-boruta-catboost-fold-4-pool100-s42.json,
combination_dev,active,lendingclub_v2,iv_then_boruta,catboost,state_bound_payload,results/selector_combinations_v1/dev/evaluations/scv1-dev-080-lendingclub_v2-iv-then-boruta-catboost-fold-4-pool100-s42.final_model_configuration.json,1946,a02ab3c1f2338f7aa9d39b1454bc9864c575e4185eb45eb12dd2613070497376,True,results/selector_combinations_v1/dev/evaluations/scv1-dev-080-lendingclub_v2-iv-then-boruta-catboost-fold-4-pool100-s42.json,
combination_dev,active,lendingclub_v2,iv_then_boruta,catboost,state_bound_payload,results/selector_combinations_v1/dev/evaluations/scv1-dev-084-lendingclub_v2-iv-then-boruta-catboost-fold-4-pool200-s42.dev_metrics.json,638,2a8d3117250c2688011278c45c0fdcad5b46efeb2ef2611986c527214a0c6ced,True,results/selector_combinations_v1/dev/evaluations/scv1-dev-084-lendingclub_v2-iv-then-boruta-catboost-fold-4-pool200-s42.json,
combination_dev,active,lendingclub_v2,iv_then_boruta,catboost,state_bound_payload,results/selector_combinations_v1/dev/evaluations/scv1-dev-084-lendingclub_v2-iv-then-boruta-catboost-fold-4-pool200-s42.dev_predictions.csv,14704745,867b32210dd360a2622ebf487e1ea0f8285b629a56532ac5871adf7672da7514,True,results/selector_combinations_v1/dev/evaluations/scv1-dev-084-lendingclub_v2-iv-then-boruta-catboost-fold-4-pool200-s42.json,
combination_dev,active,lendingclub_v2,iv_then_boruta,catboost,state_bound_payload,results/selector_combinations_v1/dev/evaluations/scv1-dev-084-lendingclub_v2-iv-then-boruta-catboost-fold-4-pool200-s42.final_model_configuration.json,1948,14780803f485382dab6c6ad3d41812edf99ee8c18534458ca0550a2b3fcbd19f,True,results/selector_combinations_v1/dev/evaluations/scv1-dev-084-lendingclub_v2-iv-then-boruta-catboost-fold-4-pool200-s42.json,
combination_dev,active,lendingclub_v2,iv_then_boruta,catboost,state_bound_payload,results/selector_combinations_v1/dev/evaluations/scv1-dev-088-lendingclub_v2-iv-then-boruta-catboost-fold-4-pool300-s42.dev_metrics.json,638,1ba640d4d8644f38fa81a2f5ac7ac589526b6fb27340f38c6d991b79c7897a78,True,results/selector_combinations_v1/dev/evaluations/scv1-dev-088-lendingclub_v2-iv-then-boruta-catboost-fold-4-pool300-s42.json,
combination_dev,active,lendingclub_v2,iv_then_boruta,catboost,state_bound_payload,results/selector_combinations_v1/dev/evaluations/scv1-dev-088-lendingclub_v2-iv-then-boruta-catboost-fold-4-pool300-s42.dev_predictions.csv,14705000,276d7c34e1a0f664e349818c47fd71bdf727d7cbeb27d90d188bbba08e816255,True,results/selector_combinations_v1/dev/evaluations/scv1-dev-088-lendingclub_v2-iv-then-boruta-catboost-fold-4-pool300-s42.json,
combination_dev,active,lendingclub_v2,iv_then_boruta,catboost,state_bound_payload,results/selector_combinations_v1/dev/evaluations/scv1-dev-088-lendingclub_v2-iv-then-boruta-catboost-fold-4-pool300-s42.final_model_configuration.json,1948,e9ced7c5c086952edb11dcfd2a32bd851a2e9a1cdf245b4f7bcc96cfc73cec76,True,results/selector_combinations_v1/dev/evaluations/scv1-dev-088-lendingclub_v2-iv-then-boruta-catboost-fold-4-pool300-s42.json,
combination_dev,active,lendingclub_v2,iv_then_boruta,catboost,state_bound_payload,results/selector_combinations_v1/dev/evaluations/scv1-dev-104-lendingclub_v2-iv-then-boruta-catboost-fold-5-pool100-s42.dev_metrics.json,637,d63a12533d713486a8424dd5ffb3e24fdcc952b389223c06194acf81dfc733f2,True,results/selector_combinations_v1/dev/evaluations/scv1-dev-104-lendingclub_v2-iv-then-boruta-catboost-fold-5-pool100-s42.json,
combination_dev,active,lendingclub_v2,iv_then_boruta,catboost,state_bound_payload,results/selector_combinations_v1/dev/evaluations/scv1-dev-104-lendingclub_v2-iv-then-boruta-catboost-fold-5-pool100-s42.dev_predictions.csv,10590732,dcf71e2c658cae9c89b15e1fe448113085078ca322336e6425739d5d2f516ab0,True,results/selector_combinations_v1/dev/evaluations/scv1-dev-104-lendingclub_v2-iv-then-boruta-catboost-fold-5-pool100-s42.json,
combination_dev,active,lendingclub_v2,iv_then_boruta,catboost,state_bound_payload,results/selector_combinations_v1/dev/evaluations/scv1-dev-104-lendingclub_v2-iv-then-boruta-catboost-fold-5-pool100-s42.final_model_configuration.json,1946,161aa036a2d6bba1831ae4bf077d5b93a937f35f024976c7d8ef9a9d09dabaa6,True,results/selector_combinations_v1/dev/evaluations/scv1-dev-104-lendingclub_v2-iv-then-boruta-catboost-fold-5-pool100-s42.json,
combination_dev,active,lendingclub_v2,iv_then_boruta,catboost,state_bound_payload,results/selector_combinations_v1/dev/evaluations/scv1-dev-108-lendingclub_v2-iv-then-boruta-catboost-fold-5-pool200-s42.dev_metrics.json,638,11962383986a480295395b31ad0d70f37640734c71ef850e71e52276b71c3e14,True,results/selector_combinations_v1/dev/evaluations/scv1-dev-108-lendingclub_v2-iv-then-boruta-catboost-fold-5-pool200-s42.json,
combination_dev,active,lendingclub_v2,iv_then_boruta,catboost,state_bound_payload,results/selector_combinations_v1/dev/evaluations/scv1-dev-108-lendingclub_v2-iv-then-boruta-catboost-fold-5-pool200-s42.dev_predictions.csv,10591068,2d1b440d9a8e0acaaf552690dfa1c7df21c0074dbbf55b90ceade613c6dbab16,True,results/selector_combinations_v1/dev/evaluations/scv1-dev-108-lendingclub_v2-iv-then-boruta-catboost-fold-5-pool200-s42.json,
combination_dev,active,lendingclub_v2,iv_then_boruta,catboost,state_bound_payload,results/selector_combinations_v1/dev/evaluations/scv1-dev-108-lendingclub_v2-iv-then-boruta-catboost-fold-5-pool200-s42.final_model_configuration.json,1948,58c1d25b445a844fad7bd2ac0d84744df37979d7e1ccb08d6ae4ec60637e09a3,True,results/selector_combinations_v1/dev/evaluations/scv1-dev-108-lendingclub_v2-iv-then-boruta-catboost-fold-5-pool200-s42.json,
combination_dev,active,lendingclub_v2,iv_then_boruta,catboost,state_bound_payload,results/selector_combinations_v1/dev/evaluations/scv1-dev-112-lendingclub_v2-iv-then-boruta-catboost-fold-5-pool300-s42.dev_metrics.json,638,9c805800266052e2d726673e2a12a716b1e7d2ad5eec59e67da024c857864f3c,True,results/selector_combinations_v1/dev/evaluations/scv1-dev-112-lendingclub_v2-iv-then-boruta-catboost-fold-5-pool300-s42.json,
combination_dev,active,lendingclub_v2,iv_then_boruta,catboost,state_bound_payload,results/selector_combinations_v1/dev/evaluations/scv1-dev-112-lendingclub_v2-iv-then-boruta-catboost-fold-5-pool300-s42.dev_predictions.csv,10591539,34b3bf689002a5c42eaca1e3c285ee29fbb37384a47732f5fa9b6d32ed79e25a,True,results/selector_combinations_v1/dev/evaluations/scv1-dev-112-lendingclub_v2-iv-then-boruta-catboost-fold-5-pool300-s42.json,
combination_dev,active,lendingclub_v2,iv_then_boruta,catboost,state_bound_payload,results/selector_combinations_v1/dev/evaluations/scv1-dev-112-lendingclub_v2-iv-then-boruta-catboost-fold-5-pool300-s42.final_model_configuration.json,1948,48177bb0d725dcaef9861e0843c055eaee61118bc005ad119edeb132bd39f625,True,results/selector_combinations_v1/dev/evaluations/scv1-dev-112-lendingclub_v2-iv-then-boruta-catboost-fold-5-pool300-s42.json,
combination_dev,active,lendingclub_v2,iv_then_boruta,lr,evaluation_state,results/selector_combinations_v1/dev/evaluations/scv1-dev-007-lendingclub_v2-iv-then-boruta-lr-fold-1-pool100-s42.json,7052,58e591ea051a93e639a9d3f7e6f74c66aa829d1f3f1e309f51a5036bcb982bf4,True,results/selector_combinations_v1/dev/evaluations/scv1-dev-007-lendingclub_v2-iv-then-boruta-lr-fold-1-pool100-s42.json,
combination_dev,active,lendingclub_v2,iv_then_boruta,lr,evaluation_state,results/selector_combinations_v1/dev/evaluations/scv1-dev-011-lendingclub_v2-iv-then-boruta-lr-fold-1-pool200-s42.json,7052,859ac6141ac5a6b50d0033c00882b6f3b542ce91a91c03c59cdd1725fd9bf0a3,True,results/selector_combinations_v1/dev/evaluations/scv1-dev-011-lendingclub_v2-iv-then-boruta-lr-fold-1-pool200-s42.json,
combination_dev,active,lendingclub_v2,iv_then_boruta,lr,evaluation_state,results/selector_combinations_v1/dev/evaluations/scv1-dev-015-lendingclub_v2-iv-then-boruta-lr-fold-1-pool300-s42.json,7053,bbc4a91be665dfb31c8a802cd2d314eca61b378fd312e8e789586cbd7c7a9427,True,results/selector_combinations_v1/dev/evaluations/scv1-dev-015-lendingclub_v2-iv-then-boruta-lr-fold-1-pool300-s42.json,
combination_dev,active,lendingclub_v2,iv_then_boruta,lr,evaluation_state,results/selector_combinations_v1/dev/evaluations/scv1-dev-031-lendingclub_v2-iv-then-boruta-lr-fold-2-pool100-s42.json,7050,f5181ee12a8f4590160488043f72e2e3e19fbb0163cebd445b0a99614491c027,True,results/selector_combinations_v1/dev/evaluations/scv1-dev-031-lendingclub_v2-iv-then-boruta-lr-fold-2-pool100-s42.json,
combination_dev,active,lendingclub_v2,iv_then_boruta,lr,evaluation_state,results/selector_combinations_v1/dev/evaluations/scv1-dev-035-lendingclub_v2-iv-then-boruta-lr-fold-2-pool200-s42.json,7055,588efdd8286688494c3d8cf0fdfbc4f193cad318f3a9d4730f8e45b141a563d8,True,results/selector_combinations_v1/dev/evaluations/scv1-dev-035-lendingclub_v2-iv-then-boruta-lr-fold-2-pool200-s42.json,
combination_dev,active,lendingclub_v2,iv_then_boruta,lr,evaluation_state,results/selector_combinations_v1/dev/evaluations/scv1-dev-039-lendingclub_v2-iv-then-boruta-lr-fold-2-pool300-s42.json,7053,197384ec1f193a1ed21843e5bb5b0ee91dc6788d78dc82b4198daf2a85a667f3,True,results/selector_combinations_v1/dev/evaluations/scv1-dev-039-lendingclub_v2-iv-then-boruta-lr-fold-2-pool300-s42.json,
combination_dev,active,lendingclub_v2,iv_then_boruta,lr,evaluation_state,results/selector_combinations_v1/dev/evaluations/scv1-dev-055-lendingclub_v2-iv-then-boruta-lr-fold-3-pool100-s42.json,7053,13cf70261dfd0e4d731926455bdd18dceed7e72480a0145dd828fc474505e29b,True,results/selector_combinations_v1/dev/evaluations/scv1-dev-055-lendingclub_v2-iv-then-boruta-lr-fold-3-pool100-s42.json,
combination_dev,active,lendingclub_v2,iv_then_boruta,lr,evaluation_state,results/selector_combinations_v1/dev/evaluations/scv1-dev-059-lendingclub_v2-iv-then-boruta-lr-fold-3-pool200-s42.json,7055,cea1b1cfcb5cac9aedefecd9974373b6e2d37646e3ed0700576995913961df88,True,results/selector_combinations_v1/dev/evaluations/scv1-dev-059-lendingclub_v2-iv-then-boruta-lr-fold-3-pool200-s42.json,
combination_dev,active,lendingclub_v2,iv_then_boruta,lr,evaluation_state,results/selector_combinations_v1/dev/evaluations/scv1-dev-063-lendingclub_v2-iv-then-boruta-lr-fold-3-pool300-s42.json,7054,3216b8aae59feb91d7c66ee0c43f8f0fe3319737ea87b809fe7d0ca8d5da45dc,True,results/selector_combinations_v1/dev/evaluations/scv1-dev-063-lendingclub_v2-iv-then-boruta-lr-fold-3-pool300-s42.json,
combination_dev,active,lendingclub_v2,iv_then_boruta,lr,evaluation_state,results/selector_combinations_v1/dev/evaluations/scv1-dev-079-lendingclub_v2-iv-then-boruta-lr-fold-4-pool100-s42.json,7050,72305aca39ad21e0233788d7054fe100f83ab0e55a24a5c4464bfa7f3b3e173b,True,results/selector_combinations_v1/dev/evaluations/scv1-dev-079-lendingclub_v2-iv-then-boruta-lr-fold-4-pool100-s42.json,
combination_dev,active,lendingclub_v2,iv_then_boruta,lr,evaluation_state,results/selector_combinations_v1/dev/evaluations/scv1-dev-083-lendingclub_v2-iv-then-boruta-lr-fold-4-pool200-s42.json,7049,553a1017277910f8fb46e3dda3a1fd54e99fdd8936bd1ecb37d8e9c4a61bc080,True,results/selector_combinations_v1/dev/evaluations/scv1-dev-083-lendingclub_v2-iv-then-boruta-lr-fold-4-pool200-s42.json,
combination_dev,active,lendingclub_v2,iv_then_boruta,lr,evaluation_state,results/selector_combinations_v1/dev/evaluations/scv1-dev-087-lendingclub_v2-iv-then-boruta-lr-fold-4-pool300-s42.json,7045,c931608e701c5e5d4e471598593ee271982fe5972dab198c75b14ea17907c2b1,True,results/selector_combinations_v1/dev/evaluations/scv1-dev-087-lendingclub_v2-iv-then-boruta-lr-fold-4-pool300-s42.json,
combination_dev,active,lendingclub_v2,iv_then_boruta,lr,evaluation_state,results/selector_combinations_v1/dev/evaluations/scv1-dev-103-lendingclub_v2-iv-then-boruta-lr-fold-5-pool100-s42.json,7047,d35f545348c4a60b6ca839323816b4c7f27a9ae2d2e14961795b70ed2280b3ca,True,results/selector_combinations_v1/dev/evaluations/scv1-dev-103-lendingclub_v2-iv-then-boruta-lr-fold-5-pool100-s42.json,
combination_dev,active,lendingclub_v2,iv_then_boruta,lr,evaluation_state,results/selector_combinations_v1/dev/evaluations/scv1-dev-107-lendingclub_v2-iv-then-boruta-lr-fold-5-pool200-s42.json,7050,2e04b2f3c6214bfdd2daef8b93c7a1e77c9c1e426cdb58a879b1aacd3027a905,True,results/selector_combinations_v1/dev/evaluations/scv1-dev-107-lendingclub_v2-iv-then-boruta-lr-fold-5-pool200-s42.json,
combination_dev,active,lendingclub_v2,iv_then_boruta,lr,evaluation_state,results/selector_combinations_v1/dev/evaluations/scv1-dev-111-lendingclub_v2-iv-then-boruta-lr-fold-5-pool300-s42.json,7051,d24c7a5eab62183d6edfdbfe9f93e1f3a54f2a97a3c9ed63ad53bf3b82fc58ad,True,results/selector_combinations_v1/dev/evaluations/scv1-dev-111-lendingclub_v2-iv-then-boruta-lr-fold-5-pool300-s42.json,
combination_dev,active,lendingclub_v2,iv_then_boruta,lr,state_bound_payload,results/selector_combinations_v1/dev/evaluations/scv1-dev-007-lendingclub_v2-iv-then-boruta-lr-fold-1-pool100-s42.dev_metrics.json,637,337e42f08c26221acc9bc2874ef40b92946026a44656f40555161eaaa8d1e9f4,True,results/selector_combinations_v1/dev/evaluations/scv1-dev-007-lendingclub_v2-iv-then-boruta-lr-fold-1-pool100-s42.json,
combination_dev,active,lendingclub_v2,iv_then_boruta,lr,state_bound_payload,results/selector_combinations_v1/dev/evaluations/scv1-dev-007-lendingclub_v2-iv-then-boruta-lr-fold-1-pool100-s42.dev_predictions.csv,15448508,e1c9d3c4d76dda64732ccab53335cb08e74907a09753815b8bc683ca73c23135,True,results/selector_combinations_v1/dev/evaluations/scv1-dev-007-lendingclub_v2-iv-then-boruta-lr-fold-1-pool100-s42.json,
combination_dev,active,lendingclub_v2,iv_then_boruta,lr,state_bound_payload,results/selector_combinations_v1/dev/evaluations/scv1-dev-007-lendingclub_v2-iv-then-boruta-lr-fold-1-pool100-s42.final_model_configuration.json,1246,f649a86d79d9de4662b87d90def5990b897115e246804525c8e70a67c90faa46,True,results/selector_combinations_v1/dev/evaluations/scv1-dev-007-lendingclub_v2-iv-then-boruta-lr-fold-1-pool100-s42.json,
combination_dev,active,lendingclub_v2,iv_then_boruta,lr,state_bound_payload,results/selector_combinations_v1/dev/evaluations/scv1-dev-011-lendingclub_v2-iv-then-boruta-lr-fold-1-pool200-s42.dev_metrics.json,634,d3f6d35e2d68318bfe6d3a54ecc60e3e84fecf82668f45378638bb95923992b0,True,results/selector_combinations_v1/dev/evaluations/scv1-dev-011-lendingclub_v2-iv-then-boruta-lr-fold-1-pool200-s42.json,
combination_dev,active,lendingclub_v2,iv_then_boruta,lr,state_bound_payload,results/selector_combinations_v1/dev/evaluations/scv1-dev-011-lendingclub_v2-iv-then-boruta-lr-fold-1-pool200-s42.dev_predictions.csv,15449035,47ccfb27fc83b3f9685f741c1d944b7af4e2173fcf0636faf412ea9317474398,True,results/selector_combinations_v1/dev/evaluations/scv1-dev-011-lendingclub_v2-iv-then-boruta-lr-fold-1-pool200-s42.json,
combination_dev,active,lendingclub_v2,iv_then_boruta,lr,state_bound_payload,results/selector_combinations_v1/dev/evaluations/scv1-dev-011-lendingclub_v2-iv-then-boruta-lr-fold-1-pool200-s42.final_model_configuration.json,1248,dac2930860fe0cd14eb41b85d337ac260c12932b5cd7eec2ba243acfb61b3416,True,results/selector_combinations_v1/dev/evaluations/scv1-dev-011-lendingclub_v2-iv-then-boruta-lr-fold-1-pool200-s42.json,
combination_dev,active,lendingclub_v2,iv_then_boruta,lr,state_bound_payload,results/selector_combinations_v1/dev/evaluations/scv1-dev-015-lendingclub_v2-iv-then-boruta-lr-fold-1-pool300-s42.dev_metrics.json,635,016e0d635f820378672d25200056f4663a4f04f2d61f4e062d91dd1093e0365e,True,results/selector_combinations_v1/dev/evaluations/scv1-dev-015-lendingclub_v2-iv-then-boruta-lr-fold-1-pool300-s42.json,
combination_dev,active,lendingclub_v2,iv_then_boruta,lr,state_bound_payload,results/selector_combinations_v1/dev/evaluations/scv1-dev-015-lendingclub_v2-iv-then-boruta-lr-fold-1-pool300-s42.dev_predictions.csv,15449146,dc4daa0c3fc3323f650637ea2495a87732ccfa44b1c96d4a91224d654c1766a7,True,results/selector_combinations_v1/dev/evaluations/scv1-dev-015-lendingclub_v2-iv-then-boruta-lr-fold-1-pool300-s42.json,
combination_dev,active,lendingclub_v2,iv_then_boruta,lr,state_bound_payload,results/selector_combinations_v1/dev/evaluations/scv1-dev-015-lendingclub_v2-iv-then-boruta-lr-fold-1-pool300-s42.final_model_configuration.json,1248,6761a3cba3c3a8afee5079922c84e275ca75e2b8927ac33689a2c217ed7cb274,True,results/selector_combinations_v1/dev/evaluations/scv1-dev-015-lendingclub_v2-iv-then-boruta-lr-fold-1-pool300-s42.json,
combination_dev,active,lendingclub_v2,iv_then_boruta,lr,state_bound_payload,results/selector_combinations_v1/dev/evaluations/scv1-dev-031-lendingclub_v2-iv-then-boruta-lr-fold-2-pool100-s42.dev_metrics.json,637,f4e17feca080aa91219935a7f64118d886835cd7dde38460a880ad6e70a6815d,True,results/selector_combinations_v1/dev/evaluations/scv1-dev-031-lendingclub_v2-iv-then-boruta-lr-fold-2-pool100-s42.json,
combination_dev,active,lendingclub_v2,iv_then_boruta,lr,state_bound_payload,results/selector_combinations_v1/dev/evaluations/scv1-dev-031-lendingclub_v2-iv-then-boruta-lr-fold-2-pool100-s42.dev_predictions.csv,11650936,5937a180302e00a8550c1afff6c8e5dc70653b44eebe51d2bea94f1706304bde,True,results/selector_combinations_v1/dev/evaluations/scv1-dev-031-lendingclub_v2-iv-then-boruta-lr-fold-2-pool100-s42.json,
combination_dev,active,lendingclub_v2,iv_then_boruta,lr,state_bound_payload,results/selector_combinations_v1/dev/evaluations/scv1-dev-031-lendingclub_v2-iv-then-boruta-lr-fold-2-pool100-s42.final_model_configuration.json,1246,8f05c888954c6c2058b3a28e971f6cf2136a834206b6fab96c8e2f92fce9f8a7,True,results/selector_combinations_v1/dev/evaluations/scv1-dev-031-lendingclub_v2-iv-then-boruta-lr-fold-2-pool100-s42.json,
combination_dev,active,lendingclub_v2,iv_then_boruta,lr,state_bound_payload,results/selector_combinations_v1/dev/evaluations/scv1-dev-035-lendingclub_v2-iv-then-boruta-lr-fold-2-pool200-s42.dev_metrics.json,640,cd4c53a3da6c202b8d38d280d4408366613c48d26b6f58470bfc872dccb9591e,True,results/selector_combinations_v1/dev/evaluations/scv1-dev-035-lendingclub_v2-iv-then-boruta-lr-fold-2-pool200-s42.json,
combination_dev,active,lendingclub_v2,iv_then_boruta,lr,state_bound_payload,results/selector_combinations_v1/dev/evaluations/scv1-dev-035-lendingclub_v2-iv-then-boruta-lr-fold-2-pool200-s42.dev_predictions.csv,11651725,b39f607f435fdf4ed326d8ef00bd5d888b5960b6e97af1395ca14134aee143d6,True,results/selector_combinations_v1/dev/evaluations/scv1-dev-035-lendingclub_v2-iv-then-boruta-lr-fold-2-pool200-s42.json,
combination_dev,active,lendingclub_v2,iv_then_boruta,lr,state_bound_payload,results/selector_combinations_v1/dev/evaluations/scv1-dev-035-lendingclub_v2-iv-then-boruta-lr-fold-2-pool200-s42.final_model_configuration.json,1248,eb0144f50e29d6f1af49e9ef8248d092912023c2fa8ea83ab70fdaa3710114a4,True,results/selector_combinations_v1/dev/evaluations/scv1-dev-035-lendingclub_v2-iv-then-boruta-lr-fold-2-pool200-s42.json,
combination_dev,active,lendingclub_v2,iv_then_boruta,lr,state_bound_payload,results/selector_combinations_v1/dev/evaluations/scv1-dev-039-lendingclub_v2-iv-then-boruta-lr-fold-2-pool300-s42.dev_metrics.json,638,27fe905567dad9235a0b6d2416793d6a441a4c914b847e984259c82d01a93491,True,results/selector_combinations_v1/dev/evaluations/scv1-dev-039-lendingclub_v2-iv-then-boruta-lr-fold-2-pool300-s42.json,
combination_dev,active,lendingclub_v2,iv_then_boruta,lr,state_bound_payload,results/selector_combinations_v1/dev/evaluations/scv1-dev-039-lendingclub_v2-iv-then-boruta-lr-fold-2-pool300-s42.dev_predictions.csv,11651400,21ca2f9675c7d7536f7fad0f8a451b75afa7b1e32537e114f230d4f36a20a970,True,results/selector_combinations_v1/dev/evaluations/scv1-dev-039-lendingclub_v2-iv-then-boruta-lr-fold-2-pool300-s42.json,
combination_dev,active,lendingclub_v2,iv_then_boruta,lr,state_bound_payload,results/selector_combinations_v1/dev/evaluations/scv1-dev-039-lendingclub_v2-iv-then-boruta-lr-fold-2-pool300-s42.final_model_configuration.json,1248,8cb3eacf63e85efdb1ea5d9d00f2f6135236b33fe0ee3ecbf1199ea8d7850b62,True,results/selector_combinations_v1/dev/evaluations/scv1-dev-039-lendingclub_v2-iv-then-boruta-lr-fold-2-pool300-s42.json,
combination_dev,active,lendingclub_v2,iv_then_boruta,lr,state_bound_payload,results/selector_combinations_v1/dev/evaluations/scv1-dev-055-lendingclub_v2-iv-then-boruta-lr-fold-3-pool100-s42.dev_metrics.json,637,deba6210bf2137dfc655da59d33ce2d1b19ea301dadcf5f434e644dd4ae5697d,True,results/selector_combinations_v1/dev/evaluations/scv1-dev-055-lendingclub_v2-iv-then-boruta-lr-fold-3-pool100-s42.json,
combination_dev,active,lendingclub_v2,iv_then_boruta,lr,state_bound_payload,results/selector_combinations_v1/dev/evaluations/scv1-dev-055-lendingclub_v2-iv-then-boruta-lr-fold-3-pool100-s42.dev_predictions.csv,17172856,f2f3e462403dc7cd45de437c06038355ba761a443c9b8e543ce0249da18f87b6,True,results/selector_combinations_v1/dev/evaluations/scv1-dev-055-lendingclub_v2-iv-then-boruta-lr-fold-3-pool100-s42.json,
combination_dev,active,lendingclub_v2,iv_then_boruta,lr,state_bound_payload,results/selector_combinations_v1/dev/evaluations/scv1-dev-055-lendingclub_v2-iv-then-boruta-lr-fold-3-pool100-s42.final_model_configuration.json,1246,43c21553c6732549afc6fc0ea376a31387a10a5d2120e8d41b3a7b40dc359642,True,results/selector_combinations_v1/dev/evaluations/scv1-dev-055-lendingclub_v2-iv-then-boruta-lr-fold-3-pool100-s42.json,
combination_dev,active,lendingclub_v2,iv_then_boruta,lr,state_bound_payload,results/selector_combinations_v1/dev/evaluations/scv1-dev-059-lendingclub_v2-iv-then-boruta-lr-fold-3-pool200-s42.dev_metrics.json,637,0177a0a02f77dab04586c687bcebd645cbea31276b7636c8731bde00282ce5fd,True,results/selector_combinations_v1/dev/evaluations/scv1-dev-059-lendingclub_v2-iv-then-boruta-lr-fold-3-pool200-s42.json,
combination_dev,active,lendingclub_v2,iv_then_boruta,lr,state_bound_payload,results/selector_combinations_v1/dev/evaluations/scv1-dev-059-lendingclub_v2-iv-then-boruta-lr-fold-3-pool200-s42.dev_predictions.csv,17173698,9668562233a2635c7b2469fd19b0b7035db0bd21c0caf0c82695b5c30b5edb6e,True,results/selector_combinations_v1/dev/evaluations/scv1-dev-059-lendingclub_v2-iv-then-boruta-lr-fold-3-pool200-s42.json,
combination_dev,active,lendingclub_v2,iv_then_boruta,lr,state_bound_payload,results/selector_combinations_v1/dev/evaluations/scv1-dev-059-lendingclub_v2-iv-then-boruta-lr-fold-3-pool200-s42.final_model_configuration.json,1248,181d0803cc9e96925d6c669a8d58d68206bae3ed50dc6d7b3a5a7df4c6b42c20,True,results/selector_combinations_v1/dev/evaluations/scv1-dev-059-lendingclub_v2-iv-then-boruta-lr-fold-3-pool200-s42.json,
combination_dev,active,lendingclub_v2,iv_then_boruta,lr,state_bound_payload,results/selector_combinations_v1/dev/evaluations/scv1-dev-063-lendingclub_v2-iv-then-boruta-lr-fold-3-pool300-s42.dev_metrics.json,636,73031ec93d56109d6590d1da87741a3077cff63bd101a9a6960af1561bda32c7,True,results/selector_combinations_v1/dev/evaluations/scv1-dev-063-lendingclub_v2-iv-then-boruta-lr-fold-3-pool300-s42.json,
combination_dev,active,lendingclub_v2,iv_then_boruta,lr,state_bound_payload,results/selector_combinations_v1/dev/evaluations/scv1-dev-063-lendingclub_v2-iv-then-boruta-lr-fold-3-pool300-s42.dev_predictions.csv,17174068,e5f25c80c8a7af473ba326e3d75f7c84d427962a451340502c2346b126ebdc03,True,results/selector_combinations_v1/dev/evaluations/scv1-dev-063-lendingclub_v2-iv-then-boruta-lr-fold-3-pool300-s42.json,
combination_dev,active,lendingclub_v2,iv_then_boruta,lr,state_bound_payload,results/selector_combinations_v1/dev/evaluations/scv1-dev-063-lendingclub_v2-iv-then-boruta-lr-fold-3-pool300-s42.final_model_configuration.json,1248,ca3a871e521eaac5ac1cd21b882003c689bb78d04dddc41251190e79f327ae70,True,results/selector_combinations_v1/dev/evaluations/scv1-dev-063-lendingclub_v2-iv-then-boruta-lr-fold-3-pool300-s42.json,
combination_dev,active,lendingclub_v2,iv_then_boruta,lr,state_bound_payload,results/selector_combinations_v1/dev/evaluations/scv1-dev-079-lendingclub_v2-iv-then-boruta-lr-fold-4-pool100-s42.dev_metrics.json,637,274df24fe680f68136999e5c3400925e6ab46eb3720ca8d1570e774fa4d9e113,True,results/selector_combinations_v1/dev/evaluations/scv1-dev-079-lendingclub_v2-iv-then-boruta-lr-fold-4-pool100-s42.json,
combination_dev,active,lendingclub_v2,iv_then_boruta,lr,state_bound_payload,results/selector_combinations_v1/dev/evaluations/scv1-dev-079-lendingclub_v2-iv-then-boruta-lr-fold-4-pool100-s42.dev_predictions.csv,13501911,63764bb35a3e94c191b46c8da2825552b370b773ed256028a58a99683d1d19a8,True,results/selector_combinations_v1/dev/evaluations/scv1-dev-079-lendingclub_v2-iv-then-boruta-lr-fold-4-pool100-s42.json,
combination_dev,active,lendingclub_v2,iv_then_boruta,lr,state_bound_payload,results/selector_combinations_v1/dev/evaluations/scv1-dev-079-lendingclub_v2-iv-then-boruta-lr-fold-4-pool100-s42.final_model_configuration.json,1246,f19234d13a13b0fdeee3b59f7b18048f20a963d61eb7a24d8c3e2a240e221051,True,results/selector_combinations_v1/dev/evaluations/scv1-dev-079-lendingclub_v2-iv-then-boruta-lr-fold-4-pool100-s42.json,
combination_dev,active,lendingclub_v2,iv_then_boruta,lr,state_bound_payload,results/selector_combinations_v1/dev/evaluations/scv1-dev-083-lendingclub_v2-iv-then-boruta-lr-fold-4-pool200-s42.dev_metrics.json,634,eb619f7f936302482c579876fe665ef26eb0ebf65c168eaa2a9df5db52619a88,True,results/selector_combinations_v1/dev/evaluations/scv1-dev-083-lendingclub_v2-iv-then-boruta-lr-fold-4-pool200-s42.json,
combination_dev,active,lendingclub_v2,iv_then_boruta,lr,state_bound_payload,results/selector_combinations_v1/dev/evaluations/scv1-dev-083-lendingclub_v2-iv-then-boruta-lr-fold-4-pool200-s42.dev_predictions.csv,13503357,57406b4ec22d2378c19d4f08ce2f656f9ec61e12178c92548ca8d2db16b4d544,True,results/selector_combinations_v1/dev/evaluations/scv1-dev-083-lendingclub_v2-iv-then-boruta-lr-fold-4-pool200-s42.json,
combination_dev,active,lendingclub_v2,iv_then_boruta,lr,state_bound_payload,results/selector_combinations_v1/dev/evaluations/scv1-dev-083-lendingclub_v2-iv-then-boruta-lr-fold-4-pool200-s42.final_model_configuration.json,1248,b3cc4f0f288182942038e2d972227a1a3799525a49b845fac97342f3ecf6e77a,True,results/selector_combinations_v1/dev/evaluations/scv1-dev-083-lendingclub_v2-iv-then-boruta-lr-fold-4-pool200-s42.json,
combination_dev,active,lendingclub_v2,iv_then_boruta,lr,state_bound_payload,results/selector_combinations_v1/dev/evaluations/scv1-dev-087-lendingclub_v2-iv-then-boruta-lr-fold-4-pool300-s42.dev_metrics.json,630,65dbadc54741a7c550188c9eab28332995f49b8118689c5ed6616755e83d6dac,True,results/selector_combinations_v1/dev/evaluations/scv1-dev-087-lendingclub_v2-iv-then-boruta-lr-fold-4-pool300-s42.json,
combination_dev,active,lendingclub_v2,iv_then_boruta,lr,state_bound_payload,results/selector_combinations_v1/dev/evaluations/scv1-dev-087-lendingclub_v2-iv-then-boruta-lr-fold-4-pool300-s42.dev_predictions.csv,13503429,0260b5b830ded11acde214a4bbb4809a9f8a22d9e69e7c3d22aae67eee7657ea,True,results/selector_combinations_v1/dev/evaluations/scv1-dev-087-lendingclub_v2-iv-then-boruta-lr-fold-4-pool300-s42.json,
combination_dev,active,lendingclub_v2,iv_then_boruta,lr,state_bound_payload,results/selector_combinations_v1/dev/evaluations/scv1-dev-087-lendingclub_v2-iv-then-boruta-lr-fold-4-pool300-s42.final_model_configuration.json,1248,2c478e5b1f7a57e7821aaba176e7807e8d4be8d8bcac87bdeff8ffdc07a5836c,True,results/selector_combinations_v1/dev/evaluations/scv1-dev-087-lendingclub_v2-iv-then-boruta-lr-fold-4-pool300-s42.json,
combination_dev,active,lendingclub_v2,iv_then_boruta,lr,state_bound_payload,results/selector_combinations_v1/dev/evaluations/scv1-dev-103-lendingclub_v2-iv-then-boruta-lr-fold-5-pool100-s42.dev_metrics.json,635,f9a4cd7ef2f173250d8673d032912e6ec69dcf7160d4c27631eec44b076c13d3,True,results/selector_combinations_v1/dev/evaluations/scv1-dev-103-lendingclub_v2-iv-then-boruta-lr-fold-5-pool100-s42.json,
combination_dev,active,lendingclub_v2,iv_then_boruta,lr,state_bound_payload,results/selector_combinations_v1/dev/evaluations/scv1-dev-103-lendingclub_v2-iv-then-boruta-lr-fold-5-pool100-s42.dev_predictions.csv,9725697,06c31da2d4df5eccfa3cf5c49ce2a1375f82de26d038828ab39a73482d5fd61d,True,results/selector_combinations_v1/dev/evaluations/scv1-dev-103-lendingclub_v2-iv-then-boruta-lr-fold-5-pool100-s42.json,
combination_dev,active,lendingclub_v2,iv_then_boruta,lr,state_bound_payload,results/selector_combinations_v1/dev/evaluations/scv1-dev-103-lendingclub_v2-iv-then-boruta-lr-fold-5-pool100-s42.final_model_configuration.json,1246,33fecdb783a5dd1364a4d1eac99eb5c9f9b396da7e8ad6a582344f9a2e97ce0d,True,results/selector_combinations_v1/dev/evaluations/scv1-dev-103-lendingclub_v2-iv-then-boruta-lr-fold-5-pool100-s42.json,
combination_dev,active,lendingclub_v2,iv_then_boruta,lr,state_bound_payload,results/selector_combinations_v1/dev/evaluations/scv1-dev-107-lendingclub_v2-iv-then-boruta-lr-fold-5-pool200-s42.dev_metrics.json,636,5013d2dc60c635dc60ddb0f1caa207966d78378ef08af7239058373cdb16824d,True,results/selector_combinations_v1/dev/evaluations/scv1-dev-107-lendingclub_v2-iv-then-boruta-lr-fold-5-pool200-s42.json,
combination_dev,active,lendingclub_v2,iv_then_boruta,lr,state_bound_payload,results/selector_combinations_v1/dev/evaluations/scv1-dev-107-lendingclub_v2-iv-then-boruta-lr-fold-5-pool200-s42.dev_predictions.csv,9726084,d8d93e1f661ef6a5a4e1f9adeb3600e188aa480c2c3e850f0db0e8893f779dbf,True,results/selector_combinations_v1/dev/evaluations/scv1-dev-107-lendingclub_v2-iv-then-boruta-lr-fold-5-pool200-s42.json,
combination_dev,active,lendingclub_v2,iv_then_boruta,lr,state_bound_payload,results/selector_combinations_v1/dev/evaluations/scv1-dev-107-lendingclub_v2-iv-then-boruta-lr-fold-5-pool200-s42.final_model_configuration.json,1248,d9bbef37234542eeff6c86e7485be07d3c894de33631a2db9ef72f0e34360ba6,True,results/selector_combinations_v1/dev/evaluations/scv1-dev-107-lendingclub_v2-iv-then-boruta-lr-fold-5-pool200-s42.json,
combination_dev,active,lendingclub_v2,iv_then_boruta,lr,state_bound_payload,results/selector_combinations_v1/dev/evaluations/scv1-dev-111-lendingclub_v2-iv-then-boruta-lr-fold-5-pool300-s42.dev_metrics.json,637,ecbcb4c781d0694a0b4f597e1aad022ec441761f764f9d31a836205175a2382b,True,results/selector_combinations_v1/dev/evaluations/scv1-dev-111-lendingclub_v2-iv-then-boruta-lr-fold-5-pool300-s42.json,
combination_dev,active,lendingclub_v2,iv_then_boruta,lr,state_bound_payload,results/selector_combinations_v1/dev/evaluations/scv1-dev-111-lendingclub_v2-iv-then-boruta-lr-fold-5-pool300-s42.dev_predictions.csv,9726094,ca932e051f9b44a85186449a0bc180485f54c2269453b892614fb7aa4ad0c011,True,results/selector_combinations_v1/dev/evaluations/scv1-dev-111-lendingclub_v2-iv-then-boruta-lr-fold-5-pool300-s42.json,
combination_dev,active,lendingclub_v2,iv_then_boruta,lr,state_bound_payload,results/selector_combinations_v1/dev/evaluations/scv1-dev-111-lendingclub_v2-iv-then-boruta-lr-fold-5-pool300-s42.final_model_configuration.json,1248,35e660e283bd140425ab98299f370abe80a98ef9dd8401c68244d6cbbe39117f,True,results/selector_combinations_v1/dev/evaluations/scv1-dev-111-lendingclub_v2-iv-then-boruta-lr-fold-5-pool300-s42.json,
combination_dev,active,lendingclub_v2,statistical_normalized_average_rank,,selection_state,results/selector_combinations_v1/dev/selections/scv1-lendingclub_v2-fold-1-statistical-normalized-average-rank-k20-s42.json,1376026,01055986f4a587123e6460ecd26014318c8ead26967e2037613746ef8a74c95a,True,results/selector_combinations_v1/dev/selections/scv1-lendingclub_v2-fold-1-statistical-normalized-average-rank-k20-s42.json,
combination_dev,active,lendingclub_v2,statistical_normalized_average_rank,,selection_state,results/selector_combinations_v1/dev/selections/scv1-lendingclub_v2-fold-1-statistical-normalized-average-rank-k40-s42.json,1376781,9f3ad19b8b9881b519bce2d96f7f0164b5d8c184144217048f7c2fad70114f7c,True,results/selector_combinations_v1/dev/selections/scv1-lendingclub_v2-fold-1-statistical-normalized-average-rank-k40-s42.json,
combination_dev,active,lendingclub_v2,statistical_normalized_average_rank,,selection_state,results/selector_combinations_v1/dev/selections/scv1-lendingclub_v2-fold-2-statistical-normalized-average-rank-k20-s42.json,1375671,e9e105ed5e37e30d1da8c4f63588244a777b11d7d7b5f2473ee99f76d121a592,True,results/selector_combinations_v1/dev/selections/scv1-lendingclub_v2-fold-2-statistical-normalized-average-rank-k20-s42.json,
combination_dev,active,lendingclub_v2,statistical_normalized_average_rank,,selection_state,results/selector_combinations_v1/dev/selections/scv1-lendingclub_v2-fold-2-statistical-normalized-average-rank-k40-s42.json,1376391,cbeca158aaf16605c849f0f731032f2c66768c01be45af6d57668fc129e2ea97,True,results/selector_combinations_v1/dev/selections/scv1-lendingclub_v2-fold-2-statistical-normalized-average-rank-k40-s42.json,
combination_dev,active,lendingclub_v2,statistical_normalized_average_rank,,selection_state,results/selector_combinations_v1/dev/selections/scv1-lendingclub_v2-fold-3-statistical-normalized-average-rank-k20-s42.json,1375415,2da99412a38fe6ff3a8e4ce4ad963e85454e1f1ade0329226dbde14d3c703633,True,results/selector_combinations_v1/dev/selections/scv1-lendingclub_v2-fold-3-statistical-normalized-average-rank-k20-s42.json,
combination_dev,active,lendingclub_v2,statistical_normalized_average_rank,,selection_state,results/selector_combinations_v1/dev/selections/scv1-lendingclub_v2-fold-3-statistical-normalized-average-rank-k40-s42.json,1376125,2e3fb4ebe345f00e9c4ffe01a8523d9f3fdebd556d7817bf2bc0493a5703790d,True,results/selector_combinations_v1/dev/selections/scv1-lendingclub_v2-fold-3-statistical-normalized-average-rank-k40-s42.json,
combination_dev,active,lendingclub_v2,statistical_normalized_average_rank,,selection_state,results/selector_combinations_v1/dev/selections/scv1-lendingclub_v2-fold-4-statistical-normalized-average-rank-k20-s42.json,1375920,febdd1f740b34ac5ef94208daffc87ea90ef12d2a825b3fa7cc4d19a95ad5161,True,results/selector_combinations_v1/dev/selections/scv1-lendingclub_v2-fold-4-statistical-normalized-average-rank-k20-s42.json,
combination_dev,active,lendingclub_v2,statistical_normalized_average_rank,,selection_state,results/selector_combinations_v1/dev/selections/scv1-lendingclub_v2-fold-4-statistical-normalized-average-rank-k40-s42.json,1376684,143bbbd96d1eca010bd07890e877e9a03fba59f9847bf0d66458fc49ef9c954c,True,results/selector_combinations_v1/dev/selections/scv1-lendingclub_v2-fold-4-statistical-normalized-average-rank-k40-s42.json,
combination_dev,active,lendingclub_v2,statistical_normalized_average_rank,,selection_state,results/selector_combinations_v1/dev/selections/scv1-lendingclub_v2-fold-5-statistical-normalized-average-rank-k20-s42.json,1375273,3f8f9413bc13a90c629390f1314203cae5d7beb00da51f58bf65c0e951ab337c,True,results/selector_combinations_v1/dev/selections/scv1-lendingclub_v2-fold-5-statistical-normalized-average-rank-k20-s42.json,
combination_dev,active,lendingclub_v2,statistical_normalized_average_rank,,selection_state,results/selector_combinations_v1/dev/selections/scv1-lendingclub_v2-fold-5-statistical-normalized-average-rank-k40-s42.json,1375888,e5cedfbcc98295fd0d919bf04a16f0e8b28198446c7b9f177804bc2e861b34d6,True,results/selector_combinations_v1/dev/selections/scv1-lendingclub_v2-fold-5-statistical-normalized-average-rank-k40-s42.json,
combination_dev,active,lendingclub_v2,statistical_normalized_average_rank,,state_bound_payload,results/selector_combinations_v1/dev/selections/scv1-lendingclub_v2-fold-1-statistical-normalized-average-rank-k20-s42.combination_result.json,1273306,9dda5b477852d3e7b8ea4a52d62b60c2020357d56eb123623294bcd2195f4dff,True,results/selector_combinations_v1/dev/selections/scv1-lendingclub_v2-fold-1-statistical-normalized-average-rank-k20-s42.json,
combination_dev,active,lendingclub_v2,statistical_normalized_average_rank,,state_bound_payload,results/selector_combinations_v1/dev/selections/scv1-lendingclub_v2-fold-1-statistical-normalized-average-rank-k20-s42.final_selected_features.csv,531,462f51a950435cfae55842e59a6c3416b3fbad56dd80e3b3096599399df4cce2,True,results/selector_combinations_v1/dev/selections/scv1-lendingclub_v2-fold-1-statistical-normalized-average-rank-k20-s42.json,
combination_dev,active,lendingclub_v2,statistical_normalized_average_rank,,state_bound_payload,results/selector_combinations_v1/dev/selections/scv1-lendingclub_v2-fold-1-statistical-normalized-average-rank-k20-s42.voting_evidence.csv,406134,125da33d8d7aa3576021a55bfc4a387a5c0a292ad662a651fb4a4ce520cc54f4,True,results/selector_combinations_v1/dev/selections/scv1-lendingclub_v2-fold-1-statistical-normalized-average-rank-k20-s42.json,
combination_dev,active,lendingclub_v2,statistical_normalized_average_rank,,state_bound_payload,results/selector_combinations_v1/dev/selections/scv1-lendingclub_v2-fold-1-statistical-normalized-average-rank-k40-s42.combination_result.json,1273400,0427b5cd27ac7e922fe08f608203e6474002d8dd9362ca765d871f392ad9e0d9,True,results/selector_combinations_v1/dev/selections/scv1-lendingclub_v2-fold-1-statistical-normalized-average-rank-k40-s42.json,
combination_dev,active,lendingclub_v2,statistical_normalized_average_rank,,state_bound_payload,results/selector_combinations_v1/dev/selections/scv1-lendingclub_v2-fold-1-statistical-normalized-average-rank-k40-s42.final_selected_features.csv,1119,d06db70da85c8211410bfb1ab864d3d263e6798513532bda461928f2a3e4b946,True,results/selector_combinations_v1/dev/selections/scv1-lendingclub_v2-fold-1-statistical-normalized-average-rank-k40-s42.json,
combination_dev,active,lendingclub_v2,statistical_normalized_average_rank,,state_bound_payload,results/selector_combinations_v1/dev/selections/scv1-lendingclub_v2-fold-1-statistical-normalized-average-rank-k40-s42.voting_evidence.csv,406111,eb5ba03185d6bd9d5fff23725d060bdc28e253a18426f0ca1c020bb1a8e87ef9,True,results/selector_combinations_v1/dev/selections/scv1-lendingclub_v2-fold-1-statistical-normalized-average-rank-k40-s42.json,
combination_dev,active,lendingclub_v2,statistical_normalized_average_rank,,state_bound_payload,results/selector_combinations_v1/dev/selections/scv1-lendingclub_v2-fold-2-statistical-normalized-average-rank-k20-s42.combination_result.json,1272949,0156b72278080ecbbca9c38d01346c28de45f31b20e3fc2096a9335ad9dc5844,True,results/selector_combinations_v1/dev/selections/scv1-lendingclub_v2-fold-2-statistical-normalized-average-rank-k20-s42.json,
combination_dev,active,lendingclub_v2,statistical_normalized_average_rank,,state_bound_payload,results/selector_combinations_v1/dev/selections/scv1-lendingclub_v2-fold-2-statistical-normalized-average-rank-k20-s42.final_selected_features.csv,532,bd34c2e7d790d88018afdba578fbce8216057ae572bbee3b7ff93018ef180911,True,results/selector_combinations_v1/dev/selections/scv1-lendingclub_v2-fold-2-statistical-normalized-average-rank-k20-s42.json,
combination_dev,active,lendingclub_v2,statistical_normalized_average_rank,,state_bound_payload,results/selector_combinations_v1/dev/selections/scv1-lendingclub_v2-fold-2-statistical-normalized-average-rank-k20-s42.voting_evidence.csv,406032,7dc06e376e1236fd48d24ddb4334c506545fff0931f4ff52bc00eba9c43e4eb6,True,results/selector_combinations_v1/dev/selections/scv1-lendingclub_v2-fold-2-statistical-normalized-average-rank-k20-s42.json,
combination_dev,active,lendingclub_v2,statistical_normalized_average_rank,,state_bound_payload,results/selector_combinations_v1/dev/selections/scv1-lendingclub_v2-fold-2-statistical-normalized-average-rank-k40-s42.combination_result.json,1273033,5d9fbac65ec1f5024754924f612cded6b6f40a0dd34ec30bbb3e8bfe6e3b3031,True,results/selector_combinations_v1/dev/selections/scv1-lendingclub_v2-fold-2-statistical-normalized-average-rank-k40-s42.json,
combination_dev,active,lendingclub_v2,statistical_normalized_average_rank,,state_bound_payload,results/selector_combinations_v1/dev/selections/scv1-lendingclub_v2-fold-2-statistical-normalized-average-rank-k40-s42.final_selected_features.csv,1095,b9f3af912736dd8364090491baf1e3e5e23d613c646b7edc8ffb360b48a07f37,True,results/selector_combinations_v1/dev/selections/scv1-lendingclub_v2-fold-2-statistical-normalized-average-rank-k40-s42.json,
combination_dev,active,lendingclub_v2,statistical_normalized_average_rank,,state_bound_payload,results/selector_combinations_v1/dev/selections/scv1-lendingclub_v2-fold-2-statistical-normalized-average-rank-k40-s42.voting_evidence.csv,406025,650f080ee798ac07544f7c46543b89a4b8c33d6b47d5bd86873b839c5fb88915,True,results/selector_combinations_v1/dev/selections/scv1-lendingclub_v2-fold-2-statistical-normalized-average-rank-k40-s42.json,
combination_dev,active,lendingclub_v2,statistical_normalized_average_rank,,state_bound_payload,results/selector_combinations_v1/dev/selections/scv1-lendingclub_v2-fold-3-statistical-normalized-average-rank-k20-s42.combination_result.json,1272693,a2885d0714f6ab58284a7e6c446d64a990f1a2152aad1f04ca3ba40cb8257a39,True,results/selector_combinations_v1/dev/selections/scv1-lendingclub_v2-fold-3-statistical-normalized-average-rank-k20-s42.json,
combination_dev,active,lendingclub_v2,statistical_normalized_average_rank,,state_bound_payload,results/selector_combinations_v1/dev/selections/scv1-lendingclub_v2-fold-3-statistical-normalized-average-rank-k20-s42.final_selected_features.csv,531,d6a92247bdbcd22464f3e22769899b260e13d0af06c13041209d3d031e267f76,True,results/selector_combinations_v1/dev/selections/scv1-lendingclub_v2-fold-3-statistical-normalized-average-rank-k20-s42.json,
combination_dev,active,lendingclub_v2,statistical_normalized_average_rank,,state_bound_payload,results/selector_combinations_v1/dev/selections/scv1-lendingclub_v2-fold-3-statistical-normalized-average-rank-k20-s42.voting_evidence.csv,405819,7f91b7179f03fea330212673459f3221fc56f030359290e0c01b26cae6e00e5f,True,results/selector_combinations_v1/dev/selections/scv1-lendingclub_v2-fold-3-statistical-normalized-average-rank-k20-s42.json,
combination_dev,active,lendingclub_v2,statistical_normalized_average_rank,,state_bound_payload,results/selector_combinations_v1/dev/selections/scv1-lendingclub_v2-fold-3-statistical-normalized-average-rank-k40-s42.combination_result.json,1272766,17ba010c79fc044c16751025dc7f4ee0aa40c7e55edae508d267d23e38bdcdc3,True,results/selector_combinations_v1/dev/selections/scv1-lendingclub_v2-fold-3-statistical-normalized-average-rank-k40-s42.json,
combination_dev,active,lendingclub_v2,statistical_normalized_average_rank,,state_bound_payload,results/selector_combinations_v1/dev/selections/scv1-lendingclub_v2-fold-3-statistical-normalized-average-rank-k40-s42.final_selected_features.csv,1095,0b0d4c18aa783e2420490736f858ce4161c745bc24d98e1808256de28fd73b87,True,results/selector_combinations_v1/dev/selections/scv1-lendingclub_v2-fold-3-statistical-normalized-average-rank-k40-s42.json,
combination_dev,active,lendingclub_v2,statistical_normalized_average_rank,,state_bound_payload,results/selector_combinations_v1/dev/selections/scv1-lendingclub_v2-fold-3-statistical-normalized-average-rank-k40-s42.voting_evidence.csv,405797,5a203587d6a8baad606860ba028cb2d1a282e7c5c84b8b0b3c473dab975f4420,True,results/selector_combinations_v1/dev/selections/scv1-lendingclub_v2-fold-3-statistical-normalized-average-rank-k40-s42.json,
combination_dev,active,lendingclub_v2,statistical_normalized_average_rank,,state_bound_payload,results/selector_combinations_v1/dev/selections/scv1-lendingclub_v2-fold-4-statistical-normalized-average-rank-k20-s42.combination_result.json,1273210,849b2340289dbe6edb20ef5478f3fa61ba069b8632e283002e7843966122f69e,True,results/selector_combinations_v1/dev/selections/scv1-lendingclub_v2-fold-4-statistical-normalized-average-rank-k20-s42.json,
combination_dev,active,lendingclub_v2,statistical_normalized_average_rank,,state_bound_payload,results/selector_combinations_v1/dev/selections/scv1-lendingclub_v2-fold-4-statistical-normalized-average-rank-k20-s42.final_selected_features.csv,519,ee34c4b3f83d1ffacd1693c42283c1f9e988cb111abe0ed22cf7700a37a7930d,True,results/selector_combinations_v1/dev/selections/scv1-lendingclub_v2-fold-4-statistical-normalized-average-rank-k20-s42.json,
combination_dev,active,lendingclub_v2,statistical_normalized_average_rank,,state_bound_payload,results/selector_combinations_v1/dev/selections/scv1-lendingclub_v2-fold-4-statistical-normalized-average-rank-k20-s42.voting_evidence.csv,406441,f2407255bcb92aafb80146fba5289c41ea7161e570c1d42c141e11f39ce475ae,True,results/selector_combinations_v1/dev/selections/scv1-lendingclub_v2-fold-4-statistical-normalized-average-rank-k20-s42.json,
combination_dev,active,lendingclub_v2,statistical_normalized_average_rank,,state_bound_payload,results/selector_combinations_v1/dev/selections/scv1-lendingclub_v2-fold-4-statistical-normalized-average-rank-k40-s42.combination_result.json,1273311,478c82a6215f62f04415f032b89c49c69f2a7df3393195ecfcf9b38c5faa2cca,True,results/selector_combinations_v1/dev/selections/scv1-lendingclub_v2-fold-4-statistical-normalized-average-rank-k40-s42.json,
combination_dev,active,lendingclub_v2,statistical_normalized_average_rank,,state_bound_payload,results/selector_combinations_v1/dev/selections/scv1-lendingclub_v2-fold-4-statistical-normalized-average-rank-k40-s42.final_selected_features.csv,1109,4d94c5c8788328c622d658e8eb4279321a1a1ee98429df7c22d8b8606fbfcdd1,True,results/selector_combinations_v1/dev/selections/scv1-lendingclub_v2-fold-4-statistical-normalized-average-rank-k40-s42.json,
combination_dev,active,lendingclub_v2,statistical_normalized_average_rank,,state_bound_payload,results/selector_combinations_v1/dev/selections/scv1-lendingclub_v2-fold-4-statistical-normalized-average-rank-k40-s42.voting_evidence.csv,406423,b169481cd00732c7988697ab148602a4818e73359fdcdbdf2ae664aba094f877,True,results/selector_combinations_v1/dev/selections/scv1-lendingclub_v2-fold-4-statistical-normalized-average-rank-k40-s42.json,
combination_dev,active,lendingclub_v2,statistical_normalized_average_rank,,state_bound_payload,results/selector_combinations_v1/dev/selections/scv1-lendingclub_v2-fold-5-statistical-normalized-average-rank-k20-s42.combination_result.json,1272544,41529c7d7ae1351e3d7c8624d492f171e189c77df86069d97ebc8cb504faedb2,True,results/selector_combinations_v1/dev/selections/scv1-lendingclub_v2-fold-5-statistical-normalized-average-rank-k20-s42.json,
combination_dev,active,lendingclub_v2,statistical_normalized_average_rank,,state_bound_payload,results/selector_combinations_v1/dev/selections/scv1-lendingclub_v2-fold-5-statistical-normalized-average-rank-k20-s42.final_selected_features.csv,538,abee449c1db3b0cd430f4bfaf580523a83b5e496e5cfdf55f94b2bde8111df9d,True,results/selector_combinations_v1/dev/selections/scv1-lendingclub_v2-fold-5-statistical-normalized-average-rank-k20-s42.json,
combination_dev,active,lendingclub_v2,statistical_normalized_average_rank,,state_bound_payload,results/selector_combinations_v1/dev/selections/scv1-lendingclub_v2-fold-5-statistical-normalized-average-rank-k20-s42.voting_evidence.csv,405716,0bde246d4a3c3936336214a7d4ff624f50b53a49a30a28363bc2e3357f1f77ae,True,results/selector_combinations_v1/dev/selections/scv1-lendingclub_v2-fold-5-statistical-normalized-average-rank-k20-s42.json,
combination_dev,active,lendingclub_v2,statistical_normalized_average_rank,,state_bound_payload,results/selector_combinations_v1/dev/selections/scv1-lendingclub_v2-fold-5-statistical-normalized-average-rank-k40-s42.combination_result.json,1272570,7e78d80b888ca67cb73a68bf187f69e6ec71bbc47dc00a3622118e5e194fe1cf,True,results/selector_combinations_v1/dev/selections/scv1-lendingclub_v2-fold-5-statistical-normalized-average-rank-k40-s42.json,
combination_dev,active,lendingclub_v2,statistical_normalized_average_rank,,state_bound_payload,results/selector_combinations_v1/dev/selections/scv1-lendingclub_v2-fold-5-statistical-normalized-average-rank-k40-s42.final_selected_features.csv,1054,95f629b44f74ce54f3c8f877863a716e10e1638849925f60d8a8ba838e33b2e8,True,results/selector_combinations_v1/dev/selections/scv1-lendingclub_v2-fold-5-statistical-normalized-average-rank-k40-s42.json,
combination_dev,active,lendingclub_v2,statistical_normalized_average_rank,,state_bound_payload,results/selector_combinations_v1/dev/selections/scv1-lendingclub_v2-fold-5-statistical-normalized-average-rank-k40-s42.voting_evidence.csv,405700,86030b6c67b5f5a1bcca3da1213cc356b27c41bd4f060422e34649a96748f09c,True,results/selector_combinations_v1/dev/selections/scv1-lendingclub_v2-fold-5-statistical-normalized-average-rank-k40-s42.json,
combination_dev,active,lendingclub_v2,statistical_normalized_average_rank,catboost,evaluation_state,results/selector_combinations_v1/dev/evaluations/scv1-dev-004-lendingclub_v2-statistical-normalized-average-rank-catboost-fold-1-k40-s42.json,8108,6dcc971d2fad4c7f693b737266bde823825cf04ddc44691c2abee4c0e0c295d4,True,results/selector_combinations_v1/dev/evaluations/scv1-dev-004-lendingclub_v2-statistical-normalized-average-rank-catboost-fold-1-k40-s42.json,
combination_dev,active,lendingclub_v2,statistical_normalized_average_rank,catboost,evaluation_state,results/selector_combinations_v1/dev/evaluations/scv1-dev-028-lendingclub_v2-statistical-normalized-average-rank-catboost-fold-2-k40-s42.json,8105,507a1ece6b77fc18e72f6629d84a0a232eb9ba013e2c099b84489aeb34035186,True,results/selector_combinations_v1/dev/evaluations/scv1-dev-028-lendingclub_v2-statistical-normalized-average-rank-catboost-fold-2-k40-s42.json,
combination_dev,active,lendingclub_v2,statistical_normalized_average_rank,catboost,evaluation_state,results/selector_combinations_v1/dev/evaluations/scv1-dev-052-lendingclub_v2-statistical-normalized-average-rank-catboost-fold-3-k40-s42.json,8106,2ea443cb0a3f03e9f1d7d7becfd4959f8612567d3c5a79e8af7e6a353f00b60e,True,results/selector_combinations_v1/dev/evaluations/scv1-dev-052-lendingclub_v2-statistical-normalized-average-rank-catboost-fold-3-k40-s42.json,
combination_dev,active,lendingclub_v2,statistical_normalized_average_rank,catboost,evaluation_state,results/selector_combinations_v1/dev/evaluations/scv1-dev-076-lendingclub_v2-statistical-normalized-average-rank-catboost-fold-4-k40-s42.json,8108,f6d048088ae3f19e780c53af0d3b0577f79de31f40654951cac77c6d69cf2eb2,True,results/selector_combinations_v1/dev/evaluations/scv1-dev-076-lendingclub_v2-statistical-normalized-average-rank-catboost-fold-4-k40-s42.json,
combination_dev,active,lendingclub_v2,statistical_normalized_average_rank,catboost,evaluation_state,results/selector_combinations_v1/dev/evaluations/scv1-dev-100-lendingclub_v2-statistical-normalized-average-rank-catboost-fold-5-k40-s42.json,8105,1469f34c43b2486386a512ffa22442515e98736b837cc5fc940cdcf554c75a98,True,results/selector_combinations_v1/dev/evaluations/scv1-dev-100-lendingclub_v2-statistical-normalized-average-rank-catboost-fold-5-k40-s42.json,
combination_dev,active,lendingclub_v2,statistical_normalized_average_rank,catboost,state_bound_payload,results/selector_combinations_v1/dev/evaluations/scv1-dev-004-lendingclub_v2-statistical-normalized-average-rank-catboost-fold-1-k40-s42.dev_metrics.json,640,83f57905e343bce884181a17ca72bc0aa4f178c53286fdbdafc94fd3e0fa75a8,True,results/selector_combinations_v1/dev/evaluations/scv1-dev-004-lendingclub_v2-statistical-normalized-average-rank-catboost-fold-1-k40-s42.json,
combination_dev,active,lendingclub_v2,statistical_normalized_average_rank,catboost,state_bound_payload,results/selector_combinations_v1/dev/evaluations/scv1-dev-004-lendingclub_v2-statistical-normalized-average-rank-catboost-fold-1-k40-s42.dev_predictions.csv,21169063,dda6ee154383fe408d30453497394bbe9bb0e45de5b20fa5f56d6d825a0d0cb2,True,results/selector_combinations_v1/dev/evaluations/scv1-dev-004-lendingclub_v2-statistical-normalized-average-rank-catboost-fold-1-k40-s42.json,
combination_dev,active,lendingclub_v2,statistical_normalized_average_rank,catboost,state_bound_payload,results/selector_combinations_v1/dev/evaluations/scv1-dev-004-lendingclub_v2-statistical-normalized-average-rank-catboost-fold-1-k40-s42.final_model_configuration.json,1945,58bee54f89e65700141b6a2a1afd6a408b57f35043d37cfe13943f958e7df1c1,True,results/selector_combinations_v1/dev/evaluations/scv1-dev-004-lendingclub_v2-statistical-normalized-average-rank-catboost-fold-1-k40-s42.json,
combination_dev,active,lendingclub_v2,statistical_normalized_average_rank,catboost,state_bound_payload,results/selector_combinations_v1/dev/evaluations/scv1-dev-028-lendingclub_v2-statistical-normalized-average-rank-catboost-fold-2-k40-s42.dev_metrics.json,639,4c7605a772ef6c6894d30a9649899989a3406483f1f469243684fca157a67e40,True,results/selector_combinations_v1/dev/evaluations/scv1-dev-028-lendingclub_v2-statistical-normalized-average-rank-catboost-fold-2-k40-s42.json,
combination_dev,active,lendingclub_v2,statistical_normalized_average_rank,catboost,state_bound_payload,results/selector_combinations_v1/dev/evaluations/scv1-dev-028-lendingclub_v2-statistical-normalized-average-rank-catboost-fold-2-k40-s42.dev_predictions.csv,15963501,57c3a92afcb7513bc599da0b1c5bb71cfd8d1e42a8f15a811a808a7a33f7f313,True,results/selector_combinations_v1/dev/evaluations/scv1-dev-028-lendingclub_v2-statistical-normalized-average-rank-catboost-fold-2-k40-s42.json,
combination_dev,active,lendingclub_v2,statistical_normalized_average_rank,catboost,state_bound_payload,results/selector_combinations_v1/dev/evaluations/scv1-dev-028-lendingclub_v2-statistical-normalized-average-rank-catboost-fold-2-k40-s42.final_model_configuration.json,1945,ccde9814bb86ca3a6f9eebb38595f0f6898fd66b1aa7cc01ce81a9b8b47b7261,True,results/selector_combinations_v1/dev/evaluations/scv1-dev-028-lendingclub_v2-statistical-normalized-average-rank-catboost-fold-2-k40-s42.json,
combination_dev,active,lendingclub_v2,statistical_normalized_average_rank,catboost,state_bound_payload,results/selector_combinations_v1/dev/evaluations/scv1-dev-052-lendingclub_v2-statistical-normalized-average-rank-catboost-fold-3-k40-s42.dev_metrics.json,636,98b48db39b8faa6ac6c679e9a8f89d54c665e036eb3a61bdb560a55809d6c0f4,True,results/selector_combinations_v1/dev/evaluations/scv1-dev-052-lendingclub_v2-statistical-normalized-average-rank-catboost-fold-3-k40-s42.json,
combination_dev,active,lendingclub_v2,statistical_normalized_average_rank,catboost,state_bound_payload,results/selector_combinations_v1/dev/evaluations/scv1-dev-052-lendingclub_v2-statistical-normalized-average-rank-catboost-fold-3-k40-s42.dev_predictions.csv,23527504,3509861fe49c2028d4f0c26d968a6a4da545aa7a0cecf366aba9daa1ecfc06d6,True,results/selector_combinations_v1/dev/evaluations/scv1-dev-052-lendingclub_v2-statistical-normalized-average-rank-catboost-fold-3-k40-s42.json,
combination_dev,active,lendingclub_v2,statistical_normalized_average_rank,catboost,state_bound_payload,results/selector_combinations_v1/dev/evaluations/scv1-dev-052-lendingclub_v2-statistical-normalized-average-rank-catboost-fold-3-k40-s42.final_model_configuration.json,1945,cced45c7d9128097d7a3fc3e61ab31967b6c74636652fd4123abe8bb1daf8a9f,True,results/selector_combinations_v1/dev/evaluations/scv1-dev-052-lendingclub_v2-statistical-normalized-average-rank-catboost-fold-3-k40-s42.json,
combination_dev,active,lendingclub_v2,statistical_normalized_average_rank,catboost,state_bound_payload,results/selector_combinations_v1/dev/evaluations/scv1-dev-076-lendingclub_v2-statistical-normalized-average-rank-catboost-fold-4-k40-s42.dev_metrics.json,641,2b16d6c00fa9976560a037bed52f111356e409e65c1804268d2a7bac739bef92,True,results/selector_combinations_v1/dev/evaluations/scv1-dev-076-lendingclub_v2-statistical-normalized-average-rank-catboost-fold-4-k40-s42.json,
combination_dev,active,lendingclub_v2,statistical_normalized_average_rank,catboost,state_bound_payload,results/selector_combinations_v1/dev/evaluations/scv1-dev-076-lendingclub_v2-statistical-normalized-average-rank-catboost-fold-4-k40-s42.dev_predictions.csv,18497866,e7f3fb0e385e154d080c2b5946e31920e0d91e6e00330add7ebcc83ab5c8c2b2,True,results/selector_combinations_v1/dev/evaluations/scv1-dev-076-lendingclub_v2-statistical-normalized-average-rank-catboost-fold-4-k40-s42.json,
combination_dev,active,lendingclub_v2,statistical_normalized_average_rank,catboost,state_bound_payload,results/selector_combinations_v1/dev/evaluations/scv1-dev-076-lendingclub_v2-statistical-normalized-average-rank-catboost-fold-4-k40-s42.final_model_configuration.json,1945,d44459866f342e8cfaddae50284fce454b9e11d2fff74064338298422ff91567,True,results/selector_combinations_v1/dev/evaluations/scv1-dev-076-lendingclub_v2-statistical-normalized-average-rank-catboost-fold-4-k40-s42.json,
combination_dev,active,lendingclub_v2,statistical_normalized_average_rank,catboost,state_bound_payload,results/selector_combinations_v1/dev/evaluations/scv1-dev-100-lendingclub_v2-statistical-normalized-average-rank-catboost-fold-5-k40-s42.dev_metrics.json,636,a227229175c7dc13c04839db3759faa9ed8d9002ccfb1883cd3fd04c69e67d6c,True,results/selector_combinations_v1/dev/evaluations/scv1-dev-100-lendingclub_v2-statistical-normalized-average-rank-catboost-fold-5-k40-s42.json,
combination_dev,active,lendingclub_v2,statistical_normalized_average_rank,catboost,state_bound_payload,results/selector_combinations_v1/dev/evaluations/scv1-dev-100-lendingclub_v2-statistical-normalized-average-rank-catboost-fold-5-k40-s42.dev_predictions.csv,13323731,00cae19d80818ad9fc5030de433be51aa88c88af8b560e84b674d67ac5ac9b25,True,results/selector_combinations_v1/dev/evaluations/scv1-dev-100-lendingclub_v2-statistical-normalized-average-rank-catboost-fold-5-k40-s42.json,
combination_dev,active,lendingclub_v2,statistical_normalized_average_rank,catboost,state_bound_payload,results/selector_combinations_v1/dev/evaluations/scv1-dev-100-lendingclub_v2-statistical-normalized-average-rank-catboost-fold-5-k40-s42.final_model_configuration.json,1946,ad4a71208ea2e54fcfb5730d25801237d4e76c46eae99ddec5d77b4c3bc3e5f3,True,results/selector_combinations_v1/dev/evaluations/scv1-dev-100-lendingclub_v2-statistical-normalized-average-rank-catboost-fold-5-k40-s42.json,
combination_dev,active,lendingclub_v2,statistical_normalized_average_rank,lr,evaluation_state,results/selector_combinations_v1/dev/evaluations/scv1-dev-003-lendingclub_v2-statistical-normalized-average-rank-lr-fold-1-k20-s42.json,7254,6370a3fc9c4d96b981d5c8f4f21a58d52cafdd35b83b7e3d9793bf9caa1cfc51,True,results/selector_combinations_v1/dev/evaluations/scv1-dev-003-lendingclub_v2-statistical-normalized-average-rank-lr-fold-1-k20-s42.json,
combination_dev,active,lendingclub_v2,statistical_normalized_average_rank,lr,evaluation_state,results/selector_combinations_v1/dev/evaluations/scv1-dev-027-lendingclub_v2-statistical-normalized-average-rank-lr-fold-2-k20-s42.json,7258,1f750f669010ed47a13454a396d00f774f9977a5017dd50191a0754f963c2840,True,results/selector_combinations_v1/dev/evaluations/scv1-dev-027-lendingclub_v2-statistical-normalized-average-rank-lr-fold-2-k20-s42.json,
combination_dev,active,lendingclub_v2,statistical_normalized_average_rank,lr,evaluation_state,results/selector_combinations_v1/dev/evaluations/scv1-dev-051-lendingclub_v2-statistical-normalized-average-rank-lr-fold-3-k20-s42.json,7259,b2b74035a44fa7cff435ac93b3da718916039a094cc4bbb921e647524b6b200e,True,results/selector_combinations_v1/dev/evaluations/scv1-dev-051-lendingclub_v2-statistical-normalized-average-rank-lr-fold-3-k20-s42.json,
combination_dev,active,lendingclub_v2,statistical_normalized_average_rank,lr,evaluation_state,results/selector_combinations_v1/dev/evaluations/scv1-dev-075-lendingclub_v2-statistical-normalized-average-rank-lr-fold-4-k20-s42.json,7257,403ab815d43dc25e18fb368506131b7ca42a805dc104d77b432c5ee592b1e4e2,True,results/selector_combinations_v1/dev/evaluations/scv1-dev-075-lendingclub_v2-statistical-normalized-average-rank-lr-fold-4-k20-s42.json,
combination_dev,active,lendingclub_v2,statistical_normalized_average_rank,lr,evaluation_state,results/selector_combinations_v1/dev/evaluations/scv1-dev-099-lendingclub_v2-statistical-normalized-average-rank-lr-fold-5-k20-s42.json,7255,2b4c3921bcdbb36b18f40ab8424bb1f14ee1759ca08ebedf7282e34f667c9d73,True,results/selector_combinations_v1/dev/evaluations/scv1-dev-099-lendingclub_v2-statistical-normalized-average-rank-lr-fold-5-k20-s42.json,
combination_dev,active,lendingclub_v2,statistical_normalized_average_rank,lr,state_bound_payload,results/selector_combinations_v1/dev/evaluations/scv1-dev-003-lendingclub_v2-statistical-normalized-average-rank-lr-fold-1-k20-s42.dev_metrics.json,634,26df4c7394cc3ef66b08d5580a81371084accf4466c9244a03dd402b6ddd3fc3,True,results/selector_combinations_v1/dev/evaluations/scv1-dev-003-lendingclub_v2-statistical-normalized-average-rank-lr-fold-1-k20-s42.json,
combination_dev,active,lendingclub_v2,statistical_normalized_average_rank,lr,state_bound_payload,results/selector_combinations_v1/dev/evaluations/scv1-dev-003-lendingclub_v2-statistical-normalized-average-rank-lr-fold-1-k20-s42.dev_predictions.csv,19790118,f3a349530ed15e4c910620e91566318882ceca777d99a149ffa41b5aa4f6f8c6,True,results/selector_combinations_v1/dev/evaluations/scv1-dev-003-lendingclub_v2-statistical-normalized-average-rank-lr-fold-1-k20-s42.json,
combination_dev,active,lendingclub_v2,statistical_normalized_average_rank,lr,state_bound_payload,results/selector_combinations_v1/dev/evaluations/scv1-dev-003-lendingclub_v2-statistical-normalized-average-rank-lr-fold-1-k20-s42.final_model_configuration.json,1245,91ccaf8524eafa3a55950a67dc46afebdff20e873bb5df4695039f99c72f338f,True,results/selector_combinations_v1/dev/evaluations/scv1-dev-003-lendingclub_v2-statistical-normalized-average-rank-lr-fold-1-k20-s42.json,
combination_dev,active,lendingclub_v2,statistical_normalized_average_rank,lr,state_bound_payload,results/selector_combinations_v1/dev/evaluations/scv1-dev-027-lendingclub_v2-statistical-normalized-average-rank-lr-fold-2-k20-s42.dev_metrics.json,640,beadff1c62a09b5a5cf3ae6c9938d6c5f20acbbcf4c4636423d095e40f4c2b98,True,results/selector_combinations_v1/dev/evaluations/scv1-dev-027-lendingclub_v2-statistical-normalized-average-rank-lr-fold-2-k20-s42.json,
combination_dev,active,lendingclub_v2,statistical_normalized_average_rank,lr,state_bound_payload,results/selector_combinations_v1/dev/evaluations/scv1-dev-027-lendingclub_v2-statistical-normalized-average-rank-lr-fold-2-k20-s42.dev_predictions.csv,14924451,22be64260ad4e8fa394e63f8af13b759a53da6dbcc8b783e3e57fb6921407cc7,True,results/selector_combinations_v1/dev/evaluations/scv1-dev-027-lendingclub_v2-statistical-normalized-average-rank-lr-fold-2-k20-s42.json,
combination_dev,active,lendingclub_v2,statistical_normalized_average_rank,lr,state_bound_payload,results/selector_combinations_v1/dev/evaluations/scv1-dev-027-lendingclub_v2-statistical-normalized-average-rank-lr-fold-2-k20-s42.final_model_configuration.json,1245,65e8add56fd7e2a26a3c3466a1f458e9cb5b8862331bbc7bab9eb0cabcd50e98,True,results/selector_combinations_v1/dev/evaluations/scv1-dev-027-lendingclub_v2-statistical-normalized-average-rank-lr-fold-2-k20-s42.json,
combination_dev,active,lendingclub_v2,statistical_normalized_average_rank,lr,state_bound_payload,results/selector_combinations_v1/dev/evaluations/scv1-dev-051-lendingclub_v2-statistical-normalized-average-rank-lr-fold-3-k20-s42.dev_metrics.json,638,0af363b0eb457acc0df1f4fb3c9cad6a3274b9c4ef6324f80740cfd361cbbfc3,True,results/selector_combinations_v1/dev/evaluations/scv1-dev-051-lendingclub_v2-statistical-normalized-average-rank-lr-fold-3-k20-s42.json,
combination_dev,active,lendingclub_v2,statistical_normalized_average_rank,lr,state_bound_payload,results/selector_combinations_v1/dev/evaluations/scv1-dev-051-lendingclub_v2-statistical-normalized-average-rank-lr-fold-3-k20-s42.dev_predictions.csv,21997349,81b70427be81dbda637f2a6b99b67cf7fc7c9a0285a0364957f02e3bb489a74f,True,results/selector_combinations_v1/dev/evaluations/scv1-dev-051-lendingclub_v2-statistical-normalized-average-rank-lr-fold-3-k20-s42.json,
combination_dev,active,lendingclub_v2,statistical_normalized_average_rank,lr,state_bound_payload,results/selector_combinations_v1/dev/evaluations/scv1-dev-051-lendingclub_v2-statistical-normalized-average-rank-lr-fold-3-k20-s42.final_model_configuration.json,1245,65e8add56fd7e2a26a3c3466a1f458e9cb5b8862331bbc7bab9eb0cabcd50e98,True,results/selector_combinations_v1/dev/evaluations/scv1-dev-051-lendingclub_v2-statistical-normalized-average-rank-lr-fold-3-k20-s42.json,
combination_dev,active,lendingclub_v2,statistical_normalized_average_rank,lr,state_bound_payload,results/selector_combinations_v1/dev/evaluations/scv1-dev-075-lendingclub_v2-statistical-normalized-average-rank-lr-fold-4-k20-s42.dev_metrics.json,639,58cbf3e6f1eb48a4d0191e7597c8cdd54e79aa07bb2c7844c9918de92e0b56a9,True,results/selector_combinations_v1/dev/evaluations/scv1-dev-075-lendingclub_v2-statistical-normalized-average-rank-lr-fold-4-k20-s42.json,
combination_dev,active,lendingclub_v2,statistical_normalized_average_rank,lr,state_bound_payload,results/selector_combinations_v1/dev/evaluations/scv1-dev-075-lendingclub_v2-statistical-normalized-average-rank-lr-fold-4-k20-s42.dev_predictions.csv,17295577,1331f022adedce7c8dba3e256a55428120afaaf0c10eabc390fc5f843dc0668c,True,results/selector_combinations_v1/dev/evaluations/scv1-dev-075-lendingclub_v2-statistical-normalized-average-rank-lr-fold-4-k20-s42.json,
combination_dev,active,lendingclub_v2,statistical_normalized_average_rank,lr,state_bound_payload,results/selector_combinations_v1/dev/evaluations/scv1-dev-075-lendingclub_v2-statistical-normalized-average-rank-lr-fold-4-k20-s42.final_model_configuration.json,1245,39d5a071d7af3aba2e532dc5f4c6b26a30a42c2b3fddae03396a6723d05a06ca,True,results/selector_combinations_v1/dev/evaluations/scv1-dev-075-lendingclub_v2-statistical-normalized-average-rank-lr-fold-4-k20-s42.json,
combination_dev,active,lendingclub_v2,statistical_normalized_average_rank,lr,state_bound_payload,results/selector_combinations_v1/dev/evaluations/scv1-dev-099-lendingclub_v2-statistical-normalized-average-rank-lr-fold-5-k20-s42.dev_metrics.json,636,bfc73582a6dc4e0e3c964028e99cfe808ccfb475b37e1e4766ec0a0e05cc3c4c,True,results/selector_combinations_v1/dev/evaluations/scv1-dev-099-lendingclub_v2-statistical-normalized-average-rank-lr-fold-5-k20-s42.json,
combination_dev,active,lendingclub_v2,statistical_normalized_average_rank,lr,state_bound_payload,results/selector_combinations_v1/dev/evaluations/scv1-dev-099-lendingclub_v2-statistical-normalized-average-rank-lr-fold-5-k20-s42.dev_predictions.csv,12457621,b376188763876ed77d7dc1a467f255937cdfdd8f65a127222004d737dd85bfd4,True,results/selector_combinations_v1/dev/evaluations/scv1-dev-099-lendingclub_v2-statistical-normalized-average-rank-lr-fold-5-k20-s42.json,
combination_dev,active,lendingclub_v2,statistical_normalized_average_rank,lr,state_bound_payload,results/selector_combinations_v1/dev/evaluations/scv1-dev-099-lendingclub_v2-statistical-normalized-average-rank-lr-fold-5-k20-s42.final_model_configuration.json,1245,813cf06a7fb1411d35f260247fa33ba0330c25c32ccfca260508dc9f38264f43,True,results/selector_combinations_v1/dev/evaluations/scv1-dev-099-lendingclub_v2-statistical-normalized-average-rank-lr-fold-5-k20-s42.json,
combination_oot,active,homecredit,boruta_then_mrmr_mutual_information,,selection_state,results/selector_combinations_v1/oot/selections/scv1-homecredit-fold-0-boruta-then-mrmr-mutual-information-k20-s42.json,111593,23cb593ea9f6f12088652231251a176ca2e91babf10ef7dcc2d5f87000ad9a57,True,results/selector_combinations_v1/oot/selections/scv1-homecredit-fold-0-boruta-then-mrmr-mutual-information-k20-s42.json,
combination_oot,active,homecredit,boruta_then_mrmr_mutual_information,,selection_state,results/selector_combinations_v1/oot/selections/scv1-homecredit-fold-0-boruta-then-mrmr-mutual-information-k40-s42.json,112989,d576f126a4c1a46bfffbc383e59c3bf051591356b0617e389bf1852aa60c2ab0,True,results/selector_combinations_v1/oot/selections/scv1-homecredit-fold-0-boruta-then-mrmr-mutual-information-k40-s42.json,
combination_oot,active,homecredit,boruta_then_mrmr_mutual_information,,state_bound_payload,results/selector_combinations_v1/oot/selections/scv1-homecredit-fold-0-boruta-then-mrmr-mutual-information-k20-s42.combination_result.json,97750,23aa40e9fe30eb67fc237d48723c52589cb49da57f377e9a9e8b2e7107ea3bc3,True,results/selector_combinations_v1/oot/selections/scv1-homecredit-fold-0-boruta-then-mrmr-mutual-information-k20-s42.json,
combination_oot,active,homecredit,boruta_then_mrmr_mutual_information,,state_bound_payload,results/selector_combinations_v1/oot/selections/scv1-homecredit-fold-0-boruta-then-mrmr-mutual-information-k20-s42.final_selected_features.csv,497,ee3b17e699e38a02386611873ab44b90f53125253763af82f04634cf82b961b0,True,results/selector_combinations_v1/oot/selections/scv1-homecredit-fold-0-boruta-then-mrmr-mutual-information-k20-s42.json,
combination_oot,active,homecredit,boruta_then_mrmr_mutual_information,,state_bound_payload,results/selector_combinations_v1/oot/selections/scv1-homecredit-fold-0-boruta-then-mrmr-mutual-information-k20-s42.intermediate_features.csv,4691,078fe4db4a44cd5d3bfa146339a6f0683241ba419e0bae602febd21bfd5e1767,True,results/selector_combinations_v1/oot/selections/scv1-homecredit-fold-0-boruta-then-mrmr-mutual-information-k20-s42.json,
combination_oot,active,homecredit,boruta_then_mrmr_mutual_information,,state_bound_payload,results/selector_combinations_v1/oot/selections/scv1-homecredit-fold-0-boruta-then-mrmr-mutual-information-k40-s42.combination_result.json,98387,c662b019d6432366fc842e4d2e48bc9770a203b29a18ed777da7243e5e5d06c6,True,results/selector_combinations_v1/oot/selections/scv1-homecredit-fold-0-boruta-then-mrmr-mutual-information-k40-s42.json,
combination_oot,active,homecredit,boruta_then_mrmr_mutual_information,,state_bound_payload,results/selector_combinations_v1/oot/selections/scv1-homecredit-fold-0-boruta-then-mrmr-mutual-information-k40-s42.final_selected_features.csv,1055,af46431113ed9ef6ebaa6d2a831885ff6c6bff793e8b4fb8adcf98e992b54982,True,results/selector_combinations_v1/oot/selections/scv1-homecredit-fold-0-boruta-then-mrmr-mutual-information-k40-s42.json,
combination_oot,active,homecredit,boruta_then_mrmr_mutual_information,,state_bound_payload,results/selector_combinations_v1/oot/selections/scv1-homecredit-fold-0-boruta-then-mrmr-mutual-information-k40-s42.intermediate_features.csv,4691,078fe4db4a44cd5d3bfa146339a6f0683241ba419e0bae602febd21bfd5e1767,True,results/selector_combinations_v1/oot/selections/scv1-homecredit-fold-0-boruta-then-mrmr-mutual-information-k40-s42.json,
combination_oot,active,homecredit,boruta_then_mrmr_mutual_information,catboost,evaluation_state,results/selector_combinations_v1/oot/evaluations/scv1-oot-018-homecredit-boruta-then-mrmr-mutual-information-catboost-full-dev-k40-s42.json,5302,c732673bedee18c4d8be6020f22a08c2782f73d588a1f4e93297ffa57fd024a5,True,results/selector_combinations_v1/oot/evaluations/scv1-oot-018-homecredit-boruta-then-mrmr-mutual-information-catboost-full-dev-k40-s42.json,
combination_oot,active,homecredit,boruta_then_mrmr_mutual_information,catboost,state_bound_payload,results/selector_combinations_v1/oot/evaluations/scv1-oot-018-homecredit-boruta-then-mrmr-mutual-information-catboost-full-dev-k40-s42.final_model_configuration.json,2662,ca6530c8525090512c9856abcd3ec4e46b4bb9c887af7dd1e39be2763594bd3e,True,results/selector_combinations_v1/oot/evaluations/scv1-oot-018-homecredit-boruta-then-mrmr-mutual-information-catboost-full-dev-k40-s42.json,
combination_oot,active,homecredit,boruta_then_mrmr_mutual_information,catboost,state_bound_payload,results/selector_combinations_v1/oot/evaluations/scv1-oot-018-homecredit-boruta-then-mrmr-mutual-information-catboost-full-dev-k40-s42.oot_metrics.json,375,fc969f908fe6d80f649026bfd46f14e442964582ae29d35436d2ba03fd3880b0,True,results/selector_combinations_v1/oot/evaluations/scv1-oot-018-homecredit-boruta-then-mrmr-mutual-information-catboost-full-dev-k40-s42.json,
combination_oot,active,homecredit,boruta_then_mrmr_mutual_information,catboost,state_bound_payload,results/selector_combinations_v1/oot/evaluations/scv1-oot-018-homecredit-boruta-then-mrmr-mutual-information-catboost-full-dev-k40-s42.oot_predictions.csv,21059806,0e128788742246a952ba7b3dcc5a34caafdae9eb1460b73f61cd3ccc78eae796,True,results/selector_combinations_v1/oot/evaluations/scv1-oot-018-homecredit-boruta-then-mrmr-mutual-information-catboost-full-dev-k40-s42.json,
combination_oot,active,homecredit,boruta_then_mrmr_mutual_information,lr,evaluation_state,results/selector_combinations_v1/oot/evaluations/scv1-oot-017-homecredit-boruta-then-mrmr-mutual-information-lr-full-dev-k20-s42.json,5242,3a0ab631db88ce11f77f02e313f5ae2ae6b9624f7228c90b54a6762dee0807c0,True,results/selector_combinations_v1/oot/evaluations/scv1-oot-017-homecredit-boruta-then-mrmr-mutual-information-lr-full-dev-k20-s42.json,
combination_oot,active,homecredit,boruta_then_mrmr_mutual_information,lr,state_bound_payload,results/selector_combinations_v1/oot/evaluations/scv1-oot-017-homecredit-boruta-then-mrmr-mutual-information-lr-full-dev-k20-s42.final_model_configuration.json,1294,ccddfd4584494429bb0f20ca8f82ec200bfbd6bcb423754b828cc80f767c6f70,True,results/selector_combinations_v1/oot/evaluations/scv1-oot-017-homecredit-boruta-then-mrmr-mutual-information-lr-full-dev-k20-s42.json,
combination_oot,active,homecredit,boruta_then_mrmr_mutual_information,lr,state_bound_payload,results/selector_combinations_v1/oot/evaluations/scv1-oot-017-homecredit-boruta-then-mrmr-mutual-information-lr-full-dev-k20-s42.oot_metrics.json,375,0a928119f1c1a998e03171e61bc9e049ebd382b2d97afb8a9f985d409d96ea1e,True,results/selector_combinations_v1/oot/evaluations/scv1-oot-017-homecredit-boruta-then-mrmr-mutual-information-lr-full-dev-k20-s42.json,
combination_oot,active,homecredit,boruta_then_mrmr_mutual_information,lr,state_bound_payload,results/selector_combinations_v1/oot/evaluations/scv1-oot-017-homecredit-boruta-then-mrmr-mutual-information-lr-full-dev-k20-s42.oot_predictions.csv,19597859,8182dbcb1d4a0aebac1076f8657c5f80a101783e5ec98867f02819c9f78b6736,True,results/selector_combinations_v1/oot/evaluations/scv1-oot-017-homecredit-boruta-then-mrmr-mutual-information-lr-full-dev-k20-s42.json,
combination_oot,active,homecredit,boruta_then_rfe_catboost,,selection_state,results/selector_combinations_v1/oot/selections/scv1-homecredit-fold-0-boruta-then-rfe-catboost-k20-s42.json,123005,158814c25eb7d67141ec1eb674ef2f3f3da493d519ddbb19052b1cf960620bc2,True,results/selector_combinations_v1/oot/selections/scv1-homecredit-fold-0-boruta-then-rfe-catboost-k20-s42.json,
combination_oot,active,homecredit,boruta_then_rfe_catboost,,selection_state,results/selector_combinations_v1/oot/selections/scv1-homecredit-fold-0-boruta-then-rfe-catboost-k40-s42.json,123975,29c896f69f23594d03e1f5e1e949e56e3a240a55a58f81af1602dfdcd62020fa,True,results/selector_combinations_v1/oot/selections/scv1-homecredit-fold-0-boruta-then-rfe-catboost-k40-s42.json,
combination_oot,active,homecredit,boruta_then_rfe_catboost,,state_bound_payload,results/selector_combinations_v1/oot/selections/scv1-homecredit-fold-0-boruta-then-rfe-catboost-k20-s42.combination_result.json,107943,366a95f8d39f779de22c28c86118e28c73a67d952c16801029e81e035b855850,True,results/selector_combinations_v1/oot/selections/scv1-homecredit-fold-0-boruta-then-rfe-catboost-k20-s42.json,
combination_oot,active,homecredit,boruta_then_rfe_catboost,,state_bound_payload,results/selector_combinations_v1/oot/selections/scv1-homecredit-fold-0-boruta-then-rfe-catboost-k20-s42.final_selected_features.csv,503,e34b6c69fde1817deb03fcccd0c5fdfa5266b5b966667a1c14b0b217140c0b91,True,results/selector_combinations_v1/oot/selections/scv1-homecredit-fold-0-boruta-then-rfe-catboost-k20-s42.json,
combination_oot,active,homecredit,boruta_then_rfe_catboost,,state_bound_payload,results/selector_combinations_v1/oot/selections/scv1-homecredit-fold-0-boruta-then-rfe-catboost-k20-s42.intermediate_features.csv,4691,078fe4db4a44cd5d3bfa146339a6f0683241ba419e0bae602febd21bfd5e1767,True,results/selector_combinations_v1/oot/selections/scv1-homecredit-fold-0-boruta-then-rfe-catboost-k20-s42.json,
combination_oot,active,homecredit,boruta_then_rfe_catboost,,state_bound_payload,results/selector_combinations_v1/oot/selections/scv1-homecredit-fold-0-boruta-then-rfe-catboost-k40-s42.combination_result.json,108248,9a86f82fe6a4abd836daeaa82ec65de4d5817d68e3ef4131c5b28062fc1eb409,True,results/selector_combinations_v1/oot/selections/scv1-homecredit-fold-0-boruta-then-rfe-catboost-k40-s42.json,
combination_oot,active,homecredit,boruta_then_rfe_catboost,,state_bound_payload,results/selector_combinations_v1/oot/selections/scv1-homecredit-fold-0-boruta-then-rfe-catboost-k40-s42.final_selected_features.csv,1063,12ec1c0c23170b909d8570b6faf3eb02cf7835a47526d1f4c6eb2a193080b2ef,True,results/selector_combinations_v1/oot/selections/scv1-homecredit-fold-0-boruta-then-rfe-catboost-k40-s42.json,
combination_oot,active,homecredit,boruta_then_rfe_catboost,,state_bound_payload,results/selector_combinations_v1/oot/selections/scv1-homecredit-fold-0-boruta-then-rfe-catboost-k40-s42.intermediate_features.csv,4691,078fe4db4a44cd5d3bfa146339a6f0683241ba419e0bae602febd21bfd5e1767,True,results/selector_combinations_v1/oot/selections/scv1-homecredit-fold-0-boruta-then-rfe-catboost-k40-s42.json,
combination_oot,active,homecredit,boruta_then_rfe_catboost,catboost,evaluation_state,results/selector_combinations_v1/oot/evaluations/scv1-oot-022-homecredit-boruta-then-rfe-catboost-catboost-full-dev-k40-s42.json,5170,d40ab93697ef2713da0f4b21c2a0f741be44bb5ec400beccd8e2aeaa7f9bcda0,True,results/selector_combinations_v1/oot/evaluations/scv1-oot-022-homecredit-boruta-then-rfe-catboost-catboost-full-dev-k40-s42.json,
combination_oot,active,homecredit,boruta_then_rfe_catboost,catboost,state_bound_payload,results/selector_combinations_v1/oot/evaluations/scv1-oot-022-homecredit-boruta-then-rfe-catboost-catboost-full-dev-k40-s42.final_model_configuration.json,2670,fdda98efd0f1eb6b8d1ba42f91c6e75b36a39eaa9ed86ff7e6eab00034fbca11,True,results/selector_combinations_v1/oot/evaluations/scv1-oot-022-homecredit-boruta-then-rfe-catboost-catboost-full-dev-k40-s42.json,
combination_oot,active,homecredit,boruta_then_rfe_catboost,catboost,state_bound_payload,results/selector_combinations_v1/oot/evaluations/scv1-oot-022-homecredit-boruta-then-rfe-catboost-catboost-full-dev-k40-s42.oot_metrics.json,375,44f38929646097349ce29819f722080548bb354dfdcee3d8f1feb1c61981ff8a,True,results/selector_combinations_v1/oot/evaluations/scv1-oot-022-homecredit-boruta-then-rfe-catboost-catboost-full-dev-k40-s42.json,
combination_oot,active,homecredit,boruta_then_rfe_catboost,catboost,state_bound_payload,results/selector_combinations_v1/oot/evaluations/scv1-oot-022-homecredit-boruta-then-rfe-catboost-catboost-full-dev-k40-s42.oot_predictions.csv,18421418,3bd961e0ab87a2de3b733ed2fc89f79482d3d13bbd67d2214627adab1681b0d3,True,results/selector_combinations_v1/oot/evaluations/scv1-oot-022-homecredit-boruta-then-rfe-catboost-catboost-full-dev-k40-s42.json,
combination_oot,active,homecredit,boruta_then_rfe_catboost,lr,evaluation_state,results/selector_combinations_v1/oot/evaluations/scv1-oot-021-homecredit-boruta-then-rfe-catboost-lr-full-dev-k20-s42.json,5109,470ff4b55795507e903429447e22087073e7602dfaa15bd553b891fe5d139ea0,True,results/selector_combinations_v1/oot/evaluations/scv1-oot-021-homecredit-boruta-then-rfe-catboost-lr-full-dev-k20-s42.json,
combination_oot,active,homecredit,boruta_then_rfe_catboost,lr,state_bound_payload,results/selector_combinations_v1/oot/evaluations/scv1-oot-021-homecredit-boruta-then-rfe-catboost-lr-full-dev-k20-s42.final_model_configuration.json,1300,55f24485d41172fe221cd510da8e71e8c9285eec7a450de5f4790f89a50ae473,True,results/selector_combinations_v1/oot/evaluations/scv1-oot-021-homecredit-boruta-then-rfe-catboost-lr-full-dev-k20-s42.json,
combination_oot,active,homecredit,boruta_then_rfe_catboost,lr,state_bound_payload,results/selector_combinations_v1/oot/evaluations/scv1-oot-021-homecredit-boruta-then-rfe-catboost-lr-full-dev-k20-s42.oot_metrics.json,374,c8843f744d54565140f3b52e65d4811ca9e64c40efba4ecab50a325c44531034,True,results/selector_combinations_v1/oot/evaluations/scv1-oot-021-homecredit-boruta-then-rfe-catboost-lr-full-dev-k20-s42.json,
combination_oot,active,homecredit,boruta_then_rfe_catboost,lr,state_bound_payload,results/selector_combinations_v1/oot/evaluations/scv1-oot-021-homecredit-boruta-then-rfe-catboost-lr-full-dev-k20-s42.oot_predictions.csv,16957760,89a08dde9d86dd873e8245aaa931b3a83d360a1726504cf9f55c4af01290eb85,True,results/selector_combinations_v1/oot/evaluations/scv1-oot-021-homecredit-boruta-then-rfe-catboost-lr-full-dev-k20-s42.json,
combination_oot,active,homecredit,iv_then_boruta,,selection_state,results/selector_combinations_v1/oot/selections/scv1-homecredit-fold-0-iv-then-boruta-pool100-s42.json,50659,80a27a5acd4bc00fe3ac816bd91030bfa7c258403d6b5c12479fe44e48094899,True,results/selector_combinations_v1/oot/selections/scv1-homecredit-fold-0-iv-then-boruta-pool100-s42.json,
combination_oot,active,homecredit,iv_then_boruta,,selection_state,results/selector_combinations_v1/oot/selections/scv1-homecredit-fold-0-iv-then-boruta-pool200-s42.json,71493,ab8c060727625d6e91813973fd04553b473d254c2c7cd349265776c3638ff044,True,results/selector_combinations_v1/oot/selections/scv1-homecredit-fold-0-iv-then-boruta-pool200-s42.json,
combination_oot,active,homecredit,iv_then_boruta,,selection_state,results/selector_combinations_v1/oot/selections/scv1-homecredit-fold-0-iv-then-boruta-pool300-s42.json,91460,91b6861ed4da15f1c5907d40401d0cbe454596b90708cc765fc6a0a54d1c079c,True,results/selector_combinations_v1/oot/selections/scv1-homecredit-fold-0-iv-then-boruta-pool300-s42.json,
combination_oot,active,homecredit,iv_then_boruta,,state_bound_payload,results/selector_combinations_v1/oot/selections/scv1-homecredit-fold-0-iv-then-boruta-pool100-s42.combination_result.json,40135,02829c31a34cd303a9f4795b8f23df8632572e44425c03356c0ab6995297a3c6,True,results/selector_combinations_v1/oot/selections/scv1-homecredit-fold-0-iv-then-boruta-pool100-s42.json,
combination_oot,active,homecredit,iv_then_boruta,,state_bound_payload,results/selector_combinations_v1/oot/selections/scv1-homecredit-fold-0-iv-then-boruta-pool100-s42.final_selected_features.csv,2100,600cdd096e27f2b019cc190f9162de87189dd125f266a5005af101a20c2ebcd8,True,results/selector_combinations_v1/oot/selections/scv1-homecredit-fold-0-iv-then-boruta-pool100-s42.json,
combination_oot,active,homecredit,iv_then_boruta,,state_bound_payload,results/selector_combinations_v1/oot/selections/scv1-homecredit-fold-0-iv-then-boruta-pool100-s42.intermediate_features.csv,2825,4cfeb2c7f7033235e62d515b5adefd5be784c4300185f4ff9e1d12432bdd198a,True,results/selector_combinations_v1/oot/selections/scv1-homecredit-fold-0-iv-then-boruta-pool100-s42.json,
combination_oot,active,homecredit,iv_then_boruta,,state_bound_payload,results/selector_combinations_v1/oot/selections/scv1-homecredit-fold-0-iv-then-boruta-pool200-s42.combination_result.json,58106,b4cc7baaf4caaef9f05031c6354b93309113643769cb2b0c4582d7823f3edb10,True,results/selector_combinations_v1/oot/selections/scv1-homecredit-fold-0-iv-then-boruta-pool200-s42.json,
combination_oot,active,homecredit,iv_then_boruta,,state_bound_payload,results/selector_combinations_v1/oot/selections/scv1-homecredit-fold-0-iv-then-boruta-pool200-s42.final_selected_features.csv,3050,3cba9644170db0faaa112cf348ecd4a5a973eab01186d877edc830dbbe897506,True,results/selector_combinations_v1/oot/selections/scv1-homecredit-fold-0-iv-then-boruta-pool200-s42.json,
combination_oot,active,homecredit,iv_then_boruta,,state_bound_payload,results/selector_combinations_v1/oot/selections/scv1-homecredit-fold-0-iv-then-boruta-pool200-s42.intermediate_features.csv,5900,e40d6bfd4b4069fde7b3cac9d7d9e5a6a9012f79dbae4f72697923b93faf04a6,True,results/selector_combinations_v1/oot/selections/scv1-homecredit-fold-0-iv-then-boruta-pool200-s42.json,
combination_oot,active,homecredit,iv_then_boruta,,state_bound_payload,results/selector_combinations_v1/oot/selections/scv1-homecredit-fold-0-iv-then-boruta-pool300-s42.combination_result.json,75378,7777290128a63c5a7d86a9d6d24f769c0fcaf4d54038a39388cf8c608050e8a3,True,results/selector_combinations_v1/oot/selections/scv1-homecredit-fold-0-iv-then-boruta-pool300-s42.json,
combination_oot,active,homecredit,iv_then_boruta,,state_bound_payload,results/selector_combinations_v1/oot/selections/scv1-homecredit-fold-0-iv-then-boruta-pool300-s42.final_selected_features.csv,3884,b5c1954759659152bc41e55facfc876a687a14762374ec22fab716e1143bf4b6,True,results/selector_combinations_v1/oot/selections/scv1-homecredit-fold-0-iv-then-boruta-pool300-s42.json,
combination_oot,active,homecredit,iv_then_boruta,,state_bound_payload,results/selector_combinations_v1/oot/selections/scv1-homecredit-fold-0-iv-then-boruta-pool300-s42.intermediate_features.csv,8831,f5d31b67e1bb9f1f10da09adb2e9d34e13d6d65c52143cb2d46f50634217efee,True,results/selector_combinations_v1/oot/selections/scv1-homecredit-fold-0-iv-then-boruta-pool300-s42.json,
combination_oot,active,homecredit,iv_then_boruta,catboost,evaluation_state,results/selector_combinations_v1/oot/evaluations/scv1-oot-006-homecredit-iv-then-boruta-catboost-full-dev-pool100-s42.json,5097,6781ce7d5e12131629fb5f464004b61e408ad04970f6caf3cc8eb824fae716b3,True,results/selector_combinations_v1/oot/evaluations/scv1-oot-006-homecredit-iv-then-boruta-catboost-full-dev-pool100-s42.json,
combination_oot,active,homecredit,iv_then_boruta,catboost,evaluation_state,results/selector_combinations_v1/oot/evaluations/scv1-oot-010-homecredit-iv-then-boruta-catboost-full-dev-pool200-s42.json,5096,7f80d6fadcc50f0be78d7677c25fcbef10d477b5757203280bb500aed5d0fb7a,True,results/selector_combinations_v1/oot/evaluations/scv1-oot-010-homecredit-iv-then-boruta-catboost-full-dev-pool200-s42.json,
combination_oot,active,homecredit,iv_then_boruta,catboost,evaluation_state,results/selector_combinations_v1/oot/evaluations/scv1-oot-014-homecredit-iv-then-boruta-catboost-full-dev-pool300-s42.json,5095,c7d4c85d91aa92a1302781994bb0ad814b45c5909d6e5a630616120fdd5b2576,True,results/selector_combinations_v1/oot/evaluations/scv1-oot-014-homecredit-iv-then-boruta-catboost-full-dev-pool300-s42.json,
combination_oot,active,homecredit,iv_then_boruta,catboost,state_bound_payload,results/selector_combinations_v1/oot/evaluations/scv1-oot-006-homecredit-iv-then-boruta-catboost-full-dev-pool100-s42.final_model_configuration.json,3847,ee3494bb3ac9345014a4834046bdbd864fb16e7414a054cbd910de8e88306a18,True,results/selector_combinations_v1/oot/evaluations/scv1-oot-006-homecredit-iv-then-boruta-catboost-full-dev-pool100-s42.json,
combination_oot,active,homecredit,iv_then_boruta,catboost,state_bound_payload,results/selector_combinations_v1/oot/evaluations/scv1-oot-006-homecredit-iv-then-boruta-catboost-full-dev-pool100-s42.oot_metrics.json,378,6c530c68b0314e0b66a9afd8895af18a542546c9fe44402869e41c0deee0efb7,True,results/selector_combinations_v1/oot/evaluations/scv1-oot-006-homecredit-iv-then-boruta-catboost-full-dev-pool100-s42.json,
combination_oot,active,homecredit,iv_then_boruta,catboost,state_bound_payload,results/selector_combinations_v1/oot/evaluations/scv1-oot-006-homecredit-iv-then-boruta-catboost-full-dev-pool100-s42.oot_predictions.csv,16498549,244e760a542ff8abd5159b8195daedbc8978a8dbc57580eb6b943c44acee96bf,True,results/selector_combinations_v1/oot/evaluations/scv1-oot-006-homecredit-iv-then-boruta-catboost-full-dev-pool100-s42.json,
combination_oot,active,homecredit,iv_then_boruta,catboost,state_bound_payload,results/selector_combinations_v1/oot/evaluations/scv1-oot-010-homecredit-iv-then-boruta-catboost-full-dev-pool200-s42.final_model_configuration.json,4917,7571dd0b85641cea5fdf0160e916e2ae96970a0b8d8b856ac00185b13272b4b7,True,results/selector_combinations_v1/oot/evaluations/scv1-oot-010-homecredit-iv-then-boruta-catboost-full-dev-pool200-s42.json,
combination_oot,active,homecredit,iv_then_boruta,catboost,state_bound_payload,results/selector_combinations_v1/oot/evaluations/scv1-oot-010-homecredit-iv-then-boruta-catboost-full-dev-pool200-s42.oot_metrics.json,375,b2481f9fe52fee8f1ad316b9f1e21b0da70f2035cbff276d519ec035260b26d3,True,results/selector_combinations_v1/oot/evaluations/scv1-oot-010-homecredit-iv-then-boruta-catboost-full-dev-pool200-s42.json,
combination_oot,active,homecredit,iv_then_boruta,catboost,state_bound_payload,results/selector_combinations_v1/oot/evaluations/scv1-oot-010-homecredit-iv-then-boruta-catboost-full-dev-pool200-s42.oot_predictions.csv,16502245,320044868ed8803ec201f3ee9c444cffde360950a6c46256381a044ff1cbaac9,True,results/selector_combinations_v1/oot/evaluations/scv1-oot-010-homecredit-iv-then-boruta-catboost-full-dev-pool200-s42.json,
combination_oot,active,homecredit,iv_then_boruta,catboost,state_bound_payload,results/selector_combinations_v1/oot/evaluations/scv1-oot-014-homecredit-iv-then-boruta-catboost-full-dev-pool300-s42.final_model_configuration.json,5838,712b5d59d052337f065d028581060d5a3d42a9574e8ef152701194180cdcb101,True,results/selector_combinations_v1/oot/evaluations/scv1-oot-014-homecredit-iv-then-boruta-catboost-full-dev-pool300-s42.json,
combination_oot,active,homecredit,iv_then_boruta,catboost,state_bound_payload,results/selector_combinations_v1/oot/evaluations/scv1-oot-014-homecredit-iv-then-boruta-catboost-full-dev-pool300-s42.oot_metrics.json,374,f3c168b87ed2168937e71733d8bb9246cc5a4b59ed6ae84a3a0e909c01f52801,True,results/selector_combinations_v1/oot/evaluations/scv1-oot-014-homecredit-iv-then-boruta-catboost-full-dev-pool300-s42.json,
combination_oot,active,homecredit,iv_then_boruta,catboost,state_bound_payload,results/selector_combinations_v1/oot/evaluations/scv1-oot-014-homecredit-iv-then-boruta-catboost-full-dev-pool300-s42.oot_predictions.csv,16502356,f45d957599b28ae5273b35d1b861b79553ba42f0c913962f5d6d5d5e1a1b254a,True,results/selector_combinations_v1/oot/evaluations/scv1-oot-014-homecredit-iv-then-boruta-catboost-full-dev-pool300-s42.json,
combination_oot,active,homecredit,iv_then_boruta,lr,evaluation_state,results/selector_combinations_v1/oot/evaluations/scv1-oot-005-homecredit-iv-then-boruta-lr-full-dev-pool100-s42.json,5034,981f3c1b9ba82ecf66b156880ddaac2d9e9a9a07a91addca6120d62fe5c42509,True,results/selector_combinations_v1/oot/evaluations/scv1-oot-005-homecredit-iv-then-boruta-lr-full-dev-pool100-s42.json,
combination_oot,active,homecredit,iv_then_boruta,lr,evaluation_state,results/selector_combinations_v1/oot/evaluations/scv1-oot-009-homecredit-iv-then-boruta-lr-full-dev-pool200-s42.json,5035,9d2d886b56bfd2a322903f21b43770cf6b6cf445c148523e516c1bfd2695d80a,True,results/selector_combinations_v1/oot/evaluations/scv1-oot-009-homecredit-iv-then-boruta-lr-full-dev-pool200-s42.json,
combination_oot,active,homecredit,iv_then_boruta,lr,evaluation_state,results/selector_combinations_v1/oot/evaluations/scv1-oot-013-homecredit-iv-then-boruta-lr-full-dev-pool300-s42.json,5037,462dd383988136b05e8b8156404898f2582bcf46fc7d4f6daf8e9e2b4cb3ae48,True,results/selector_combinations_v1/oot/evaluations/scv1-oot-013-homecredit-iv-then-boruta-lr-full-dev-pool300-s42.json,
combination_oot,active,homecredit,iv_then_boruta,lr,state_bound_payload,results/selector_combinations_v1/oot/evaluations/scv1-oot-005-homecredit-iv-then-boruta-lr-full-dev-pool100-s42.final_model_configuration.json,3117,62ab3bb40505f84adab6cc6e29adc84fe9100d33a08ea643a13b72f58acdc4ca,True,results/selector_combinations_v1/oot/evaluations/scv1-oot-005-homecredit-iv-then-boruta-lr-full-dev-pool100-s42.json,
combination_oot,active,homecredit,iv_then_boruta,lr,state_bound_payload,results/selector_combinations_v1/oot/evaluations/scv1-oot-005-homecredit-iv-then-boruta-lr-full-dev-pool100-s42.oot_metrics.json,375,3bf91b01b96af0ce0c6c4cbeee987ebc166768c423fa3517e350f242824655bc,True,results/selector_combinations_v1/oot/evaluations/scv1-oot-005-homecredit-iv-then-boruta-lr-full-dev-pool100-s42.json,
combination_oot,active,homecredit,iv_then_boruta,lr,state_bound_payload,results/selector_combinations_v1/oot/evaluations/scv1-oot-005-homecredit-iv-then-boruta-lr-full-dev-pool100-s42.oot_predictions.csv,15039648,25affdce58eea05faf7b6fb26cc3ddc9fb2c5cebfd7757c639405c2ce2081119,True,results/selector_combinations_v1/oot/evaluations/scv1-oot-005-homecredit-iv-then-boruta-lr-full-dev-pool100-s42.json,
combination_oot,active,homecredit,iv_then_boruta,lr,state_bound_payload,results/selector_combinations_v1/oot/evaluations/scv1-oot-009-homecredit-iv-then-boruta-lr-full-dev-pool200-s42.final_model_configuration.json,4187,f00382d3a36ac1a586b9b38f6acdc19594f3a58b9b791e569b95ff3ce9a781f8,True,results/selector_combinations_v1/oot/evaluations/scv1-oot-009-homecredit-iv-then-boruta-lr-full-dev-pool200-s42.json,
combination_oot,active,homecredit,iv_then_boruta,lr,state_bound_payload,results/selector_combinations_v1/oot/evaluations/scv1-oot-009-homecredit-iv-then-boruta-lr-full-dev-pool200-s42.oot_metrics.json,375,feecff6aa81eb901286c3dd75c50ad5407461c491205e2c690da69f92337f019,True,results/selector_combinations_v1/oot/evaluations/scv1-oot-009-homecredit-iv-then-boruta-lr-full-dev-pool200-s42.json,
combination_oot,active,homecredit,iv_then_boruta,lr,state_bound_payload,results/selector_combinations_v1/oot/evaluations/scv1-oot-009-homecredit-iv-then-boruta-lr-full-dev-pool200-s42.oot_predictions.csv,15039689,df7ef130c15cd05cd82c1bcfd472a1c64a3c007148986666153b99ff7eb8af7e,True,results/selector_combinations_v1/oot/evaluations/scv1-oot-009-homecredit-iv-then-boruta-lr-full-dev-pool200-s42.json,
combination_oot,active,homecredit,iv_then_boruta,lr,state_bound_payload,results/selector_combinations_v1/oot/evaluations/scv1-oot-013-homecredit-iv-then-boruta-lr-full-dev-pool300-s42.final_model_configuration.json,5108,c21924e9909b3f732add1a14d4c208f7c9c77436680350948639d20062722970,True,results/selector_combinations_v1/oot/evaluations/scv1-oot-013-homecredit-iv-then-boruta-lr-full-dev-pool300-s42.json,
combination_oot,active,homecredit,iv_then_boruta,lr,state_bound_payload,results/selector_combinations_v1/oot/evaluations/scv1-oot-013-homecredit-iv-then-boruta-lr-full-dev-pool300-s42.oot_metrics.json,376,373a5f3dfd4caf86f610cb1d219ae8adb3bfcaf2d639a8095b9b901f0bb97bb5,True,results/selector_combinations_v1/oot/evaluations/scv1-oot-013-homecredit-iv-then-boruta-lr-full-dev-pool300-s42.json,
combination_oot,active,homecredit,iv_then_boruta,lr,state_bound_payload,results/selector_combinations_v1/oot/evaluations/scv1-oot-013-homecredit-iv-then-boruta-lr-full-dev-pool300-s42.oot_predictions.csv,15041559,9cf62687717ae24f00b2c5ca3c2114b2b1d17d10b8ca5634db33fd4d7269daea,True,results/selector_combinations_v1/oot/evaluations/scv1-oot-013-homecredit-iv-then-boruta-lr-full-dev-pool300-s42.json,
combination_oot,active,homecredit,statistical_normalized_average_rank,,selection_state,results/selector_combinations_v1/oot/selections/scv1-homecredit-fold-0-statistical-normalized-average-rank-k20-s42.json,1083616,38c2ce40dc5392dc4b13e2eeb5552e3ecfd881ffee01b92bd4780a51f6b1bfaf,True,results/selector_combinations_v1/oot/selections/scv1-homecredit-fold-0-statistical-normalized-average-rank-k20-s42.json,
combination_oot,active,homecredit,statistical_normalized_average_rank,,selection_state,results/selector_combinations_v1/oot/selections/scv1-homecredit-fold-0-statistical-normalized-average-rank-k40-s42.json,1084615,3ce00aab51c716c9b03c30c08f7cede28a0e557c66306a83c291c4f48283b6c3,True,results/selector_combinations_v1/oot/selections/scv1-homecredit-fold-0-statistical-normalized-average-rank-k40-s42.json,
combination_oot,active,homecredit,statistical_normalized_average_rank,,state_bound_payload,results/selector_combinations_v1/oot/selections/scv1-homecredit-fold-0-statistical-normalized-average-rank-k20-s42.combination_result.json,1001523,410e34458053d6b42349801a27be7e1c40dc93b2969c4f593c8df4570e0e148a,True,results/selector_combinations_v1/oot/selections/scv1-homecredit-fold-0-statistical-normalized-average-rank-k20-s42.json,
combination_oot,active,homecredit,statistical_normalized_average_rank,,state_bound_payload,results/selector_combinations_v1/oot/selections/scv1-homecredit-fold-0-statistical-normalized-average-rank-k20-s42.final_selected_features.csv,445,b48e85f1330d748ad91635830830c1fb75a5d07466ec9620c4a46cefcf706611,True,results/selector_combinations_v1/oot/selections/scv1-homecredit-fold-0-statistical-normalized-average-rank-k20-s42.json,
combination_oot,active,homecredit,statistical_normalized_average_rank,,state_bound_payload,results/selector_combinations_v1/oot/selections/scv1-homecredit-fold-0-statistical-normalized-average-rank-k20-s42.voting_evidence.csv,317970,e3466220726c517086ff6095812ecd67a7fc73b3b6c7072bc16be840239a5727,True,results/selector_combinations_v1/oot/selections/scv1-homecredit-fold-0-statistical-normalized-average-rank-k20-s42.json,
combination_oot,active,homecredit,statistical_normalized_average_rank,,state_bound_payload,results/selector_combinations_v1/oot/selections/scv1-homecredit-fold-0-statistical-normalized-average-rank-k40-s42.combination_result.json,1001830,2867a34e3a33dd9193a3b27f0a784b405697bf6b27d4c05ca831f31e9be3d462,True,results/selector_combinations_v1/oot/selections/scv1-homecredit-fold-0-statistical-normalized-average-rank-k40-s42.json,
combination_oot,active,homecredit,statistical_normalized_average_rank,,state_bound_payload,results/selector_combinations_v1/oot/selections/scv1-homecredit-fold-0-statistical-normalized-average-rank-k40-s42.final_selected_features.csv,1032,82814b30dbe23698a378bedda49b832cbd227fdd69a6897a73070b497ca563a5,True,results/selector_combinations_v1/oot/selections/scv1-homecredit-fold-0-statistical-normalized-average-rank-k40-s42.json,
combination_oot,active,homecredit,statistical_normalized_average_rank,,state_bound_payload,results/selector_combinations_v1/oot/selections/scv1-homecredit-fold-0-statistical-normalized-average-rank-k40-s42.voting_evidence.csv,317943,db04f84337c2fcd728d2343614b73c98384c4adfbdeae5bed6b2f14953ae6415,True,results/selector_combinations_v1/oot/selections/scv1-homecredit-fold-0-statistical-normalized-average-rank-k40-s42.json,
combination_oot,active,homecredit,statistical_normalized_average_rank,catboost,evaluation_state,results/selector_combinations_v1/oot/evaluations/scv1-oot-002-homecredit-statistical-normalized-average-rank-catboost-full-dev-k40-s42.json,5302,7cd4688c5e8fdfe14fd876660e2d0f911c0d9d4ed22fd88031980a064f17c3e3,True,results/selector_combinations_v1/oot/evaluations/scv1-oot-002-homecredit-statistical-normalized-average-rank-catboost-full-dev-k40-s42.json,
combination_oot,active,homecredit,statistical_normalized_average_rank,catboost,state_bound_payload,results/selector_combinations_v1/oot/evaluations/scv1-oot-002-homecredit-statistical-normalized-average-rank-catboost-full-dev-k40-s42.final_model_configuration.json,2639,e28f86dfa1c30169b3af0ca85a5632f11571ac58dce3a3190805fbbcd10c54f2,True,results/selector_combinations_v1/oot/evaluations/scv1-oot-002-homecredit-statistical-normalized-average-rank-catboost-full-dev-k40-s42.json,
combination_oot,active,homecredit,statistical_normalized_average_rank,catboost,state_bound_payload,results/selector_combinations_v1/oot/evaluations/scv1-oot-002-homecredit-statistical-normalized-average-rank-catboost-full-dev-k40-s42.oot_metrics.json,376,c5f6677e5c30aa2c40f49e1e023e661461bc003f3b83875f104742e0e535b971,True,results/selector_combinations_v1/oot/evaluations/scv1-oot-002-homecredit-statistical-normalized-average-rank-catboost-full-dev-k40-s42.json,
combination_oot,active,homecredit,statistical_normalized_average_rank,catboost,state_bound_payload,results/selector_combinations_v1/oot/evaluations/scv1-oot-002-homecredit-statistical-normalized-average-rank-catboost-full-dev-k40-s42.oot_predictions.csv,21062253,7b5f6867ffa0c0564975473bf8edb82794f96bcf2fe1b3f558a2ab3c687dff28,True,results/selector_combinations_v1/oot/evaluations/scv1-oot-002-homecredit-statistical-normalized-average-rank-catboost-full-dev-k40-s42.json,
combination_oot,active,homecredit,statistical_normalized_average_rank,lr,evaluation_state,results/selector_combinations_v1/oot/evaluations/scv1-oot-001-homecredit-statistical-normalized-average-rank-lr-full-dev-k20-s42.json,5241,c8f79cf615c290d60c3d1b29a71dab1a99afda593a97688699fcba5db7617505,True,results/selector_combinations_v1/oot/evaluations/scv1-oot-001-homecredit-statistical-normalized-average-rank-lr-full-dev-k20-s42.json,
combination_oot,active,homecredit,statistical_normalized_average_rank,lr,state_bound_payload,results/selector_combinations_v1/oot/evaluations/scv1-oot-001-homecredit-statistical-normalized-average-rank-lr-full-dev-k20-s42.final_model_configuration.json,1242,6585618e52c2127b57f852f98e2b918e4455de4bf79b41d2efe9caf25bd5d13c,True,results/selector_combinations_v1/oot/evaluations/scv1-oot-001-homecredit-statistical-normalized-average-rank-lr-full-dev-k20-s42.json,
combination_oot,active,homecredit,statistical_normalized_average_rank,lr,state_bound_payload,results/selector_combinations_v1/oot/evaluations/scv1-oot-001-homecredit-statistical-normalized-average-rank-lr-full-dev-k20-s42.oot_metrics.json,375,812b1be9ac16d91f0dc3dafb4982815ca74f1ca76548471f82d2970b7b4e19e0,True,results/selector_combinations_v1/oot/evaluations/scv1-oot-001-homecredit-statistical-normalized-average-rank-lr-full-dev-k20-s42.json,
combination_oot,active,homecredit,statistical_normalized_average_rank,lr,state_bound_payload,results/selector_combinations_v1/oot/evaluations/scv1-oot-001-homecredit-statistical-normalized-average-rank-lr-full-dev-k20-s42.oot_predictions.csv,19599906,330ed639f5fe25d0f5e2ef17afcb625da7dbb14e98410ccb02c8ab5abc810172,True,results/selector_combinations_v1/oot/evaluations/scv1-oot-001-homecredit-statistical-normalized-average-rank-lr-full-dev-k20-s42.json,
combination_oot,active,lendingclub_v2,boruta_then_mrmr_mutual_information,,selection_state,results/selector_combinations_v1/oot/selections/scv1-lendingclub_v2-fold-0-boruta-then-mrmr-mutual-information-k20-s42.json,142530,6bd085b3014b81df2eba45904517de1be5a95009f7b910a152dde4c11c658c88,True,results/selector_combinations_v1/oot/selections/scv1-lendingclub_v2-fold-0-boruta-then-mrmr-mutual-information-k20-s42.json,
combination_oot,active,lendingclub_v2,boruta_then_mrmr_mutual_information,,selection_state,results/selector_combinations_v1/oot/selections/scv1-lendingclub_v2-fold-0-boruta-then-mrmr-mutual-information-k40-s42.json,143990,2e3c037d8fdafd5b6946d880b0dfecc803f8edadba7b78d1bcdd2a8596494690,True,results/selector_combinations_v1/oot/selections/scv1-lendingclub_v2-fold-0-boruta-then-mrmr-mutual-information-k40-s42.json,
combination_oot,active,lendingclub_v2,boruta_then_mrmr_mutual_information,,state_bound_payload,results/selector_combinations_v1/oot/selections/scv1-lendingclub_v2-fold-0-boruta-then-mrmr-mutual-information-k20-s42.combination_result.json,125897,7ff43f32ee5b4af41b2df566d83bb9942d8669c9de2c318e9beed62f78e51c21,True,results/selector_combinations_v1/oot/selections/scv1-lendingclub_v2-fold-0-boruta-then-mrmr-mutual-information-k20-s42.json,
combination_oot,active,lendingclub_v2,boruta_then_mrmr_mutual_information,,state_bound_payload,results/selector_combinations_v1/oot/selections/scv1-lendingclub_v2-fold-0-boruta-then-mrmr-mutual-information-k20-s42.final_selected_features.csv,553,f45a10912f5ac5244537e1571a8ed75244eb8e7bd584d50332648282431a8907,True,results/selector_combinations_v1/oot/selections/scv1-lendingclub_v2-fold-0-boruta-then-mrmr-mutual-information-k20-s42.json,
combination_oot,active,lendingclub_v2,boruta_then_mrmr_mutual_information,,state_bound_payload,results/selector_combinations_v1/oot/selections/scv1-lendingclub_v2-fold-0-boruta-then-mrmr-mutual-information-k20-s42.intermediate_features.csv,7049,eb201575dcf1532b56c4daadc7fdaced37403bb4c2a3fbc40fe2dad78bd36407,True,results/selector_combinations_v1/oot/selections/scv1-lendingclub_v2-fold-0-boruta-then-mrmr-mutual-information-k20-s42.json,
combination_oot,active,lendingclub_v2,boruta_then_mrmr_mutual_information,,state_bound_payload,results/selector_combinations_v1/oot/selections/scv1-lendingclub_v2-fold-0-boruta-then-mrmr-mutual-information-k40-s42.combination_result.json,126567,af9e879547057241de0d258bebe0f37b72c55f6c08091e2be97e2ff283aa40bc,True,results/selector_combinations_v1/oot/selections/scv1-lendingclub_v2-fold-0-boruta-then-mrmr-mutual-information-k40-s42.json,
combination_oot,active,lendingclub_v2,boruta_then_mrmr_mutual_information,,state_bound_payload,results/selector_combinations_v1/oot/selections/scv1-lendingclub_v2-fold-0-boruta-then-mrmr-mutual-information-k40-s42.final_selected_features.csv,1142,2efb1c6eb23275eae921dc0c66a3786184cccf1df0d6feb21209e8eb871b32c9,True,results/selector_combinations_v1/oot/selections/scv1-lendingclub_v2-fold-0-boruta-then-mrmr-mutual-information-k40-s42.json,
combination_oot,active,lendingclub_v2,boruta_then_mrmr_mutual_information,,state_bound_payload,results/selector_combinations_v1/oot/selections/scv1-lendingclub_v2-fold-0-boruta-then-mrmr-mutual-information-k40-s42.intermediate_features.csv,7049,eb201575dcf1532b56c4daadc7fdaced37403bb4c2a3fbc40fe2dad78bd36407,True,results/selector_combinations_v1/oot/selections/scv1-lendingclub_v2-fold-0-boruta-then-mrmr-mutual-information-k40-s42.json,
combination_oot,active,lendingclub_v2,boruta_then_mrmr_mutual_information,catboost,evaluation_state,results/selector_combinations_v1/oot/evaluations/scv1-oot-020-lendingclub_v2-boruta-then-mrmr-mutual-information-catboost-full-dev-k40-s42.json,5346,5c3297fe6069e845382f6b770ae236b37872597a5c8af84bbecca19f9b4933c3,True,results/selector_combinations_v1/oot/evaluations/scv1-oot-020-lendingclub_v2-boruta-then-mrmr-mutual-information-catboost-full-dev-k40-s42.json,
combination_oot,active,lendingclub_v2,boruta_then_mrmr_mutual_information,catboost,state_bound_payload,results/selector_combinations_v1/oot/evaluations/scv1-oot-020-lendingclub_v2-boruta-then-mrmr-mutual-information-catboost-full-dev-k40-s42.final_model_configuration.json,2749,10c1658dfa55ac10e238ccfe883d0a32c36ff8b8965de7f68a50060181eb3441,True,results/selector_combinations_v1/oot/evaluations/scv1-oot-020-lendingclub_v2-boruta-then-mrmr-mutual-information-catboost-full-dev-k40-s42.json,
combination_oot,active,lendingclub_v2,boruta_then_mrmr_mutual_information,catboost,state_bound_payload,results/selector_combinations_v1/oot/evaluations/scv1-oot-020-lendingclub_v2-boruta-then-mrmr-mutual-information-catboost-full-dev-k40-s42.oot_metrics.json,371,8411a3782e900e5e7240f57644d11143218e0c6d3e649c70143cabbd7ace2867,True,results/selector_combinations_v1/oot/evaluations/scv1-oot-020-lendingclub_v2-boruta-then-mrmr-mutual-information-catboost-full-dev-k40-s42.json,
combination_oot,active,lendingclub_v2,boruta_then_mrmr_mutual_information,catboost,state_bound_payload,results/selector_combinations_v1/oot/evaluations/scv1-oot-020-lendingclub_v2-boruta-then-mrmr-mutual-information-catboost-full-dev-k40-s42.oot_predictions.csv,54303839,3e8c7ec4d3056d6b1b98b24bc7560988afb5eda266f8bb4d9682fc4aab3831aa,True,results/selector_combinations_v1/oot/evaluations/scv1-oot-020-lendingclub_v2-boruta-then-mrmr-mutual-information-catboost-full-dev-k40-s42.json,
combination_oot,active,lendingclub_v2,boruta_then_mrmr_mutual_information,lr,evaluation_state,results/selector_combinations_v1/oot/evaluations/scv1-oot-019-lendingclub_v2-boruta-then-mrmr-mutual-information-lr-full-dev-k20-s42.json,5289,7618b861995a7272e0af60f44ff01d7711c926af382e6bff47a6fe4acd8d89e6,True,results/selector_combinations_v1/oot/evaluations/scv1-oot-019-lendingclub_v2-boruta-then-mrmr-mutual-information-lr-full-dev-k20-s42.json,
combination_oot,active,lendingclub_v2,boruta_then_mrmr_mutual_information,lr,state_bound_payload,results/selector_combinations_v1/oot/evaluations/scv1-oot-019-lendingclub_v2-boruta-then-mrmr-mutual-information-lr-full-dev-k20-s42.final_model_configuration.json,1350,5a09ecfbe3d67dc6a91324f7723db43d6ad4e0c85a4b4d1e38d9ec12a6be4482,True,results/selector_combinations_v1/oot/evaluations/scv1-oot-019-lendingclub_v2-boruta-then-mrmr-mutual-information-lr-full-dev-k20-s42.json,
combination_oot,active,lendingclub_v2,boruta_then_mrmr_mutual_information,lr,state_bound_payload,results/selector_combinations_v1/oot/evaluations/scv1-oot-019-lendingclub_v2-boruta-then-mrmr-mutual-information-lr-full-dev-k20-s42.oot_metrics.json,375,ad2ad2ed058d03daf63ac2b9db552c1348a70a5e1008ddbde2d34015dd195689,True,results/selector_combinations_v1/oot/evaluations/scv1-oot-019-lendingclub_v2-boruta-then-mrmr-mutual-information-lr-full-dev-k20-s42.json,
combination_oot,active,lendingclub_v2,boruta_then_mrmr_mutual_information,lr,state_bound_payload,results/selector_combinations_v1/oot/evaluations/scv1-oot-019-lendingclub_v2-boruta-then-mrmr-mutual-information-lr-full-dev-k20-s42.oot_predictions.csv,50780525,e5d8d2a9f848961ed9f5a1dacbc937a550acb15b4384e1d63cf90566cd6bcb0c,True,results/selector_combinations_v1/oot/evaluations/scv1-oot-019-lendingclub_v2-boruta-then-mrmr-mutual-information-lr-full-dev-k20-s42.json,
combination_oot,active,lendingclub_v2,boruta_then_rfe_catboost,,selection_state,results/selector_combinations_v1/oot/selections/scv1-lendingclub_v2-fold-0-boruta-then-rfe-catboost-k20-s42.json,158229,a25afc16c92066441c05d5b64e6b4eeaf565d9474a7fde35889e58772093dfc8,True,results/selector_combinations_v1/oot/selections/scv1-lendingclub_v2-fold-0-boruta-then-rfe-catboost-k20-s42.json,
combination_oot,active,lendingclub_v2,boruta_then_rfe_catboost,,selection_state,results/selector_combinations_v1/oot/selections/scv1-lendingclub_v2-fold-0-boruta-then-rfe-catboost-k40-s42.json,159105,cbf7b387af898d0d46c2378ebd52114fd8d1256fe36d5da70b16a3313a6e0427,True,results/selector_combinations_v1/oot/selections/scv1-lendingclub_v2-fold-0-boruta-then-rfe-catboost-k40-s42.json,
combination_oot,active,lendingclub_v2,boruta_then_rfe_catboost,,state_bound_payload,results/selector_combinations_v1/oot/selections/scv1-lendingclub_v2-fold-0-boruta-then-rfe-catboost-k20-s42.combination_result.json,140019,76b5096a3c20b36b7785e4a7cef8b8640d99a2653b0ed891254454ca31bf4e72,True,results/selector_combinations_v1/oot/selections/scv1-lendingclub_v2-fold-0-boruta-then-rfe-catboost-k20-s42.json,
combination_oot,active,lendingclub_v2,boruta_then_rfe_catboost,,state_bound_payload,results/selector_combinations_v1/oot/selections/scv1-lendingclub_v2-fold-0-boruta-then-rfe-catboost-k20-s42.final_selected_features.csv,486,95a7aeee253dd5c342efe414e9c32eac6853c315b46b0de765f4ec8da1c6bb38,True,results/selector_combinations_v1/oot/selections/scv1-lendingclub_v2-fold-0-boruta-then-rfe-catboost-k20-s42.json,
combination_oot,active,lendingclub_v2,boruta_then_rfe_catboost,,state_bound_payload,results/selector_combinations_v1/oot/selections/scv1-lendingclub_v2-fold-0-boruta-then-rfe-catboost-k20-s42.intermediate_features.csv,7049,eb201575dcf1532b56c4daadc7fdaced37403bb4c2a3fbc40fe2dad78bd36407,True,results/selector_combinations_v1/oot/selections/scv1-lendingclub_v2-fold-0-boruta-then-rfe-catboost-k20-s42.json,
combination_oot,active,lendingclub_v2,boruta_then_rfe_catboost,,state_bound_payload,results/selector_combinations_v1/oot/selections/scv1-lendingclub_v2-fold-0-boruta-then-rfe-catboost-k40-s42.combination_result.json,140276,1fe1bfb8f6ef8366808305072901bad93692de93445abd09f11bae15a2e8b811,True,results/selector_combinations_v1/oot/selections/scv1-lendingclub_v2-fold-0-boruta-then-rfe-catboost-k40-s42.json,
combination_oot,active,lendingclub_v2,boruta_then_rfe_catboost,,state_bound_payload,results/selector_combinations_v1/oot/selections/scv1-lendingclub_v2-fold-0-boruta-then-rfe-catboost-k40-s42.final_selected_features.csv,1000,24b99783d416c9744e4f7aa9606a5ea3baf00d9acd1e5c7547f8dfbf268010d4,True,results/selector_combinations_v1/oot/selections/scv1-lendingclub_v2-fold-0-boruta-then-rfe-catboost-k40-s42.json,
combination_oot,active,lendingclub_v2,boruta_then_rfe_catboost,,state_bound_payload,results/selector_combinations_v1/oot/selections/scv1-lendingclub_v2-fold-0-boruta-then-rfe-catboost-k40-s42.intermediate_features.csv,7049,eb201575dcf1532b56c4daadc7fdaced37403bb4c2a3fbc40fe2dad78bd36407,True,results/selector_combinations_v1/oot/selections/scv1-lendingclub_v2-fold-0-boruta-then-rfe-catboost-k40-s42.json,
combination_oot,active,lendingclub_v2,boruta_then_rfe_catboost,catboost,evaluation_state,results/selector_combinations_v1/oot/evaluations/scv1-oot-024-lendingclub_v2-boruta-then-rfe-catboost-catboost-full-dev-k40-s42.json,5220,3427d1ee72a2f6903a3fb58c25fae3f8cee0e222c78a89a01d523ed1d8775c17,True,results/selector_combinations_v1/oot/evaluations/scv1-oot-024-lendingclub_v2-boruta-then-rfe-catboost-catboost-full-dev-k40-s42.json,
combination_oot,active,lendingclub_v2,boruta_then_rfe_catboost,catboost,state_bound_payload,results/selector_combinations_v1/oot/evaluations/scv1-oot-024-lendingclub_v2-boruta-then-rfe-catboost-catboost-full-dev-k40-s42.final_model_configuration.json,2607,d9f6e4691e67d6c19004a21a1fd88c6fc1f060486f48b2c2e93257725e27bef3,True,results/selector_combinations_v1/oot/evaluations/scv1-oot-024-lendingclub_v2-boruta-then-rfe-catboost-catboost-full-dev-k40-s42.json,
combination_oot,active,lendingclub_v2,boruta_then_rfe_catboost,catboost,state_bound_payload,results/selector_combinations_v1/oot/evaluations/scv1-oot-024-lendingclub_v2-boruta-then-rfe-catboost-catboost-full-dev-k40-s42.oot_metrics.json,377,9bf493db5db7dcb97312f091d2d50a503f0c1aabb5bb93d07fd634db234b1f60,True,results/selector_combinations_v1/oot/evaluations/scv1-oot-024-lendingclub_v2-boruta-then-rfe-catboost-catboost-full-dev-k40-s42.json,
combination_oot,active,lendingclub_v2,boruta_then_rfe_catboost,catboost,state_bound_payload,results/selector_combinations_v1/oot/evaluations/scv1-oot-024-lendingclub_v2-boruta-then-rfe-catboost-catboost-full-dev-k40-s42.oot_predictions.csv,47858567,a3da306d201ad8f21ff83318fcd699a435847e312a02500a717204b94040592e,True,results/selector_combinations_v1/oot/evaluations/scv1-oot-024-lendingclub_v2-boruta-then-rfe-catboost-catboost-full-dev-k40-s42.json,
combination_oot,active,lendingclub_v2,boruta_then_rfe_catboost,lr,evaluation_state,results/selector_combinations_v1/oot/evaluations/scv1-oot-023-lendingclub_v2-boruta-then-rfe-catboost-lr-full-dev-k20-s42.json,5159,709453117515c3abbc9f50e6e23b49d259c982dc39761970aeaa03450e5a248c,True,results/selector_combinations_v1/oot/evaluations/scv1-oot-023-lendingclub_v2-boruta-then-rfe-catboost-lr-full-dev-k20-s42.json,
combination_oot,active,lendingclub_v2,boruta_then_rfe_catboost,lr,state_bound_payload,results/selector_combinations_v1/oot/evaluations/scv1-oot-023-lendingclub_v2-boruta-then-rfe-catboost-lr-full-dev-k20-s42.final_model_configuration.json,1283,fed8bc9deb0229f3dc2d4abb7fe843a3e6f61fcbe00be35889a96d3f35e0efba,True,results/selector_combinations_v1/oot/evaluations/scv1-oot-023-lendingclub_v2-boruta-then-rfe-catboost-lr-full-dev-k20-s42.json,
combination_oot,active,lendingclub_v2,boruta_then_rfe_catboost,lr,state_bound_payload,results/selector_combinations_v1/oot/evaluations/scv1-oot-023-lendingclub_v2-boruta-then-rfe-catboost-lr-full-dev-k20-s42.oot_metrics.json,376,32970f38d269cd92933279eeb0d6d364fa19196ba3161b418f152795e83c1d29,True,results/selector_combinations_v1/oot/evaluations/scv1-oot-023-lendingclub_v2-boruta-then-rfe-catboost-lr-full-dev-k20-s42.json,
combination_oot,active,lendingclub_v2,boruta_then_rfe_catboost,lr,state_bound_payload,results/selector_combinations_v1/oot/evaluations/scv1-oot-023-lendingclub_v2-boruta-then-rfe-catboost-lr-full-dev-k20-s42.oot_predictions.csv,44330711,addbd8bbf8bbe7a171fafc8bc24e22677306fd25bf714b1ac1a32d81ff63f3bc,True,results/selector_combinations_v1/oot/evaluations/scv1-oot-023-lendingclub_v2-boruta-then-rfe-catboost-lr-full-dev-k20-s42.json,
combination_oot,active,lendingclub_v2,iv_then_boruta,,selection_state,results/selector_combinations_v1/oot/selections/scv1-lendingclub_v2-fold-0-iv-then-boruta-pool100-s42.json,56812,9224e897d61d6b5b626a96945c843012cbc0eccbc4624b91f8255bb9dea409b6,True,results/selector_combinations_v1/oot/selections/scv1-lendingclub_v2-fold-0-iv-then-boruta-pool100-s42.json,
combination_oot,active,lendingclub_v2,iv_then_boruta,,selection_state,results/selector_combinations_v1/oot/selections/scv1-lendingclub_v2-fold-0-iv-then-boruta-pool200-s42.json,80533,a9e356651e8aa419cf56ebaa3defcac514b757b0b3262bb8fe3f6edaaf351579,True,results/selector_combinations_v1/oot/selections/scv1-lendingclub_v2-fold-0-iv-then-boruta-pool200-s42.json,
combination_oot,active,lendingclub_v2,iv_then_boruta,,selection_state,results/selector_combinations_v1/oot/selections/scv1-lendingclub_v2-fold-0-iv-then-boruta-pool300-s42.json,101808,a95f7672a14e0af066994b6dc8be30f1c7dc1f4e9a34a0d337bb4aae505bfda4,True,results/selector_combinations_v1/oot/selections/scv1-lendingclub_v2-fold-0-iv-then-boruta-pool300-s42.json,
combination_oot,active,lendingclub_v2,iv_then_boruta,,state_bound_payload,results/selector_combinations_v1/oot/selections/scv1-lendingclub_v2-fold-0-iv-then-boruta-pool100-s42.combination_result.json,44933,e8a3809e91665ae81a89c14fa6fb1522987bdf77388489cd066147ca8524af06,True,results/selector_combinations_v1/oot/selections/scv1-lendingclub_v2-fold-0-iv-then-boruta-pool100-s42.json,
combination_oot,active,lendingclub_v2,iv_then_boruta,,state_bound_payload,results/selector_combinations_v1/oot/selections/scv1-lendingclub_v2-fold-0-iv-then-boruta-pool100-s42.final_selected_features.csv,2601,97139b0e56ba1ddc0aad714707c207d3fc6c729ab5432c146f7920580629f554,True,results/selector_combinations_v1/oot/selections/scv1-lendingclub_v2-fold-0-iv-then-boruta-pool100-s42.json,
combination_oot,active,lendingclub_v2,iv_then_boruta,,state_bound_payload,results/selector_combinations_v1/oot/selections/scv1-lendingclub_v2-fold-0-iv-then-boruta-pool100-s42.intermediate_features.csv,2601,97139b0e56ba1ddc0aad714707c207d3fc6c729ab5432c146f7920580629f554,True,results/selector_combinations_v1/oot/selections/scv1-lendingclub_v2-fold-0-iv-then-boruta-pool100-s42.json,
combination_oot,active,lendingclub_v2,iv_then_boruta,,state_bound_payload,results/selector_combinations_v1/oot/selections/scv1-lendingclub_v2-fold-0-iv-then-boruta-pool200-s42.combination_result.json,63911,6207be00a27823fed54d3455b51cf13cc519ad2173c346a0e8cc8139b9cb4bde,True,results/selector_combinations_v1/oot/selections/scv1-lendingclub_v2-fold-0-iv-then-boruta-pool200-s42.json,
combination_oot,active,lendingclub_v2,iv_then_boruta,,state_bound_payload,results/selector_combinations_v1/oot/selections/scv1-lendingclub_v2-fold-0-iv-then-boruta-pool200-s42.final_selected_features.csv,4998,f52344a043444e4e723089361eb093e5454010bddd4756834fc784edcc5cf6b5,True,results/selector_combinations_v1/oot/selections/scv1-lendingclub_v2-fold-0-iv-then-boruta-pool200-s42.json,
combination_oot,active,lendingclub_v2,iv_then_boruta,,state_bound_payload,results/selector_combinations_v1/oot/selections/scv1-lendingclub_v2-fold-0-iv-then-boruta-pool200-s42.intermediate_features.csv,5532,6a03d3845cac81a01b81f7f9ef28e72b842fe5ba105cc1ccb7e9a5b031b6ef52,True,results/selector_combinations_v1/oot/selections/scv1-lendingclub_v2-fold-0-iv-then-boruta-pool200-s42.json,
combination_oot,active,lendingclub_v2,iv_then_boruta,,state_bound_payload,results/selector_combinations_v1/oot/selections/scv1-lendingclub_v2-fold-0-iv-then-boruta-pool300-s42.combination_result.json,82162,94e6f345ab0d7ec9a8bddaed2b5e5495330daa8042d61497db9198f40ccbdbb5,True,results/selector_combinations_v1/oot/selections/scv1-lendingclub_v2-fold-0-iv-then-boruta-pool300-s42.json,
combination_oot,active,lendingclub_v2,iv_then_boruta,,state_bound_payload,results/selector_combinations_v1/oot/selections/scv1-lendingclub_v2-fold-0-iv-then-boruta-pool300-s42.final_selected_features.csv,6088,d67e5145dc8006a8c1c70ba536ac224bd56d17b4938d596c197a125d039cfa44,True,results/selector_combinations_v1/oot/selections/scv1-lendingclub_v2-fold-0-iv-then-boruta-pool300-s42.json,
combination_oot,active,lendingclub_v2,iv_then_boruta,,state_bound_payload,results/selector_combinations_v1/oot/selections/scv1-lendingclub_v2-fold-0-iv-then-boruta-pool300-s42.intermediate_features.csv,8644,59b2a173a09c968ed8d309fe091f845ab2152a63467fbfd6b09aae35c18a976a,True,results/selector_combinations_v1/oot/selections/scv1-lendingclub_v2-fold-0-iv-then-boruta-pool300-s42.json,
combination_oot,active,lendingclub_v2,iv_then_boruta,catboost,evaluation_state,results/selector_combinations_v1/oot/evaluations/scv1-oot-008-lendingclub_v2-iv-then-boruta-catboost-full-dev-pool100-s42.json,5146,6e9909cdaf25638c43382657d5c82bcfb989b5728183f68af84ef014664ea9b6,True,results/selector_combinations_v1/oot/evaluations/scv1-oot-008-lendingclub_v2-iv-then-boruta-catboost-full-dev-pool100-s42.json,
combination_oot,active,lendingclub_v2,iv_then_boruta,catboost,evaluation_state,results/selector_combinations_v1/oot/evaluations/scv1-oot-012-lendingclub_v2-iv-then-boruta-catboost-full-dev-pool200-s42.json,5147,89203e8a93b9d89e1b4cb9f72f2fa9eddba47779659804b1eba1afa2eb595e7c,True,results/selector_combinations_v1/oot/evaluations/scv1-oot-012-lendingclub_v2-iv-then-boruta-catboost-full-dev-pool200-s42.json,
combination_oot,active,lendingclub_v2,iv_then_boruta,catboost,evaluation_state,results/selector_combinations_v1/oot/evaluations/scv1-oot-016-lendingclub_v2-iv-then-boruta-catboost-full-dev-pool300-s42.json,5146,dfd336eecec461130e438201353b5837cadc0f686c0d500fac30d0386f49c590,True,results/selector_combinations_v1/oot/evaluations/scv1-oot-016-lendingclub_v2-iv-then-boruta-catboost-full-dev-pool300-s42.json,
combination_oot,active,lendingclub_v2,iv_then_boruta,catboost,state_bound_payload,results/selector_combinations_v1/oot/evaluations/scv1-oot-008-lendingclub_v2-iv-then-boruta-catboost-full-dev-pool100-s42.final_model_configuration.json,4447,6fd5fff95dd6f1d189d66b3c794d00fb5ff7b719066ca874dd0e3c9fd292a85a,True,results/selector_combinations_v1/oot/evaluations/scv1-oot-008-lendingclub_v2-iv-then-boruta-catboost-full-dev-pool100-s42.json,
combination_oot,active,lendingclub_v2,iv_then_boruta,catboost,state_bound_payload,results/selector_combinations_v1/oot/evaluations/scv1-oot-008-lendingclub_v2-iv-then-boruta-catboost-full-dev-pool100-s42.oot_metrics.json,378,10ea233201fa5a4bc6c705cefa7d5f89c33b32a1180d324db653ed7d1b18bb25,True,results/selector_combinations_v1/oot/evaluations/scv1-oot-008-lendingclub_v2-iv-then-boruta-catboost-full-dev-pool100-s42.json,
combination_oot,active,lendingclub_v2,iv_then_boruta,catboost,state_bound_payload,results/selector_combinations_v1/oot/evaluations/scv1-oot-008-lendingclub_v2-iv-then-boruta-catboost-full-dev-pool100-s42.oot_predictions.csv,43168455,a1fd34d74c07eae7fd49e274e5fdcd1ec4044c6f11e84d88d84c9c4a4b184ef0,True,results/selector_combinations_v1/oot/evaluations/scv1-oot-008-lendingclub_v2-iv-then-boruta-catboost-full-dev-pool100-s42.json,
combination_oot,active,lendingclub_v2,iv_then_boruta,catboost,state_bound_payload,results/selector_combinations_v1/oot/evaluations/scv1-oot-012-lendingclub_v2-iv-then-boruta-catboost-full-dev-pool200-s42.final_model_configuration.json,7090,c253791a72374c9566f9af9e7c19547960c165e5c8f459b18a11bd5d9d1d27ff,True,results/selector_combinations_v1/oot/evaluations/scv1-oot-012-lendingclub_v2-iv-then-boruta-catboost-full-dev-pool200-s42.json,
combination_oot,active,lendingclub_v2,iv_then_boruta,catboost,state_bound_payload,results/selector_combinations_v1/oot/evaluations/scv1-oot-012-lendingclub_v2-iv-then-boruta-catboost-full-dev-pool200-s42.oot_metrics.json,378,190f45768f2bb186b33203c21cd8e3bb18c2f26ba030bedba0cf3e8c52b3428f,True,results/selector_combinations_v1/oot/evaluations/scv1-oot-012-lendingclub_v2-iv-then-boruta-catboost-full-dev-pool200-s42.json,
combination_oot,active,lendingclub_v2,iv_then_boruta,catboost,state_bound_payload,results/selector_combinations_v1/oot/evaluations/scv1-oot-012-lendingclub_v2-iv-then-boruta-catboost-full-dev-pool200-s42.oot_predictions.csv,43169400,cfc8fc146502bc66e810eb9af98b13105906146a58ce0c1602250138dbc27ce7,True,results/selector_combinations_v1/oot/evaluations/scv1-oot-012-lendingclub_v2-iv-then-boruta-catboost-full-dev-pool200-s42.json,
combination_oot,active,lendingclub_v2,iv_then_boruta,catboost,state_bound_payload,results/selector_combinations_v1/oot/evaluations/scv1-oot-016-lendingclub_v2-iv-then-boruta-catboost-full-dev-pool300-s42.final_model_configuration.json,8291,6da4a73ac7ae8f8a13931e0d250efca51afd440f81a6694c59a95d74e2cc686b,True,results/selector_combinations_v1/oot/evaluations/scv1-oot-016-lendingclub_v2-iv-then-boruta-catboost-full-dev-pool300-s42.json,
combination_oot,active,lendingclub_v2,iv_then_boruta,catboost,state_bound_payload,results/selector_combinations_v1/oot/evaluations/scv1-oot-016-lendingclub_v2-iv-then-boruta-catboost-full-dev-pool300-s42.oot_metrics.json,377,c1e2a32f9f6de9674cfaf2e36a8138da1978c758805d0a79c9678945029849f9,True,results/selector_combinations_v1/oot/evaluations/scv1-oot-016-lendingclub_v2-iv-then-boruta-catboost-full-dev-pool300-s42.json,
combination_oot,active,lendingclub_v2,iv_then_boruta,catboost,state_bound_payload,results/selector_combinations_v1/oot/evaluations/scv1-oot-016-lendingclub_v2-iv-then-boruta-catboost-full-dev-pool300-s42.oot_predictions.csv,43169798,976243eb087175c8c736d96ba2f06b95086917dfc70e6c68f36054036f1ef4a3,True,results/selector_combinations_v1/oot/evaluations/scv1-oot-016-lendingclub_v2-iv-then-boruta-catboost-full-dev-pool300-s42.json,
combination_oot,active,lendingclub_v2,iv_then_boruta,lr,evaluation_state,results/selector_combinations_v1/oot/evaluations/scv1-oot-007-lendingclub_v2-iv-then-boruta-lr-full-dev-pool100-s42.json,5082,ef4fe9a3b50228995c43f4158bdd49c7906a023f9cf9ed572d5448dd16c7377d,True,results/selector_combinations_v1/oot/evaluations/scv1-oot-007-lendingclub_v2-iv-then-boruta-lr-full-dev-pool100-s42.json,
combination_oot,active,lendingclub_v2,iv_then_boruta,lr,evaluation_state,results/selector_combinations_v1/oot/evaluations/scv1-oot-011-lendingclub_v2-iv-then-boruta-lr-full-dev-pool200-s42.json,5086,cf4ff60dd06f177e3465354c102f5be7a9bcf500d741c1627bfb1022b36758f4,True,results/selector_combinations_v1/oot/evaluations/scv1-oot-011-lendingclub_v2-iv-then-boruta-lr-full-dev-pool200-s42.json,
combination_oot,active,lendingclub_v2,iv_then_boruta,lr,evaluation_state,results/selector_combinations_v1/oot/evaluations/scv1-oot-015-lendingclub_v2-iv-then-boruta-lr-full-dev-pool300-s42.json,5085,b4eab55ca5163156de355705acb8e485dcced993cdad4b8e0aaf26e0bda55930,True,results/selector_combinations_v1/oot/evaluations/scv1-oot-015-lendingclub_v2-iv-then-boruta-lr-full-dev-pool300-s42.json,
combination_oot,active,lendingclub_v2,iv_then_boruta,lr,state_bound_payload,results/selector_combinations_v1/oot/evaluations/scv1-oot-007-lendingclub_v2-iv-then-boruta-lr-full-dev-pool100-s42.final_model_configuration.json,3717,7ccdd23ec78a70fa7ee78c10a078addd455bf066223796313eb1f2d5e979ccf3,True,results/selector_combinations_v1/oot/evaluations/scv1-oot-007-lendingclub_v2-iv-then-boruta-lr-full-dev-pool100-s42.json,
combination_oot,active,lendingclub_v2,iv_then_boruta,lr,state_bound_payload,results/selector_combinations_v1/oot/evaluations/scv1-oot-007-lendingclub_v2-iv-then-boruta-lr-full-dev-pool100-s42.oot_metrics.json,374,6f9052fbcd3a9d1644b8aa5081b572d6120d0aff3412c57b956adc5cc163b8d8,True,results/selector_combinations_v1/oot/evaluations/scv1-oot-007-lendingclub_v2-iv-then-boruta-lr-full-dev-pool100-s42.json,
combination_oot,active,lendingclub_v2,iv_then_boruta,lr,state_bound_payload,results/selector_combinations_v1/oot/evaluations/scv1-oot-007-lendingclub_v2-iv-then-boruta-lr-full-dev-pool100-s42.oot_predictions.csv,39644883,3f6342a43746a8d38c02d22d473baebe5844a38c03071fb0b8c09751d4ed0906,True,results/selector_combinations_v1/oot/evaluations/scv1-oot-007-lendingclub_v2-iv-then-boruta-lr-full-dev-pool100-s42.json,
combination_oot,active,lendingclub_v2,iv_then_boruta,lr,state_bound_payload,results/selector_combinations_v1/oot/evaluations/scv1-oot-011-lendingclub_v2-iv-then-boruta-lr-full-dev-pool200-s42.final_model_configuration.json,6360,cf972635b5c8274c37bd709da157884e79338d9010b576de082b9f2277b001df,True,results/selector_combinations_v1/oot/evaluations/scv1-oot-011-lendingclub_v2-iv-then-boruta-lr-full-dev-pool200-s42.json,
combination_oot,active,lendingclub_v2,iv_then_boruta,lr,state_bound_payload,results/selector_combinations_v1/oot/evaluations/scv1-oot-011-lendingclub_v2-iv-then-boruta-lr-full-dev-pool200-s42.oot_metrics.json,377,26fc4212c0cdfe35251f2ac16ceed3fb8a31de16d6d01d332038a1299cec97f6,True,results/selector_combinations_v1/oot/evaluations/scv1-oot-011-lendingclub_v2-iv-then-boruta-lr-full-dev-pool200-s42.json,
combination_oot,active,lendingclub_v2,iv_then_boruta,lr,state_bound_payload,results/selector_combinations_v1/oot/evaluations/scv1-oot-011-lendingclub_v2-iv-then-boruta-lr-full-dev-pool200-s42.oot_predictions.csv,39645325,21a03b4450fefc3e60d73a08ad1fb109e5dd7e3ce07ddf729caa12a93f3063a9,True,results/selector_combinations_v1/oot/evaluations/scv1-oot-011-lendingclub_v2-iv-then-boruta-lr-full-dev-pool200-s42.json,
combination_oot,active,lendingclub_v2,iv_then_boruta,lr,state_bound_payload,results/selector_combinations_v1/oot/evaluations/scv1-oot-015-lendingclub_v2-iv-then-boruta-lr-full-dev-pool300-s42.final_model_configuration.json,7561,e556613a7bd2b81e520919736aaebec777d1b800db4d740efb8f4865c6cf7798,True,results/selector_combinations_v1/oot/evaluations/scv1-oot-015-lendingclub_v2-iv-then-boruta-lr-full-dev-pool300-s42.json,
combination_oot,active,lendingclub_v2,iv_then_boruta,lr,state_bound_payload,results/selector_combinations_v1/oot/evaluations/scv1-oot-015-lendingclub_v2-iv-then-boruta-lr-full-dev-pool300-s42.oot_metrics.json,376,b43d10e28da4eb6432326855e7aa0eba09af34fecd1c141d3fac390f19041527,True,results/selector_combinations_v1/oot/evaluations/scv1-oot-015-lendingclub_v2-iv-then-boruta-lr-full-dev-pool300-s42.json,
combination_oot,active,lendingclub_v2,iv_then_boruta,lr,state_bound_payload,results/selector_combinations_v1/oot/evaluations/scv1-oot-015-lendingclub_v2-iv-then-boruta-lr-full-dev-pool300-s42.oot_predictions.csv,39645544,fc33453348d971a6f14e2eaded5001fd537f154eba4acc0bc884a272a2afef2e,True,results/selector_combinations_v1/oot/evaluations/scv1-oot-015-lendingclub_v2-iv-then-boruta-lr-full-dev-pool300-s42.json,
combination_oot,active,lendingclub_v2,statistical_normalized_average_rank,,selection_state,results/selector_combinations_v1/oot/selections/scv1-lendingclub_v2-fold-0-statistical-normalized-average-rank-k20-s42.json,1376691,d86840733b350021ab467dec6d18944374eab81b1f9e990cc1138c82d3c2836f,True,results/selector_combinations_v1/oot/selections/scv1-lendingclub_v2-fold-0-statistical-normalized-average-rank-k20-s42.json,
combination_oot,active,lendingclub_v2,statistical_normalized_average_rank,,selection_state,results/selector_combinations_v1/oot/selections/scv1-lendingclub_v2-fold-0-statistical-normalized-average-rank-k40-s42.json,1377393,0653517000646b16d0c315e8c3e5d3e1d6c75269582d158f668a034a8ffd7d21,True,results/selector_combinations_v1/oot/selections/scv1-lendingclub_v2-fold-0-statistical-normalized-average-rank-k40-s42.json,
combination_oot,active,lendingclub_v2,statistical_normalized_average_rank,,state_bound_payload,results/selector_combinations_v1/oot/selections/scv1-lendingclub_v2-fold-0-statistical-normalized-average-rank-k20-s42.combination_result.json,1273992,1f1adfc3a53eee8dbf6a58a9d2ac838fd7bdd41f623e90b18d568a5d60d45686,True,results/selector_combinations_v1/oot/selections/scv1-lendingclub_v2-fold-0-statistical-normalized-average-rank-k20-s42.json,
combination_oot,active,lendingclub_v2,statistical_normalized_average_rank,,state_bound_payload,results/selector_combinations_v1/oot/selections/scv1-lendingclub_v2-fold-0-statistical-normalized-average-rank-k20-s42.final_selected_features.csv,519,d331cdbff4a1ee4dfc2be863beda9072b7ba8a53da7d3d3c647c4cb756e8d9ab,True,results/selector_combinations_v1/oot/selections/scv1-lendingclub_v2-fold-0-statistical-normalized-average-rank-k20-s42.json,
combination_oot,active,lendingclub_v2,statistical_normalized_average_rank,,state_bound_payload,results/selector_combinations_v1/oot/selections/scv1-lendingclub_v2-fold-0-statistical-normalized-average-rank-k20-s42.voting_evidence.csv,406850,c310e22d39bfaec682d53b9a3b90999d0718d5460d3472700d9691194971d216,True,results/selector_combinations_v1/oot/selections/scv1-lendingclub_v2-fold-0-statistical-normalized-average-rank-k20-s42.json,
combination_oot,active,lendingclub_v2,statistical_normalized_average_rank,,state_bound_payload,results/selector_combinations_v1/oot/selections/scv1-lendingclub_v2-fold-0-statistical-normalized-average-rank-k40-s42.combination_result.json,1274059,29c97ccd47fb3ff5cf1eb914f818ae7100db5e9b336517c0a2c6a0b16fa44be0,True,results/selector_combinations_v1/oot/selections/scv1-lendingclub_v2-fold-0-statistical-normalized-average-rank-k40-s42.json,
combination_oot,active,lendingclub_v2,statistical_normalized_average_rank,,state_bound_payload,results/selector_combinations_v1/oot/selections/scv1-lendingclub_v2-fold-0-statistical-normalized-average-rank-k40-s42.final_selected_features.csv,1081,6a1806c52d72bc8e163dc5eec4b3357ac9ef4b6acf7a4643940e51267bbd0e10,True,results/selector_combinations_v1/oot/selections/scv1-lendingclub_v2-fold-0-statistical-normalized-average-rank-k40-s42.json,
combination_oot,active,lendingclub_v2,statistical_normalized_average_rank,,state_bound_payload,results/selector_combinations_v1/oot/selections/scv1-lendingclub_v2-fold-0-statistical-normalized-average-rank-k40-s42.voting_evidence.csv,406830,9313fa00a2dd6217afe0c55560d14a1953e7e7e270c73e4c86279ae78d2e45b7,True,results/selector_combinations_v1/oot/selections/scv1-lendingclub_v2-fold-0-statistical-normalized-average-rank-k40-s42.json,
combination_oot,active,lendingclub_v2,statistical_normalized_average_rank,catboost,evaluation_state,results/selector_combinations_v1/oot/evaluations/scv1-oot-004-lendingclub_v2-statistical-normalized-average-rank-catboost-full-dev-k40-s42.json,5351,645d52a8dac564735bf88470f6edb3932d0fabb12c3a963dc6e8a0d1b538d269,True,results/selector_combinations_v1/oot/evaluations/scv1-oot-004-lendingclub_v2-statistical-normalized-average-rank-catboost-full-dev-k40-s42.json,
combination_oot,active,lendingclub_v2,statistical_normalized_average_rank,catboost,state_bound_payload,results/selector_combinations_v1/oot/evaluations/scv1-oot-004-lendingclub_v2-statistical-normalized-average-rank-catboost-full-dev-k40-s42.final_model_configuration.json,2688,7b8be38e24abf0dfb472223d67827dbc49148bc1fe6875dd52684c438d7d099a,True,results/selector_combinations_v1/oot/evaluations/scv1-oot-004-lendingclub_v2-statistical-normalized-average-rank-catboost-full-dev-k40-s42.json,
combination_oot,active,lendingclub_v2,statistical_normalized_average_rank,catboost,state_bound_payload,results/selector_combinations_v1/oot/evaluations/scv1-oot-004-lendingclub_v2-statistical-normalized-average-rank-catboost-full-dev-k40-s42.oot_metrics.json,377,2b9d1366cf2b324c9284f0e5f79f80a303353bab9826b9b1afa80db0a92898a0,True,results/selector_combinations_v1/oot/evaluations/scv1-oot-004-lendingclub_v2-statistical-normalized-average-rank-catboost-full-dev-k40-s42.json,
combination_oot,active,lendingclub_v2,statistical_normalized_average_rank,catboost,state_bound_payload,results/selector_combinations_v1/oot/evaluations/scv1-oot-004-lendingclub_v2-statistical-normalized-average-rank-catboost-full-dev-k40-s42.oot_predictions.csv,54304053,b3c405c215097b958e7a17aa92db7343eeb0d1cb622fa1f810d236c0b3c17bca,True,results/selector_combinations_v1/oot/evaluations/scv1-oot-004-lendingclub_v2-statistical-normalized-average-rank-catboost-full-dev-k40-s42.json,
combination_oot,active,lendingclub_v2,statistical_normalized_average_rank,lr,evaluation_state,results/selector_combinations_v1/oot/evaluations/scv1-oot-003-lendingclub_v2-statistical-normalized-average-rank-lr-full-dev-k20-s42.json,5289,30fd00c0c9d3c42bb4ba4f7dacb1f7f68c8c18a5f7cba1cfcdc72f3399203d76,True,results/selector_combinations_v1/oot/evaluations/scv1-oot-003-lendingclub_v2-statistical-normalized-average-rank-lr-full-dev-k20-s42.json,
combination_oot,active,lendingclub_v2,statistical_normalized_average_rank,lr,state_bound_payload,results/selector_combinations_v1/oot/evaluations/scv1-oot-003-lendingclub_v2-statistical-normalized-average-rank-lr-full-dev-k20-s42.final_model_configuration.json,1316,ebc9ef42cd22a64a9556fc7fdb213e2a4e4ecce067e689a7c5044031065b7a93,True,results/selector_combinations_v1/oot/evaluations/scv1-oot-003-lendingclub_v2-statistical-normalized-average-rank-lr-full-dev-k20-s42.json,
combination_oot,active,lendingclub_v2,statistical_normalized_average_rank,lr,state_bound_payload,results/selector_combinations_v1/oot/evaluations/scv1-oot-003-lendingclub_v2-statistical-normalized-average-rank-lr-full-dev-k20-s42.oot_metrics.json,376,c57c509ffafba72d4edd6b36399c8768519158773fba89c6c94d35ffc50792ce,True,results/selector_combinations_v1/oot/evaluations/scv1-oot-003-lendingclub_v2-statistical-normalized-average-rank-lr-full-dev-k20-s42.json,
combination_oot,active,lendingclub_v2,statistical_normalized_average_rank,lr,state_bound_payload,results/selector_combinations_v1/oot/evaluations/scv1-oot-003-lendingclub_v2-statistical-normalized-average-rank-lr-full-dev-k20-s42.oot_predictions.csv,50780362,e8d7f42e9a0c159729634d73ae03b6ccc1418d6e482f39995a021b1185989307,True,results/selector_combinations_v1/oot/evaluations/scv1-oot-003-lendingclub_v2-statistical-normalized-average-rank-lr-full-dev-k20-s42.json,
combination_pilot,active,homecredit,boruta_then_mrmr_mutual_information,,selection_state,results/selector_combinations_v1/pilot/selections/scv1-homecredit-fold-1-boruta-then-mrmr-mutual-information-k20-s42.json,106709,c7819d864197f27b7a56604458a4303a4435a8fb9b52062869ded77f8b2f9693,True,results/selector_combinations_v1/pilot/selections/scv1-homecredit-fold-1-boruta-then-mrmr-mutual-information-k20-s42.json,
combination_pilot,active,homecredit,boruta_then_mrmr_mutual_information,,selection_state,results/selector_combinations_v1/pilot/selections/scv1-homecredit-fold-1-boruta-then-mrmr-mutual-information-k40-s42.json,107039,bb5124d33a5499d9f8141cb0ec9b5f6eaf2023f29e89b812205ac58722f5260c,True,results/selector_combinations_v1/pilot/selections/scv1-homecredit-fold-1-boruta-then-mrmr-mutual-information-k40-s42.json,
combination_pilot,active,homecredit,boruta_then_mrmr_mutual_information,,state_bound_payload,results/selector_combinations_v1/pilot/selections/scv1-homecredit-fold-1-boruta-then-mrmr-mutual-information-k20-s42.combination_result.json,93397,c54d1ddb92af3d874ce9f663cccd806e9fcc009f56a3405ce5f2586a3bf1b13f,True,results/selector_combinations_v1/pilot/selections/scv1-homecredit-fold-1-boruta-then-mrmr-mutual-information-k20-s42.json,
combination_pilot,active,homecredit,boruta_then_mrmr_mutual_information,,state_bound_payload,results/selector_combinations_v1/pilot/selections/scv1-homecredit-fold-1-boruta-then-mrmr-mutual-information-k20-s42.final_selected_features.csv,497,11d094a113f19e97a6c4103eab069b12a8f5aee9ce1f5faff8b0555f524fa78a,True,results/selector_combinations_v1/pilot/selections/scv1-homecredit-fold-1-boruta-then-mrmr-mutual-information-k20-s42.json,
combination_pilot,active,homecredit,boruta_then_mrmr_mutual_information,,state_bound_payload,results/selector_combinations_v1/pilot/selections/scv1-homecredit-fold-1-boruta-then-mrmr-mutual-information-k20-s42.intermediate_features.csv,654,12e5ed315d021ab7226f244e810bae56ce472e45948a009bd2403cf5060ea4f5,True,results/selector_combinations_v1/pilot/selections/scv1-homecredit-fold-1-boruta-then-mrmr-mutual-information-k20-s42.json,
combination_pilot,active,homecredit,boruta_then_mrmr_mutual_information,,state_bound_payload,results/selector_combinations_v1/pilot/selections/scv1-homecredit-fold-1-boruta-then-mrmr-mutual-information-k40-s42.combination_result.json,93522,876d6bed260cb148b3497f052fc1730b1a91d093a01a77a91e32edffd1ff9953,True,results/selector_combinations_v1/pilot/selections/scv1-homecredit-fold-1-boruta-then-mrmr-mutual-information-k40-s42.json,
combination_pilot,active,homecredit,boruta_then_mrmr_mutual_information,,state_bound_payload,results/selector_combinations_v1/pilot/selections/scv1-homecredit-fold-1-boruta-then-mrmr-mutual-information-k40-s42.final_selected_features.csv,654,12e5ed315d021ab7226f244e810bae56ce472e45948a009bd2403cf5060ea4f5,True,results/selector_combinations_v1/pilot/selections/scv1-homecredit-fold-1-boruta-then-mrmr-mutual-information-k40-s42.json,
combination_pilot,active,homecredit,boruta_then_mrmr_mutual_information,,state_bound_payload,results/selector_combinations_v1/pilot/selections/scv1-homecredit-fold-1-boruta-then-mrmr-mutual-information-k40-s42.intermediate_features.csv,654,12e5ed315d021ab7226f244e810bae56ce472e45948a009bd2403cf5060ea4f5,True,results/selector_combinations_v1/pilot/selections/scv1-homecredit-fold-1-boruta-then-mrmr-mutual-information-k40-s42.json,
combination_pilot,active,homecredit,boruta_then_mrmr_mutual_information,catboost,evaluation_state,results/selector_combinations_v1/pilot/evaluations/scv1-pilot-018-homecredit-boruta-then-mrmr-mutual-information-catboost-k40-s42.json,7955,2721f79443b84809b49ae5aaddffb51da96c175b1cf18eecececfeb469bc86cb,True,results/selector_combinations_v1/pilot/evaluations/scv1-pilot-018-homecredit-boruta-then-mrmr-mutual-information-catboost-k40-s42.json,
combination_pilot,active,homecredit,boruta_then_mrmr_mutual_information,catboost,state_bound_payload,results/selector_combinations_v1/pilot/evaluations/scv1-pilot-018-homecredit-boruta-then-mrmr-mutual-information-catboost-k40-s42.dev_metrics.json,628,8d0778e7936e2aaa6bac711c45b764478d26b3e409a30e3ee81e3bf3789111e7,True,results/selector_combinations_v1/pilot/evaluations/scv1-pilot-018-homecredit-boruta-then-mrmr-mutual-information-catboost-k40-s42.json,
combination_pilot,active,homecredit,boruta_then_mrmr_mutual_information,catboost,state_bound_payload,results/selector_combinations_v1/pilot/evaluations/scv1-pilot-018-homecredit-boruta-then-mrmr-mutual-information-catboost-k40-s42.dev_predictions.csv,2851347,feef37d6acfcfca3dc68f28e5b47cc1f2a381d043568f8741ed6814c61bed65b,True,results/selector_combinations_v1/pilot/evaluations/scv1-pilot-018-homecredit-boruta-then-mrmr-mutual-information-catboost-k40-s42.json,
combination_pilot,active,homecredit,boruta_then_mrmr_mutual_information,catboost,state_bound_payload,results/selector_combinations_v1/pilot/evaluations/scv1-pilot-018-homecredit-boruta-then-mrmr-mutual-information-catboost-k40-s42.final_model_configuration.json,1908,4677677d1cb9cafff837aa53a9fa66fb27aebcd550fcd68bd05d5403b53315d1,True,results/selector_combinations_v1/pilot/evaluations/scv1-pilot-018-homecredit-boruta-then-mrmr-mutual-information-catboost-k40-s42.json,
combination_pilot,active,homecredit,boruta_then_mrmr_mutual_information,lr,evaluation_state,results/selector_combinations_v1/pilot/evaluations/scv1-pilot-017-homecredit-boruta-then-mrmr-mutual-information-lr-k20-s42.json,7116,b82b7182f87b17908e1d437e0beb1a097fcda736b5012e6fb1ea9e9a77a1dc5d,True,results/selector_combinations_v1/pilot/evaluations/scv1-pilot-017-homecredit-boruta-then-mrmr-mutual-information-lr-k20-s42.json,
combination_pilot,active,homecredit,boruta_then_mrmr_mutual_information,lr,state_bound_payload,results/selector_combinations_v1/pilot/evaluations/scv1-pilot-017-homecredit-boruta-then-mrmr-mutual-information-lr-k20-s42.dev_metrics.json,637,775ab4d6085c52126af30c045ea94c48aa24adfbc959321df14643ae43a928b6,True,results/selector_combinations_v1/pilot/evaluations/scv1-pilot-017-homecredit-boruta-then-mrmr-mutual-information-lr-k20-s42.json,
combination_pilot,active,homecredit,boruta_then_mrmr_mutual_information,lr,state_bound_payload,results/selector_combinations_v1/pilot/evaluations/scv1-pilot-017-homecredit-boruta-then-mrmr-mutual-information-lr-k20-s42.dev_predictions.csv,2646494,137259c98422c89d13d77bbd029c8a1daf5071b7d81b1df7335a73ad601cdf8e,True,results/selector_combinations_v1/pilot/evaluations/scv1-pilot-017-homecredit-boruta-then-mrmr-mutual-information-lr-k20-s42.json,
combination_pilot,active,homecredit,boruta_then_mrmr_mutual_information,lr,state_bound_payload,results/selector_combinations_v1/pilot/evaluations/scv1-pilot-017-homecredit-boruta-then-mrmr-mutual-information-lr-k20-s42.final_model_configuration.json,1208,23ada95e0f85d6c5567ea9ff168c512133154e10cf2b1a8c4ffac63b30c177d9,True,results/selector_combinations_v1/pilot/evaluations/scv1-pilot-017-homecredit-boruta-then-mrmr-mutual-information-lr-k20-s42.json,
combination_pilot,active,homecredit,boruta_then_rfe_catboost,,selection_state,results/selector_combinations_v1/pilot/selections/scv1-homecredit-fold-1-boruta-then-rfe-catboost-k20-s42.json,109700,5db78e87884fba1208db81c359462430d1da01c4f7deabd5ac86bc827be4a9c7,True,results/selector_combinations_v1/pilot/selections/scv1-homecredit-fold-1-boruta-then-rfe-catboost-k20-s42.json,
combination_pilot,active,homecredit,boruta_then_rfe_catboost,,selection_state,results/selector_combinations_v1/pilot/selections/scv1-homecredit-fold-1-boruta-then-rfe-catboost-k40-s42.json,107389,2155f5918b50e86d85044023f8c045b1fe92ce7fe16f227d9c888d96bda0e621,True,results/selector_combinations_v1/pilot/selections/scv1-homecredit-fold-1-boruta-then-rfe-catboost-k40-s42.json,
combination_pilot,active,homecredit,boruta_then_rfe_catboost,,state_bound_payload,results/selector_combinations_v1/pilot/selections/scv1-homecredit-fold-1-boruta-then-rfe-catboost-k20-s42.combination_result.json,95967,54e2629ddfa1a2a73a15d9fb14f9efac1a24ab63bca07ea593abf344ebfa4dff,True,results/selector_combinations_v1/pilot/selections/scv1-homecredit-fold-1-boruta-then-rfe-catboost-k20-s42.json,
combination_pilot,active,homecredit,boruta_then_rfe_catboost,,state_bound_payload,results/selector_combinations_v1/pilot/selections/scv1-homecredit-fold-1-boruta-then-rfe-catboost-k20-s42.final_selected_features.csv,502,3979eb32817d98ab8e5735ee5fc256eadc02cdfc595634536269e32aa797489c,True,results/selector_combinations_v1/pilot/selections/scv1-homecredit-fold-1-boruta-then-rfe-catboost-k20-s42.json,
combination_pilot,active,homecredit,boruta_then_rfe_catboost,,state_bound_payload,results/selector_combinations_v1/pilot/selections/scv1-homecredit-fold-1-boruta-then-rfe-catboost-k20-s42.intermediate_features.csv,654,12e5ed315d021ab7226f244e810bae56ce472e45948a009bd2403cf5060ea4f5,True,results/selector_combinations_v1/pilot/selections/scv1-homecredit-fold-1-boruta-then-rfe-catboost-k20-s42.json,
combination_pilot,active,homecredit,boruta_then_rfe_catboost,,state_bound_payload,results/selector_combinations_v1/pilot/selections/scv1-homecredit-fold-1-boruta-then-rfe-catboost-k40-s42.combination_result.json,93692,2801e3b4dfc4803e7cc137781d7902b32da973913a344c57d1e9ff60925dd64d,True,results/selector_combinations_v1/pilot/selections/scv1-homecredit-fold-1-boruta-then-rfe-catboost-k40-s42.json,
combination_pilot,active,homecredit,boruta_then_rfe_catboost,,state_bound_payload,results/selector_combinations_v1/pilot/selections/scv1-homecredit-fold-1-boruta-then-rfe-catboost-k40-s42.final_selected_features.csv,654,12e5ed315d021ab7226f244e810bae56ce472e45948a009bd2403cf5060ea4f5,True,results/selector_combinations_v1/pilot/selections/scv1-homecredit-fold-1-boruta-then-rfe-catboost-k40-s42.json,
combination_pilot,active,homecredit,boruta_then_rfe_catboost,,state_bound_payload,results/selector_combinations_v1/pilot/selections/scv1-homecredit-fold-1-boruta-then-rfe-catboost-k40-s42.intermediate_features.csv,654,12e5ed315d021ab7226f244e810bae56ce472e45948a009bd2403cf5060ea4f5,True,results/selector_combinations_v1/pilot/selections/scv1-homecredit-fold-1-boruta-then-rfe-catboost-k40-s42.json,
combination_pilot,active,homecredit,boruta_then_rfe_catboost,catboost,evaluation_state,results/selector_combinations_v1/pilot/evaluations/scv1-pilot-022-homecredit-boruta-then-rfe-catboost-catboost-k40-s42.json,7823,5c5115a6964d7006cd5bb2d6ca2281cf5cacabd50a29f42ce8f1ef1309bd26b0,True,results/selector_combinations_v1/pilot/evaluations/scv1-pilot-022-homecredit-boruta-then-rfe-catboost-catboost-k40-s42.json,
combination_pilot,active,homecredit,boruta_then_rfe_catboost,catboost,state_bound_payload,results/selector_combinations_v1/pilot/evaluations/scv1-pilot-022-homecredit-boruta-then-rfe-catboost-catboost-k40-s42.dev_metrics.json,628,8d0778e7936e2aaa6bac711c45b764478d26b3e409a30e3ee81e3bf3789111e7,True,results/selector_combinations_v1/pilot/evaluations/scv1-pilot-022-homecredit-boruta-then-rfe-catboost-catboost-k40-s42.json,
combination_pilot,active,homecredit,boruta_then_rfe_catboost,catboost,state_bound_payload,results/selector_combinations_v1/pilot/evaluations/scv1-pilot-022-homecredit-boruta-then-rfe-catboost-catboost-k40-s42.dev_predictions.csv,2483507,7091a0382a11f148a3b7b6dcc5ec8674a424f06eb26c6e379af4c9ea7553fc83,True,results/selector_combinations_v1/pilot/evaluations/scv1-pilot-022-homecredit-boruta-then-rfe-catboost-catboost-k40-s42.json,
combination_pilot,active,homecredit,boruta_then_rfe_catboost,catboost,state_bound_payload,results/selector_combinations_v1/pilot/evaluations/scv1-pilot-022-homecredit-boruta-then-rfe-catboost-catboost-k40-s42.final_model_configuration.json,1908,4677677d1cb9cafff837aa53a9fa66fb27aebcd550fcd68bd05d5403b53315d1,True,results/selector_combinations_v1/pilot/evaluations/scv1-pilot-022-homecredit-boruta-then-rfe-catboost-catboost-k40-s42.json,
combination_pilot,active,homecredit,boruta_then_rfe_catboost,lr,evaluation_state,results/selector_combinations_v1/pilot/evaluations/scv1-pilot-021-homecredit-boruta-then-rfe-catboost-lr-k20-s42.json,6981,e2d697b506ff6ed44b0b24dd0a9d347b19275e48748aa7047307b943ec4cc49e,True,results/selector_combinations_v1/pilot/evaluations/scv1-pilot-021-homecredit-boruta-then-rfe-catboost-lr-k20-s42.json,
combination_pilot,active,homecredit,boruta_then_rfe_catboost,lr,state_bound_payload,results/selector_combinations_v1/pilot/evaluations/scv1-pilot-021-homecredit-boruta-then-rfe-catboost-lr-k20-s42.dev_metrics.json,634,e4a5fc97719699d7e9bb4e9b0d5a838fca05f98cf2593ecc576ea1981857d582,True,results/selector_combinations_v1/pilot/evaluations/scv1-pilot-021-homecredit-boruta-then-rfe-catboost-lr-k20-s42.json,
combination_pilot,active,homecredit,boruta_then_rfe_catboost,lr,state_bound_payload,results/selector_combinations_v1/pilot/evaluations/scv1-pilot-021-homecredit-boruta-then-rfe-catboost-lr-k20-s42.dev_predictions.csv,2278761,0aeb7da58ffd03a7d80f404310ad79342e8fcfae6b06fd82e863ba853bee15ea,True,results/selector_combinations_v1/pilot/evaluations/scv1-pilot-021-homecredit-boruta-then-rfe-catboost-lr-k20-s42.json,
combination_pilot,active,homecredit,boruta_then_rfe_catboost,lr,state_bound_payload,results/selector_combinations_v1/pilot/evaluations/scv1-pilot-021-homecredit-boruta-then-rfe-catboost-lr-k20-s42.final_model_configuration.json,1208,23ada95e0f85d6c5567ea9ff168c512133154e10cf2b1a8c4ffac63b30c177d9,True,results/selector_combinations_v1/pilot/evaluations/scv1-pilot-021-homecredit-boruta-then-rfe-catboost-lr-k20-s42.json,
combination_pilot,active,homecredit,iv_then_boruta,,selection_state,results/selector_combinations_v1/pilot/selections/scv1-homecredit-fold-1-iv-then-boruta-pool100-s42.json,46345,c070106b3d652b2c5539f2905fc15fd71645281c0819891e651978d482324ec8,True,results/selector_combinations_v1/pilot/selections/scv1-homecredit-fold-1-iv-then-boruta-pool100-s42.json,
combination_pilot,active,homecredit,iv_then_boruta,,selection_state,results/selector_combinations_v1/pilot/selections/scv1-homecredit-fold-1-iv-then-boruta-pool200-s42.json,64935,fbde56025e0bdf80ac88b67215089453bfe672b6c0acfae44aadbcaff526b2c0,True,results/selector_combinations_v1/pilot/selections/scv1-homecredit-fold-1-iv-then-boruta-pool200-s42.json,
combination_pilot,active,homecredit,iv_then_boruta,,selection_state,results/selector_combinations_v1/pilot/selections/scv1-homecredit-fold-1-iv-then-boruta-pool300-s42.json,83282,acc249d017fe50405ed9a4a52867d065a4921af0ad58fe5b64888627d95bdcc2,True,results/selector_combinations_v1/pilot/selections/scv1-homecredit-fold-1-iv-then-boruta-pool300-s42.json,
combination_pilot,active,homecredit,iv_then_boruta,,state_bound_payload,results/selector_combinations_v1/pilot/selections/scv1-homecredit-fold-1-iv-then-boruta-pool100-s42.combination_result.json,37971,a89f12ad8e49da208ffa16bf1e6518c8d11be3904819a574c04c9b797110f79a,True,results/selector_combinations_v1/pilot/selections/scv1-homecredit-fold-1-iv-then-boruta-pool100-s42.json,
combination_pilot,active,homecredit,iv_then_boruta,,state_bound_payload,results/selector_combinations_v1/pilot/selections/scv1-homecredit-fold-1-iv-then-boruta-pool100-s42.final_selected_features.csv,490,772fafead6372cc8e2fc8c84b3e0e0f1431a71381fa21c74fffcc626da299cc8,True,results/selector_combinations_v1/pilot/selections/scv1-homecredit-fold-1-iv-then-boruta-pool100-s42.json,
combination_pilot,active,homecredit,iv_then_boruta,,state_bound_payload,results/selector_combinations_v1/pilot/selections/scv1-homecredit-fold-1-iv-then-boruta-pool100-s42.intermediate_features.csv,2740,963f9cf7c5ffa420a27b166f04f9c646731c4e428a2593fc6806eaae43a6c998,True,results/selector_combinations_v1/pilot/selections/scv1-homecredit-fold-1-iv-then-boruta-pool100-s42.json,
combination_pilot,active,homecredit,iv_then_boruta,,state_bound_payload,results/selector_combinations_v1/pilot/selections/scv1-homecredit-fold-1-iv-then-boruta-pool200-s42.combination_result.json,54772,4ebaaff25accbb220cd58efea5503b887cc64a9ffde43801e32e012564495624,True,results/selector_combinations_v1/pilot/selections/scv1-homecredit-fold-1-iv-then-boruta-pool200-s42.json,
combination_pilot,active,homecredit,iv_then_boruta,,state_bound_payload,results/selector_combinations_v1/pilot/selections/scv1-homecredit-fold-1-iv-then-boruta-pool200-s42.final_selected_features.csv,629,3a83f9900a623749c286bb0c8a5c8ec826cb4e3c27a3bac4e31464bfb5689b7f,True,results/selector_combinations_v1/pilot/selections/scv1-homecredit-fold-1-iv-then-boruta-pool200-s42.json,
combination_pilot,active,homecredit,iv_then_boruta,,state_bound_payload,results/selector_combinations_v1/pilot/selections/scv1-homecredit-fold-1-iv-then-boruta-pool200-s42.intermediate_features.csv,5734,aab943b0093814713fa544ecee107b321a0ae81a60b9e313bea5c0005d8ed510,True,results/selector_combinations_v1/pilot/selections/scv1-homecredit-fold-1-iv-then-boruta-pool200-s42.json,
combination_pilot,active,homecredit,iv_then_boruta,,state_bound_payload,results/selector_combinations_v1/pilot/selections/scv1-homecredit-fold-1-iv-then-boruta-pool300-s42.combination_result.json,71412,6050cfa7e02fb38d8c70ba1fe3482b85618e61b234bef7b32c003e32cef1e625,True,results/selector_combinations_v1/pilot/selections/scv1-homecredit-fold-1-iv-then-boruta-pool300-s42.json,
combination_pilot,active,homecredit,iv_then_boruta,,state_bound_payload,results/selector_combinations_v1/pilot/selections/scv1-homecredit-fold-1-iv-then-boruta-pool300-s42.final_selected_features.csv,706,b6e638a6f99634a6499a1c4c51972a24c5b69bd491dd66835f73e51ed69f61c4,True,results/selector_combinations_v1/pilot/selections/scv1-homecredit-fold-1-iv-then-boruta-pool300-s42.json,
combination_pilot,active,homecredit,iv_then_boruta,,state_bound_payload,results/selector_combinations_v1/pilot/selections/scv1-homecredit-fold-1-iv-then-boruta-pool300-s42.intermediate_features.csv,8699,4ec541814836d68b1b7ec8f540e5fb9d8fd9ad04c78963e2afbae552ec7f1e79,True,results/selector_combinations_v1/pilot/selections/scv1-homecredit-fold-1-iv-then-boruta-pool300-s42.json,
combination_pilot,active,homecredit,iv_then_boruta,catboost,evaluation_state,results/selector_combinations_v1/pilot/evaluations/scv1-pilot-006-homecredit-iv-then-boruta-catboost-pool100-s42.json,7755,558d5ebcd7f1ec94ac5cbe860266df2352fb4951731ead86e084c4aa66bddcd3,True,results/selector_combinations_v1/pilot/evaluations/scv1-pilot-006-homecredit-iv-then-boruta-catboost-pool100-s42.json,
combination_pilot,active,homecredit,iv_then_boruta,catboost,evaluation_state,results/selector_combinations_v1/pilot/evaluations/scv1-pilot-010-homecredit-iv-then-boruta-catboost-pool200-s42.json,7752,a795f7ddd5611945086ae6df2fd7efc17bbaf6fa64c2a7f88ab288ab0785037f,True,results/selector_combinations_v1/pilot/evaluations/scv1-pilot-010-homecredit-iv-then-boruta-catboost-pool200-s42.json,
combination_pilot,active,homecredit,iv_then_boruta,catboost,evaluation_state,results/selector_combinations_v1/pilot/evaluations/scv1-pilot-014-homecredit-iv-then-boruta-catboost-pool300-s42.json,7756,54563242fc8e0c1301e1b15cfae45f980e398444d63bd19b16f0775b55c6b35e,True,results/selector_combinations_v1/pilot/evaluations/scv1-pilot-014-homecredit-iv-then-boruta-catboost-pool300-s42.json,
combination_pilot,active,homecredit,iv_then_boruta,catboost,state_bound_payload,results/selector_combinations_v1/pilot/evaluations/scv1-pilot-006-homecredit-iv-then-boruta-catboost-pool100-s42.dev_metrics.json,636,c34c480f23b356279798760f1ad077dabc0d4f12161e05467bf8e47038619007,True,results/selector_combinations_v1/pilot/evaluations/scv1-pilot-006-homecredit-iv-then-boruta-catboost-pool100-s42.json,
combination_pilot,active,homecredit,iv_then_boruta,catboost,state_bound_payload,results/selector_combinations_v1/pilot/evaluations/scv1-pilot-006-homecredit-iv-then-boruta-catboost-pool100-s42.dev_predictions.csv,2215766,b63479db5e3201ff2a02f66aa63ec22420524276bb7ea457c43fd1948c067c4e,True,results/selector_combinations_v1/pilot/evaluations/scv1-pilot-006-homecredit-iv-then-boruta-catboost-pool100-s42.json,
combination_pilot,active,homecredit,iv_then_boruta,catboost,state_bound_payload,results/selector_combinations_v1/pilot/evaluations/scv1-pilot-006-homecredit-iv-then-boruta-catboost-pool100-s42.final_model_configuration.json,1908,ca215c389693c0363c5ab3234a72be3556960bcd9416d755aba92263fa1cea30,True,results/selector_combinations_v1/pilot/evaluations/scv1-pilot-006-homecredit-iv-then-boruta-catboost-pool100-s42.json,
combination_pilot,active,homecredit,iv_then_boruta,catboost,state_bound_payload,results/selector_combinations_v1/pilot/evaluations/scv1-pilot-010-homecredit-iv-then-boruta-catboost-pool200-s42.dev_metrics.json,632,0515e427f2013431162bcf79b5ddf57a7dfbbebd3145c174bb71551ec74ad06c,True,results/selector_combinations_v1/pilot/evaluations/scv1-pilot-010-homecredit-iv-then-boruta-catboost-pool200-s42.json,
combination_pilot,active,homecredit,iv_then_boruta,catboost,state_bound_payload,results/selector_combinations_v1/pilot/evaluations/scv1-pilot-010-homecredit-iv-then-boruta-catboost-pool200-s42.dev_predictions.csv,2216133,3cda45ddce4e436a0aa6931c91c4c2a60f034ffbfca212372128b66d504c6956,True,results/selector_combinations_v1/pilot/evaluations/scv1-pilot-010-homecredit-iv-then-boruta-catboost-pool200-s42.json,
combination_pilot,active,homecredit,iv_then_boruta,catboost,state_bound_payload,results/selector_combinations_v1/pilot/evaluations/scv1-pilot-010-homecredit-iv-then-boruta-catboost-pool200-s42.final_model_configuration.json,1908,2f341a650b44d5603787e80ee37bfa5a859ff9815d7a11a126bfdc55384d12e8,True,results/selector_combinations_v1/pilot/evaluations/scv1-pilot-010-homecredit-iv-then-boruta-catboost-pool200-s42.json,
combination_pilot,active,homecredit,iv_then_boruta,catboost,state_bound_payload,results/selector_combinations_v1/pilot/evaluations/scv1-pilot-014-homecredit-iv-then-boruta-catboost-pool300-s42.dev_metrics.json,636,ef38a5fe112f042a7a6620979dc127e893fdbf6d714860f2dac1bde1ba19bd61,True,results/selector_combinations_v1/pilot/evaluations/scv1-pilot-014-homecredit-iv-then-boruta-catboost-pool300-s42.json,
combination_pilot,active,homecredit,iv_then_boruta,catboost,state_bound_payload,results/selector_combinations_v1/pilot/evaluations/scv1-pilot-014-homecredit-iv-then-boruta-catboost-pool300-s42.dev_predictions.csv,2216127,8fb8b674a0df4efbe7c9f5e0232ace37f07abed0aebc0e1162379799b5fb5370,True,results/selector_combinations_v1/pilot/evaluations/scv1-pilot-014-homecredit-iv-then-boruta-catboost-pool300-s42.json,
combination_pilot,active,homecredit,iv_then_boruta,catboost,state_bound_payload,results/selector_combinations_v1/pilot/evaluations/scv1-pilot-014-homecredit-iv-then-boruta-catboost-pool300-s42.final_model_configuration.json,1908,00173b660c921647d753d2b94d6634d3cfc69e3dbabb09cc3d3b544df7bbd789,True,results/selector_combinations_v1/pilot/evaluations/scv1-pilot-014-homecredit-iv-then-boruta-catboost-pool300-s42.json,
combination_pilot,active,homecredit,iv_then_boruta,lr,evaluation_state,results/selector_combinations_v1/pilot/evaluations/scv1-pilot-005-homecredit-iv-then-boruta-lr-pool100-s42.json,6903,db20fa96ed525de1547aafe27f72fa71c553b966d4d2811e329e05643286e5bd,True,results/selector_combinations_v1/pilot/evaluations/scv1-pilot-005-homecredit-iv-then-boruta-lr-pool100-s42.json,
combination_pilot,active,homecredit,iv_then_boruta,lr,evaluation_state,results/selector_combinations_v1/pilot/evaluations/scv1-pilot-009-homecredit-iv-then-boruta-lr-pool200-s42.json,6905,1e479a35ecd4490fc5bfa4f02018b12e217f9d8a407c6ef7dfb6a304cc249268,True,results/selector_combinations_v1/pilot/evaluations/scv1-pilot-009-homecredit-iv-then-boruta-lr-pool200-s42.json,
combination_pilot,active,homecredit,iv_then_boruta,lr,evaluation_state,results/selector_combinations_v1/pilot/evaluations/scv1-pilot-013-homecredit-iv-then-boruta-lr-pool300-s42.json,6905,d5e8c929508773f44d10c10062073d15bd2dfd50a4608837c563c98ff2610cab,True,results/selector_combinations_v1/pilot/evaluations/scv1-pilot-013-homecredit-iv-then-boruta-lr-pool300-s42.json,
combination_pilot,active,homecredit,iv_then_boruta,lr,state_bound_payload,results/selector_combinations_v1/pilot/evaluations/scv1-pilot-005-homecredit-iv-then-boruta-lr-pool100-s42.dev_metrics.json,632,d4655b4b65bb2fa1e957c12ae5157e415814f538178d3f03e206163ab5bf0fb2,True,results/selector_combinations_v1/pilot/evaluations/scv1-pilot-005-homecredit-iv-then-boruta-lr-pool100-s42.json,
combination_pilot,active,homecredit,iv_then_boruta,lr,state_bound_payload,results/selector_combinations_v1/pilot/evaluations/scv1-pilot-005-homecredit-iv-then-boruta-lr-pool100-s42.dev_predictions.csv,2011135,c9531164f79a57d0cda7efb353702f31aa508eda63e40b028e2fceb6d92bfc8a,True,results/selector_combinations_v1/pilot/evaluations/scv1-pilot-005-homecredit-iv-then-boruta-lr-pool100-s42.json,
combination_pilot,active,homecredit,iv_then_boruta,lr,state_bound_payload,results/selector_combinations_v1/pilot/evaluations/scv1-pilot-005-homecredit-iv-then-boruta-lr-pool100-s42.final_model_configuration.json,1208,23ada95e0f85d6c5567ea9ff168c512133154e10cf2b1a8c4ffac63b30c177d9,True,results/selector_combinations_v1/pilot/evaluations/scv1-pilot-005-homecredit-iv-then-boruta-lr-pool100-s42.json,
combination_pilot,active,homecredit,iv_then_boruta,lr,state_bound_payload,results/selector_combinations_v1/pilot/evaluations/scv1-pilot-009-homecredit-iv-then-boruta-lr-pool200-s42.dev_metrics.json,634,d6e85102df0826f1b9f7ac1037d829208cf0bca848f1a8e7bb66e217255c6524,True,results/selector_combinations_v1/pilot/evaluations/scv1-pilot-009-homecredit-iv-then-boruta-lr-pool200-s42.json,
combination_pilot,active,homecredit,iv_then_boruta,lr,state_bound_payload,results/selector_combinations_v1/pilot/evaluations/scv1-pilot-009-homecredit-iv-then-boruta-lr-pool200-s42.dev_predictions.csv,2011227,41bfb1487ffd1cb340ce79b0b19491c58e93438cf1d93dbcc7aa93e1d7e9c3e8,True,results/selector_combinations_v1/pilot/evaluations/scv1-pilot-009-homecredit-iv-then-boruta-lr-pool200-s42.json,
combination_pilot,active,homecredit,iv_then_boruta,lr,state_bound_payload,results/selector_combinations_v1/pilot/evaluations/scv1-pilot-009-homecredit-iv-then-boruta-lr-pool200-s42.final_model_configuration.json,1208,c1e37ee6cd62fbabf52d369bce5d8651f5a21d995448ed040812670af9b58207,True,results/selector_combinations_v1/pilot/evaluations/scv1-pilot-009-homecredit-iv-then-boruta-lr-pool200-s42.json,
combination_pilot,active,homecredit,iv_then_boruta,lr,state_bound_payload,results/selector_combinations_v1/pilot/evaluations/scv1-pilot-013-homecredit-iv-then-boruta-lr-pool300-s42.dev_metrics.json,633,a15fb606d816a1443191297f19b08385642e1cfbd4843f6f71c5d4daa95d1eaf,True,results/selector_combinations_v1/pilot/evaluations/scv1-pilot-013-homecredit-iv-then-boruta-lr-pool300-s42.json,
combination_pilot,active,homecredit,iv_then_boruta,lr,state_bound_payload,results/selector_combinations_v1/pilot/evaluations/scv1-pilot-013-homecredit-iv-then-boruta-lr-pool300-s42.dev_predictions.csv,2011253,d481a5c68d4aefaadb2168ca0a7302a8ae64611a698f47b8bf201e9053f66843,True,results/selector_combinations_v1/pilot/evaluations/scv1-pilot-013-homecredit-iv-then-boruta-lr-pool300-s42.json,
combination_pilot,active,homecredit,iv_then_boruta,lr,state_bound_payload,results/selector_combinations_v1/pilot/evaluations/scv1-pilot-013-homecredit-iv-then-boruta-lr-pool300-s42.final_model_configuration.json,1208,ef5b266a95ee6724b1f2697381ab09daf3cb02ff1ce210b9f4ce57dcd1d47ccb,True,results/selector_combinations_v1/pilot/evaluations/scv1-pilot-013-homecredit-iv-then-boruta-lr-pool300-s42.json,
combination_pilot,active,homecredit,statistical_normalized_average_rank,,selection_state,results/selector_combinations_v1/pilot/selections/scv1-homecredit-fold-1-statistical-normalized-average-rank-k20-s42.json,1084439,57c981416834e0c9848264e25467b45bdf723c3487eae95bf389e5081514e338,True,results/selector_combinations_v1/pilot/selections/scv1-homecredit-fold-1-statistical-normalized-average-rank-k20-s42.json,
combination_pilot,active,homecredit,statistical_normalized_average_rank,,selection_state,results/selector_combinations_v1/pilot/selections/scv1-homecredit-fold-1-statistical-normalized-average-rank-k40-s42.json,1085346,509bf863c93c84498ce58926fc2f6fec56cfc4ccea27571a43072fd995ab8e06,True,results/selector_combinations_v1/pilot/selections/scv1-homecredit-fold-1-statistical-normalized-average-rank-k40-s42.json,
combination_pilot,active,homecredit,statistical_normalized_average_rank,,state_bound_payload,results/selector_combinations_v1/pilot/selections/scv1-homecredit-fold-1-statistical-normalized-average-rank-k20-s42.combination_result.json,1002276,372af7ff171b4e7ea24631b0e44bd0731c17c4c80b972bb76550b49c66042908,True,results/selector_combinations_v1/pilot/selections/scv1-homecredit-fold-1-statistical-normalized-average-rank-k20-s42.json,
combination_pilot,active,homecredit,statistical_normalized_average_rank,,state_bound_payload,results/selector_combinations_v1/pilot/selections/scv1-homecredit-fold-1-statistical-normalized-average-rank-k20-s42.final_selected_features.csv,504,2f17fcadb3bc707024ae6c0be6b2f12f6c51dfbb034802f05274a6a4f6a95188,True,results/selector_combinations_v1/pilot/selections/scv1-homecredit-fold-1-statistical-normalized-average-rank-k20-s42.json,
combination_pilot,active,homecredit,statistical_normalized_average_rank,,state_bound_payload,results/selector_combinations_v1/pilot/selections/scv1-homecredit-fold-1-statistical-normalized-average-rank-k20-s42.voting_evidence.csv,318088,9f71900c3a74183c24de14bc4f76d9446c6643e9262a38df24286d3eea952501,True,results/selector_combinations_v1/pilot/selections/scv1-homecredit-fold-1-statistical-normalized-average-rank-k20-s42.json,
combination_pilot,active,homecredit,statistical_normalized_average_rank,,state_bound_payload,results/selector_combinations_v1/pilot/selections/scv1-homecredit-fold-1-statistical-normalized-average-rank-k40-s42.combination_result.json,1002546,fbe07c391e269960d6cba147764af68b4b997ba4496c1c5a8da11ea81f74fc56,True,results/selector_combinations_v1/pilot/selections/scv1-homecredit-fold-1-statistical-normalized-average-rank-k40-s42.json,
combination_pilot,active,homecredit,statistical_normalized_average_rank,,state_bound_payload,results/selector_combinations_v1/pilot/selections/scv1-homecredit-fold-1-statistical-normalized-average-rank-k40-s42.final_selected_features.csv,1036,f0f63b0191eea87e8e95c494b9ed8f75d635c62367afdc56edfe5c4153e2c31e,True,results/selector_combinations_v1/pilot/selections/scv1-homecredit-fold-1-statistical-normalized-average-rank-k40-s42.json,
combination_pilot,active,homecredit,statistical_normalized_average_rank,,state_bound_payload,results/selector_combinations_v1/pilot/selections/scv1-homecredit-fold-1-statistical-normalized-average-rank-k40-s42.voting_evidence.csv,318073,20203cb1a54c652c6f0fed0ad1a60c2ba55b1afeeaac91ddbf140606cffcfcc3,True,results/selector_combinations_v1/pilot/selections/scv1-homecredit-fold-1-statistical-normalized-average-rank-k40-s42.json,
combination_pilot,active,homecredit,statistical_normalized_average_rank,catboost,evaluation_state,results/selector_combinations_v1/pilot/evaluations/scv1-pilot-002-homecredit-statistical-normalized-average-rank-catboost-k40-s42.json,7957,7ee2af5f6ec7829642b488b43cf4e69173619d42c9057b1568cfbcf4e3884c99,True,results/selector_combinations_v1/pilot/evaluations/scv1-pilot-002-homecredit-statistical-normalized-average-rank-catboost-k40-s42.json,
combination_pilot,active,homecredit,statistical_normalized_average_rank,catboost,state_bound_payload,results/selector_combinations_v1/pilot/evaluations/scv1-pilot-002-homecredit-statistical-normalized-average-rank-catboost-k40-s42.dev_metrics.json,631,5ba2e0989950d30f13272bcdf4d35a7c753054130e75a3a51809706684ca801f,True,results/selector_combinations_v1/pilot/evaluations/scv1-pilot-002-homecredit-statistical-normalized-average-rank-catboost-k40-s42.json,
combination_pilot,active,homecredit,statistical_normalized_average_rank,catboost,state_bound_payload,results/selector_combinations_v1/pilot/evaluations/scv1-pilot-002-homecredit-statistical-normalized-average-rank-catboost-k40-s42.dev_predictions.csv,2852416,b655d0e6c2544f5f9beac268c8bb6d56c1d32acb4cae58146bef5fa9079056f8,True,results/selector_combinations_v1/pilot/evaluations/scv1-pilot-002-homecredit-statistical-normalized-average-rank-catboost-k40-s42.json,
combination_pilot,active,homecredit,statistical_normalized_average_rank,catboost,state_bound_payload,results/selector_combinations_v1/pilot/evaluations/scv1-pilot-002-homecredit-statistical-normalized-average-rank-catboost-k40-s42.final_model_configuration.json,1908,370c849b77b5f4c93d9241990abb6057ea5a7e4d7883b0a016471b7f2a15145e,True,results/selector_combinations_v1/pilot/evaluations/scv1-pilot-002-homecredit-statistical-normalized-average-rank-catboost-k40-s42.json,
combination_pilot,active,homecredit,statistical_normalized_average_rank,lr,evaluation_state,results/selector_combinations_v1/pilot/evaluations/scv1-pilot-001-homecredit-statistical-normalized-average-rank-lr-k20-s42.json,7114,696cc54f0a80d5209baf193821b31e5aa8618615b6467d6b05e6125e5d65cd4f,True,results/selector_combinations_v1/pilot/evaluations/scv1-pilot-001-homecredit-statistical-normalized-average-rank-lr-k20-s42.json,
combination_pilot,active,homecredit,statistical_normalized_average_rank,lr,state_bound_payload,results/selector_combinations_v1/pilot/evaluations/scv1-pilot-001-homecredit-statistical-normalized-average-rank-lr-k20-s42.dev_metrics.json,636,03a7a04c30a71526133c5ea342d8dd377e6d50cc0457c7a3914eb0c91d8e8775,True,results/selector_combinations_v1/pilot/evaluations/scv1-pilot-001-homecredit-statistical-normalized-average-rank-lr-k20-s42.json,
combination_pilot,active,homecredit,statistical_normalized_average_rank,lr,state_bound_payload,results/selector_combinations_v1/pilot/evaluations/scv1-pilot-001-homecredit-statistical-normalized-average-rank-lr-k20-s42.dev_predictions.csv,2646791,73418b7eb3d3e4ca2c0f250fd7e5c9f9d28468b1ab9912bb762716944da3f842,True,results/selector_combinations_v1/pilot/evaluations/scv1-pilot-001-homecredit-statistical-normalized-average-rank-lr-k20-s42.json,
combination_pilot,active,homecredit,statistical_normalized_average_rank,lr,state_bound_payload,results/selector_combinations_v1/pilot/evaluations/scv1-pilot-001-homecredit-statistical-normalized-average-rank-lr-k20-s42.final_model_configuration.json,1208,a56991bba01a56c649971329362f335394913daf9760f41c262b3f3398590865,True,results/selector_combinations_v1/pilot/evaluations/scv1-pilot-001-homecredit-statistical-normalized-average-rank-lr-k20-s42.json,
combination_pilot,active,lendingclub_v2,boruta_then_mrmr_mutual_information,,selection_state,results/selector_combinations_v1/pilot/selections/scv1-lendingclub_v2-fold-1-boruta-then-mrmr-mutual-information-k20-s42.json,139432,fc15ae886fc67399cde21f71784b8c905d6c30ff905236f741f06d456840c37a,True,results/selector_combinations_v1/pilot/selections/scv1-lendingclub_v2-fold-1-boruta-then-mrmr-mutual-information-k20-s42.json,
combination_pilot,active,lendingclub_v2,boruta_then_mrmr_mutual_information,,selection_state,results/selector_combinations_v1/pilot/selections/scv1-lendingclub_v2-fold-1-boruta-then-mrmr-mutual-information-k40-s42.json,140760,f716bea1233bd5fb7dc49e4875e9bc829ce5ac7ad63f4dcac0d81568aa4d9ade,True,results/selector_combinations_v1/pilot/selections/scv1-lendingclub_v2-fold-1-boruta-then-mrmr-mutual-information-k40-s42.json,
combination_pilot,active,lendingclub_v2,boruta_then_mrmr_mutual_information,,state_bound_payload,results/selector_combinations_v1/pilot/selections/scv1-lendingclub_v2-fold-1-boruta-then-mrmr-mutual-information-k20-s42.combination_result.json,123140,24a7f092823793b52dd1dc42bc786acfc355205b42172f1e302c99bf58fe5e62,True,results/selector_combinations_v1/pilot/selections/scv1-lendingclub_v2-fold-1-boruta-then-mrmr-mutual-information-k20-s42.json,
combination_pilot,active,lendingclub_v2,boruta_then_mrmr_mutual_information,,state_bound_payload,results/selector_combinations_v1/pilot/selections/scv1-lendingclub_v2-fold-1-boruta-then-mrmr-mutual-information-k20-s42.final_selected_features.csv,570,5c542d4c969de6eb76abdbf82de974a1299da108f04a23ca0617fd2b4a35afa2,True,results/selector_combinations_v1/pilot/selections/scv1-lendingclub_v2-fold-1-boruta-then-mrmr-mutual-information-k20-s42.json,
combination_pilot,active,lendingclub_v2,boruta_then_mrmr_mutual_information,,state_bound_payload,results/selector_combinations_v1/pilot/selections/scv1-lendingclub_v2-fold-1-boruta-then-mrmr-mutual-information-k20-s42.intermediate_features.csv,4431,1b1cac4b921e30cde3015165743217fcd7167cec9f0642070a638b4c6c1ac02f,True,results/selector_combinations_v1/pilot/selections/scv1-lendingclub_v2-fold-1-boruta-then-mrmr-mutual-information-k20-s42.json,
combination_pilot,active,lendingclub_v2,boruta_then_mrmr_mutual_information,,state_bound_payload,results/selector_combinations_v1/pilot/selections/scv1-lendingclub_v2-fold-1-boruta-then-mrmr-mutual-information-k40-s42.combination_result.json,123743,d5bf54cdfd2781370df6822afbf49c4be56afb5a1ec0a12fbde96dea12e547bd,True,results/selector_combinations_v1/pilot/selections/scv1-lendingclub_v2-fold-1-boruta-then-mrmr-mutual-information-k40-s42.json,
combination_pilot,active,lendingclub_v2,boruta_then_mrmr_mutual_information,,state_bound_payload,results/selector_combinations_v1/pilot/selections/scv1-lendingclub_v2-fold-1-boruta-then-mrmr-mutual-information-k40-s42.final_selected_features.csv,1094,36cb781fad420cf714dfc9bb03d35c6dc692c655158cb0a26cc718ee79b3be16,True,results/selector_combinations_v1/pilot/selections/scv1-lendingclub_v2-fold-1-boruta-then-mrmr-mutual-information-k40-s42.json,
combination_pilot,active,lendingclub_v2,boruta_then_mrmr_mutual_information,,state_bound_payload,results/selector_combinations_v1/pilot/selections/scv1-lendingclub_v2-fold-1-boruta-then-mrmr-mutual-information-k40-s42.intermediate_features.csv,4431,1b1cac4b921e30cde3015165743217fcd7167cec9f0642070a638b4c6c1ac02f,True,results/selector_combinations_v1/pilot/selections/scv1-lendingclub_v2-fold-1-boruta-then-mrmr-mutual-information-k40-s42.json,
combination_pilot,active,lendingclub_v2,boruta_then_mrmr_mutual_information,catboost,evaluation_state,results/selector_combinations_v1/pilot/evaluations/scv1-pilot-020-lendingclub_v2-boruta-then-mrmr-mutual-information-catboost-k40-s42.json,8062,23d7cccd13583b61a577b876f39a7865824ea469775270a2fc89099bb2045d1f,True,results/selector_combinations_v1/pilot/evaluations/scv1-pilot-020-lendingclub_v2-boruta-then-mrmr-mutual-information-catboost-k40-s42.json,
combination_pilot,active,lendingclub_v2,boruta_then_mrmr_mutual_information,catboost,state_bound_payload,results/selector_combinations_v1/pilot/evaluations/scv1-pilot-020-lendingclub_v2-boruta-then-mrmr-mutual-information-catboost-k40-s42.dev_metrics.json,638,402f262e092ab6c0f9c3ef5499dcdfcd6dc96aad312210c516e4aa3ce1edfbc4,True,results/selector_combinations_v1/pilot/evaluations/scv1-pilot-020-lendingclub_v2-boruta-then-mrmr-mutual-information-catboost-k40-s42.json,
combination_pilot,active,lendingclub_v2,boruta_then_mrmr_mutual_information,catboost,state_bound_payload,results/selector_combinations_v1/pilot/evaluations/scv1-pilot-020-lendingclub_v2-boruta-then-mrmr-mutual-information-catboost-k40-s42.dev_predictions.csv,20599230,844bcfbd256ba58b05741c97205e0064146398230e49dccc26e8d86c25880ec5,True,results/selector_combinations_v1/pilot/evaluations/scv1-pilot-020-lendingclub_v2-boruta-then-mrmr-mutual-information-catboost-k40-s42.json,
combination_pilot,active,lendingclub_v2,boruta_then_mrmr_mutual_information,catboost,state_bound_payload,results/selector_combinations_v1/pilot/evaluations/scv1-pilot-020-lendingclub_v2-boruta-then-mrmr-mutual-information-catboost-k40-s42.final_model_configuration.json,1945,ccde9814bb86ca3a6f9eebb38595f0f6898fd66b1aa7cc01ce81a9b8b47b7261,True,results/selector_combinations_v1/pilot/evaluations/scv1-pilot-020-lendingclub_v2-boruta-then-mrmr-mutual-information-catboost-k40-s42.json,
combination_pilot,active,lendingclub_v2,boruta_then_mrmr_mutual_information,lr,evaluation_state,results/selector_combinations_v1/pilot/evaluations/scv1-pilot-019-lendingclub_v2-boruta-then-mrmr-mutual-information-lr-k20-s42.json,7213,c95f353baef490cbe56244a3ab4bd2263b84a3114e1e6f888bcbc779dd70bbec,True,results/selector_combinations_v1/pilot/evaluations/scv1-pilot-019-lendingclub_v2-boruta-then-mrmr-mutual-information-lr-k20-s42.json,
combination_pilot,active,lendingclub_v2,boruta_then_mrmr_mutual_information,lr,state_bound_payload,results/selector_combinations_v1/pilot/evaluations/scv1-pilot-019-lendingclub_v2-boruta-then-mrmr-mutual-information-lr-k20-s42.dev_metrics.json,637,9435f5fc05b84c762dcfc526772fb7b516cf4a5bb58c18bc1358bf5ccbb50d45,True,results/selector_combinations_v1/pilot/evaluations/scv1-pilot-019-lendingclub_v2-boruta-then-mrmr-mutual-information-lr-k20-s42.json,
combination_pilot,active,lendingclub_v2,boruta_then_mrmr_mutual_information,lr,state_bound_payload,results/selector_combinations_v1/pilot/evaluations/scv1-pilot-019-lendingclub_v2-boruta-then-mrmr-mutual-information-lr-k20-s42.dev_predictions.csv,19219411,e2be33f9111c5ee2a942080ab84908166933ef61d97676bbd96c61998e969d13,True,results/selector_combinations_v1/pilot/evaluations/scv1-pilot-019-lendingclub_v2-boruta-then-mrmr-mutual-information-lr-k20-s42.json,
combination_pilot,active,lendingclub_v2,boruta_then_mrmr_mutual_information,lr,state_bound_payload,results/selector_combinations_v1/pilot/evaluations/scv1-pilot-019-lendingclub_v2-boruta-then-mrmr-mutual-information-lr-k20-s42.final_model_configuration.json,1245,461d065110791b9305c8a21759be05ac57d495f884d3561dee84570f83d05c0a,True,results/selector_combinations_v1/pilot/evaluations/scv1-pilot-019-lendingclub_v2-boruta-then-mrmr-mutual-information-lr-k20-s42.json,
combination_pilot,active,lendingclub_v2,boruta_then_rfe_catboost,,selection_state,results/selector_combinations_v1/pilot/selections/scv1-lendingclub_v2-fold-1-boruta-then-rfe-catboost-k20-s42.json,150553,7da85b1841e33c48ac74b74c165b8b3b20df5fbae026518f4883d8dffd9ec821,True,results/selector_combinations_v1/pilot/selections/scv1-lendingclub_v2-fold-1-boruta-then-rfe-catboost-k20-s42.json,
combination_pilot,active,lendingclub_v2,boruta_then_rfe_catboost,,selection_state,results/selector_combinations_v1/pilot/selections/scv1-lendingclub_v2-fold-1-boruta-then-rfe-catboost-k40-s42.json,151517,71d17f579ed582e90f1d6582e6c745c7fb9170be90b3b4c86cf7fde6e208342f,True,results/selector_combinations_v1/pilot/selections/scv1-lendingclub_v2-fold-1-boruta-then-rfe-catboost-k40-s42.json,
combination_pilot,active,lendingclub_v2,boruta_then_rfe_catboost,,state_bound_payload,results/selector_combinations_v1/pilot/selections/scv1-lendingclub_v2-fold-1-boruta-then-rfe-catboost-k20-s42.combination_result.json,133057,85a6a51e185dfd319bace3b78e68e206601776aa132b7290848ff5ddff1eac7a,True,results/selector_combinations_v1/pilot/selections/scv1-lendingclub_v2-fold-1-boruta-then-rfe-catboost-k20-s42.json,
combination_pilot,active,lendingclub_v2,boruta_then_rfe_catboost,,state_bound_payload,results/selector_combinations_v1/pilot/selections/scv1-lendingclub_v2-fold-1-boruta-then-rfe-catboost-k20-s42.final_selected_features.csv,562,ee7652df879a28aa9c734ffcac28fc2140ae0a74e44df32ce2ac9ed20c6fc9c5,True,results/selector_combinations_v1/pilot/selections/scv1-lendingclub_v2-fold-1-boruta-then-rfe-catboost-k20-s42.json,
combination_pilot,active,lendingclub_v2,boruta_then_rfe_catboost,,state_bound_payload,results/selector_combinations_v1/pilot/selections/scv1-lendingclub_v2-fold-1-boruta-then-rfe-catboost-k20-s42.intermediate_features.csv,4431,1b1cac4b921e30cde3015165743217fcd7167cec9f0642070a638b4c6c1ac02f,True,results/selector_combinations_v1/pilot/selections/scv1-lendingclub_v2-fold-1-boruta-then-rfe-catboost-k20-s42.json,
combination_pilot,active,lendingclub_v2,boruta_then_rfe_catboost,,state_bound_payload,results/selector_combinations_v1/pilot/selections/scv1-lendingclub_v2-fold-1-boruta-then-rfe-catboost-k40-s42.combination_result.json,133358,3bdcb796abfb6ebb76c6d9caa3be30287c7e8b289b9d9f2ef29b460e1489b56b,True,results/selector_combinations_v1/pilot/selections/scv1-lendingclub_v2-fold-1-boruta-then-rfe-catboost-k40-s42.json,
combination_pilot,active,lendingclub_v2,boruta_then_rfe_catboost,,state_bound_payload,results/selector_combinations_v1/pilot/selections/scv1-lendingclub_v2-fold-1-boruta-then-rfe-catboost-k40-s42.final_selected_features.csv,1120,d6edf3ac0b64cb700ed47979dc365ffdde680961f40452012e707ac18f4d460e,True,results/selector_combinations_v1/pilot/selections/scv1-lendingclub_v2-fold-1-boruta-then-rfe-catboost-k40-s42.json,
combination_pilot,active,lendingclub_v2,boruta_then_rfe_catboost,,state_bound_payload,results/selector_combinations_v1/pilot/selections/scv1-lendingclub_v2-fold-1-boruta-then-rfe-catboost-k40-s42.intermediate_features.csv,4431,1b1cac4b921e30cde3015165743217fcd7167cec9f0642070a638b4c6c1ac02f,True,results/selector_combinations_v1/pilot/selections/scv1-lendingclub_v2-fold-1-boruta-then-rfe-catboost-k40-s42.json,
combination_pilot,active,lendingclub_v2,boruta_then_rfe_catboost,catboost,evaluation_state,results/selector_combinations_v1/pilot/evaluations/scv1-pilot-024-lendingclub_v2-boruta-then-rfe-catboost-catboost-k40-s42.json,7929,0a012809a7cb216dbd081a2a2a715af187e56f6d5ef02db509433a9b3e1a93ed,True,results/selector_combinations_v1/pilot/evaluations/scv1-pilot-024-lendingclub_v2-boruta-then-rfe-catboost-catboost-k40-s42.json,
combination_pilot,active,lendingclub_v2,boruta_then_rfe_catboost,catboost,state_bound_payload,results/selector_combinations_v1/pilot/evaluations/scv1-pilot-024-lendingclub_v2-boruta-then-rfe-catboost-catboost-k40-s42.dev_metrics.json,637,7fdbae66d86b4d19da3be94602a07f1c8f4a5145096399221c943a1f6a799cf1,True,results/selector_combinations_v1/pilot/evaluations/scv1-pilot-024-lendingclub_v2-boruta-then-rfe-catboost-catboost-k40-s42.json,
combination_pilot,active,lendingclub_v2,boruta_then_rfe_catboost,catboost,state_bound_payload,results/selector_combinations_v1/pilot/evaluations/scv1-pilot-024-lendingclub_v2-boruta-then-rfe-catboost-catboost-k40-s42.dev_predictions.csv,18084795,2c5f475139699f33a4d86b7d8bea35eef8b7dba730d8333e6bc48361fcb7b905,True,results/selector_combinations_v1/pilot/evaluations/scv1-pilot-024-lendingclub_v2-boruta-then-rfe-catboost-catboost-k40-s42.json,
combination_pilot,active,lendingclub_v2,boruta_then_rfe_catboost,catboost,state_bound_payload,results/selector_combinations_v1/pilot/evaluations/scv1-pilot-024-lendingclub_v2-boruta-then-rfe-catboost-catboost-k40-s42.final_model_configuration.json,1945,c7b159ca00c3fdfba3055ada1bc1474771a8dad3c6959058d127d0fc1b5714fa,True,results/selector_combinations_v1/pilot/evaluations/scv1-pilot-024-lendingclub_v2-boruta-then-rfe-catboost-catboost-k40-s42.json,
combination_pilot,active,lendingclub_v2,boruta_then_rfe_catboost,lr,evaluation_state,results/selector_combinations_v1/pilot/evaluations/scv1-pilot-023-lendingclub_v2-boruta-then-rfe-catboost-lr-k20-s42.json,7081,b5192bf5b57bb41b08b269374b8da0fee279198284633e683ae468d3edbbf08b,True,results/selector_combinations_v1/pilot/evaluations/scv1-pilot-023-lendingclub_v2-boruta-then-rfe-catboost-lr-k20-s42.json,
combination_pilot,active,lendingclub_v2,boruta_then_rfe_catboost,lr,state_bound_payload,results/selector_combinations_v1/pilot/evaluations/scv1-pilot-023-lendingclub_v2-boruta-then-rfe-catboost-lr-k20-s42.dev_metrics.json,637,3bd20858fa578c80c0246b2ae40782b77027bfc03fe12d63aeb5cc7a98a131ad,True,results/selector_combinations_v1/pilot/evaluations/scv1-pilot-023-lendingclub_v2-boruta-then-rfe-catboost-lr-k20-s42.json,
combination_pilot,active,lendingclub_v2,boruta_then_rfe_catboost,lr,state_bound_payload,results/selector_combinations_v1/pilot/evaluations/scv1-pilot-023-lendingclub_v2-boruta-then-rfe-catboost-lr-k20-s42.dev_predictions.csv,16706350,95bf2b1b7e3962a0e494bc3c3aaf206fbb90c54ee3a5d64e740d86008e744f33,True,results/selector_combinations_v1/pilot/evaluations/scv1-pilot-023-lendingclub_v2-boruta-then-rfe-catboost-lr-k20-s42.json,
combination_pilot,active,lendingclub_v2,boruta_then_rfe_catboost,lr,state_bound_payload,results/selector_combinations_v1/pilot/evaluations/scv1-pilot-023-lendingclub_v2-boruta-then-rfe-catboost-lr-k20-s42.final_model_configuration.json,1245,763bffd4d9bdb066dd8f357cb8795e337f1ecd7d3b22d5ba0d35b6157ee69995,True,results/selector_combinations_v1/pilot/evaluations/scv1-pilot-023-lendingclub_v2-boruta-then-rfe-catboost-lr-k20-s42.json,
combination_pilot,active,lendingclub_v2,iv_then_boruta,,selection_state,results/selector_combinations_v1/pilot/selections/scv1-lendingclub_v2-fold-1-iv-then-boruta-pool100-s42.json,55859,1e8099fabc68b7e531b6bb67a3221cb5e7bafeb815129ef2f2932debe38b7825,True,results/selector_combinations_v1/pilot/selections/scv1-lendingclub_v2-fold-1-iv-then-boruta-pool100-s42.json,
combination_pilot,active,lendingclub_v2,iv_then_boruta,,selection_state,results/selector_combinations_v1/pilot/selections/scv1-lendingclub_v2-fold-1-iv-then-boruta-pool200-s42.json,76166,44c7c7cd255e81d41f3cf3f565a043bc8f585687d1603c6296363b1053c7fab1,True,results/selector_combinations_v1/pilot/selections/scv1-lendingclub_v2-fold-1-iv-then-boruta-pool200-s42.json,
combination_pilot,active,lendingclub_v2,iv_then_boruta,,selection_state,results/selector_combinations_v1/pilot/selections/scv1-lendingclub_v2-fold-1-iv-then-boruta-pool300-s42.json,95600,1d17caf9c9230da181c749f537d30410a0bd6dd9cacd1a90fc6a6cab4b089430,True,results/selector_combinations_v1/pilot/selections/scv1-lendingclub_v2-fold-1-iv-then-boruta-pool300-s42.json,
combination_pilot,active,lendingclub_v2,iv_then_boruta,,state_bound_payload,results/selector_combinations_v1/pilot/selections/scv1-lendingclub_v2-fold-1-iv-then-boruta-pool100-s42.combination_result.json,44478,b906b89b02a5a965154d9b69bd92d015a8c1885e50d953c9e70609efd84db96a,True,results/selector_combinations_v1/pilot/selections/scv1-lendingclub_v2-fold-1-iv-then-boruta-pool100-s42.json,
combination_pilot,active,lendingclub_v2,iv_then_boruta,,state_bound_payload,results/selector_combinations_v1/pilot/selections/scv1-lendingclub_v2-fold-1-iv-then-boruta-pool100-s42.final_selected_features.csv,2224,88454fc30d333ac282f2dc56153888bb8e82e574f1a2fedbab98b4dbfba93819,True,results/selector_combinations_v1/pilot/selections/scv1-lendingclub_v2-fold-1-iv-then-boruta-pool100-s42.json,
combination_pilot,active,lendingclub_v2,iv_then_boruta,,state_bound_payload,results/selector_combinations_v1/pilot/selections/scv1-lendingclub_v2-fold-1-iv-then-boruta-pool100-s42.intermediate_features.csv,2591,52e2e8dc586708cf755d297da1797f6e91e11a0699c81de7c78aad8d1a12aea0,True,results/selector_combinations_v1/pilot/selections/scv1-lendingclub_v2-fold-1-iv-then-boruta-pool100-s42.json,
combination_pilot,active,lendingclub_v2,iv_then_boruta,,state_bound_payload,results/selector_combinations_v1/pilot/selections/scv1-lendingclub_v2-fold-1-iv-then-boruta-pool200-s42.combination_result.json,61927,73996d2cf8e0ae081095cecbeb1396c47d61d23dbd7b12ff92bd365d78b33620,True,results/selector_combinations_v1/pilot/selections/scv1-lendingclub_v2-fold-1-iv-then-boruta-pool200-s42.json,
combination_pilot,active,lendingclub_v2,iv_then_boruta,,state_bound_payload,results/selector_combinations_v1/pilot/selections/scv1-lendingclub_v2-fold-1-iv-then-boruta-pool200-s42.final_selected_features.csv,3180,dad75d5d9f23e3f461d5439950079b75c53579256359a1f8e26f629dc837a4dc,True,results/selector_combinations_v1/pilot/selections/scv1-lendingclub_v2-fold-1-iv-then-boruta-pool200-s42.json,
combination_pilot,active,lendingclub_v2,iv_then_boruta,,state_bound_payload,results/selector_combinations_v1/pilot/selections/scv1-lendingclub_v2-fold-1-iv-then-boruta-pool200-s42.intermediate_features.csv,5536,81b3fe818ad203c0da14e63c70e45e084ce77f6c33e0d2a3f3aaca4f9aba58b1,True,results/selector_combinations_v1/pilot/selections/scv1-lendingclub_v2-fold-1-iv-then-boruta-pool200-s42.json,
combination_pilot,active,lendingclub_v2,iv_then_boruta,,state_bound_payload,results/selector_combinations_v1/pilot/selections/scv1-lendingclub_v2-fold-1-iv-then-boruta-pool300-s42.combination_result.json,79142,8cdb45b0597d38e8f8e8cf3c60476a46ebda7af98357532ee8d2e1c8a7440363,True,results/selector_combinations_v1/pilot/selections/scv1-lendingclub_v2-fold-1-iv-then-boruta-pool300-s42.json,
combination_pilot,active,lendingclub_v2,iv_then_boruta,,state_bound_payload,results/selector_combinations_v1/pilot/selections/scv1-lendingclub_v2-fold-1-iv-then-boruta-pool300-s42.final_selected_features.csv,3654,7159a4995c33069b8cc35ced5d349674e2b09c794549ea0f6ea6836ba396c3e5,True,results/selector_combinations_v1/pilot/selections/scv1-lendingclub_v2-fold-1-iv-then-boruta-pool300-s42.json,
combination_pilot,active,lendingclub_v2,iv_then_boruta,,state_bound_payload,results/selector_combinations_v1/pilot/selections/scv1-lendingclub_v2-fold-1-iv-then-boruta-pool300-s42.intermediate_features.csv,8549,ecc226de1bd4869fa1ef95421c9db38c626ce6db54ce974b2ff8fe0b3b1e8e01,True,results/selector_combinations_v1/pilot/selections/scv1-lendingclub_v2-fold-1-iv-then-boruta-pool300-s42.json,
combination_pilot,active,lendingclub_v2,iv_then_boruta,catboost,evaluation_state,results/selector_combinations_v1/pilot/evaluations/scv1-pilot-008-lendingclub_v2-iv-then-boruta-catboost-pool100-s42.json,7858,cd6e362cdbdba0f11761550c4842bf48e25615f345b7e7225bb1db59dc2a43d1,True,results/selector_combinations_v1/pilot/evaluations/scv1-pilot-008-lendingclub_v2-iv-then-boruta-catboost-pool100-s42.json,
combination_pilot,active,lendingclub_v2,iv_then_boruta,catboost,evaluation_state,results/selector_combinations_v1/pilot/evaluations/scv1-pilot-012-lendingclub_v2-iv-then-boruta-catboost-pool200-s42.json,7860,8cbcb5c86cf090b1b9653820a186c98cb97838474b7bb9bb4e41af70e5413ca8,True,results/selector_combinations_v1/pilot/evaluations/scv1-pilot-012-lendingclub_v2-iv-then-boruta-catboost-pool200-s42.json,
combination_pilot,active,lendingclub_v2,iv_then_boruta,catboost,evaluation_state,results/selector_combinations_v1/pilot/evaluations/scv1-pilot-016-lendingclub_v2-iv-then-boruta-catboost-pool300-s42.json,7861,8d8d4d3cc086a89a1697983f9420e528de4fc72f8ba2eeee8adabd167b870d23,True,results/selector_combinations_v1/pilot/evaluations/scv1-pilot-016-lendingclub_v2-iv-then-boruta-catboost-pool300-s42.json,
combination_pilot,active,lendingclub_v2,iv_then_boruta,catboost,state_bound_payload,results/selector_combinations_v1/pilot/evaluations/scv1-pilot-008-lendingclub_v2-iv-then-boruta-catboost-pool100-s42.dev_metrics.json,640,ce68e747fa69d4311037603bcb5a5f94d4ecfbc0b97e8c3c0ec2198ca8334d51,True,results/selector_combinations_v1/pilot/evaluations/scv1-pilot-008-lendingclub_v2-iv-then-boruta-catboost-pool100-s42.json,
combination_pilot,active,lendingclub_v2,iv_then_boruta,catboost,state_bound_payload,results/selector_combinations_v1/pilot/evaluations/scv1-pilot-008-lendingclub_v2-iv-then-boruta-catboost-pool100-s42.dev_predictions.csv,16256074,3e06d02fb2a5e51b5480313e92aa36c502590bd46ff1a785a0ddfaf0f8353f79,True,results/selector_combinations_v1/pilot/evaluations/scv1-pilot-008-lendingclub_v2-iv-then-boruta-catboost-pool100-s42.json,
combination_pilot,active,lendingclub_v2,iv_then_boruta,catboost,state_bound_payload,results/selector_combinations_v1/pilot/evaluations/scv1-pilot-008-lendingclub_v2-iv-then-boruta-catboost-pool100-s42.final_model_configuration.json,1946,1df82de37800fd825303e2ed655f4762d0f7c21b1ec14de64b47ccf7d7db539d,True,results/selector_combinations_v1/pilot/evaluations/scv1-pilot-008-lendingclub_v2-iv-then-boruta-catboost-pool100-s42.json,
combination_pilot,active,lendingclub_v2,iv_then_boruta,catboost,state_bound_payload,results/selector_combinations_v1/pilot/evaluations/scv1-pilot-012-lendingclub_v2-iv-then-boruta-catboost-pool200-s42.dev_metrics.json,639,55d4dd43f6edbfe5084a84da52e773ffcbbe063843bee0859861f95f8f09c037,True,results/selector_combinations_v1/pilot/evaluations/scv1-pilot-012-lendingclub_v2-iv-then-boruta-catboost-pool200-s42.json,
combination_pilot,active,lendingclub_v2,iv_then_boruta,catboost,state_bound_payload,results/selector_combinations_v1/pilot/evaluations/scv1-pilot-012-lendingclub_v2-iv-then-boruta-catboost-pool200-s42.dev_predictions.csv,16257500,4fbc46683fb2057a2e658bad5eca002cfb01b8e63fbedd7aa7721b69ba332ce9,True,results/selector_combinations_v1/pilot/evaluations/scv1-pilot-012-lendingclub_v2-iv-then-boruta-catboost-pool200-s42.json,
combination_pilot,active,lendingclub_v2,iv_then_boruta,catboost,state_bound_payload,results/selector_combinations_v1/pilot/evaluations/scv1-pilot-012-lendingclub_v2-iv-then-boruta-catboost-pool200-s42.final_model_configuration.json,1948,8a0f76a9746f5017a6072868c958bc3ff697138333efb595b293095d5015ffed,True,results/selector_combinations_v1/pilot/evaluations/scv1-pilot-012-lendingclub_v2-iv-then-boruta-catboost-pool200-s42.json,
combination_pilot,active,lendingclub_v2,iv_then_boruta,catboost,state_bound_payload,results/selector_combinations_v1/pilot/evaluations/scv1-pilot-016-lendingclub_v2-iv-then-boruta-catboost-pool300-s42.dev_metrics.json,640,1c7ba109a0c00aaaf0514d5ce1653fdd41074cbbd95349c679a0533bd3a771f6,True,results/selector_combinations_v1/pilot/evaluations/scv1-pilot-016-lendingclub_v2-iv-then-boruta-catboost-pool300-s42.json,
combination_pilot,active,lendingclub_v2,iv_then_boruta,catboost,state_bound_payload,results/selector_combinations_v1/pilot/evaluations/scv1-pilot-016-lendingclub_v2-iv-then-boruta-catboost-pool300-s42.dev_predictions.csv,16257777,af008b34cee2b1e653d85e59a2b5a08b8f75c474afd106796dc5278b46c9cd08,True,results/selector_combinations_v1/pilot/evaluations/scv1-pilot-016-lendingclub_v2-iv-then-boruta-catboost-pool300-s42.json,
combination_pilot,active,lendingclub_v2,iv_then_boruta,catboost,state_bound_payload,results/selector_combinations_v1/pilot/evaluations/scv1-pilot-016-lendingclub_v2-iv-then-boruta-catboost-pool300-s42.final_model_configuration.json,1948,7895467368a93dc92df544d7be3fd57d505cb209920efaf7c0b930c60146f80e,True,results/selector_combinations_v1/pilot/evaluations/scv1-pilot-016-lendingclub_v2-iv-then-boruta-catboost-pool300-s42.json,
combination_pilot,active,lendingclub_v2,iv_then_boruta,lr,evaluation_state,results/selector_combinations_v1/pilot/evaluations/scv1-pilot-007-lendingclub_v2-iv-then-boruta-lr-pool100-s42.json,7007,ca841f987dcebb0c6eb0ba07b62d25f13569d17a2ed4bc0814ac9786a66a72ea,True,results/selector_combinations_v1/pilot/evaluations/scv1-pilot-007-lendingclub_v2-iv-then-boruta-lr-pool100-s42.json,
combination_pilot,active,lendingclub_v2,iv_then_boruta,lr,evaluation_state,results/selector_combinations_v1/pilot/evaluations/scv1-pilot-011-lendingclub_v2-iv-then-boruta-lr-pool200-s42.json,7007,4108e06204aea8dd236581e54f3cda9e99e666ab29363944e714b5bbf8155a73,True,results/selector_combinations_v1/pilot/evaluations/scv1-pilot-011-lendingclub_v2-iv-then-boruta-lr-pool200-s42.json,
combination_pilot,active,lendingclub_v2,iv_then_boruta,lr,evaluation_state,results/selector_combinations_v1/pilot/evaluations/scv1-pilot-015-lendingclub_v2-iv-then-boruta-lr-pool300-s42.json,7008,74fd9127b79977585cd8ce1fad79bbc2f25cd7c88f8e52b2958105bf98f83438,True,results/selector_combinations_v1/pilot/evaluations/scv1-pilot-015-lendingclub_v2-iv-then-boruta-lr-pool300-s42.json,
combination_pilot,active,lendingclub_v2,iv_then_boruta,lr,state_bound_payload,results/selector_combinations_v1/pilot/evaluations/scv1-pilot-007-lendingclub_v2-iv-then-boruta-lr-pool100-s42.dev_metrics.json,637,337e42f08c26221acc9bc2874ef40b92946026a44656f40555161eaaa8d1e9f4,True,results/selector_combinations_v1/pilot/evaluations/scv1-pilot-007-lendingclub_v2-iv-then-boruta-lr-pool100-s42.json,
combination_pilot,active,lendingclub_v2,iv_then_boruta,lr,state_bound_payload,results/selector_combinations_v1/pilot/evaluations/scv1-pilot-007-lendingclub_v2-iv-then-boruta-lr-pool100-s42.dev_predictions.csv,14877173,be111f0b57bd5b8ccec9ad95aa10bf545d76227be6012d1bb5f1dc8c1178c08b,True,results/selector_combinations_v1/pilot/evaluations/scv1-pilot-007-lendingclub_v2-iv-then-boruta-lr-pool100-s42.json,
combination_pilot,active,lendingclub_v2,iv_then_boruta,lr,state_bound_payload,results/selector_combinations_v1/pilot/evaluations/scv1-pilot-007-lendingclub_v2-iv-then-boruta-lr-pool100-s42.final_model_configuration.json,1246,f649a86d79d9de4662b87d90def5990b897115e246804525c8e70a67c90faa46,True,results/selector_combinations_v1/pilot/evaluations/scv1-pilot-007-lendingclub_v2-iv-then-boruta-lr-pool100-s42.json,
combination_pilot,active,lendingclub_v2,iv_then_boruta,lr,state_bound_payload,results/selector_combinations_v1/pilot/evaluations/scv1-pilot-011-lendingclub_v2-iv-then-boruta-lr-pool200-s42.dev_metrics.json,634,d3f6d35e2d68318bfe6d3a54ecc60e3e84fecf82668f45378638bb95923992b0,True,results/selector_combinations_v1/pilot/evaluations/scv1-pilot-011-lendingclub_v2-iv-then-boruta-lr-pool200-s42.json,
combination_pilot,active,lendingclub_v2,iv_then_boruta,lr,state_bound_payload,results/selector_combinations_v1/pilot/evaluations/scv1-pilot-011-lendingclub_v2-iv-then-boruta-lr-pool200-s42.dev_predictions.csv,14877700,d3e5bd265d8dd1fa373d7e1e536804f3a1e107fc682a0df175470edbd5d0aedf,True,results/selector_combinations_v1/pilot/evaluations/scv1-pilot-011-lendingclub_v2-iv-then-boruta-lr-pool200-s42.json,
combination_pilot,active,lendingclub_v2,iv_then_boruta,lr,state_bound_payload,results/selector_combinations_v1/pilot/evaluations/scv1-pilot-011-lendingclub_v2-iv-then-boruta-lr-pool200-s42.final_model_configuration.json,1248,dac2930860fe0cd14eb41b85d337ac260c12932b5cd7eec2ba243acfb61b3416,True,results/selector_combinations_v1/pilot/evaluations/scv1-pilot-011-lendingclub_v2-iv-then-boruta-lr-pool200-s42.json,
combination_pilot,active,lendingclub_v2,iv_then_boruta,lr,state_bound_payload,results/selector_combinations_v1/pilot/evaluations/scv1-pilot-015-lendingclub_v2-iv-then-boruta-lr-pool300-s42.dev_metrics.json,635,016e0d635f820378672d25200056f4663a4f04f2d61f4e062d91dd1093e0365e,True,results/selector_combinations_v1/pilot/evaluations/scv1-pilot-015-lendingclub_v2-iv-then-boruta-lr-pool300-s42.json,
combination_pilot,active,lendingclub_v2,iv_then_boruta,lr,state_bound_payload,results/selector_combinations_v1/pilot/evaluations/scv1-pilot-015-lendingclub_v2-iv-then-boruta-lr-pool300-s42.dev_predictions.csv,14877811,a324cf9d7fd3f74abbfde41b843569dd02ca67faa5249041d8c134d64e1ce769,True,results/selector_combinations_v1/pilot/evaluations/scv1-pilot-015-lendingclub_v2-iv-then-boruta-lr-pool300-s42.json,
combination_pilot,active,lendingclub_v2,iv_then_boruta,lr,state_bound_payload,results/selector_combinations_v1/pilot/evaluations/scv1-pilot-015-lendingclub_v2-iv-then-boruta-lr-pool300-s42.final_model_configuration.json,1248,6761a3cba3c3a8afee5079922c84e275ca75e2b8927ac33689a2c217ed7cb274,True,results/selector_combinations_v1/pilot/evaluations/scv1-pilot-015-lendingclub_v2-iv-then-boruta-lr-pool300-s42.json,
combination_pilot,active,lendingclub_v2,statistical_normalized_average_rank,,selection_state,results/selector_combinations_v1/pilot/selections/scv1-lendingclub_v2-fold-1-statistical-normalized-average-rank-k20-s42.json,1376032,44288f0769438c47ebb240f25ba9a32292d9d954456abe800a9c2e3d90a6725d,True,results/selector_combinations_v1/pilot/selections/scv1-lendingclub_v2-fold-1-statistical-normalized-average-rank-k20-s42.json,
combination_pilot,active,lendingclub_v2,statistical_normalized_average_rank,,selection_state,results/selector_combinations_v1/pilot/selections/scv1-lendingclub_v2-fold-1-statistical-normalized-average-rank-k40-s42.json,1376782,6333f864095dea4db6a92cab956cfc35d67c5e79aff3543a34d75605065993c4,True,results/selector_combinations_v1/pilot/selections/scv1-lendingclub_v2-fold-1-statistical-normalized-average-rank-k40-s42.json,
combination_pilot,active,lendingclub_v2,statistical_normalized_average_rank,,state_bound_payload,results/selector_combinations_v1/pilot/selections/scv1-lendingclub_v2-fold-1-statistical-normalized-average-rank-k20-s42.combination_result.json,1273310,0fdc6acc48024369fe6cb56de4a2b944e99bb31c4299237942cc3eb7e45e5e96,True,results/selector_combinations_v1/pilot/selections/scv1-lendingclub_v2-fold-1-statistical-normalized-average-rank-k20-s42.json,
combination_pilot,active,lendingclub_v2,statistical_normalized_average_rank,,state_bound_payload,results/selector_combinations_v1/pilot/selections/scv1-lendingclub_v2-fold-1-statistical-normalized-average-rank-k20-s42.final_selected_features.csv,531,462f51a950435cfae55842e59a6c3416b3fbad56dd80e3b3096599399df4cce2,True,results/selector_combinations_v1/pilot/selections/scv1-lendingclub_v2-fold-1-statistical-normalized-average-rank-k20-s42.json,
combination_pilot,active,lendingclub_v2,statistical_normalized_average_rank,,state_bound_payload,results/selector_combinations_v1/pilot/selections/scv1-lendingclub_v2-fold-1-statistical-normalized-average-rank-k20-s42.voting_evidence.csv,406134,125da33d8d7aa3576021a55bfc4a387a5c0a292ad662a651fb4a4ce520cc54f4,True,results/selector_combinations_v1/pilot/selections/scv1-lendingclub_v2-fold-1-statistical-normalized-average-rank-k20-s42.json,
combination_pilot,active,lendingclub_v2,statistical_normalized_average_rank,,state_bound_payload,results/selector_combinations_v1/pilot/selections/scv1-lendingclub_v2-fold-1-statistical-normalized-average-rank-k40-s42.combination_result.json,1273399,055ef61d82d24a5f89efe88f36cf35c204c7fc4b9698a24dd897dfb15e665c4f,True,results/selector_combinations_v1/pilot/selections/scv1-lendingclub_v2-fold-1-statistical-normalized-average-rank-k40-s42.json,
combination_pilot,active,lendingclub_v2,statistical_normalized_average_rank,,state_bound_payload,results/selector_combinations_v1/pilot/selections/scv1-lendingclub_v2-fold-1-statistical-normalized-average-rank-k40-s42.final_selected_features.csv,1119,d06db70da85c8211410bfb1ab864d3d263e6798513532bda461928f2a3e4b946,True,results/selector_combinations_v1/pilot/selections/scv1-lendingclub_v2-fold-1-statistical-normalized-average-rank-k40-s42.json,
combination_pilot,active,lendingclub_v2,statistical_normalized_average_rank,,state_bound_payload,results/selector_combinations_v1/pilot/selections/scv1-lendingclub_v2-fold-1-statistical-normalized-average-rank-k40-s42.voting_evidence.csv,406111,eb5ba03185d6bd9d5fff23725d060bdc28e253a18426f0ca1c020bb1a8e87ef9,True,results/selector_combinations_v1/pilot/selections/scv1-lendingclub_v2-fold-1-statistical-normalized-average-rank-k40-s42.json,
combination_pilot,active,lendingclub_v2,statistical_normalized_average_rank,catboost,evaluation_state,results/selector_combinations_v1/pilot/evaluations/scv1-pilot-004-lendingclub_v2-statistical-normalized-average-rank-catboost-k40-s42.json,8063,9cf74f9a853a010b42f61fd71f21c7c8a2cc2cd5779bccc56cd69f1e9b79245b,True,results/selector_combinations_v1/pilot/evaluations/scv1-pilot-004-lendingclub_v2-statistical-normalized-average-rank-catboost-k40-s42.json,
combination_pilot,active,lendingclub_v2,statistical_normalized_average_rank,catboost,state_bound_payload,results/selector_combinations_v1/pilot/evaluations/scv1-pilot-004-lendingclub_v2-statistical-normalized-average-rank-catboost-k40-s42.dev_metrics.json,640,83f57905e343bce884181a17ca72bc0aa4f178c53286fdbdafc94fd3e0fa75a8,True,results/selector_combinations_v1/pilot/evaluations/scv1-pilot-004-lendingclub_v2-statistical-normalized-average-rank-catboost-k40-s42.json,
combination_pilot,active,lendingclub_v2,statistical_normalized_average_rank,catboost,state_bound_payload,results/selector_combinations_v1/pilot/evaluations/scv1-pilot-004-lendingclub_v2-statistical-normalized-average-rank-catboost-k40-s42.dev_predictions.csv,20597728,59f0516d05ad959793697ca0c46cc7b1fcbe5a7a7ca0bbedf7c1188d13d57b8d,True,results/selector_combinations_v1/pilot/evaluations/scv1-pilot-004-lendingclub_v2-statistical-normalized-average-rank-catboost-k40-s42.json,
combination_pilot,active,lendingclub_v2,statistical_normalized_average_rank,catboost,state_bound_payload,results/selector_combinations_v1/pilot/evaluations/scv1-pilot-004-lendingclub_v2-statistical-normalized-average-rank-catboost-k40-s42.final_model_configuration.json,1945,58bee54f89e65700141b6a2a1afd6a408b57f35043d37cfe13943f958e7df1c1,True,results/selector_combinations_v1/pilot/evaluations/scv1-pilot-004-lendingclub_v2-statistical-normalized-average-rank-catboost-k40-s42.json,
combination_pilot,active,lendingclub_v2,statistical_normalized_average_rank,lr,evaluation_state,results/selector_combinations_v1/pilot/evaluations/scv1-pilot-003-lendingclub_v2-statistical-normalized-average-rank-lr-k20-s42.json,7209,149a00d359e416b89f812a060e6237abc006bec3dc7207902dfb9b18f103db27,True,results/selector_combinations_v1/pilot/evaluations/scv1-pilot-003-lendingclub_v2-statistical-normalized-average-rank-lr-k20-s42.json,
combination_pilot,active,lendingclub_v2,statistical_normalized_average_rank,lr,state_bound_payload,results/selector_combinations_v1/pilot/evaluations/scv1-pilot-003-lendingclub_v2-statistical-normalized-average-rank-lr-k20-s42.dev_metrics.json,634,26df4c7394cc3ef66b08d5580a81371084accf4466c9244a03dd402b6ddd3fc3,True,results/selector_combinations_v1/pilot/evaluations/scv1-pilot-003-lendingclub_v2-statistical-normalized-average-rank-lr-k20-s42.json,
combination_pilot,active,lendingclub_v2,statistical_normalized_average_rank,lr,state_bound_payload,results/selector_combinations_v1/pilot/evaluations/scv1-pilot-003-lendingclub_v2-statistical-normalized-average-rank-lr-k20-s42.dev_predictions.csv,19218783,632bb176131bba38e6ddec10b04fa3002f4e4fc85aa8fc6a191b76c6b5c8d4bb,True,results/selector_combinations_v1/pilot/evaluations/scv1-pilot-003-lendingclub_v2-statistical-normalized-average-rank-lr-k20-s42.json,
combination_pilot,active,lendingclub_v2,statistical_normalized_average_rank,lr,state_bound_payload,results/selector_combinations_v1/pilot/evaluations/scv1-pilot-003-lendingclub_v2-statistical-normalized-average-rank-lr-k20-s42.final_model_configuration.json,1245,91ccaf8524eafa3a55950a67dc46afebdff20e873bb5df4695039f99c72f338f,True,results/selector_combinations_v1/pilot/evaluations/scv1-pilot-003-lendingclub_v2-statistical-normalized-average-rank-lr-k20-s42.json,
historical_protocol,historical_binding_definition,,,,authoritative_historical_plan,cleanup/audits/prompt_14_two_dataset_oot_review/preinspection_analysis_plan.json,19996,baa3616fec0e4a8498b018fe8d17c90c141d4fd1169bd2d66cb6252c83156901,True,,
historical_protocol,historical_blocker,,,,preserved_blocker,cleanup/audits/prompt_14b_statistical_protocol_resolution/protocol_resolution_blocker.json,2819,c64f3e1a14d4be35474ae1d792d5f49236aa6d3122546fd3a7a902c582e49b43,True,,
historical_protocol,rejected,,,,diagnostic_only,cleanup/audits/prompt_14_two_dataset_oot_review_v2/preinspection_analysis_plan.json,290530,84a66a8315f1455145b24c8ddbe1ced58a936e61b5dc96d93d67731bed67e397,True,,
voting_package,active,,,,active_manifest,results/final_experiments/cross_dataset_voting_inference_v1/artifact_manifest.v2.json,17114,45a3c3ce2773508d352d3cd9a031b0d6e35835de72ad36c877f32090c1ceabaf,True,,
voting_package,active,,,,active_pointer,results/final_experiments/cross_dataset_voting_inference_v1/artifact_manifest.current.json,1219,63b8c0542885b00074f6e3fe1a897d5fe049ddbfbe45d3c19f40db47ae195e99,True,,
voting_package,active,,,,pointer_selected_successor_payload,cleanup/audits/prompt_06_voting_inference_evidence_package/frozen_input_authentication.json,3311,ff1f74ec7b808ac3b8922642363e8ac1d6bd3a2c5d55c3749f90767b5d7f136c,True,results/final_experiments/cross_dataset_voting_inference_v1/artifact_manifest.v2.json,
voting_package,active,,,,pointer_selected_successor_payload,cleanup/audits/prompt_06_voting_inference_evidence_package/preservation_audit.json,1556,4ab321eb1426bcb312eee198fd6dc057beae9bbe6bfb8c5cb740a4312e0b1f1c,True,results/final_experiments/cross_dataset_voting_inference_v1/artifact_manifest.v2.json,
voting_package,active,,,,pointer_selected_successor_payload,cleanup/audits/prompt_06_voting_inference_evidence_package/repository_state.json,1458,50687299d553ed5e4772cd719c5a5898d332fa448772570adae06370776dc682,True,results/final_experiments/cross_dataset_voting_inference_v1/artifact_manifest.v2.json,
voting_package,active,,,,pointer_selected_successor_payload,results/final_experiments/cross_dataset_voting_inference_v1/_cache/bootstrap_homecredit_catboost_k100.json,2343,fb12d07f044b43ae22a8f058b503669afadf0bb1b831db18a7a72592b7b2af69,True,results/final_experiments/cross_dataset_voting_inference_v1/artifact_manifest.v2.json,
voting_package,active,,,,pointer_selected_successor_payload,results/final_experiments/cross_dataset_voting_inference_v1/_cache/bootstrap_homecredit_catboost_k200.json,2346,cef19321d123fb7e29110fbcecddcc7439a046fdee2e9324b720433992a0bd41,True,results/final_experiments/cross_dataset_voting_inference_v1/artifact_manifest.v2.json,
voting_package,active,,,,pointer_selected_successor_payload,results/final_experiments/cross_dataset_voting_inference_v1/_cache/bootstrap_homecredit_catboost_k300.json,2345,a2d5e311780c61ac1deec2c977e66de7916c7cb9a48a54b32928cd2e4e61cd48,True,results/final_experiments/cross_dataset_voting_inference_v1/artifact_manifest.v2.json,
voting_package,active,,,,pointer_selected_successor_payload,results/final_experiments/cross_dataset_voting_inference_v1/_cache/bootstrap_homecredit_lr_k100.json,2353,9e8f85924ae2fce5bdb17af20ecad700278518948972bebd5f10f3ae1f98f287,True,results/final_experiments/cross_dataset_voting_inference_v1/artifact_manifest.v2.json,
voting_package,active,,,,pointer_selected_successor_payload,results/final_experiments/cross_dataset_voting_inference_v1/_cache/bootstrap_homecredit_lr_k200.json,2350,c54573ec0b5cc02f9a2f7f949d7acbbf62fcf351a0f1f462747d890cfaeb5dcb,True,results/final_experiments/cross_dataset_voting_inference_v1/artifact_manifest.v2.json,
voting_package,active,,,,pointer_selected_successor_payload,results/final_experiments/cross_dataset_voting_inference_v1/_cache/bootstrap_homecredit_lr_k300.json,2360,f66f572ce625bf93fbe31fcc0a04b86710082c542f14f9b2f94afeef26fc0e24,True,results/final_experiments/cross_dataset_voting_inference_v1/artifact_manifest.v2.json,
voting_package,active,,,,pointer_selected_successor_payload,results/final_experiments/cross_dataset_voting_inference_v1/_cache/bootstrap_lendingclub_v2_catboost_k100.json,2350,a4edd4159873a4557a61a6d3ff6592e4c9e5294c8568b1a779d15d9c6500c971,True,results/final_experiments/cross_dataset_voting_inference_v1/artifact_manifest.v2.json,
voting_package,active,,,,pointer_selected_successor_payload,results/final_experiments/cross_dataset_voting_inference_v1/_cache/bootstrap_lendingclub_v2_catboost_k200.json,2347,9b456a80f99ace59dc98b654ae78ffad6863884aacbbaa3704a10d7b99090c7b,True,results/final_experiments/cross_dataset_voting_inference_v1/artifact_manifest.v2.json,
voting_package,active,,,,pointer_selected_successor_payload,results/final_experiments/cross_dataset_voting_inference_v1/_cache/bootstrap_lendingclub_v2_catboost_k300.json,2343,081f9508d401c2596b13b0bd8e953afc1cd31a043f0d446957c5cf74c9c1f7fb,True,results/final_experiments/cross_dataset_voting_inference_v1/artifact_manifest.v2.json,
voting_package,active,,,,pointer_selected_successor_payload,results/final_experiments/cross_dataset_voting_inference_v1/_cache/bootstrap_lendingclub_v2_lr_k100.json,2353,ea05e08e431747c424907b9491a7f3542e21025267a9ff338912444c09d62e9d,True,results/final_experiments/cross_dataset_voting_inference_v1/artifact_manifest.v2.json,
voting_package,active,,,,pointer_selected_successor_payload,results/final_experiments/cross_dataset_voting_inference_v1/_cache/bootstrap_lendingclub_v2_lr_k200.json,2354,0c64fa872a6eacc6c2d4626e499282869646c1bb92ec6702b03104cdac5f6389,True,results/final_experiments/cross_dataset_voting_inference_v1/artifact_manifest.v2.json,
voting_package,active,,,,pointer_selected_successor_payload,results/final_experiments/cross_dataset_voting_inference_v1/_cache/bootstrap_lendingclub_v2_lr_k300.json,2351,dafd306076fdfb371c6ffe6613931bdc74f601bc9f551813da1d1bc62d3d435f,True,results/final_experiments/cross_dataset_voting_inference_v1/artifact_manifest.v2.json,
voting_package,active,,,,pointer_selected_successor_payload,results/final_experiments/cross_dataset_voting_inference_v1/alignment_audit.csv,10395,ded8843a67bf5e7cc6bb146e3f64470da32aac4daf121e77d67ef180662bcd51,True,results/final_experiments/cross_dataset_voting_inference_v1/artifact_manifest.v2.json,
voting_package,active,,,,pointer_selected_successor_payload,results/final_experiments/cross_dataset_voting_inference_v1/alignment_audit.json,39512,d22d1c18a676db7586cbfca4b015f1be0ac2794eea10a1eb8a4f61ef80444bab,True,results/final_experiments/cross_dataset_voting_inference_v1/artifact_manifest.v2.json,
voting_package,active,,,,pointer_selected_successor_payload,results/final_experiments/cross_dataset_voting_inference_v1/bootstrap_equivalence_audit.csv,1099,b1159dd3c489d5cfa64778a2c375e43b3554bb5414a14dc3b042829ea1265118,True,results/final_experiments/cross_dataset_voting_inference_v1/artifact_manifest.v2.json,
voting_package,active,,,,pointer_selected_successor_payload,results/final_experiments/cross_dataset_voting_inference_v1/bootstrap_replicate_manifest.json,19293,a16aedd3eb07aeb733886589f1921dc0c47720ded23366074c903003d07f8c6d,True,results/final_experiments/cross_dataset_voting_inference_v1/artifact_manifest.v2.json,
voting_package,active,,,,pointer_selected_successor_payload,results/final_experiments/cross_dataset_voting_inference_v1/claims_and_evidence_seed.csv,17046,b2e88f884b4ed0a51a11cc0ef87ec404b08f7545cd83a8a3b6d597beb9c480f3,True,results/final_experiments/cross_dataset_voting_inference_v1/artifact_manifest.v2.json,
voting_package,active,,,,pointer_selected_successor_payload,results/final_experiments/cross_dataset_voting_inference_v1/cross_dataset_voting_evidence_table.csv,15261,3195c8139a4fedc4d9e19c990c7cc974f47574316a961bf6048a80829359afd0,True,results/final_experiments/cross_dataset_voting_inference_v1/artifact_manifest.v2.json,
voting_package,active,,,,pointer_selected_successor_payload,results/final_experiments/cross_dataset_voting_inference_v1/dev_oot_population_audit.csv,1728,58ba95c2f39992b57225b4bea2e0182ba71ab56c0df74d4cc849e8d68551aaf9,True,results/final_experiments/cross_dataset_voting_inference_v1/artifact_manifest.v2.json,
voting_package,active,,,,pointer_selected_successor_payload,results/final_experiments/cross_dataset_voting_inference_v1/feature_psi_definition_audit.csv,49498,3edd5b6ff26604daa7906077c2b001828176608f56abb020e2b52e6bd40bb7cb,True,results/final_experiments/cross_dataset_voting_inference_v1/artifact_manifest.v2.json,
voting_package,active,,,,pointer_selected_successor_payload,results/final_experiments/cross_dataset_voting_inference_v1/feature_psi_long.csv,198813,52e6b85086ae2bd51f549174232d41a3e8eee01cb880cd516e4c90013ac90f3a,True,results/final_experiments/cross_dataset_voting_inference_v1/artifact_manifest.v2.json,
voting_package,active,,,,pointer_selected_successor_payload,results/final_experiments/cross_dataset_voting_inference_v1/feature_psi_summary.csv,4760,6f1295e302783a209017e08e53a8be97292fe94fb1e990846459cf4024be62ad,True,results/final_experiments/cross_dataset_voting_inference_v1/artifact_manifest.v2.json,
voting_package,active,,,,pointer_selected_successor_payload,results/final_experiments/cross_dataset_voting_inference_v1/figure_captions.json,3262,1185688aa345f96b512d049c1c892a88fd0713dbfada7b03f7881a883794b733,True,results/final_experiments/cross_dataset_voting_inference_v1/artifact_manifest.v2.json,
voting_package,active,,,,pointer_selected_successor_payload,results/final_experiments/cross_dataset_voting_inference_v1/figures/drift_stability_comparison.png,121425,0a71e3ab3e0ff694457fa41179cb6fb05c30e8c45eef6f2b709cf468dac0c973,True,results/final_experiments/cross_dataset_voting_inference_v1/artifact_manifest.v2.json,
voting_package,active,,,,pointer_selected_successor_payload,results/final_experiments/cross_dataset_voting_inference_v1/figures/paired_auc_delta_forest.png,141221,4fae2b1c02d339fb276bbb9b0daf8590a0fe94a3228209488eaebb9067416cf1,True,results/final_experiments/cross_dataset_voting_inference_v1/artifact_manifest.v2.json,
voting_package,active,,,,pointer_selected_successor_payload,results/final_experiments/cross_dataset_voting_inference_v1/figures/runtime_comparison.png,63016,10fc7ea2873fed714235742bf479f169b826c70b0ee6402c9e17edb708b14a56,True,results/final_experiments/cross_dataset_voting_inference_v1/artifact_manifest.v2.json,
voting_package,active,,,,pointer_selected_successor_payload,results/final_experiments/cross_dataset_voting_inference_v1/figures/voting_budget_auc.png,175725,311ae162db54b9990cf31dbf1264cf76f844151ccb20a4321ed4eb959b3bd4ce,True,results/final_experiments/cross_dataset_voting_inference_v1/artifact_manifest.v2.json,
voting_package,active,,,,pointer_selected_successor_payload,results/final_experiments/cross_dataset_voting_inference_v1/fold_selection_frequency.csv,98929,d278f23e24c4139841d1782ec4eb06ba3ee25fcfc3f285bf143568efd0fd6fd8,True,results/final_experiments/cross_dataset_voting_inference_v1/artifact_manifest.v2.json,
voting_package,active,,,,pointer_selected_successor_payload,results/final_experiments/cross_dataset_voting_inference_v1/fold_selection_inventory.csv,10452,9f865f54e95b321384223738103b8b0ecdd53c53c0756d58c6ad2622148ce2b1,True,results/final_experiments/cross_dataset_voting_inference_v1/artifact_manifest.v2.json,
voting_package,active,,,,pointer_selected_successor_payload,results/final_experiments/cross_dataset_voting_inference_v1/holm_adjustment_audit.csv,3997,2364844888be8e741f615addfafad112c3e160b170c92dc4d79b6cae1c2770a6,True,results/final_experiments/cross_dataset_voting_inference_v1/artifact_manifest.v2.json,
voting_package,active,,,,pointer_selected_successor_payload,results/final_experiments/cross_dataset_voting_inference_v1/independent_recalculation_audit.csv,30679,b0a68c4952bc7ebb5c2fe18f91623eb933b3ed1f8f811e309e565917d335e513,True,results/final_experiments/cross_dataset_voting_inference_v1/artifact_manifest.v2.json,
voting_package,active,,,,pointer_selected_successor_payload,results/final_experiments/cross_dataset_voting_inference_v1/input_inventory.csv,21038,63d009ffc1cebc8d465437850e354fa6814c328f75999ec2c2fa0e6184de85fc,True,results/final_experiments/cross_dataset_voting_inference_v1/artifact_manifest.v2.json,
voting_package,active,,,,pointer_selected_successor_payload,results/final_experiments/cross_dataset_voting_inference_v1/leakage_audit.csv,3406,a35756183f62020ec8a33b8cd7e85eb8ade6fb4ccca12f2a61d351545d880884,True,results/final_experiments/cross_dataset_voting_inference_v1/artifact_manifest.v2.json,
voting_package,active,,,,pointer_selected_successor_payload,results/final_experiments/cross_dataset_voting_inference_v1/lift10_audit.csv,12167,aa7420cd6449095c358e61f4b3b48ec344a6f7bb40aaab3f2d2e69b7c061aa22,True,results/final_experiments/cross_dataset_voting_inference_v1/artifact_manifest.v2.json,
voting_package,active,,,,pointer_selected_successor_payload,results/final_experiments/cross_dataset_voting_inference_v1/limitations.md,5369,c19c8a345340097aeed3c6406964bedbcaaca660b53ee6d6913df0847f7329e5,True,results/final_experiments/cross_dataset_voting_inference_v1/artifact_manifest.v2.json,
voting_package,active,,,,pointer_selected_successor_payload,results/final_experiments/cross_dataset_voting_inference_v1/paired_bootstrap_results.csv,8615,6627019e571e4d7877443e03d40b72056cc67d909c4721ce51dc1692ed33bb77,True,results/final_experiments/cross_dataset_voting_inference_v1/artifact_manifest.v2.json,
voting_package,active,,,,pointer_selected_successor_payload,results/final_experiments/cross_dataset_voting_inference_v1/paired_delong_results.csv,5499,6a9a09ccf453509fc359fd08886c0ab8963a04af593e151e85c72b3d4a131a1f,True,results/final_experiments/cross_dataset_voting_inference_v1/artifact_manifest.v2.json,
voting_package,active,,,,pointer_selected_successor_payload,results/final_experiments/cross_dataset_voting_inference_v1/paired_inference_final.csv,13988,13e598878d8849534a6a0ea4a5181d17d1ff08d7a468fe9cb35beee165c8ddaf,True,results/final_experiments/cross_dataset_voting_inference_v1/artifact_manifest.v2.json,
voting_package,active,,,,pointer_selected_successor_payload,results/final_experiments/cross_dataset_voting_inference_v1/predeclared_comparison_family.json,10351,e38df6e42be2fd537ce2f1f15c037cf88d56d092f43d67b732a3b7b7744f8b85,True,results/final_experiments/cross_dataset_voting_inference_v1/artifact_manifest.v2.json,
voting_package,active,,,,pointer_selected_successor_payload,results/final_experiments/cross_dataset_voting_inference_v1/prediction_inventory.csv,16089,8d1168e26b09db1827b5b717cfb1ceca73b4c00c54259af56298aac9cc2e2efc,True,results/final_experiments/cross_dataset_voting_inference_v1/artifact_manifest.v2.json,
voting_package,active,,,,pointer_selected_successor_payload,results/final_experiments/cross_dataset_voting_inference_v1/prompt_05_completion_authentication.json,1829,8285737ef90c1286f13643ab03bdefb9766d1688200e4bc1a3604f5f6c09c0e4,True,results/final_experiments/cross_dataset_voting_inference_v1/artifact_manifest.v2.json,
voting_package,active,,,,pointer_selected_successor_payload,results/final_experiments/cross_dataset_voting_inference_v1/provenance_audit.csv,1505,fa093688ed99d9925cdd34de2560b60bf6bbd128badbfd3e98707647c42038fe,True,results/final_experiments/cross_dataset_voting_inference_v1/artifact_manifest.v2.json,
voting_package,active,,,,pointer_selected_successor_payload,results/final_experiments/cross_dataset_voting_inference_v1/run_level_metrics.csv,9664,82cdf69846a768a822cfab7d4e31e9dfd79a12b2d80f7a53237687dcbd52f3a6,True,results/final_experiments/cross_dataset_voting_inference_v1/artifact_manifest.v2.json,
voting_package,active,,,,pointer_selected_successor_payload,results/final_experiments/cross_dataset_voting_inference_v1/runtime_resource_summary.csv,6519,f5edec6fe78ec01a20099953bf49bbd747a4c8fc770ec2b4d5821e962b681d8a,True,results/final_experiments/cross_dataset_voting_inference_v1/artifact_manifest.v2.json,
voting_package,active,,,,pointer_selected_successor_payload,results/final_experiments/cross_dataset_voting_inference_v1/runtime_stage_breakdown.csv,12789,9e8be263a7c7b7866cd7440b06581672b900959b3bb77d6bab69109e07ff76d8,True,results/final_experiments/cross_dataset_voting_inference_v1/artifact_manifest.v2.json,
voting_package,active,,,,pointer_selected_successor_payload,results/final_experiments/cross_dataset_voting_inference_v1/score_psi_bins.csv,34514,a850a13f045884dc8c6f354b08820e54c2dd335c5db1022628e67ddd130b6da8,True,results/final_experiments/cross_dataset_voting_inference_v1/artifact_manifest.v2.json,
voting_package,active,,,,pointer_selected_successor_payload,results/final_experiments/cross_dataset_voting_inference_v1/score_psi_summary.csv,4984,db74552509c829824b80df303f68f74be0f88a2dfaa269fc9308036d2fdc7087,True,results/final_experiments/cross_dataset_voting_inference_v1/artifact_manifest.v2.json,
voting_package,active,,,,pointer_selected_successor_payload,results/final_experiments/cross_dataset_voting_inference_v1/stability_pairwise.csv,22714,d4b481417fcba9f5014c1f6034d2e84161ad3cccc1e58f665ead520362e7ea87,True,results/final_experiments/cross_dataset_voting_inference_v1/artifact_manifest.v2.json,
voting_package,active,,,,pointer_selected_successor_payload,results/final_experiments/cross_dataset_voting_inference_v1/stability_summary.csv,6182,545bd1901bbdce8d9e2d7a9cc5a858b3764e5023377ec572db950c8d44019cce,True,results/final_experiments/cross_dataset_voting_inference_v1/artifact_manifest.v2.json,
voting_package,active,,,,pointer_selected_successor_payload,results/final_experiments/cross_dataset_voting_inference_v1/status.json,1298,4b16d8cea9dd877fe62b687416fe70c6bcd9def50ab8f9425f16cd2aebeb0e8a,True,results/final_experiments/cross_dataset_voting_inference_v1/artifact_manifest.v2.json,
voting_package,active,,,,pointer_selected_successor_payload,results/final_experiments/cross_dataset_voting_inference_v1/validation_summary.md,2968,44fbd0f560daa084ed29f91497f0ef50e713602979f322e7045a2cd70b459f36,True,results/final_experiments/cross_dataset_voting_inference_v1/artifact_manifest.v2.json,
voting_package,active,,,,pointer_selected_successor_payload,results/final_experiments/cross_dataset_voting_inference_v1/voting_budget_results.csv,11647,ca2e9e2b8e77044b0f7a23c69bf86c91844c6f27feb9749069681831c4d38b5e,True,results/final_experiments/cross_dataset_voting_inference_v1/artifact_manifest.v2.json,
voting_package,historical_superseded,,,,legacy_manifest,results/final_experiments/cross_dataset_voting_inference_v1/artifact_manifest.json,16591,e16a3cff5135a9eb3ecf92ea635bdeb55772fbe8f80c9dca07086590464de2a2,True,,never active for this analysis
voting_primary_predictions,active,homecredit,cross_dataset_rank_voting_v1_primary_pool_200,catboost,registered_external_comparator_prediction,results/runs/homecredit/cdv1-007-homecredit-voting-k200-catboost-s42/results/oot_predictions.csv,22633277,40cc0917d62f0f2c6723b8830e8cabec57c01a056d4801af790bd25120d99f15,True,results/final_experiments/cross_dataset_voting_inference_v1/prediction_inventory.csv,
voting_primary_predictions,active,homecredit,cross_dataset_rank_voting_v1_primary_pool_200,lr,registered_external_comparator_prediction,results/runs/homecredit/cdv1-003-homecredit-voting-k200-lr-s42/results/oot_predictions.csv,21169572,30a43211a608b8ae984a30a4fdb34e8221d020cfc42c1819cab6c3e05da34455,True,results/final_experiments/cross_dataset_voting_inference_v1/prediction_inventory.csv,
voting_primary_predictions,active,lendingclub_v2,cross_dataset_rank_voting_v1_primary_pool_200,catboost,registered_external_comparator_prediction,results/runs/lendingclub_v2/cdv1-015-lendingclub-v2-voting-k200-catboost-s42/results/oot_predictions.csv,58298069,e83968584d533bbbff492cfe44041202c73104ca5bb640f05fdd78fd27c1ded1,True,results/final_experiments/cross_dataset_voting_inference_v1/prediction_inventory.csv,
voting_primary_predictions,active,lendingclub_v2,cross_dataset_rank_voting_v1_primary_pool_200,lr,registered_external_comparator_prediction,results/runs/lendingclub_v2/cdv1-011-lendingclub-v2-voting-k200-lr-s42/results/oot_predictions.csv,54770624,ff9654e38cac54792b8435b71baa3f60da3b8b3fbee4c5aca8f9717606cb410e,True,results/final_experiments/cross_dataset_voting_inference_v1/prediction_inventory.csv,
