dataset,method,configuration,model,metric,stored_value,recomputed_value,absolute_difference,relative_difference,absolute_tolerance,relative_tolerance,passed,verdict,prediction_path,metric_path
homecredit,full_features,full,lr,bad_rate_capture_at_10,0.3381362275449102,0.3381362275449102,0.0,0.0,1e-10,1e-10,True,pass,results/full_baseline_v1/runs/homecredit/fbv1-001-homecredit-lr-full-features-s42/predictions_oot.csv,persisted_state_or_manifest
homecredit,full_features,full,lr,brier,0.2033006614785918,0.20330066147859185,5.551115123125783e-17,2.73049535734557e-16,1e-10,1e-10,True,pass,results/full_baseline_v1/runs/homecredit/fbv1-001-homecredit-lr-full-features-s42/predictions_oot.csv,persisted_state_or_manifest
homecredit,full_features,full,lr,gini,0.542991505502231,0.542991505502231,0.0,0.0,1e-10,1e-10,True,pass,results/full_baseline_v1/runs/homecredit/fbv1-001-homecredit-lr-full-features-s42/predictions_oot.csv,persisted_state_or_manifest
homecredit,full_features,full,lr,ks,0.4135745986767379,0.41357459867673785,5.551115123125783e-17,1.3422282560116072e-16,1e-10,1e-10,True,pass,results/full_baseline_v1/runs/homecredit/fbv1-001-homecredit-lr-full-features-s42/predictions_oot.csv,persisted_state_or_manifest
homecredit,full_features,full,lr,lift_at_10,3.3811651278901467,3.3811651278901467,0.0,0.0,1e-10,1e-10,True,pass,results/full_baseline_v1/runs/homecredit/fbv1-001-homecredit-lr-full-features-s42/predictions_oot.csv,persisted_state_or_manifest
homecredit,full_features,full,lr,log_loss,0.6047059413656336,0.6047059413656336,0.0,0.0,1e-10,1e-10,True,pass,results/full_baseline_v1/runs/homecredit/fbv1-001-homecredit-lr-full-features-s42/predictions_oot.csv,persisted_state_or_manifest
homecredit,full_features,full,lr,roc_auc,0.7714957527511155,0.7714957527511155,0.0,0.0,1e-10,1e-10,True,pass,results/full_baseline_v1/runs/homecredit/fbv1-001-homecredit-lr-full-features-s42/predictions_oot.csv,persisted_state_or_manifest
homecredit,full_features,full,catboost,bad_rate_capture_at_10,0.3625561377245509,0.3625561377245509,0.0,0.0,1e-10,1e-10,True,pass,results/full_baseline_v1/runs/homecredit/fbv1-002-homecredit-catboost-full-features-s42/predictions_oot.csv,persisted_state_or_manifest
homecredit,full_features,full,catboost,brier,0.1373412818397661,0.1373412818397661,0.0,0.0,1e-10,1e-10,True,pass,results/full_baseline_v1/runs/homecredit/fbv1-002-homecredit-catboost-full-features-s42/predictions_oot.csv,persisted_state_or_manifest
homecredit,full_features,full,catboost,gini,0.5720640172815799,0.5720640172815799,0.0,0.0,1e-10,1e-10,True,pass,results/full_baseline_v1/runs/homecredit/fbv1-002-homecredit-catboost-full-features-s42/predictions_oot.csv,persisted_state_or_manifest
homecredit,full_features,full,catboost,ks,0.4342309192477752,0.43423091924777524,5.551115123125783e-17,1.2783785946754008e-16,1e-10,1e-10,True,pass,results/full_baseline_v1/runs/homecredit/fbv1-002-homecredit-catboost-full-features-s42/predictions_oot.csv,persisted_state_or_manifest
homecredit,full_features,full,catboost,lift_at_10,3.625349991857864,3.6253499918578638,4.440892098500626e-16,1.2249554135392112e-16,1e-10,1e-10,True,pass,results/full_baseline_v1/runs/homecredit/fbv1-002-homecredit-catboost-full-features-s42/predictions_oot.csv,persisted_state_or_manifest
homecredit,full_features,full,catboost,log_loss,0.431142271188188,0.431142271188188,0.0,0.0,1e-10,1e-10,True,pass,results/full_baseline_v1/runs/homecredit/fbv1-002-homecredit-catboost-full-features-s42/predictions_oot.csv,persisted_state_or_manifest
homecredit,full_features,full,catboost,roc_auc,0.7860320086407899,0.7860320086407899,0.0,0.0,1e-10,1e-10,True,pass,results/full_baseline_v1/runs/homecredit/fbv1-002-homecredit-catboost-full-features-s42/predictions_oot.csv,persisted_state_or_manifest
homecredit,random_k,k20,lr,bad_rate_capture_at_10,0.186190119760479,0.18619011976047903,2.7755575615628914e-17,1.490711518491668e-16,1e-10,1e-10,True,pass,results/full_baseline_v1/runs/homecredit/fbv1-005-homecredit-lr-random-k-s42/predictions_oot.csv,persisted_state_or_manifest
homecredit,random_k,k20,lr,brier,0.2317703002812171,0.23177030028121715,5.551115123125783e-17,2.3950933818484816e-16,1e-10,1e-10,True,pass,results/full_baseline_v1/runs/homecredit/fbv1-005-homecredit-lr-random-k-s42/predictions_oot.csv,persisted_state_or_manifest
homecredit,random_k,k20,lr,gini,0.2556475325990455,0.2556475325990455,0.0,0.0,1e-10,1e-10,True,pass,results/full_baseline_v1/runs/homecredit/fbv1-005-homecredit-lr-random-k-s42/predictions_oot.csv,persisted_state_or_manifest
homecredit,random_k,k20,lr,ks,0.1882023944156673,0.18820239441566738,8.326672684688674e-17,4.424318144591843e-16,1e-10,1e-10,True,pass,results/full_baseline_v1/runs/homecredit/fbv1-005-homecredit-lr-random-k-s42/predictions_oot.csv,persisted_state_or_manifest
homecredit,random_k,k20,lr,lift_at_10,1.8617926409799093,1.8617926409799093,0.0,0.0,1e-10,1e-10,True,pass,results/full_baseline_v1/runs/homecredit/fbv1-005-homecredit-lr-random-k-s42/predictions_oot.csv,persisted_state_or_manifest
homecredit,random_k,k20,lr,log_loss,0.6559455405756864,0.6559455405756864,0.0,0.0,1e-10,1e-10,True,pass,results/full_baseline_v1/runs/homecredit/fbv1-005-homecredit-lr-random-k-s42/predictions_oot.csv,persisted_state_or_manifest
homecredit,random_k,k20,lr,roc_auc,0.6278237662995227,0.6278237662995227,0.0,0.0,1e-10,1e-10,True,pass,results/full_baseline_v1/runs/homecredit/fbv1-005-homecredit-lr-random-k-s42/predictions_oot.csv,persisted_state_or_manifest
homecredit,random_k,k40,catboost,bad_rate_capture_at_10,0.250374251497006,0.250374251497006,0.0,0.0,1e-10,1e-10,True,pass,results/full_baseline_v1/runs/homecredit/fbv1-006-homecredit-catboost-random-k-s42/predictions_oot.csv,persisted_state_or_manifest
homecredit,random_k,k40,catboost,brier,0.1749659193737786,0.17496591937377867,8.326672684688674e-17,4.759025480213924e-16,1e-10,1e-10,True,pass,results/full_baseline_v1/runs/homecredit/fbv1-006-homecredit-catboost-random-k-s42/predictions_oot.csv,persisted_state_or_manifest
homecredit,random_k,k40,catboost,gini,0.3707865163925339,0.3707865163925339,0.0,0.0,1e-10,1e-10,True,pass,results/full_baseline_v1/runs/homecredit/fbv1-006-homecredit-catboost-random-k-s42/predictions_oot.csv,persisted_state_or_manifest
homecredit,random_k,k40,catboost,ks,0.2750769711092149,0.27507697110921486,5.551115123125783e-17,2.0180224832131808e-16,1e-10,1e-10,True,pass,results/full_baseline_v1/runs/homecredit/fbv1-006-homecredit-catboost-random-k-s42/predictions_oot.csv,persisted_state_or_manifest
homecredit,random_k,k40,catboost,lift_at_10,2.503596536312682,2.503596536312682,0.0,0.0,1e-10,1e-10,True,pass,results/full_baseline_v1/runs/homecredit/fbv1-006-homecredit-catboost-random-k-s42/predictions_oot.csv,persisted_state_or_manifest
homecredit,random_k,k40,catboost,log_loss,0.5288228891942953,0.5288228891942953,0.0,0.0,1e-10,1e-10,True,pass,results/full_baseline_v1/runs/homecredit/fbv1-006-homecredit-catboost-random-k-s42/predictions_oot.csv,persisted_state_or_manifest
homecredit,random_k,k40,catboost,roc_auc,0.685393258196267,0.685393258196267,0.0,0.0,1e-10,1e-10,True,pass,results/full_baseline_v1/runs/homecredit/fbv1-006-homecredit-catboost-random-k-s42/predictions_oot.csv,persisted_state_or_manifest
homecredit,iv_woe,k20,lr,bad_rate_capture_at_10,0.3006175149700599,0.3006175149700599,0.0,0.0,1e-10,1e-10,True,pass,results/full_baseline_v1/runs/homecredit/fbv1-009-homecredit-lr-iv-woe-s42/predictions_oot.csv,persisted_state_or_manifest
homecredit,iv_woe,k20,lr,brier,0.2184648221790276,0.21846482217902763,2.7755575615628914e-17,1.270482603962837e-16,1e-10,1e-10,True,pass,results/full_baseline_v1/runs/homecredit/fbv1-009-homecredit-lr-iv-woe-s42/predictions_oot.csv,persisted_state_or_manifest
homecredit,iv_woe,k20,lr,gini,0.4762936443667322,0.47629364436673227,5.551115123125783e-17,1.1654816705577507e-16,1e-10,1e-10,True,pass,results/full_baseline_v1/runs/homecredit/fbv1-009-homecredit-lr-iv-woe-s42/predictions_oot.csv,persisted_state_or_manifest
homecredit,iv_woe,k20,lr,ks,0.3482322036423654,0.34823220364236557,1.6653345369377348e-16,4.78225310444876e-16,1e-10,1e-10,True,pass,results/full_baseline_v1/runs/homecredit/fbv1-009-homecredit-lr-iv-woe-s42/predictions_oot.csv,persisted_state_or_manifest
homecredit,iv_woe,k20,lr,lift_at_10,3.005999877119823,3.005999877119823,0.0,0.0,1e-10,1e-10,True,pass,results/full_baseline_v1/runs/homecredit/fbv1-009-homecredit-lr-iv-woe-s42/predictions_oot.csv,persisted_state_or_manifest
homecredit,iv_woe,k20,lr,log_loss,0.6299551283228517,0.6299551283228517,0.0,0.0,1e-10,1e-10,True,pass,results/full_baseline_v1/runs/homecredit/fbv1-009-homecredit-lr-iv-woe-s42/predictions_oot.csv,persisted_state_or_manifest
homecredit,iv_woe,k20,lr,roc_auc,0.7381468221833661,0.7381468221833661,0.0,0.0,1e-10,1e-10,True,pass,results/full_baseline_v1/runs/homecredit/fbv1-009-homecredit-lr-iv-woe-s42/predictions_oot.csv,persisted_state_or_manifest
homecredit,iv_woe,k40,catboost,bad_rate_capture_at_10,0.3447791916167664,0.34477919161676646,5.551115123125783e-17,1.6100493469733616e-16,1e-10,1e-10,True,pass,results/full_baseline_v1/runs/homecredit/fbv1-010-homecredit-catboost-iv-woe-s42/predictions_oot.csv,persisted_state_or_manifest
homecredit,iv_woe,k40,catboost,brier,0.1609429072178787,0.1609429072178787,0.0,0.0,1e-10,1e-10,True,pass,results/full_baseline_v1/runs/homecredit/fbv1-010-homecredit-catboost-iv-woe-s42/predictions_oot.csv,persisted_state_or_manifest
homecredit,iv_woe,k40,catboost,gini,0.5371414128949619,0.5371414128949619,0.0,0.0,1e-10,1e-10,True,pass,results/full_baseline_v1/runs/homecredit/fbv1-010-homecredit-catboost-iv-woe-s42/predictions_oot.csv,persisted_state_or_manifest
homecredit,iv_woe,k40,catboost,ks,0.4012080599807106,0.4012080599807107,1.1102230246251565e-16,2.7672002020062467e-16,1e-10,1e-10,True,pass,results/full_baseline_v1/runs/homecredit/fbv1-010-homecredit-catboost-iv-woe-s42/predictions_oot.csv,persisted_state_or_manifest
homecredit,iv_woe,k40,catboost,lift_at_10,3.447590895482897,3.4475908954828975,4.440892098500626e-16,1.2881145800446255e-16,1e-10,1e-10,True,pass,results/full_baseline_v1/runs/homecredit/fbv1-010-homecredit-catboost-iv-woe-s42/predictions_oot.csv,persisted_state_or_manifest
homecredit,iv_woe,k40,catboost,log_loss,0.4890495521777003,0.48904955217770035,5.551115123125783e-17,1.1350823446023193e-16,1e-10,1e-10,True,pass,results/full_baseline_v1/runs/homecredit/fbv1-010-homecredit-catboost-iv-woe-s42/predictions_oot.csv,persisted_state_or_manifest
homecredit,iv_woe,k40,catboost,roc_auc,0.7685707064474809,0.7685707064474809,0.0,0.0,1e-10,1e-10,True,pass,results/full_baseline_v1/runs/homecredit/fbv1-010-homecredit-catboost-iv-woe-s42/predictions_oot.csv,persisted_state_or_manifest
homecredit,mrmr_mutual_information,k20,lr,bad_rate_capture_at_10,0.3012724550898203,0.30127245508982037,5.551115123125783e-17,1.8425564731667196e-16,1e-10,1e-10,True,pass,results/full_baseline_v1/runs/homecredit/fbv1-013-homecredit-lr-mrmr-mutual-information-s42/predictions_oot.csv,persisted_state_or_manifest
homecredit,mrmr_mutual_information,k20,lr,brier,0.215611563189898,0.21561156318989805,5.551115123125783e-17,2.5745906392954846e-16,1e-10,1e-10,True,pass,results/full_baseline_v1/runs/homecredit/fbv1-013-homecredit-lr-mrmr-mutual-information-s42/predictions_oot.csv,persisted_state_or_manifest
homecredit,mrmr_mutual_information,k20,lr,gini,0.4702315092760576,0.4702315092760576,0.0,0.0,1e-10,1e-10,True,pass,results/full_baseline_v1/runs/homecredit/fbv1-013-homecredit-lr-mrmr-mutual-information-s42/predictions_oot.csv,persisted_state_or_manifest
homecredit,mrmr_mutual_information,k20,lr,ks,0.3486486044164585,0.34864860441645856,5.551115123125783e-17,1.5921805086289723e-16,1e-10,1e-10,True,pass,results/full_baseline_v1/runs/homecredit/fbv1-013-homecredit-lr-mrmr-mutual-information-s42/predictions_oot.csv,persisted_state_or_manifest
homecredit,mrmr_mutual_information,k20,lr,lift_at_10,3.0125488964599536,3.0125488964599536,0.0,0.0,1e-10,1e-10,True,pass,results/full_baseline_v1/runs/homecredit/fbv1-013-homecredit-lr-mrmr-mutual-information-s42/predictions_oot.csv,persisted_state_or_manifest
homecredit,mrmr_mutual_information,k20,lr,log_loss,0.6239628547408924,0.6239628547408924,0.0,0.0,1e-10,1e-10,True,pass,results/full_baseline_v1/runs/homecredit/fbv1-013-homecredit-lr-mrmr-mutual-information-s42/predictions_oot.csv,persisted_state_or_manifest
homecredit,mrmr_mutual_information,k20,lr,roc_auc,0.7351157546380288,0.7351157546380288,0.0,0.0,1e-10,1e-10,True,pass,results/full_baseline_v1/runs/homecredit/fbv1-013-homecredit-lr-mrmr-mutual-information-s42/predictions_oot.csv,persisted_state_or_manifest
homecredit,mrmr_mutual_information,k40,catboost,bad_rate_capture_at_10,0.3325224550898203,0.33252245508982037,5.551115123125783e-17,1.6693955665719857e-16,1e-10,1e-10,True,pass,results/full_baseline_v1/runs/homecredit/fbv1-014-homecredit-catboost-mrmr-mutual-information-s42/predictions_oot.csv,persisted_state_or_manifest
homecredit,mrmr_mutual_information,k40,catboost,brier,0.1671309684608856,0.16713096846088565,5.551115123125783e-17,3.321416236766997e-16,1e-10,1e-10,True,pass,results/full_baseline_v1/runs/homecredit/fbv1-014-homecredit-catboost-mrmr-mutual-information-s42/predictions_oot.csv,persisted_state_or_manifest
homecredit,mrmr_mutual_information,k40,catboost,gini,0.5197975602765119,0.5197975602765119,0.0,0.0,1e-10,1e-10,True,pass,results/full_baseline_v1/runs/homecredit/fbv1-014-homecredit-catboost-mrmr-mutual-information-s42/predictions_oot.csv,persisted_state_or_manifest
homecredit,mrmr_mutual_information,k40,catboost,ks,0.3867577824395099,0.38675778243951,5.551115123125783e-17,1.4352950024978472e-16,1e-10,1e-10,True,pass,results/full_baseline_v1/runs/homecredit/fbv1-014-homecredit-catboost-mrmr-mutual-information-s42/predictions_oot.csv,persisted_state_or_manifest
homecredit,mrmr_mutual_information,k40,catboost,lift_at_10,3.325030676403315,3.325030676403315,0.0,0.0,1e-10,1e-10,True,pass,results/full_baseline_v1/runs/homecredit/fbv1-014-homecredit-catboost-mrmr-mutual-information-s42/predictions_oot.csv,persisted_state_or_manifest
homecredit,mrmr_mutual_information,k40,catboost,log_loss,0.5029163463310823,0.5029163463310823,0.0,0.0,1e-10,1e-10,True,pass,results/full_baseline_v1/runs/homecredit/fbv1-014-homecredit-catboost-mrmr-mutual-information-s42/predictions_oot.csv,persisted_state_or_manifest
homecredit,mrmr_mutual_information,k40,catboost,roc_auc,0.759898780138256,0.759898780138256,0.0,0.0,1e-10,1e-10,True,pass,results/full_baseline_v1/runs/homecredit/fbv1-014-homecredit-catboost-mrmr-mutual-information-s42/predictions_oot.csv,persisted_state_or_manifest
homecredit,lasso_l1_logistic,k20,lr,bad_rate_capture_at_10,0.3050149700598802,0.30501497005988026,5.551115123125783e-17,1.8199484182812383e-16,1e-10,1e-10,True,pass,results/full_baseline_v1/runs/homecredit/fbv1-017-homecredit-lr-lasso-l1-logistic-s42/predictions_oot.csv,persisted_state_or_manifest
homecredit,lasso_l1_logistic,k20,lr,brier,0.2124479072485012,0.2124479072485012,0.0,0.0,1e-10,1e-10,True,pass,results/full_baseline_v1/runs/homecredit/fbv1-017-homecredit-lr-lasso-l1-logistic-s42/predictions_oot.csv,persisted_state_or_manifest
homecredit,lasso_l1_logistic,k20,lr,gini,0.4906987064822485,0.49069870648224856,5.551115123125783e-17,1.1312675272614763e-16,1e-10,1e-10,True,pass,results/full_baseline_v1/runs/homecredit/fbv1-017-homecredit-lr-lasso-l1-logistic-s42/predictions_oot.csv,persisted_state_or_manifest
homecredit,lasso_l1_logistic,k20,lr,ks,0.3634826681159694,0.3634826681159694,0.0,0.0,1e-10,1e-10,True,pass,results/full_baseline_v1/runs/homecredit/fbv1-017-homecredit-lr-lasso-l1-logistic-s42/predictions_oot.csv,persisted_state_or_manifest
homecredit,lasso_l1_logistic,k20,lr,lift_at_10,3.049971864117842,3.049971864117842,0.0,0.0,1e-10,1e-10,True,pass,results/full_baseline_v1/runs/homecredit/fbv1-017-homecredit-lr-lasso-l1-logistic-s42/predictions_oot.csv,persisted_state_or_manifest
homecredit,lasso_l1_logistic,k20,lr,log_loss,0.6155373870020852,0.6155373870020852,0.0,0.0,1e-10,1e-10,True,pass,results/full_baseline_v1/runs/homecredit/fbv1-017-homecredit-lr-lasso-l1-logistic-s42/predictions_oot.csv,persisted_state_or_manifest
homecredit,lasso_l1_logistic,k20,lr,roc_auc,0.7453493532411243,0.7453493532411243,0.0,0.0,1e-10,1e-10,True,pass,results/full_baseline_v1/runs/homecredit/fbv1-017-homecredit-lr-lasso-l1-logistic-s42/predictions_oot.csv,persisted_state_or_manifest
homecredit,lasso_l1_logistic,k40,catboost,bad_rate_capture_at_10,0.3496444610778443,0.3496444610778443,0.0,0.0,1e-10,1e-10,True,pass,results/full_baseline_v1/runs/homecredit/fbv1-018-homecredit-catboost-lasso-l1-logistic-s42/predictions_oot.csv,persisted_state_or_manifest
homecredit,lasso_l1_logistic,k40,catboost,brier,0.1551682507315876,0.15516825073158763,2.7755575615628914e-17,1.7887406402254885e-16,1e-10,1e-10,True,pass,results/full_baseline_v1/runs/homecredit/fbv1-018-homecredit-catboost-lasso-l1-logistic-s42/predictions_oot.csv,persisted_state_or_manifest
homecredit,lasso_l1_logistic,k40,catboost,gini,0.5484524145372676,0.5484524145372676,0.0,0.0,1e-10,1e-10,True,pass,results/full_baseline_v1/runs/homecredit/fbv1-018-homecredit-catboost-lasso-l1-logistic-s42/predictions_oot.csv,persisted_state_or_manifest
homecredit,lasso_l1_logistic,k40,catboost,ks,0.41278949952242,0.41278949952242,0.0,0.0,1e-10,1e-10,True,pass,results/full_baseline_v1/runs/homecredit/fbv1-018-homecredit-catboost-lasso-l1-logistic-s42/predictions_oot.csv,persisted_state_or_manifest
homecredit,lasso_l1_logistic,k40,catboost,lift_at_10,3.496240753438151,3.496240753438151,0.0,0.0,1e-10,1e-10,True,pass,results/full_baseline_v1/runs/homecredit/fbv1-018-homecredit-catboost-lasso-l1-logistic-s42/predictions_oot.csv,persisted_state_or_manifest
homecredit,lasso_l1_logistic,k40,catboost,log_loss,0.4740711374314528,0.47407113743145285,5.551115123125783e-17,1.1709455996840628e-16,1e-10,1e-10,True,pass,results/full_baseline_v1/runs/homecredit/fbv1-018-homecredit-catboost-lasso-l1-logistic-s42/predictions_oot.csv,persisted_state_or_manifest
homecredit,lasso_l1_logistic,k40,catboost,roc_auc,0.7742262072686338,0.7742262072686338,0.0,0.0,1e-10,1e-10,True,pass,results/full_baseline_v1/runs/homecredit/fbv1-018-homecredit-catboost-lasso-l1-logistic-s42/predictions_oot.csv,persisted_state_or_manifest
homecredit,legacy_rf_relevance_corr,k20,lr,bad_rate_capture_at_10,0.309505988023952,0.30950598802395207,5.551115123125783e-17,1.7935404605794553e-16,1e-10,1e-10,True,pass,results/full_baseline_v1/runs/homecredit/fbv1-021-homecredit-lr-legacy-rf-relevance-corr-s42/predictions_oot.csv,persisted_state_or_manifest
homecredit,legacy_rf_relevance_corr,k20,lr,brier,0.2156770063914868,0.21567700639148685,5.551115123125783e-17,2.5738094273478826e-16,1e-10,1e-10,True,pass,results/full_baseline_v1/runs/homecredit/fbv1-021-homecredit-lr-legacy-rf-relevance-corr-s42/predictions_oot.csv,persisted_state_or_manifest
homecredit,legacy_rf_relevance_corr,k20,lr,gini,0.4895041336200183,0.4895041336200183,0.0,0.0,1e-10,1e-10,True,pass,results/full_baseline_v1/runs/homecredit/fbv1-021-homecredit-lr-legacy-rf-relevance-corr-s42/predictions_oot.csv,persisted_state_or_manifest
homecredit,legacy_rf_relevance_corr,k20,lr,ks,0.3597414543769408,0.3597414543769408,0.0,0.0,1e-10,1e-10,True,pass,results/full_baseline_v1/runs/homecredit/fbv1-021-homecredit-lr-legacy-rf-relevance-corr-s42/predictions_oot.csv,persisted_state_or_manifest
homecredit,legacy_rf_relevance_corr,k20,lr,lift_at_10,3.0948794253073064,3.0948794253073064,0.0,0.0,1e-10,1e-10,True,pass,results/full_baseline_v1/runs/homecredit/fbv1-021-homecredit-lr-legacy-rf-relevance-corr-s42/predictions_oot.csv,persisted_state_or_manifest
homecredit,legacy_rf_relevance_corr,k20,lr,log_loss,0.6244313990629775,0.6244313990629775,0.0,0.0,1e-10,1e-10,True,pass,results/full_baseline_v1/runs/homecredit/fbv1-021-homecredit-lr-legacy-rf-relevance-corr-s42/predictions_oot.csv,persisted_state_or_manifest
homecredit,legacy_rf_relevance_corr,k20,lr,roc_auc,0.7447520668100092,0.7447520668100092,0.0,0.0,1e-10,1e-10,True,pass,results/full_baseline_v1/runs/homecredit/fbv1-021-homecredit-lr-legacy-rf-relevance-corr-s42/predictions_oot.csv,persisted_state_or_manifest
homecredit,legacy_rf_relevance_corr,k40,catboost,bad_rate_capture_at_10,0.3432821856287425,0.3432821856287425,0.0,0.0,1e-10,1e-10,True,pass,results/full_baseline_v1/runs/homecredit/fbv1-022-homecredit-catboost-legacy-rf-relevance-corr-s42/predictions_oot.csv,persisted_state_or_manifest
homecredit,legacy_rf_relevance_corr,k40,catboost,brier,0.156418763098945,0.156418763098945,0.0,0.0,1e-10,1e-10,True,pass,results/full_baseline_v1/runs/homecredit/fbv1-022-homecredit-catboost-legacy-rf-relevance-corr-s42/predictions_oot.csv,persisted_state_or_manifest
homecredit,legacy_rf_relevance_corr,k40,catboost,gini,0.5396090995898755,0.5396090995898755,0.0,0.0,1e-10,1e-10,True,pass,results/full_baseline_v1/runs/homecredit/fbv1-022-homecredit-catboost-legacy-rf-relevance-corr-s42/predictions_oot.csv,persisted_state_or_manifest
homecredit,legacy_rf_relevance_corr,k40,catboost,ks,0.4070247209599454,0.4070247209599454,0.0,0.0,1e-10,1e-10,True,pass,results/full_baseline_v1/runs/homecredit/fbv1-022-homecredit-catboost-legacy-rf-relevance-corr-s42/predictions_oot.csv,persisted_state_or_manifest
homecredit,legacy_rf_relevance_corr,k40,catboost,lift_at_10,3.4326217084197426,3.4326217084197426,0.0,0.0,1e-10,1e-10,True,pass,results/full_baseline_v1/runs/homecredit/fbv1-022-homecredit-catboost-legacy-rf-relevance-corr-s42/predictions_oot.csv,persisted_state_or_manifest
homecredit,legacy_rf_relevance_corr,k40,catboost,log_loss,0.4781814492830624,0.4781814492830624,0.0,0.0,1e-10,1e-10,True,pass,results/full_baseline_v1/runs/homecredit/fbv1-022-homecredit-catboost-legacy-rf-relevance-corr-s42/predictions_oot.csv,persisted_state_or_manifest
homecredit,legacy_rf_relevance_corr,k40,catboost,roc_auc,0.7698045497949377,0.7698045497949377,0.0,0.0,1e-10,1e-10,True,pass,results/full_baseline_v1/runs/homecredit/fbv1-022-homecredit-catboost-legacy-rf-relevance-corr-s42/predictions_oot.csv,persisted_state_or_manifest
homecredit,catboost_shap,k20,lr,bad_rate_capture_at_10,0.3124064371257485,0.3124064371257485,0.0,0.0,1e-10,1e-10,True,pass,results/full_baseline_v1/runs/homecredit/fbv1-025-homecredit-lr-catboost-shap-s42/predictions_oot.csv,persisted_state_or_manifest
homecredit,catboost_shap,k20,lr,brier,0.2197456302257869,0.21974563022578691,2.7755575615628914e-17,1.2630774767675825e-16,1e-10,1e-10,True,pass,results/full_baseline_v1/runs/homecredit/fbv1-025-homecredit-lr-catboost-shap-s42/predictions_oot.csv,persisted_state_or_manifest
homecredit,catboost_shap,k20,lr,gini,0.5002596884135995,0.5002596884135995,0.0,0.0,1e-10,1e-10,True,pass,results/full_baseline_v1/runs/homecredit/fbv1-025-homecredit-lr-catboost-shap-s42/predictions_oot.csv,persisted_state_or_manifest
homecredit,catboost_shap,k20,lr,ks,0.3703826437099741,0.3703826437099741,0.0,0.0,1e-10,1e-10,True,pass,results/full_baseline_v1/runs/homecredit/fbv1-025-homecredit-lr-catboost-shap-s42/predictions_oot.csv,persisted_state_or_manifest
homecredit,catboost_shap,k20,lr,lift_at_10,3.12388222524217,3.12388222524217,0.0,0.0,1e-10,1e-10,True,pass,results/full_baseline_v1/runs/homecredit/fbv1-025-homecredit-lr-catboost-shap-s42/predictions_oot.csv,persisted_state_or_manifest
homecredit,catboost_shap,k20,lr,log_loss,0.6329136634902536,0.6329136634902536,0.0,0.0,1e-10,1e-10,True,pass,results/full_baseline_v1/runs/homecredit/fbv1-025-homecredit-lr-catboost-shap-s42/predictions_oot.csv,persisted_state_or_manifest
homecredit,catboost_shap,k20,lr,roc_auc,0.7501298442067997,0.7501298442067997,0.0,0.0,1e-10,1e-10,True,pass,results/full_baseline_v1/runs/homecredit/fbv1-025-homecredit-lr-catboost-shap-s42/predictions_oot.csv,persisted_state_or_manifest
homecredit,catboost_shap,k40,catboost,bad_rate_capture_at_10,0.3561002994011976,0.3561002994011976,0.0,0.0,1e-10,1e-10,True,pass,results/full_baseline_v1/runs/homecredit/fbv1-026-homecredit-catboost-catboost-shap-s42/predictions_oot.csv,persisted_state_or_manifest
homecredit,catboost_shap,k40,catboost,brier,0.1495211593335761,0.14952115933357615,5.551115123125783e-17,3.7125950252575644e-16,1e-10,1e-10,True,pass,results/full_baseline_v1/runs/homecredit/fbv1-026-homecredit-catboost-catboost-shap-s42/predictions_oot.csv,persisted_state_or_manifest
homecredit,catboost_shap,k40,catboost,gini,0.5590703913117394,0.5590703913117394,0.0,0.0,1e-10,1e-10,True,pass,results/full_baseline_v1/runs/homecredit/fbv1-026-homecredit-catboost-catboost-shap-s42/predictions_oot.csv,persisted_state_or_manifest
homecredit,catboost_shap,k40,catboost,ks,0.41997782141108,0.4199778214110799,5.551115123125783e-17,1.321763874214747e-16,1e-10,1e-10,True,pass,results/full_baseline_v1/runs/homecredit/fbv1-026-homecredit-catboost-catboost-shap-s42/predictions_oot.csv,persisted_state_or_manifest
homecredit,catboost_shap,k40,catboost,lift_at_10,3.5607953726480077,3.5607953726480073,4.440892098500626e-16,1.2471629604478307e-16,1e-10,1e-10,True,pass,results/full_baseline_v1/runs/homecredit/fbv1-026-homecredit-catboost-catboost-shap-s42/predictions_oot.csv,persisted_state_or_manifest
homecredit,catboost_shap,k40,catboost,log_loss,0.4604235228000805,0.46042352280008053,5.551115123125783e-17,1.2056541093657634e-16,1e-10,1e-10,True,pass,results/full_baseline_v1/runs/homecredit/fbv1-026-homecredit-catboost-catboost-shap-s42/predictions_oot.csv,persisted_state_or_manifest
homecredit,catboost_shap,k40,catboost,roc_auc,0.7795351956558697,0.7795351956558697,0.0,0.0,1e-10,1e-10,True,pass,results/full_baseline_v1/runs/homecredit/fbv1-026-homecredit-catboost-catboost-shap-s42/predictions_oot.csv,persisted_state_or_manifest
homecredit,boruta_random_forest,k20,lr,bad_rate_capture_at_10,0.3034244011976048,0.3034244011976048,0.0,0.0,1e-10,1e-10,True,pass,results/full_baseline_v1/runs/homecredit/fbv1-029-homecredit-lr-boruta-random-forest-s42/predictions_oot.csv,persisted_state_or_manifest
homecredit,boruta_random_forest,k20,lr,brier,0.2191776303750674,0.2191776303750674,0.0,0.0,1e-10,1e-10,True,pass,results/full_baseline_v1/runs/homecredit/fbv1-029-homecredit-lr-boruta-random-forest-s42/predictions_oot.csv,persisted_state_or_manifest
homecredit,boruta_random_forest,k20,lr,gini,0.4794764742904809,0.4794764742904809,0.0,0.0,1e-10,1e-10,True,pass,results/full_baseline_v1/runs/homecredit/fbv1-029-homecredit-lr-boruta-random-forest-s42/predictions_oot.csv,persisted_state_or_manifest
homecredit,boruta_random_forest,k20,lr,ks,0.3534461568222764,0.3534461568222764,0.0,0.0,1e-10,1e-10,True,pass,results/full_baseline_v1/runs/homecredit/fbv1-029-homecredit-lr-boruta-random-forest-s42/predictions_oot.csv,persisted_state_or_manifest
homecredit,boruta_random_forest,k20,lr,lift_at_10,3.034067102863239,3.034067102863239,0.0,0.0,1e-10,1e-10,True,pass,results/full_baseline_v1/runs/homecredit/fbv1-029-homecredit-lr-boruta-random-forest-s42/predictions_oot.csv,persisted_state_or_manifest
homecredit,boruta_random_forest,k20,lr,log_loss,0.630408556442335,0.630408556442335,0.0,0.0,1e-10,1e-10,True,pass,results/full_baseline_v1/runs/homecredit/fbv1-029-homecredit-lr-boruta-random-forest-s42/predictions_oot.csv,persisted_state_or_manifest
homecredit,boruta_random_forest,k20,lr,roc_auc,0.7397382371452405,0.7397382371452405,0.0,0.0,1e-10,1e-10,True,pass,results/full_baseline_v1/runs/homecredit/fbv1-029-homecredit-lr-boruta-random-forest-s42/predictions_oot.csv,persisted_state_or_manifest
homecredit,boruta_random_forest,k40,catboost,bad_rate_capture_at_10,0.3254116766467065,0.32541167664670656,5.551115123125783e-17,1.705874595628763e-16,1e-10,1e-10,True,pass,results/full_baseline_v1/runs/homecredit/fbv1-030-homecredit-catboost-boruta-random-forest-s42/predictions_oot.csv,persisted_state_or_manifest
homecredit,boruta_random_forest,k40,catboost,brier,0.1673523658208465,0.1673523658208465,0.0,0.0,1e-10,1e-10,True,pass,results/full_baseline_v1/runs/homecredit/fbv1-030-homecredit-catboost-boruta-random-forest-s42/predictions_oot.csv,persisted_state_or_manifest
homecredit,boruta_random_forest,k40,catboost,gini,0.5084049908686263,0.5084049908686263,0.0,0.0,1e-10,1e-10,True,pass,results/full_baseline_v1/runs/homecredit/fbv1-030-homecredit-catboost-boruta-random-forest-s42/predictions_oot.csv,persisted_state_or_manifest
homecredit,boruta_random_forest,k40,catboost,ks,0.3760783825984022,0.37607838259840215,5.551115123125783e-17,1.476052700708825e-16,1e-10,1e-10,True,pass,results/full_baseline_v1/runs/homecredit/fbv1-030-homecredit-catboost-boruta-random-forest-s42/predictions_oot.csv,persisted_state_or_manifest
homecredit,boruta_random_forest,k40,catboost,lift_at_10,3.253927037853329,3.253927037853329,0.0,0.0,1e-10,1e-10,True,pass,results/full_baseline_v1/runs/homecredit/fbv1-030-homecredit-catboost-boruta-random-forest-s42/predictions_oot.csv,persisted_state_or_manifest
homecredit,boruta_random_forest,k40,catboost,log_loss,0.504892378419518,0.504892378419518,0.0,0.0,1e-10,1e-10,True,pass,results/full_baseline_v1/runs/homecredit/fbv1-030-homecredit-catboost-boruta-random-forest-s42/predictions_oot.csv,persisted_state_or_manifest
homecredit,boruta_random_forest,k40,catboost,roc_auc,0.7542024954343132,0.7542024954343132,0.0,0.0,1e-10,1e-10,True,pass,results/full_baseline_v1/runs/homecredit/fbv1-030-homecredit-catboost-boruta-random-forest-s42/predictions_oot.csv,persisted_state_or_manifest
homecredit,rfe_catboost,k20,lr,bad_rate_capture_at_10,0.3120321856287425,0.3120321856287425,0.0,0.0,1e-10,1e-10,True,pass,results/full_baseline_v1/runs/homecredit/fbv1-033-homecredit-lr-rfe-catboost-s42/predictions_oot.csv,persisted_state_or_manifest
homecredit,rfe_catboost,k20,lr,brier,0.2173403853678054,0.21734038536780548,8.326672684688674e-17,3.8311667988429467e-16,1e-10,1e-10,True,pass,results/full_baseline_v1/runs/homecredit/fbv1-033-homecredit-lr-rfe-catboost-s42/predictions_oot.csv,persisted_state_or_manifest
homecredit,rfe_catboost,k20,lr,gini,0.4930921862214399,0.4930921862214399,0.0,0.0,1e-10,1e-10,True,pass,results/full_baseline_v1/runs/homecredit/fbv1-033-homecredit-lr-rfe-catboost-s42/predictions_oot.csv,persisted_state_or_manifest
homecredit,rfe_catboost,k20,lr,ks,0.3656119543247889,0.36561195432478893,5.551115123125783e-17,1.518307882841951e-16,1e-10,1e-10,True,pass,results/full_baseline_v1/runs/homecredit/fbv1-033-homecredit-lr-rfe-catboost-s42/predictions_oot.csv,persisted_state_or_manifest
homecredit,rfe_catboost,k20,lr,lift_at_10,3.120139928476381,3.120139928476381,0.0,0.0,1e-10,1e-10,True,pass,results/full_baseline_v1/runs/homecredit/fbv1-033-homecredit-lr-rfe-catboost-s42/predictions_oot.csv,persisted_state_or_manifest
homecredit,rfe_catboost,k20,lr,log_loss,0.6275326924625548,0.6275326924625548,0.0,0.0,1e-10,1e-10,True,pass,results/full_baseline_v1/runs/homecredit/fbv1-033-homecredit-lr-rfe-catboost-s42/predictions_oot.csv,persisted_state_or_manifest
homecredit,rfe_catboost,k20,lr,roc_auc,0.74654609311072,0.74654609311072,0.0,0.0,1e-10,1e-10,True,pass,results/full_baseline_v1/runs/homecredit/fbv1-033-homecredit-lr-rfe-catboost-s42/predictions_oot.csv,persisted_state_or_manifest
homecredit,rfe_catboost,k40,catboost,bad_rate_capture_at_10,0.358065119760479,0.35806511976047906,5.551115123125783e-17,1.5503088172450582e-16,1e-10,1e-10,True,pass,results/full_baseline_v1/runs/homecredit/fbv1-034-homecredit-catboost-rfe-catboost-s42/predictions_oot.csv,persisted_state_or_manifest
homecredit,rfe_catboost,k40,catboost,brier,0.1486872170547349,0.14868721705473495,5.551115123125783e-17,3.733417864080609e-16,1e-10,1e-10,True,pass,results/full_baseline_v1/runs/homecredit/fbv1-034-homecredit-catboost-rfe-catboost-s42/predictions_oot.csv,persisted_state_or_manifest
homecredit,rfe_catboost,k40,catboost,gini,0.562851039793955,0.562851039793955,0.0,0.0,1e-10,1e-10,True,pass,results/full_baseline_v1/runs/homecredit/fbv1-034-homecredit-catboost-rfe-catboost-s42/predictions_oot.csv,persisted_state_or_manifest
homecredit,rfe_catboost,k40,catboost,ks,0.4226165305857904,0.4226165305857904,0.0,0.0,1e-10,1e-10,True,pass,results/full_baseline_v1/runs/homecredit/fbv1-034-homecredit-catboost-rfe-catboost-s42/predictions_oot.csv,persisted_state_or_manifest
homecredit,rfe_catboost,k40,catboost,lift_at_10,3.580442430668399,3.580442430668399,0.0,0.0,1e-10,1e-10,True,pass,results/full_baseline_v1/runs/homecredit/fbv1-034-homecredit-catboost-rfe-catboost-s42/predictions_oot.csv,persisted_state_or_manifest
homecredit,rfe_catboost,k40,catboost,log_loss,0.4580557805868537,0.45805578058685376,5.551115123125783e-17,1.2118862720199236e-16,1e-10,1e-10,True,pass,results/full_baseline_v1/runs/homecredit/fbv1-034-homecredit-catboost-rfe-catboost-s42/predictions_oot.csv,persisted_state_or_manifest
homecredit,rfe_catboost,k40,catboost,roc_auc,0.7814255198969775,0.7814255198969775,0.0,0.0,1e-10,1e-10,True,pass,results/full_baseline_v1/runs/homecredit/fbv1-034-homecredit-catboost-rfe-catboost-s42/predictions_oot.csv,persisted_state_or_manifest
homecredit,statistical_normalized_average_rank,k20,lr,bad_rate_capture_at_10,,0.3127806886227545,,,1e-10,1e-10,True,recomputed_only_stored_metric_not_persisted,results/selector_combinations_v1/oot/evaluations/scv1-oot-001-homecredit-statistical-normalized-average-rank-lr-full-dev-k20-s42.oot_predictions.csv,persisted_state_or_manifest
homecredit,statistical_normalized_average_rank,k20,lr,brier,0.21747622498713126,0.21747622498713126,0.0,0.0,1e-10,1e-10,True,pass,results/selector_combinations_v1/oot/evaluations/scv1-oot-001-homecredit-statistical-normalized-average-rank-lr-full-dev-k20-s42.oot_predictions.csv,persisted_state_or_manifest
homecredit,statistical_normalized_average_rank,k20,lr,gini,0.49942782279358444,0.49942782279358444,0.0,0.0,1e-10,1e-10,True,pass,results/selector_combinations_v1/oot/evaluations/scv1-oot-001-homecredit-statistical-normalized-average-rank-lr-full-dev-k20-s42.oot_predictions.csv,persisted_state_or_manifest
homecredit,statistical_normalized_average_rank,k20,lr,ks,0.371939837407889,0.371939837407889,0.0,0.0,1e-10,1e-10,True,pass,results/selector_combinations_v1/oot/evaluations/scv1-oot-001-homecredit-statistical-normalized-average-rank-lr-full-dev-k20-s42.oot_predictions.csv,persisted_state_or_manifest
homecredit,statistical_normalized_average_rank,k20,lr,lift_at_10,3.127624522007958,3.127624522007958,0.0,0.0,1e-10,1e-10,True,pass,results/selector_combinations_v1/oot/evaluations/scv1-oot-001-homecredit-statistical-normalized-average-rank-lr-full-dev-k20-s42.oot_predictions.csv,persisted_state_or_manifest
homecredit,statistical_normalized_average_rank,k20,lr,log_loss,0.6273766526943464,0.6273766526943464,0.0,0.0,1e-10,1e-10,True,pass,results/selector_combinations_v1/oot/evaluations/scv1-oot-001-homecredit-statistical-normalized-average-rank-lr-full-dev-k20-s42.oot_predictions.csv,persisted_state_or_manifest
homecredit,statistical_normalized_average_rank,k20,lr,roc_auc,0.7497139113967922,0.7497139113967922,0.0,0.0,1e-10,1e-10,True,pass,results/selector_combinations_v1/oot/evaluations/scv1-oot-001-homecredit-statistical-normalized-average-rank-lr-full-dev-k20-s42.oot_predictions.csv,persisted_state_or_manifest
homecredit,statistical_normalized_average_rank,k40,catboost,bad_rate_capture_at_10,,0.35469685628742514,,,1e-10,1e-10,True,recomputed_only_stored_metric_not_persisted,results/selector_combinations_v1/oot/evaluations/scv1-oot-002-homecredit-statistical-normalized-average-rank-catboost-full-dev-k40-s42.oot_predictions.csv,persisted_state_or_manifest
homecredit,statistical_normalized_average_rank,k40,catboost,brier,0.15516856211730595,0.15516856211730595,0.0,0.0,1e-10,1e-10,True,pass,results/selector_combinations_v1/oot/evaluations/scv1-oot-002-homecredit-statistical-normalized-average-rank-catboost-full-dev-k40-s42.oot_predictions.csv,persisted_state_or_manifest
homecredit,statistical_normalized_average_rank,k40,catboost,gini,0.5571855363474121,0.5571855363474121,0.0,0.0,1e-10,1e-10,True,pass,results/selector_combinations_v1/oot/evaluations/scv1-oot-002-homecredit-statistical-normalized-average-rank-catboost-full-dev-k40-s42.oot_predictions.csv,persisted_state_or_manifest
homecredit,statistical_normalized_average_rank,k40,catboost,ks,0.42074034621745393,0.42074034621745393,0.0,0.0,1e-10,1e-10,True,pass,results/selector_combinations_v1/oot/evaluations/scv1-oot-002-homecredit-statistical-normalized-average-rank-catboost-full-dev-k40-s42.oot_predictions.csv,persisted_state_or_manifest
homecredit,statistical_normalized_average_rank,k40,catboost,lift_at_10,3.5467617597762997,3.5467617597762997,0.0,0.0,1e-10,1e-10,True,pass,results/selector_combinations_v1/oot/evaluations/scv1-oot-002-homecredit-statistical-normalized-average-rank-catboost-full-dev-k40-s42.oot_predictions.csv,persisted_state_or_manifest
homecredit,statistical_normalized_average_rank,k40,catboost,log_loss,0.4747043960252361,0.4747043960252361,0.0,0.0,1e-10,1e-10,True,pass,results/selector_combinations_v1/oot/evaluations/scv1-oot-002-homecredit-statistical-normalized-average-rank-catboost-full-dev-k40-s42.oot_predictions.csv,persisted_state_or_manifest
homecredit,statistical_normalized_average_rank,k40,catboost,roc_auc,0.778592768173706,0.778592768173706,0.0,0.0,1e-10,1e-10,True,pass,results/selector_combinations_v1/oot/evaluations/scv1-oot-002-homecredit-statistical-normalized-average-rank-catboost-full-dev-k40-s42.oot_predictions.csv,persisted_state_or_manifest
homecredit,iv_then_boruta,pool100,lr,bad_rate_capture_at_10,,0.3189558383233533,,,1e-10,1e-10,True,recomputed_only_stored_metric_not_persisted,results/selector_combinations_v1/oot/evaluations/scv1-oot-005-homecredit-iv-then-boruta-lr-full-dev-pool100-s42.oot_predictions.csv,persisted_state_or_manifest
homecredit,iv_then_boruta,pool100,lr,brier,0.21492177920907565,0.21492177920907565,0.0,0.0,1e-10,1e-10,True,pass,results/selector_combinations_v1/oot/evaluations/scv1-oot-005-homecredit-iv-then-boruta-lr-full-dev-pool100-s42.oot_predictions.csv,persisted_state_or_manifest
homecredit,iv_then_boruta,pool100,lr,gini,0.512281899648789,0.512281899648789,0.0,0.0,1e-10,1e-10,True,pass,results/selector_combinations_v1/oot/evaluations/scv1-oot-005-homecredit-iv-then-boruta-lr-full-dev-pool100-s42.oot_predictions.csv,persisted_state_or_manifest
homecredit,iv_then_boruta,pool100,lr,ks,0.38144331279835064,0.38144331279835064,0.0,0.0,1e-10,1e-10,True,pass,results/selector_combinations_v1/oot/evaluations/scv1-oot-005-homecredit-iv-then-boruta-lr-full-dev-pool100-s42.oot_predictions.csv,persisted_state_or_manifest
homecredit,iv_then_boruta,pool100,lr,lift_at_10,3.189372418643473,3.189372418643473,0.0,0.0,1e-10,1e-10,True,pass,results/selector_combinations_v1/oot/evaluations/scv1-oot-005-homecredit-iv-then-boruta-lr-full-dev-pool100-s42.oot_predictions.csv,persisted_state_or_manifest
homecredit,iv_then_boruta,pool100,lr,log_loss,0.6237092598407553,0.6237092598407553,0.0,0.0,1e-10,1e-10,True,pass,results/selector_combinations_v1/oot/evaluations/scv1-oot-005-homecredit-iv-then-boruta-lr-full-dev-pool100-s42.oot_predictions.csv,persisted_state_or_manifest
homecredit,iv_then_boruta,pool100,lr,roc_auc,0.7561409498243945,0.7561409498243945,0.0,0.0,1e-10,1e-10,True,pass,results/selector_combinations_v1/oot/evaluations/scv1-oot-005-homecredit-iv-then-boruta-lr-full-dev-pool100-s42.oot_predictions.csv,persisted_state_or_manifest
homecredit,iv_then_boruta,pool100,catboost,bad_rate_capture_at_10,,0.34244011976047906,,,1e-10,1e-10,True,recomputed_only_stored_metric_not_persisted,results/selector_combinations_v1/oot/evaluations/scv1-oot-006-homecredit-iv-then-boruta-catboost-full-dev-pool100-s42.oot_predictions.csv,persisted_state_or_manifest
homecredit,iv_then_boruta,pool100,catboost,brier,0.15732348066497687,0.15732348066497687,0.0,0.0,1e-10,1e-10,True,pass,results/selector_combinations_v1/oot/evaluations/scv1-oot-006-homecredit-iv-then-boruta-catboost-full-dev-pool100-s42.oot_predictions.csv,persisted_state_or_manifest
homecredit,iv_then_boruta,pool100,catboost,gini,0.5372678111066307,0.5372678111066307,0.0,0.0,1e-10,1e-10,True,pass,results/selector_combinations_v1/oot/evaluations/scv1-oot-006-homecredit-iv-then-boruta-catboost-full-dev-pool100-s42.oot_predictions.csv,persisted_state_or_manifest
homecredit,iv_then_boruta,pool100,catboost,ks,0.40522118822976727,0.40522118822976727,0.0,0.0,1e-10,1e-10,True,pass,results/selector_combinations_v1/oot/evaluations/scv1-oot-006-homecredit-iv-then-boruta-catboost-full-dev-pool100-s42.oot_predictions.csv,persisted_state_or_manifest
homecredit,iv_then_boruta,pool100,catboost,lift_at_10,3.4242015406967177,3.4242015406967177,0.0,0.0,1e-10,1e-10,True,pass,results/selector_combinations_v1/oot/evaluations/scv1-oot-006-homecredit-iv-then-boruta-catboost-full-dev-pool100-s42.oot_predictions.csv,persisted_state_or_manifest
homecredit,iv_then_boruta,pool100,catboost,log_loss,0.48058459014029653,0.48058459014029653,0.0,0.0,1e-10,1e-10,True,pass,results/selector_combinations_v1/oot/evaluations/scv1-oot-006-homecredit-iv-then-boruta-catboost-full-dev-pool100-s42.oot_predictions.csv,persisted_state_or_manifest
homecredit,iv_then_boruta,pool100,catboost,roc_auc,0.7686339055533153,0.7686339055533153,0.0,0.0,1e-10,1e-10,True,pass,results/selector_combinations_v1/oot/evaluations/scv1-oot-006-homecredit-iv-then-boruta-catboost-full-dev-pool100-s42.oot_predictions.csv,persisted_state_or_manifest
homecredit,iv_then_boruta,pool200,lr,bad_rate_capture_at_10,,0.32541167664670656,,,1e-10,1e-10,True,recomputed_only_stored_metric_not_persisted,results/selector_combinations_v1/oot/evaluations/scv1-oot-009-homecredit-iv-then-boruta-lr-full-dev-pool200-s42.oot_predictions.csv,persisted_state_or_manifest
homecredit,iv_then_boruta,pool200,lr,brier,0.21709277667386337,0.21709277667386337,0.0,0.0,1e-10,1e-10,True,pass,results/selector_combinations_v1/oot/evaluations/scv1-oot-009-homecredit-iv-then-boruta-lr-full-dev-pool200-s42.oot_predictions.csv,persisted_state_or_manifest
homecredit,iv_then_boruta,pool200,lr,gini,0.5240454199952858,0.5240454199952858,0.0,0.0,1e-10,1e-10,True,pass,results/selector_combinations_v1/oot/evaluations/scv1-oot-009-homecredit-iv-then-boruta-lr-full-dev-pool200-s42.oot_predictions.csv,persisted_state_or_manifest
homecredit,iv_then_boruta,pool200,lr,ks,0.3915177565592994,0.3915177565592994,0.0,0.0,1e-10,1e-10,True,pass,results/selector_combinations_v1/oot/evaluations/scv1-oot-009-homecredit-iv-then-boruta-lr-full-dev-pool200-s42.oot_predictions.csv,persisted_state_or_manifest
homecredit,iv_then_boruta,pool200,lr,lift_at_10,3.253927037853329,3.253927037853329,0.0,0.0,1e-10,1e-10,True,pass,results/selector_combinations_v1/oot/evaluations/scv1-oot-009-homecredit-iv-then-boruta-lr-full-dev-pool200-s42.oot_predictions.csv,persisted_state_or_manifest
homecredit,iv_then_boruta,pool200,lr,log_loss,0.6318837722664904,0.6318837722664904,0.0,0.0,1e-10,1e-10,True,pass,results/selector_combinations_v1/oot/evaluations/scv1-oot-009-homecredit-iv-then-boruta-lr-full-dev-pool200-s42.oot_predictions.csv,persisted_state_or_manifest
homecredit,iv_then_boruta,pool200,lr,roc_auc,0.7620227099976429,0.7620227099976429,0.0,0.0,1e-10,1e-10,True,pass,results/selector_combinations_v1/oot/evaluations/scv1-oot-009-homecredit-iv-then-boruta-lr-full-dev-pool200-s42.oot_predictions.csv,persisted_state_or_manifest
homecredit,iv_then_boruta,pool200,catboost,bad_rate_capture_at_10,,0.3534805389221557,,,1e-10,1e-10,True,recomputed_only_stored_metric_not_persisted,results/selector_combinations_v1/oot/evaluations/scv1-oot-010-homecredit-iv-then-boruta-catboost-full-dev-pool200-s42.oot_predictions.csv,persisted_state_or_manifest
homecredit,iv_then_boruta,pool200,catboost,brier,0.14827953463427887,0.14827953463427887,0.0,0.0,1e-10,1e-10,True,pass,results/selector_combinations_v1/oot/evaluations/scv1-oot-010-homecredit-iv-then-boruta-catboost-full-dev-pool200-s42.oot_predictions.csv,persisted_state_or_manifest
homecredit,iv_then_boruta,pool200,catboost,gini,0.5533053646513038,0.5533053646513038,0.0,0.0,1e-10,1e-10,True,pass,results/selector_combinations_v1/oot/evaluations/scv1-oot-010-homecredit-iv-then-boruta-catboost-full-dev-pool200-s42.oot_predictions.csv,persisted_state_or_manifest
homecredit,iv_then_boruta,pool200,catboost,ks,0.41636218801595815,0.41636218801595815,0.0,0.0,1e-10,1e-10,True,pass,results/selector_combinations_v1/oot/evaluations/scv1-oot-010-homecredit-iv-then-boruta-catboost-full-dev-pool200-s42.oot_predictions.csv,persisted_state_or_manifest
homecredit,iv_then_boruta,pool200,catboost,lift_at_10,3.534599295287486,3.534599295287486,0.0,0.0,1e-10,1e-10,True,pass,results/selector_combinations_v1/oot/evaluations/scv1-oot-010-homecredit-iv-then-boruta-catboost-full-dev-pool200-s42.oot_predictions.csv,persisted_state_or_manifest
homecredit,iv_then_boruta,pool200,catboost,log_loss,0.457773231749135,0.457773231749135,0.0,0.0,1e-10,1e-10,True,pass,results/selector_combinations_v1/oot/evaluations/scv1-oot-010-homecredit-iv-then-boruta-catboost-full-dev-pool200-s42.oot_predictions.csv,persisted_state_or_manifest
homecredit,iv_then_boruta,pool200,catboost,roc_auc,0.7766526823256519,0.7766526823256519,0.0,0.0,1e-10,1e-10,True,pass,results/selector_combinations_v1/oot/evaluations/scv1-oot-010-homecredit-iv-then-boruta-catboost-full-dev-pool200-s42.oot_predictions.csv,persisted_state_or_manifest
homecredit,iv_then_boruta,pool300,lr,bad_rate_capture_at_10,,0.32690868263473055,,,1e-10,1e-10,True,recomputed_only_stored_metric_not_persisted,results/selector_combinations_v1/oot/evaluations/scv1-oot-013-homecredit-iv-then-boruta-lr-full-dev-pool300-s42.oot_predictions.csv,persisted_state_or_manifest
homecredit,iv_then_boruta,pool300,lr,brier,0.21167714607416935,0.21167714607416935,0.0,0.0,1e-10,1e-10,True,pass,results/selector_combinations_v1/oot/evaluations/scv1-oot-013-homecredit-iv-then-boruta-lr-full-dev-pool300-s42.oot_predictions.csv,persisted_state_or_manifest
homecredit,iv_then_boruta,pool300,lr,gini,0.5291399525048108,0.5291399525048108,0.0,0.0,1e-10,1e-10,True,pass,results/selector_combinations_v1/oot/evaluations/scv1-oot-013-homecredit-iv-then-boruta-lr-full-dev-pool300-s42.oot_predictions.csv,persisted_state_or_manifest
homecredit,iv_then_boruta,pool300,lr,ks,0.39867168009338616,0.39867168009338616,0.0,0.0,1e-10,1e-10,True,pass,results/selector_combinations_v1/oot/evaluations/scv1-oot-013-homecredit-iv-then-boruta-lr-full-dev-pool300-s42.oot_predictions.csv,persisted_state_or_manifest
homecredit,iv_then_boruta,pool300,lr,lift_at_10,3.268896224916484,3.268896224916484,0.0,0.0,1e-10,1e-10,True,pass,results/selector_combinations_v1/oot/evaluations/scv1-oot-013-homecredit-iv-then-boruta-lr-full-dev-pool300-s42.oot_predictions.csv,persisted_state_or_manifest
homecredit,iv_then_boruta,pool300,lr,log_loss,0.6194649600991684,0.6194649600991684,0.0,0.0,1e-10,1e-10,True,pass,results/selector_combinations_v1/oot/evaluations/scv1-oot-013-homecredit-iv-then-boruta-lr-full-dev-pool300-s42.oot_predictions.csv,persisted_state_or_manifest
homecredit,iv_then_boruta,pool300,lr,roc_auc,0.7645699762524054,0.7645699762524054,0.0,0.0,1e-10,1e-10,True,pass,results/selector_combinations_v1/oot/evaluations/scv1-oot-013-homecredit-iv-then-boruta-lr-full-dev-pool300-s42.oot_predictions.csv,persisted_state_or_manifest
homecredit,iv_then_boruta,pool300,catboost,bad_rate_capture_at_10,,0.3554453592814371,,,1e-10,1e-10,True,recomputed_only_stored_metric_not_persisted,results/selector_combinations_v1/oot/evaluations/scv1-oot-014-homecredit-iv-then-boruta-catboost-full-dev-pool300-s42.oot_predictions.csv,persisted_state_or_manifest
homecredit,iv_then_boruta,pool300,catboost,brier,0.1467865079218548,0.1467865079218548,0.0,0.0,1e-10,1e-10,True,pass,results/selector_combinations_v1/oot/evaluations/scv1-oot-014-homecredit-iv-then-boruta-catboost-full-dev-pool300-s42.oot_predictions.csv,persisted_state_or_manifest
homecredit,iv_then_boruta,pool300,catboost,gini,0.5593825225012874,0.5593825225012874,0.0,0.0,1e-10,1e-10,True,pass,results/selector_combinations_v1/oot/evaluations/scv1-oot-014-homecredit-iv-then-boruta-catboost-full-dev-pool300-s42.oot_predictions.csv,persisted_state_or_manifest
homecredit,iv_then_boruta,pool300,catboost,ks,0.419050013742916,0.419050013742916,0.0,0.0,1e-10,1e-10,True,pass,results/selector_combinations_v1/oot/evaluations/scv1-oot-014-homecredit-iv-then-boruta-catboost-full-dev-pool300-s42.oot_predictions.csv,persisted_state_or_manifest
homecredit,iv_then_boruta,pool300,catboost,lift_at_10,3.554246353307877,3.554246353307877,0.0,0.0,1e-10,1e-10,True,pass,results/selector_combinations_v1/oot/evaluations/scv1-oot-014-homecredit-iv-then-boruta-catboost-full-dev-pool300-s42.oot_predictions.csv,persisted_state_or_manifest
homecredit,iv_then_boruta,pool300,catboost,log_loss,0.45435278972248677,0.45435278972248677,0.0,0.0,1e-10,1e-10,True,pass,results/selector_combinations_v1/oot/evaluations/scv1-oot-014-homecredit-iv-then-boruta-catboost-full-dev-pool300-s42.oot_predictions.csv,persisted_state_or_manifest
homecredit,iv_then_boruta,pool300,catboost,roc_auc,0.7796912612506437,0.7796912612506437,0.0,0.0,1e-10,1e-10,True,pass,results/selector_combinations_v1/oot/evaluations/scv1-oot-014-homecredit-iv-then-boruta-catboost-full-dev-pool300-s42.oot_predictions.csv,persisted_state_or_manifest
homecredit,boruta_then_mrmr_mutual_information,k20,lr,bad_rate_capture_at_10,,0.30426646706586824,,,1e-10,1e-10,True,recomputed_only_stored_metric_not_persisted,results/selector_combinations_v1/oot/evaluations/scv1-oot-017-homecredit-boruta-then-mrmr-mutual-information-lr-full-dev-k20-s42.oot_predictions.csv,persisted_state_or_manifest
homecredit,boruta_then_mrmr_mutual_information,k20,lr,brier,0.22425107571332506,0.22425107571332506,0.0,0.0,1e-10,1e-10,True,pass,results/selector_combinations_v1/oot/evaluations/scv1-oot-017-homecredit-boruta-then-mrmr-mutual-information-lr-full-dev-k20-s42.oot_predictions.csv,persisted_state_or_manifest
homecredit,boruta_then_mrmr_mutual_information,k20,lr,gini,0.48769153847017255,0.48769153847017255,0.0,0.0,1e-10,1e-10,True,pass,results/selector_combinations_v1/oot/evaluations/scv1-oot-017-homecredit-boruta-then-mrmr-mutual-information-lr-full-dev-k20-s42.oot_predictions.csv,persisted_state_or_manifest
homecredit,boruta_then_mrmr_mutual_information,k20,lr,ks,0.360901024894389,0.360901024894389,0.0,0.0,1e-10,1e-10,True,pass,results/selector_combinations_v1/oot/evaluations/scv1-oot-017-homecredit-boruta-then-mrmr-mutual-information-lr-full-dev-k20-s42.oot_predictions.csv,persisted_state_or_manifest
homecredit,boruta_then_mrmr_mutual_information,k20,lr,lift_at_10,3.042487270586264,3.042487270586264,0.0,0.0,1e-10,1e-10,True,pass,results/selector_combinations_v1/oot/evaluations/scv1-oot-017-homecredit-boruta-then-mrmr-mutual-information-lr-full-dev-k20-s42.oot_predictions.csv,persisted_state_or_manifest
homecredit,boruta_then_mrmr_mutual_information,k20,lr,log_loss,0.6439270671380043,0.6439270671380043,0.0,0.0,1e-10,1e-10,True,pass,results/selector_combinations_v1/oot/evaluations/scv1-oot-017-homecredit-boruta-then-mrmr-mutual-information-lr-full-dev-k20-s42.oot_predictions.csv,persisted_state_or_manifest
homecredit,boruta_then_mrmr_mutual_information,k20,lr,roc_auc,0.7438457692350863,0.7438457692350863,0.0,0.0,1e-10,1e-10,True,pass,results/selector_combinations_v1/oot/evaluations/scv1-oot-017-homecredit-boruta-then-mrmr-mutual-information-lr-full-dev-k20-s42.oot_predictions.csv,persisted_state_or_manifest
homecredit,boruta_then_mrmr_mutual_information,k40,catboost,bad_rate_capture_at_10,,0.3400074850299401,,,1e-10,1e-10,True,recomputed_only_stored_metric_not_persisted,results/selector_combinations_v1/oot/evaluations/scv1-oot-018-homecredit-boruta-then-mrmr-mutual-information-catboost-full-dev-k40-s42.oot_predictions.csv,persisted_state_or_manifest
homecredit,boruta_then_mrmr_mutual_information,k40,catboost,brier,0.15994857159599715,0.15994857159599715,0.0,0.0,1e-10,1e-10,True,pass,results/selector_combinations_v1/oot/evaluations/scv1-oot-018-homecredit-boruta-then-mrmr-mutual-information-catboost-full-dev-k40-s42.oot_predictions.csv,persisted_state_or_manifest
homecredit,boruta_then_mrmr_mutual_information,k40,catboost,gini,0.542554672577763,0.542554672577763,0.0,0.0,1e-10,1e-10,True,pass,results/selector_combinations_v1/oot/evaluations/scv1-oot-018-homecredit-boruta-then-mrmr-mutual-information-catboost-full-dev-k40-s42.oot_predictions.csv,persisted_state_or_manifest
homecredit,boruta_then_mrmr_mutual_information,k40,catboost,ks,0.40758011904458813,0.40758011904458813,0.0,0.0,1e-10,1e-10,True,pass,results/selector_combinations_v1/oot/evaluations/scv1-oot-018-homecredit-boruta-then-mrmr-mutual-information-catboost-full-dev-k40-s42.oot_predictions.csv,persisted_state_or_manifest
homecredit,boruta_then_mrmr_mutual_information,k40,catboost,lift_at_10,3.399876611719091,3.399876611719091,0.0,0.0,1e-10,1e-10,True,pass,results/selector_combinations_v1/oot/evaluations/scv1-oot-018-homecredit-boruta-then-mrmr-mutual-information-catboost-full-dev-k40-s42.oot_predictions.csv,persisted_state_or_manifest
homecredit,boruta_then_mrmr_mutual_information,k40,catboost,log_loss,0.4863011362397253,0.4863011362397253,0.0,0.0,1e-10,1e-10,True,pass,results/selector_combinations_v1/oot/evaluations/scv1-oot-018-homecredit-boruta-then-mrmr-mutual-information-catboost-full-dev-k40-s42.oot_predictions.csv,persisted_state_or_manifest
homecredit,boruta_then_mrmr_mutual_information,k40,catboost,roc_auc,0.7712773362888815,0.7712773362888815,0.0,0.0,1e-10,1e-10,True,pass,results/selector_combinations_v1/oot/evaluations/scv1-oot-018-homecredit-boruta-then-mrmr-mutual-information-catboost-full-dev-k40-s42.oot_predictions.csv,persisted_state_or_manifest
homecredit,boruta_then_rfe_catboost,k20,lr,bad_rate_capture_at_10,,0.3106287425149701,,,1e-10,1e-10,True,recomputed_only_stored_metric_not_persisted,results/selector_combinations_v1/oot/evaluations/scv1-oot-021-homecredit-boruta-then-rfe-catboost-lr-full-dev-k20-s42.oot_predictions.csv,persisted_state_or_manifest
homecredit,boruta_then_rfe_catboost,k20,lr,brier,0.2216414756728822,0.2216414756728822,0.0,0.0,1e-10,1e-10,True,pass,results/selector_combinations_v1/oot/evaluations/scv1-oot-021-homecredit-boruta-then-rfe-catboost-lr-full-dev-k20-s42.oot_predictions.csv,persisted_state_or_manifest
homecredit,boruta_then_rfe_catboost,k20,lr,gini,0.4955710082372631,0.4955710082372631,0.0,0.0,1e-10,1e-10,True,pass,results/selector_combinations_v1/oot/evaluations/scv1-oot-021-homecredit-boruta-then-rfe-catboost-lr-full-dev-k20-s42.oot_predictions.csv,persisted_state_or_manifest
homecredit,boruta_then_rfe_catboost,k20,lr,ks,0.3672918127878108,0.3672918127878108,0.0,0.0,1e-10,1e-10,True,pass,results/selector_combinations_v1/oot/evaluations/scv1-oot-021-homecredit-boruta-then-rfe-catboost-lr-full-dev-k20-s42.oot_predictions.csv,persisted_state_or_manifest
homecredit,boruta_then_rfe_catboost,k20,lr,lift_at_10,3.106106315604673,3.106106315604673,0.0,0.0,1e-10,1e-10,True,pass,results/selector_combinations_v1/oot/evaluations/scv1-oot-021-homecredit-boruta-then-rfe-catboost-lr-full-dev-k20-s42.oot_predictions.csv,persisted_state_or_manifest
homecredit,boruta_then_rfe_catboost,k20,lr,log_loss,0.6379233504724018,0.6379233504724018,0.0,0.0,1e-10,1e-10,True,pass,results/selector_combinations_v1/oot/evaluations/scv1-oot-021-homecredit-boruta-then-rfe-catboost-lr-full-dev-k20-s42.oot_predictions.csv,persisted_state_or_manifest
homecredit,boruta_then_rfe_catboost,k20,lr,roc_auc,0.7477855041186315,0.7477855041186315,0.0,0.0,1e-10,1e-10,True,pass,results/selector_combinations_v1/oot/evaluations/scv1-oot-021-homecredit-boruta-then-rfe-catboost-lr-full-dev-k20-s42.oot_predictions.csv,persisted_state_or_manifest
homecredit,boruta_then_rfe_catboost,k40,catboost,bad_rate_capture_at_10,,0.35114146706586824,,,1e-10,1e-10,True,recomputed_only_stored_metric_not_persisted,results/selector_combinations_v1/oot/evaluations/scv1-oot-022-homecredit-boruta-then-rfe-catboost-catboost-full-dev-k40-s42.oot_predictions.csv,persisted_state_or_manifest
homecredit,boruta_then_rfe_catboost,k40,catboost,brier,0.15389058929061966,0.15389058929061966,0.0,0.0,1e-10,1e-10,True,pass,results/selector_combinations_v1/oot/evaluations/scv1-oot-022-homecredit-boruta-then-rfe-catboost-catboost-full-dev-k40-s42.oot_predictions.csv,persisted_state_or_manifest
homecredit,boruta_then_rfe_catboost,k40,catboost,gini,0.5518180841033609,0.5518180841033609,0.0,0.0,1e-10,1e-10,True,pass,results/selector_combinations_v1/oot/evaluations/scv1-oot-022-homecredit-boruta-then-rfe-catboost-catboost-full-dev-k40-s42.oot_predictions.csv,persisted_state_or_manifest
homecredit,boruta_then_rfe_catboost,k40,catboost,ks,0.4118479480827127,0.4118479480827127,0.0,0.0,1e-10,1e-10,True,pass,results/selector_combinations_v1/oot/evaluations/scv1-oot-022-homecredit-boruta-then-rfe-catboost-catboost-full-dev-k40-s42.oot_predictions.csv,persisted_state_or_manifest
homecredit,boruta_then_rfe_catboost,k40,catboost,lift_at_10,3.511209940501306,3.511209940501306,0.0,0.0,1e-10,1e-10,True,pass,results/selector_combinations_v1/oot/evaluations/scv1-oot-022-homecredit-boruta-then-rfe-catboost-catboost-full-dev-k40-s42.oot_predictions.csv,persisted_state_or_manifest
homecredit,boruta_then_rfe_catboost,k40,catboost,log_loss,0.4713298524457608,0.4713298524457608,0.0,0.0,1e-10,1e-10,True,pass,results/selector_combinations_v1/oot/evaluations/scv1-oot-022-homecredit-boruta-then-rfe-catboost-catboost-full-dev-k40-s42.oot_predictions.csv,persisted_state_or_manifest
homecredit,boruta_then_rfe_catboost,k40,catboost,roc_auc,0.7759090420516804,0.7759090420516804,0.0,0.0,1e-10,1e-10,True,pass,results/selector_combinations_v1/oot/evaluations/scv1-oot-022-homecredit-boruta-then-rfe-catboost-catboost-full-dev-k40-s42.oot_predictions.csv,persisted_state_or_manifest
homecredit,cross_dataset_rank_voting_v1_primary_pool_200,pool200,lr,bad_rate_capture_at_10,,0.31418413173652693,,,1e-10,1e-10,True,recomputed_only_stored_metric_not_persisted,results/runs/homecredit/cdv1-003-homecredit-voting-k200-lr-s42/results/oot_predictions.csv,persisted_state_or_manifest
homecredit,cross_dataset_rank_voting_v1_primary_pool_200,pool200,lr,brier,,0.2191932283168851,,,1e-10,1e-10,True,recomputed_only_stored_metric_not_persisted,results/runs/homecredit/cdv1-003-homecredit-voting-k200-lr-s42/results/oot_predictions.csv,persisted_state_or_manifest
homecredit,cross_dataset_rank_voting_v1_primary_pool_200,pool200,lr,gini,0.498475728901544,0.498475728901544,0.0,0.0,1e-10,1e-10,True,pass,results/runs/homecredit/cdv1-003-homecredit-voting-k200-lr-s42/results/oot_predictions.csv,persisted_state_or_manifest
homecredit,cross_dataset_rank_voting_v1_primary_pool_200,pool200,lr,ks,0.370568845507449,0.370568845507449,0.0,0.0,1e-10,1e-10,True,pass,results/runs/homecredit/cdv1-003-homecredit-voting-k200-lr-s42/results/oot_predictions.csv,persisted_state_or_manifest
homecredit,cross_dataset_rank_voting_v1_primary_pool_200,pool200,lr,lift_at_10,3.1416581348796657,3.1416581348796657,0.0,0.0,1e-10,1e-10,True,pass,results/runs/homecredit/cdv1-003-homecredit-voting-k200-lr-s42/results/oot_predictions.csv,persisted_state_or_manifest
homecredit,cross_dataset_rank_voting_v1_primary_pool_200,pool200,lr,log_loss,,0.6324757216705393,,,1e-10,1e-10,True,recomputed_only_stored_metric_not_persisted,results/runs/homecredit/cdv1-003-homecredit-voting-k200-lr-s42/results/oot_predictions.csv,persisted_state_or_manifest
homecredit,cross_dataset_rank_voting_v1_primary_pool_200,pool200,lr,roc_auc,0.749237864450772,0.749237864450772,0.0,0.0,1e-10,1e-10,True,pass,results/runs/homecredit/cdv1-003-homecredit-voting-k200-lr-s42/results/oot_predictions.csv,persisted_state_or_manifest
homecredit,cross_dataset_rank_voting_v1_primary_pool_200,pool200,catboost,bad_rate_capture_at_10,,0.3569423652694611,,,1e-10,1e-10,True,recomputed_only_stored_metric_not_persisted,results/runs/homecredit/cdv1-007-homecredit-voting-k200-catboost-s42/results/oot_predictions.csv,persisted_state_or_manifest
homecredit,cross_dataset_rank_voting_v1_primary_pool_200,pool200,catboost,brier,,0.1514691419082079,,,1e-10,1e-10,True,recomputed_only_stored_metric_not_persisted,results/runs/homecredit/cdv1-007-homecredit-voting-k200-catboost-s42/results/oot_predictions.csv,persisted_state_or_manifest
homecredit,cross_dataset_rank_voting_v1_primary_pool_200,pool200,catboost,gini,0.5571433288956307,0.5571433288956307,0.0,0.0,1e-10,1e-10,True,pass,results/runs/homecredit/cdv1-007-homecredit-voting-k200-catboost-s42/results/oot_predictions.csv,persisted_state_or_manifest
homecredit,cross_dataset_rank_voting_v1_primary_pool_200,pool200,catboost,ks,0.4182823284989478,0.4182823284989478,0.0,0.0,1e-10,1e-10,True,pass,results/runs/homecredit/cdv1-007-homecredit-voting-k200-catboost-s42/results/oot_predictions.csv,persisted_state_or_manifest
homecredit,cross_dataset_rank_voting_v1_primary_pool_200,pool200,catboost,lift_at_10,3.5692155403710326,3.5692155403710326,0.0,0.0,1e-10,1e-10,True,pass,results/runs/homecredit/cdv1-007-homecredit-voting-k200-catboost-s42/results/oot_predictions.csv,persisted_state_or_manifest
homecredit,cross_dataset_rank_voting_v1_primary_pool_200,pool200,catboost,log_loss,,0.46538083511110007,,,1e-10,1e-10,True,recomputed_only_stored_metric_not_persisted,results/runs/homecredit/cdv1-007-homecredit-voting-k200-catboost-s42/results/oot_predictions.csv,persisted_state_or_manifest
homecredit,cross_dataset_rank_voting_v1_primary_pool_200,pool200,catboost,roc_auc,0.7785716644478153,0.7785716644478153,0.0,0.0,1e-10,1e-10,True,pass,results/runs/homecredit/cdv1-007-homecredit-voting-k200-catboost-s42/results/oot_predictions.csv,persisted_state_or_manifest
lendingclub_v2,full_features,full,lr,bad_rate_capture_at_10,0.2208873000058606,0.22088730000586063,2.7755575615628914e-17,1.2565491820893505e-16,1e-10,1e-10,True,pass,results/full_baseline_v1/runs/lendingclub_v2/fbv1-003-lendingclub_v2-lr-full-features-s42/predictions_oot.csv,persisted_state_or_manifest
lendingclub_v2,full_features,full,lr,brier,0.2147264309621842,0.21472643096218424,5.551115123125783e-17,2.585203460166205e-16,1e-10,1e-10,True,pass,results/full_baseline_v1/runs/lendingclub_v2/fbv1-003-lendingclub_v2-lr-full-features-s42/predictions_oot.csv,persisted_state_or_manifest
lendingclub_v2,full_features,full,lr,gini,0.4217745171350937,0.42177451713509373,5.551115123125783e-17,1.3161333597941787e-16,1e-10,1e-10,True,pass,results/full_baseline_v1/runs/lendingclub_v2/fbv1-003-lendingclub_v2-lr-full-features-s42/predictions_oot.csv,persisted_state_or_manifest
lendingclub_v2,full_features,full,lr,ks,0.3033897914347885,0.3033897914347885,0.0,0.0,1e-10,1e-10,True,pass,results/full_baseline_v1/runs/lendingclub_v2/fbv1-003-lendingclub_v2-lr-full-features-s42/predictions_oot.csv,persisted_state_or_manifest
lendingclub_v2,full_features,full,lr,lift_at_10,2.208835320126157,2.208835320126157,0.0,0.0,1e-10,1e-10,True,pass,results/full_baseline_v1/runs/lendingclub_v2/fbv1-003-lendingclub_v2-lr-full-features-s42/predictions_oot.csv,persisted_state_or_manifest
lendingclub_v2,full_features,full,lr,log_loss,0.6192845222304069,0.6192845222304069,0.0,0.0,1e-10,1e-10,True,pass,results/full_baseline_v1/runs/lendingclub_v2/fbv1-003-lendingclub_v2-lr-full-features-s42/predictions_oot.csv,persisted_state_or_manifest
lendingclub_v2,full_features,full,lr,roc_auc,0.7108872585675469,0.7108872585675469,0.0,0.0,1e-10,1e-10,True,pass,results/full_baseline_v1/runs/lendingclub_v2/fbv1-003-lendingclub_v2-lr-full-features-s42/predictions_oot.csv,persisted_state_or_manifest
lendingclub_v2,full_features,full,catboost,bad_rate_capture_at_10,0.2286819433862744,0.2286819433862744,0.0,0.0,1e-10,1e-10,True,pass,results/full_baseline_v1/runs/lendingclub_v2/fbv1-004-lendingclub_v2-catboost-full-features-s42/predictions_oot.csv,persisted_state_or_manifest
lendingclub_v2,full_features,full,catboost,brier,0.2020377608789456,0.20203776087894562,2.7755575615628914e-17,1.373781588891155e-16,1e-10,1e-10,True,pass,results/full_baseline_v1/runs/lendingclub_v2/fbv1-004-lendingclub_v2-catboost-full-features-s42/predictions_oot.csv,persisted_state_or_manifest
lendingclub_v2,full_features,full,catboost,gini,0.4459466880738114,0.44594668807381144,5.551115123125783e-17,1.2447934409161895e-16,1e-10,1e-10,True,pass,results/full_baseline_v1/runs/lendingclub_v2/fbv1-004-lendingclub_v2-catboost-full-features-s42/predictions_oot.csv,persisted_state_or_manifest
lendingclub_v2,full_features,full,catboost,ks,0.3202729629236113,0.32027296292361135,5.551115123125783e-17,1.7332450021545485e-16,1e-10,1e-10,True,pass,results/full_baseline_v1/runs/lendingclub_v2/fbv1-004-lendingclub_v2-catboost-full-features-s42/predictions_oot.csv,persisted_state_or_manifest
lendingclub_v2,full_features,full,catboost,lift_at_10,2.2867804242855567,2.2867804242855567,0.0,0.0,1e-10,1e-10,True,pass,results/full_baseline_v1/runs/lendingclub_v2/fbv1-004-lendingclub_v2-catboost-full-features-s42/predictions_oot.csv,persisted_state_or_manifest
lendingclub_v2,full_features,full,catboost,log_loss,0.5882500688072909,0.5882500688072909,0.0,0.0,1e-10,1e-10,True,pass,results/full_baseline_v1/runs/lendingclub_v2/fbv1-004-lendingclub_v2-catboost-full-features-s42/predictions_oot.csv,persisted_state_or_manifest
lendingclub_v2,full_features,full,catboost,roc_auc,0.7229733440369057,0.7229733440369057,0.0,0.0,1e-10,1e-10,True,pass,results/full_baseline_v1/runs/lendingclub_v2/fbv1-004-lendingclub_v2-catboost-full-features-s42/predictions_oot.csv,persisted_state_or_manifest
lendingclub_v2,random_k,k20,lr,bad_rate_capture_at_10,0.1460470022856473,0.14604700228564732,2.7755575615628914e-17,1.900455002927272e-16,1e-10,1e-10,True,pass,results/full_baseline_v1/runs/lendingclub_v2/fbv1-007-lendingclub_v2-lr-random-k-s42/predictions_oot.csv,persisted_state_or_manifest
lendingclub_v2,random_k,k20,lr,brier,0.2485285746538763,0.24852857465387634,5.551115123125783e-17,2.233592306581557e-16,1e-10,1e-10,True,pass,results/full_baseline_v1/runs/lendingclub_v2/fbv1-007-lendingclub_v2-lr-random-k-s42/predictions_oot.csv,persisted_state_or_manifest
lendingclub_v2,random_k,k20,lr,gini,0.2076435510809164,0.20764355108091648,8.326672684688674e-17,4.010080082594938e-16,1e-10,1e-10,True,pass,results/full_baseline_v1/runs/lendingclub_v2/fbv1-007-lendingclub_v2-lr-random-k-s42/predictions_oot.csv,persisted_state_or_manifest
lendingclub_v2,random_k,k20,lr,ks,0.1497841800822618,0.14978418008226174,5.551115123125783e-17,3.706075715123652e-16,1e-10,1e-10,True,pass,results/full_baseline_v1/runs/lendingclub_v2/fbv1-007-lendingclub_v2-lr-random-k-s42/predictions_oot.csv,persisted_state_or_manifest
lendingclub_v2,random_k,k20,lr,lift_at_10,1.4604451095129698,1.4604451095129698,0.0,0.0,1e-10,1e-10,True,pass,results/full_baseline_v1/runs/lendingclub_v2/fbv1-007-lendingclub_v2-lr-random-k-s42/predictions_oot.csv,persisted_state_or_manifest
lendingclub_v2,random_k,k20,lr,log_loss,0.6909098454794408,0.6909098454794408,0.0,0.0,1e-10,1e-10,True,pass,results/full_baseline_v1/runs/lendingclub_v2/fbv1-007-lendingclub_v2-lr-random-k-s42/predictions_oot.csv,persisted_state_or_manifest
lendingclub_v2,random_k,k20,lr,roc_auc,0.6038217755404582,0.6038217755404582,0.0,0.0,1e-10,1e-10,True,pass,results/full_baseline_v1/runs/lendingclub_v2/fbv1-007-lendingclub_v2-lr-random-k-s42/predictions_oot.csv,persisted_state_or_manifest
lendingclub_v2,random_k,k40,catboost,bad_rate_capture_at_10,0.1929467268358436,0.19294672683584363,2.7755575615628914e-17,1.438509793391985e-16,1e-10,1e-10,True,pass,results/full_baseline_v1/runs/lendingclub_v2/fbv1-008-lendingclub_v2-catboost-random-k-s42/predictions_oot.csv,persisted_state_or_manifest
lendingclub_v2,random_k,k40,catboost,brier,0.2201144092198424,0.2201144092198424,0.0,0.0,1e-10,1e-10,True,pass,results/full_baseline_v1/runs/lendingclub_v2/fbv1-008-lendingclub_v2-catboost-random-k-s42/predictions_oot.csv,persisted_state_or_manifest
lendingclub_v2,random_k,k40,catboost,gini,0.3436915991675866,0.3436915991675866,0.0,0.0,1e-10,1e-10,True,pass,results/full_baseline_v1/runs/lendingclub_v2/fbv1-008-lendingclub_v2-catboost-random-k-s42/predictions_oot.csv,persisted_state_or_manifest
lendingclub_v2,random_k,k40,catboost,ks,0.2477357201990745,0.24773572019907458,8.326672684688674e-17,3.3611110573790325e-16,1e-10,1e-10,True,pass,results/full_baseline_v1/runs/lendingclub_v2/fbv1-008-lendingclub_v2-catboost-random-k-s42/predictions_oot.csv,persisted_state_or_manifest
lendingclub_v2,random_k,k40,catboost,lift_at_10,1.929434354652518,1.929434354652518,0.0,0.0,1e-10,1e-10,True,pass,results/full_baseline_v1/runs/lendingclub_v2/fbv1-008-lendingclub_v2-catboost-random-k-s42/predictions_oot.csv,persisted_state_or_manifest
lendingclub_v2,random_k,k40,catboost,log_loss,0.6293076067576056,0.6293076067576056,0.0,0.0,1e-10,1e-10,True,pass,results/full_baseline_v1/runs/lendingclub_v2/fbv1-008-lendingclub_v2-catboost-random-k-s42/predictions_oot.csv,persisted_state_or_manifest
lendingclub_v2,random_k,k40,catboost,roc_auc,0.6718457995837933,0.6718457995837933,0.0,0.0,1e-10,1e-10,True,pass,results/full_baseline_v1/runs/lendingclub_v2/fbv1-008-lendingclub_v2-catboost-random-k-s42/predictions_oot.csv,persisted_state_or_manifest
lendingclub_v2,iv_woe,k20,lr,bad_rate_capture_at_10,0.2053566195862392,0.20535661958623924,5.551115123125783e-17,2.703158600054088e-16,1e-10,1e-10,True,pass,results/full_baseline_v1/runs/lendingclub_v2/fbv1-011-lendingclub_v2-lr-iv-woe-s42/predictions_oot.csv,persisted_state_or_manifest
lendingclub_v2,iv_woe,k20,lr,brier,0.2155384723561614,0.21553847235616144,5.551115123125783e-17,2.575463703738688e-16,1e-10,1e-10,True,pass,results/full_baseline_v1/runs/lendingclub_v2/fbv1-011-lendingclub_v2-lr-iv-woe-s42/predictions_oot.csv,persisted_state_or_manifest
lendingclub_v2,iv_woe,k20,lr,gini,0.3642197583374726,0.36421975833747267,5.551115123125783e-17,1.5241114728274363e-16,1e-10,1e-10,True,pass,results/full_baseline_v1/runs/lendingclub_v2/fbv1-011-lendingclub_v2-lr-iv-woe-s42/predictions_oot.csv,persisted_state_or_manifest
lendingclub_v2,iv_woe,k20,lr,ks,0.2614113773044075,0.2614113773044076,1.1102230246251565e-16,4.2470340658980865e-16,1e-10,1e-10,True,pass,results/full_baseline_v1/runs/lendingclub_v2/fbv1-011-lendingclub_v2-lr-iv-woe-s42/predictions_oot.csv,persisted_state_or_manifest
lendingclub_v2,iv_woe,k20,lr,lift_at_10,2.053531165222089,2.053531165222089,0.0,0.0,1e-10,1e-10,True,pass,results/full_baseline_v1/runs/lendingclub_v2/fbv1-011-lendingclub_v2-lr-iv-woe-s42/predictions_oot.csv,persisted_state_or_manifest
lendingclub_v2,iv_woe,k20,lr,log_loss,0.6218347596872352,0.6218347596872352,0.0,0.0,1e-10,1e-10,True,pass,results/full_baseline_v1/runs/lendingclub_v2/fbv1-011-lendingclub_v2-lr-iv-woe-s42/predictions_oot.csv,persisted_state_or_manifest
lendingclub_v2,iv_woe,k20,lr,roc_auc,0.6821098791687363,0.6821098791687363,0.0,0.0,1e-10,1e-10,True,pass,results/full_baseline_v1/runs/lendingclub_v2/fbv1-011-lendingclub_v2-lr-iv-woe-s42/predictions_oot.csv,persisted_state_or_manifest
lendingclub_v2,iv_woe,k40,catboost,bad_rate_capture_at_10,0.218132801969173,0.21813280196917306,5.551115123125783e-17,2.544832814236842e-16,1e-10,1e-10,True,pass,results/full_baseline_v1/runs/lendingclub_v2/fbv1-012-lendingclub_v2-catboost-iv-woe-s42/predictions_oot.csv,persisted_state_or_manifest
lendingclub_v2,iv_woe,k40,catboost,brier,0.2054638275204233,0.20546382752042336,5.551115123125783e-17,2.7017481325631377e-16,1e-10,1e-10,True,pass,results/full_baseline_v1/runs/lendingclub_v2/fbv1-012-lendingclub_v2-catboost-iv-woe-s42/predictions_oot.csv,persisted_state_or_manifest
lendingclub_v2,iv_woe,k40,catboost,gini,0.4053455949643794,0.4053455949643794,0.0,0.0,1e-10,1e-10,True,pass,results/full_baseline_v1/runs/lendingclub_v2/fbv1-012-lendingclub_v2-catboost-iv-woe-s42/predictions_oot.csv,persisted_state_or_manifest
lendingclub_v2,iv_woe,k40,catboost,ks,0.2891151273902709,0.28911512739027084,5.551115123125783e-17,1.9200362060724827e-16,1e-10,1e-10,True,pass,results/full_baseline_v1/runs/lendingclub_v2/fbv1-012-lendingclub_v2-catboost-iv-woe-s42/predictions_oot.csv,persisted_state_or_manifest
lendingclub_v2,iv_woe,k40,catboost,lift_at_10,2.1812908096337376,2.1812908096337376,0.0,0.0,1e-10,1e-10,True,pass,results/full_baseline_v1/runs/lendingclub_v2/fbv1-012-lendingclub_v2-catboost-iv-woe-s42/predictions_oot.csv,persisted_state_or_manifest
lendingclub_v2,iv_woe,k40,catboost,log_loss,0.5965700641639796,0.5965700641639796,0.0,0.0,1e-10,1e-10,True,pass,results/full_baseline_v1/runs/lendingclub_v2/fbv1-012-lendingclub_v2-catboost-iv-woe-s42/predictions_oot.csv,persisted_state_or_manifest
lendingclub_v2,iv_woe,k40,catboost,roc_auc,0.7026727974821897,0.7026727974821897,0.0,0.0,1e-10,1e-10,True,pass,results/full_baseline_v1/runs/lendingclub_v2/fbv1-012-lendingclub_v2-catboost-iv-woe-s42/predictions_oot.csv,persisted_state_or_manifest
lendingclub_v2,mrmr_mutual_information,k20,lr,bad_rate_capture_at_10,0.2079646017699115,0.2079646017699115,0.0,0.0,1e-10,1e-10,True,pass,results/full_baseline_v1/runs/lendingclub_v2/fbv1-015-lendingclub_v2-lr-mrmr-mutual-information-s42/predictions_oot.csv,persisted_state_or_manifest
lendingclub_v2,mrmr_mutual_information,k20,lr,brier,0.2113408183234188,0.2113408183234188,0.0,0.0,1e-10,1e-10,True,pass,results/full_baseline_v1/runs/lendingclub_v2/fbv1-015-lendingclub_v2-lr-mrmr-mutual-information-s42/predictions_oot.csv,persisted_state_or_manifest
lendingclub_v2,mrmr_mutual_information,k20,lr,gini,0.3718472581936702,0.37184725819367026,5.551115123125783e-17,1.492848206032645e-16,1e-10,1e-10,True,pass,results/full_baseline_v1/runs/lendingclub_v2/fbv1-015-lendingclub_v2-lr-mrmr-mutual-information-s42/predictions_oot.csv,persisted_state_or_manifest
lendingclub_v2,mrmr_mutual_information,k20,lr,ks,0.2645449885398555,0.2645449885398556,1.1102230246251565e-16,4.196726729744472e-16,1e-10,1e-10,True,pass,results/full_baseline_v1/runs/lendingclub_v2/fbv1-015-lendingclub_v2-lr-mrmr-mutual-information-s42/predictions_oot.csv,persisted_state_or_manifest
lendingclub_v2,mrmr_mutual_information,k20,lr,lift_at_10,2.0796105421776776,2.0796105421776776,0.0,0.0,1e-10,1e-10,True,pass,results/full_baseline_v1/runs/lendingclub_v2/fbv1-015-lendingclub_v2-lr-mrmr-mutual-information-s42/predictions_oot.csv,persisted_state_or_manifest
lendingclub_v2,mrmr_mutual_information,k20,lr,log_loss,0.611828774323815,0.611828774323815,0.0,0.0,1e-10,1e-10,True,pass,results/full_baseline_v1/runs/lendingclub_v2/fbv1-015-lendingclub_v2-lr-mrmr-mutual-information-s42/predictions_oot.csv,persisted_state_or_manifest
lendingclub_v2,mrmr_mutual_information,k20,lr,roc_auc,0.6859236290968351,0.6859236290968351,0.0,0.0,1e-10,1e-10,True,pass,results/full_baseline_v1/runs/lendingclub_v2/fbv1-015-lendingclub_v2-lr-mrmr-mutual-information-s42/predictions_oot.csv,persisted_state_or_manifest
lendingclub_v2,mrmr_mutual_information,k40,catboost,bad_rate_capture_at_10,0.2176932544101271,0.21769325441012718,8.326672684688674e-17,3.8249566837755524e-16,1e-10,1e-10,True,pass,results/full_baseline_v1/runs/lendingclub_v2/fbv1-016-lendingclub_v2-catboost-mrmr-mutual-information-s42/predictions_oot.csv,persisted_state_or_manifest
lendingclub_v2,mrmr_mutual_information,k40,catboost,brier,0.2106389473794358,0.2106389473794358,0.0,0.0,1e-10,1e-10,True,pass,results/full_baseline_v1/runs/lendingclub_v2/fbv1-016-lendingclub_v2-catboost-mrmr-mutual-information-s42/predictions_oot.csv,persisted_state_or_manifest
lendingclub_v2,mrmr_mutual_information,k40,catboost,gini,0.4040474583685232,0.4040474583685232,0.0,0.0,1e-10,1e-10,True,pass,results/full_baseline_v1/runs/lendingclub_v2/fbv1-016-lendingclub_v2-catboost-mrmr-mutual-information-s42/predictions_oot.csv,persisted_state_or_manifest
lendingclub_v2,mrmr_mutual_information,k40,catboost,ks,0.2871446132658227,0.28714461326582263,5.551115123125783e-17,1.9332123489939425e-16,1e-10,1e-10,True,pass,results/full_baseline_v1/runs/lendingclub_v2/fbv1-016-lendingclub_v2-catboost-mrmr-mutual-information-s42/predictions_oot.csv,persisted_state_or_manifest
lendingclub_v2,mrmr_mutual_information,k40,catboost,lift_at_10,2.1768954090232446,2.1768954090232446,0.0,0.0,1e-10,1e-10,True,pass,results/full_baseline_v1/runs/lendingclub_v2/fbv1-016-lendingclub_v2-catboost-mrmr-mutual-information-s42/predictions_oot.csv,persisted_state_or_manifest
lendingclub_v2,mrmr_mutual_information,k40,catboost,log_loss,0.6080980490499379,0.6080980490499379,0.0,0.0,1e-10,1e-10,True,pass,results/full_baseline_v1/runs/lendingclub_v2/fbv1-016-lendingclub_v2-catboost-mrmr-mutual-information-s42/predictions_oot.csv,persisted_state_or_manifest
lendingclub_v2,mrmr_mutual_information,k40,catboost,roc_auc,0.7020237291842616,0.7020237291842616,0.0,0.0,1e-10,1e-10,True,pass,results/full_baseline_v1/runs/lendingclub_v2/fbv1-016-lendingclub_v2-catboost-mrmr-mutual-information-s42/predictions_oot.csv,persisted_state_or_manifest
lendingclub_v2,lasso_l1_logistic,k20,lr,bad_rate_capture_at_10,0.2058401219011897,0.20584012190118972,2.7755575615628914e-17,1.3484045461726136e-16,1e-10,1e-10,True,pass,results/full_baseline_v1/runs/lendingclub_v2/fbv1-019-lendingclub_v2-lr-lasso-l1-logistic-s42/predictions_oot.csv,persisted_state_or_manifest
lendingclub_v2,lasso_l1_logistic,k20,lr,brier,0.2113676734776817,0.21136767347768173,2.7755575615628914e-17,1.3131419369367106e-16,1e-10,1e-10,True,pass,results/full_baseline_v1/runs/lendingclub_v2/fbv1-019-lendingclub_v2-lr-lasso-l1-logistic-s42/predictions_oot.csv,persisted_state_or_manifest
lendingclub_v2,lasso_l1_logistic,k20,lr,gini,0.362207065021813,0.362207065021813,0.0,0.0,1e-10,1e-10,True,pass,results/full_baseline_v1/runs/lendingclub_v2/fbv1-019-lendingclub_v2-lr-lasso-l1-logistic-s42/predictions_oot.csv,persisted_state_or_manifest
lendingclub_v2,lasso_l1_logistic,k20,lr,ks,0.2569709569059342,0.2569709569059342,0.0,0.0,1e-10,1e-10,True,pass,results/full_baseline_v1/runs/lendingclub_v2/fbv1-019-lendingclub_v2-lr-lasso-l1-logistic-s42/predictions_oot.csv,persisted_state_or_manifest
lendingclub_v2,lasso_l1_logistic,k20,lr,lift_at_10,2.0583661058936307,2.0583661058936307,0.0,0.0,1e-10,1e-10,True,pass,results/full_baseline_v1/runs/lendingclub_v2/fbv1-019-lendingclub_v2-lr-lasso-l1-logistic-s42/predictions_oot.csv,persisted_state_or_manifest
lendingclub_v2,lasso_l1_logistic,k20,lr,log_loss,0.6113432500961168,0.6113432500961168,0.0,0.0,1e-10,1e-10,True,pass,results/full_baseline_v1/runs/lendingclub_v2/fbv1-019-lendingclub_v2-lr-lasso-l1-logistic-s42/predictions_oot.csv,persisted_state_or_manifest
lendingclub_v2,lasso_l1_logistic,k20,lr,roc_auc,0.6811035325109065,0.6811035325109065,0.0,0.0,1e-10,1e-10,True,pass,results/full_baseline_v1/runs/lendingclub_v2/fbv1-019-lendingclub_v2-lr-lasso-l1-logistic-s42/predictions_oot.csv,persisted_state_or_manifest
lendingclub_v2,lasso_l1_logistic,k40,catboost,bad_rate_capture_at_10,0.22059426829983,0.22059426829983003,2.7755575615628914e-17,1.2582183494406913e-16,1e-10,1e-10,True,pass,results/full_baseline_v1/runs/lendingclub_v2/fbv1-020-lendingclub_v2-catboost-lasso-l1-logistic-s42/predictions_oot.csv,persisted_state_or_manifest
lendingclub_v2,lasso_l1_logistic,k40,catboost,brier,0.2024694887906572,0.20246948879065724,2.7755575615628914e-17,1.370852259340997e-16,1e-10,1e-10,True,pass,results/full_baseline_v1/runs/lendingclub_v2/fbv1-020-lendingclub_v2-catboost-lasso-l1-logistic-s42/predictions_oot.csv,persisted_state_or_manifest
lendingclub_v2,lasso_l1_logistic,k40,catboost,gini,0.4192538350149364,0.4192538350149364,0.0,0.0,1e-10,1e-10,True,pass,results/full_baseline_v1/runs/lendingclub_v2/fbv1-020-lendingclub_v2-catboost-lasso-l1-logistic-s42/predictions_oot.csv,persisted_state_or_manifest
lendingclub_v2,lasso_l1_logistic,k40,catboost,ks,0.3006616494792721,0.3006616494792721,0.0,0.0,1e-10,1e-10,True,pass,results/full_baseline_v1/runs/lendingclub_v2/fbv1-020-lendingclub_v2-catboost-lasso-l1-logistic-s42/predictions_oot.csv,persisted_state_or_manifest
lendingclub_v2,lasso_l1_logistic,k40,catboost,lift_at_10,2.2059050530524957,2.2059050530524953,4.440892098500626e-16,2.0131837008829511e-16,1e-10,1e-10,True,pass,results/full_baseline_v1/runs/lendingclub_v2/fbv1-020-lendingclub_v2-catboost-lasso-l1-logistic-s42/predictions_oot.csv,persisted_state_or_manifest
lendingclub_v2,lasso_l1_logistic,k40,catboost,log_loss,0.5892369866233977,0.5892369866233977,0.0,0.0,1e-10,1e-10,True,pass,results/full_baseline_v1/runs/lendingclub_v2/fbv1-020-lendingclub_v2-catboost-lasso-l1-logistic-s42/predictions_oot.csv,persisted_state_or_manifest
lendingclub_v2,lasso_l1_logistic,k40,catboost,roc_auc,0.7096269175074682,0.7096269175074682,0.0,0.0,1e-10,1e-10,True,pass,results/full_baseline_v1/runs/lendingclub_v2/fbv1-020-lendingclub_v2-catboost-lasso-l1-logistic-s42/predictions_oot.csv,persisted_state_or_manifest
lendingclub_v2,legacy_rf_relevance_corr,k20,lr,bad_rate_capture_at_10,0.2107923577331067,0.21079235773310673,2.7755575615628914e-17,1.3167258962382044e-16,1e-10,1e-10,True,pass,results/full_baseline_v1/runs/lendingclub_v2/fbv1-023-lendingclub_v2-lr-legacy-rf-relevance-corr-s42/predictions_oot.csv,persisted_state_or_manifest
lendingclub_v2,legacy_rf_relevance_corr,k20,lr,brier,0.2133479690696586,0.2133479690696586,0.0,0.0,1e-10,1e-10,True,pass,results/full_baseline_v1/runs/lendingclub_v2/fbv1-023-lendingclub_v2-lr-legacy-rf-relevance-corr-s42/predictions_oot.csv,persisted_state_or_manifest
lendingclub_v2,legacy_rf_relevance_corr,k20,lr,gini,0.3830914570477108,0.38309145704771086,5.551115123125783e-17,1.4490313007513604e-16,1e-10,1e-10,True,pass,results/full_baseline_v1/runs/lendingclub_v2/fbv1-023-lendingclub_v2-lr-legacy-rf-relevance-corr-s42/predictions_oot.csv,persisted_state_or_manifest
lendingclub_v2,legacy_rf_relevance_corr,k20,lr,ks,0.2746720016199978,0.2746720016199979,1.1102230246251565e-16,4.0419956095893746e-16,1e-10,1e-10,True,pass,results/full_baseline_v1/runs/lendingclub_v2/fbv1-023-lendingclub_v2-lr-legacy-rf-relevance-corr-s42/predictions_oot.csv,persisted_state_or_manifest
lendingclub_v2,legacy_rf_relevance_corr,k20,lr,lift_at_10,2.1078876194385128,2.1078876194385128,0.0,0.0,1e-10,1e-10,True,pass,results/full_baseline_v1/runs/lendingclub_v2/fbv1-023-lendingclub_v2-lr-legacy-rf-relevance-corr-s42/predictions_oot.csv,persisted_state_or_manifest
lendingclub_v2,legacy_rf_relevance_corr,k20,lr,log_loss,0.6171623845766898,0.6171623845766898,0.0,0.0,1e-10,1e-10,True,pass,results/full_baseline_v1/runs/lendingclub_v2/fbv1-023-lendingclub_v2-lr-legacy-rf-relevance-corr-s42/predictions_oot.csv,persisted_state_or_manifest
lendingclub_v2,legacy_rf_relevance_corr,k20,lr,roc_auc,0.6915457285238554,0.6915457285238554,0.0,0.0,1e-10,1e-10,True,pass,results/full_baseline_v1/runs/lendingclub_v2/fbv1-023-lendingclub_v2-lr-legacy-rf-relevance-corr-s42/predictions_oot.csv,persisted_state_or_manifest
lendingclub_v2,legacy_rf_relevance_corr,k40,catboost,bad_rate_capture_at_10,0.2194953994022153,0.21949539940221532,2.7755575615628914e-17,1.2645174200106167e-16,1e-10,1e-10,True,pass,results/full_baseline_v1/runs/lendingclub_v2/fbv1-024-lendingclub_v2-catboost-legacy-rf-relevance-corr-s42/predictions_oot.csv,persisted_state_or_manifest
lendingclub_v2,legacy_rf_relevance_corr,k40,catboost,brier,0.203063920994918,0.203063920994918,0.0,0.0,1e-10,1e-10,True,pass,results/full_baseline_v1/runs/lendingclub_v2/fbv1-024-lendingclub_v2-catboost-legacy-rf-relevance-corr-s42/predictions_oot.csv,persisted_state_or_manifest
lendingclub_v2,legacy_rf_relevance_corr,k40,catboost,gini,0.4143875949242304,0.4143875949242304,0.0,0.0,1e-10,1e-10,True,pass,results/full_baseline_v1/runs/lendingclub_v2/fbv1-024-lendingclub_v2-catboost-legacy-rf-relevance-corr-s42/predictions_oot.csv,persisted_state_or_manifest
lendingclub_v2,legacy_rf_relevance_corr,k40,catboost,ks,0.2972426173108907,0.29724261731089063,5.551115123125783e-17,1.8675367527529826e-16,1e-10,1e-10,True,pass,results/full_baseline_v1/runs/lendingclub_v2/fbv1-024-lendingclub_v2-catboost-legacy-rf-relevance-corr-s42/predictions_oot.csv,persisted_state_or_manifest
lendingclub_v2,legacy_rf_relevance_corr,k40,catboost,lift_at_10,2.194916551526264,2.194916551526264,0.0,0.0,1e-10,1e-10,True,pass,results/full_baseline_v1/runs/lendingclub_v2/fbv1-024-lendingclub_v2-catboost-legacy-rf-relevance-corr-s42/predictions_oot.csv,persisted_state_or_manifest
lendingclub_v2,legacy_rf_relevance_corr,k40,catboost,log_loss,0.5906504403478972,0.5906504403478972,0.0,0.0,1e-10,1e-10,True,pass,results/full_baseline_v1/runs/lendingclub_v2/fbv1-024-lendingclub_v2-catboost-legacy-rf-relevance-corr-s42/predictions_oot.csv,persisted_state_or_manifest
lendingclub_v2,legacy_rf_relevance_corr,k40,catboost,roc_auc,0.7071937974621152,0.7071937974621152,0.0,0.0,1e-10,1e-10,True,pass,results/full_baseline_v1/runs/lendingclub_v2/fbv1-024-lendingclub_v2-catboost-legacy-rf-relevance-corr-s42/predictions_oot.csv,persisted_state_or_manifest
lendingclub_v2,catboost_shap,k20,lr,bad_rate_capture_at_10,0.2136054621110004,0.2136054621110004,0.0,0.0,1e-10,1e-10,True,pass,results/full_baseline_v1/runs/lendingclub_v2/fbv1-027-lendingclub_v2-lr-catboost-shap-s42/predictions_oot.csv,persisted_state_or_manifest
lendingclub_v2,catboost_shap,k20,lr,brier,0.2127896706674001,0.21278967066740012,2.7755575615628914e-17,1.3043666794809855e-16,1e-10,1e-10,True,pass,results/full_baseline_v1/runs/lendingclub_v2/fbv1-027-lendingclub_v2-lr-catboost-shap-s42/predictions_oot.csv,persisted_state_or_manifest
lendingclub_v2,catboost_shap,k20,lr,gini,0.3930843365074457,0.3930843365074457,0.0,0.0,1e-10,1e-10,True,pass,results/full_baseline_v1/runs/lendingclub_v2/fbv1-027-lendingclub_v2-lr-catboost-shap-s42/predictions_oot.csv,persisted_state_or_manifest
lendingclub_v2,catboost_shap,k20,lr,ks,0.2815476773157388,0.2815476773157388,0.0,0.0,1e-10,1e-10,True,pass,results/full_baseline_v1/runs/lendingclub_v2/fbv1-027-lendingclub_v2-lr-catboost-shap-s42/predictions_oot.csv,persisted_state_or_manifest
lendingclub_v2,catboost_shap,k20,lr,lift_at_10,2.1360181833456644,2.1360181833456644,0.0,0.0,1e-10,1e-10,True,pass,results/full_baseline_v1/runs/lendingclub_v2/fbv1-027-lendingclub_v2-lr-catboost-shap-s42/predictions_oot.csv,persisted_state_or_manifest
lendingclub_v2,catboost_shap,k20,lr,log_loss,0.6160812189966236,0.6160812189966236,0.0,0.0,1e-10,1e-10,True,pass,results/full_baseline_v1/runs/lendingclub_v2/fbv1-027-lendingclub_v2-lr-catboost-shap-s42/predictions_oot.csv,persisted_state_or_manifest
lendingclub_v2,catboost_shap,k20,lr,roc_auc,0.6965421682537228,0.6965421682537228,0.0,0.0,1e-10,1e-10,True,pass,results/full_baseline_v1/runs/lendingclub_v2/fbv1-027-lendingclub_v2-lr-catboost-shap-s42/predictions_oot.csv,persisted_state_or_manifest
lendingclub_v2,catboost_shap,k40,catboost,bad_rate_capture_at_10,0.2246967121842583,0.22469671218425832,2.7755575615628914e-17,1.2352461834362968e-16,1e-10,1e-10,True,pass,results/full_baseline_v1/runs/lendingclub_v2/fbv1-028-lendingclub_v2-catboost-catboost-shap-s42/predictions_oot.csv,persisted_state_or_manifest
lendingclub_v2,catboost_shap,k40,catboost,brier,0.2017155167239425,0.20171551672394258,8.326672684688674e-17,4.127928688839605e-16,1e-10,1e-10,True,pass,results/full_baseline_v1/runs/lendingclub_v2/fbv1-028-lendingclub_v2-catboost-catboost-shap-s42/predictions_oot.csv,persisted_state_or_manifest
lendingclub_v2,catboost_shap,k40,catboost,gini,0.430298193538253,0.43029819353825305,5.551115123125783e-17,1.2900623815034202e-16,1e-10,1e-10,True,pass,results/full_baseline_v1/runs/lendingclub_v2/fbv1-028-lendingclub_v2-catboost-catboost-shap-s42/predictions_oot.csv,persisted_state_or_manifest
lendingclub_v2,catboost_shap,k40,catboost,ks,0.3086398441159994,0.30863984411599943,5.551115123125783e-17,1.7985737191596846e-16,1e-10,1e-10,True,pass,results/full_baseline_v1/runs/lendingclub_v2/fbv1-028-lendingclub_v2-catboost-catboost-shap-s42/predictions_oot.csv,persisted_state_or_manifest
lendingclub_v2,catboost_shap,k40,catboost,lift_at_10,2.246928792083758,2.246928792083758,0.0,0.0,1e-10,1e-10,True,pass,results/full_baseline_v1/runs/lendingclub_v2/fbv1-028-lendingclub_v2-catboost-catboost-shap-s42/predictions_oot.csv,persisted_state_or_manifest
lendingclub_v2,catboost_shap,k40,catboost,log_loss,0.5874099886806744,0.5874099886806744,0.0,0.0,1e-10,1e-10,True,pass,results/full_baseline_v1/runs/lendingclub_v2/fbv1-028-lendingclub_v2-catboost-catboost-shap-s42/predictions_oot.csv,persisted_state_or_manifest
lendingclub_v2,catboost_shap,k40,catboost,roc_auc,0.7151490967691265,0.7151490967691265,0.0,0.0,1e-10,1e-10,True,pass,results/full_baseline_v1/runs/lendingclub_v2/fbv1-028-lendingclub_v2-catboost-catboost-shap-s42/predictions_oot.csv,persisted_state_or_manifest
lendingclub_v2,boruta_random_forest,k20,lr,bad_rate_capture_at_10,0.1790863271405966,0.1790863271405966,0.0,0.0,1e-10,1e-10,True,pass,results/full_baseline_v1/runs/lendingclub_v2/fbv1-031-lendingclub_v2-lr-boruta-random-forest-s42/predictions_oot.csv,persisted_state_or_manifest
lendingclub_v2,boruta_random_forest,k20,lr,brier,0.2292077718479445,0.22920777184794458,8.326672684688674e-17,3.6328055622008118e-16,1e-10,1e-10,True,pass,results/full_baseline_v1/runs/lendingclub_v2/fbv1-031-lendingclub_v2-lr-boruta-random-forest-s42/predictions_oot.csv,persisted_state_or_manifest
lendingclub_v2,boruta_random_forest,k20,lr,gini,0.3114953490360999,0.3114953490360999,0.0,0.0,1e-10,1e-10,True,pass,results/full_baseline_v1/runs/lendingclub_v2/fbv1-031-lendingclub_v2-lr-boruta-random-forest-s42/predictions_oot.csv,persisted_state_or_manifest
lendingclub_v2,boruta_random_forest,k20,lr,ks,0.2258422405944599,0.2258422405944599,0.0,0.0,1e-10,1e-10,True,pass,results/full_baseline_v1/runs/lendingclub_v2/fbv1-031-lendingclub_v2-lr-boruta-random-forest-s42/predictions_oot.csv,persisted_state_or_manifest
lendingclub_v2,boruta_random_forest,k20,lr,lift_at_10,1.7908327220683216,1.7908327220683216,0.0,0.0,1e-10,1e-10,True,pass,results/full_baseline_v1/runs/lendingclub_v2/fbv1-031-lendingclub_v2-lr-boruta-random-forest-s42/predictions_oot.csv,persisted_state_or_manifest
lendingclub_v2,boruta_random_forest,k20,lr,log_loss,0.6490369408602636,0.6490369408602636,0.0,0.0,1e-10,1e-10,True,pass,results/full_baseline_v1/runs/lendingclub_v2/fbv1-031-lendingclub_v2-lr-boruta-random-forest-s42/predictions_oot.csv,persisted_state_or_manifest
lendingclub_v2,boruta_random_forest,k20,lr,roc_auc,0.6557476745180499,0.6557476745180499,0.0,0.0,1e-10,1e-10,True,pass,results/full_baseline_v1/runs/lendingclub_v2/fbv1-031-lendingclub_v2-lr-boruta-random-forest-s42/predictions_oot.csv,persisted_state_or_manifest
lendingclub_v2,boruta_random_forest,k40,catboost,bad_rate_capture_at_10,0.2023823477700287,0.20238234777002873,2.7755575615628914e-17,1.371442515686603e-16,1e-10,1e-10,True,pass,results/full_baseline_v1/runs/lendingclub_v2/fbv1-032-lendingclub_v2-catboost-boruta-random-forest-s42/predictions_oot.csv,persisted_state_or_manifest
lendingclub_v2,boruta_random_forest,k40,catboost,brier,0.214707244989933,0.21470724498993304,5.551115123125783e-17,2.585434470730626e-16,1e-10,1e-10,True,pass,results/full_baseline_v1/runs/lendingclub_v2/fbv1-032-lendingclub_v2-catboost-boruta-random-forest-s42/predictions_oot.csv,persisted_state_or_manifest
lendingclub_v2,boruta_random_forest,k40,catboost,gini,0.3714944052898103,0.37149440528981037,5.551115123125783e-17,1.4942661434686332e-16,1e-10,1e-10,True,pass,results/full_baseline_v1/runs/lendingclub_v2/fbv1-032-lendingclub_v2-catboost-boruta-random-forest-s42/predictions_oot.csv,persisted_state_or_manifest
lendingclub_v2,boruta_random_forest,k40,catboost,ks,0.2673477145078667,0.26734771450786676,5.551115123125783e-17,2.0763652808269814e-16,1e-10,1e-10,True,pass,results/full_baseline_v1/runs/lendingclub_v2/fbv1-032-lendingclub_v2-catboost-boruta-random-forest-s42/predictions_oot.csv,persisted_state_or_manifest
lendingclub_v2,boruta_random_forest,k40,catboost,lift_at_10,2.023788954424423,2.023788954424423,0.0,0.0,1e-10,1e-10,True,pass,results/full_baseline_v1/runs/lendingclub_v2/fbv1-032-lendingclub_v2-catboost-boruta-random-forest-s42/predictions_oot.csv,persisted_state_or_manifest
lendingclub_v2,boruta_random_forest,k40,catboost,log_loss,0.616777822179032,0.616777822179032,0.0,0.0,1e-10,1e-10,True,pass,results/full_baseline_v1/runs/lendingclub_v2/fbv1-032-lendingclub_v2-catboost-boruta-random-forest-s42/predictions_oot.csv,persisted_state_or_manifest
lendingclub_v2,boruta_random_forest,k40,catboost,roc_auc,0.6857472026449052,0.6857472026449052,0.0,0.0,1e-10,1e-10,True,pass,results/full_baseline_v1/runs/lendingclub_v2/fbv1-032-lendingclub_v2-catboost-boruta-random-forest-s42/predictions_oot.csv,persisted_state_or_manifest
lendingclub_v2,rfe_catboost,k20,lr,bad_rate_capture_at_10,0.2150559690558518,0.21505596905585184,2.7755575615628914e-17,1.290621029375872e-16,1e-10,1e-10,True,pass,results/full_baseline_v1/runs/lendingclub_v2/fbv1-035-lendingclub_v2-lr-rfe-catboost-s42/predictions_oot.csv,persisted_state_or_manifest
lendingclub_v2,rfe_catboost,k20,lr,brier,0.2108816515862841,0.21088165158628414,2.7755575615628914e-17,1.3161683535218556e-16,1e-10,1e-10,True,pass,results/full_baseline_v1/runs/lendingclub_v2/fbv1-035-lendingclub_v2-lr-rfe-catboost-s42/predictions_oot.csv,persisted_state_or_manifest
lendingclub_v2,rfe_catboost,k20,lr,gini,0.3977611852463789,0.39776118524637893,5.551115123125783e-17,1.3955899492021434e-16,1e-10,1e-10,True,pass,results/full_baseline_v1/runs/lendingclub_v2/fbv1-035-lendingclub_v2-lr-rfe-catboost-s42/predictions_oot.csv,persisted_state_or_manifest
lendingclub_v2,rfe_catboost,k20,lr,ks,0.2845241694186147,0.28452416941861475,5.551115123125783e-17,1.9510170733364091e-16,1e-10,1e-10,True,pass,results/full_baseline_v1/runs/lendingclub_v2/fbv1-035-lendingclub_v2-lr-rfe-catboost-s42/predictions_oot.csv,persisted_state_or_manifest
lendingclub_v2,rfe_catboost,k20,lr,lift_at_10,2.1505230053602897,2.1505230053602897,0.0,0.0,1e-10,1e-10,True,pass,results/full_baseline_v1/runs/lendingclub_v2/fbv1-035-lendingclub_v2-lr-rfe-catboost-s42/predictions_oot.csv,persisted_state_or_manifest
lendingclub_v2,rfe_catboost,k20,lr,log_loss,0.6115350886954531,0.6115350886954531,0.0,0.0,1e-10,1e-10,True,pass,results/full_baseline_v1/runs/lendingclub_v2/fbv1-035-lendingclub_v2-lr-rfe-catboost-s42/predictions_oot.csv,persisted_state_or_manifest
lendingclub_v2,rfe_catboost,k20,lr,roc_auc,0.6988805926231895,0.6988805926231895,0.0,0.0,1e-10,1e-10,True,pass,results/full_baseline_v1/runs/lendingclub_v2/fbv1-035-lendingclub_v2-lr-rfe-catboost-s42/predictions_oot.csv,persisted_state_or_manifest
lendingclub_v2,rfe_catboost,k40,catboost,bad_rate_capture_at_10,0.2256490652288577,0.22564906522885778,8.326672684688674e-17,3.690098461628281e-16,1e-10,1e-10,True,pass,results/full_baseline_v1/runs/lendingclub_v2/fbv1-036-lendingclub_v2-catboost-rfe-catboost-s42/predictions_oot.csv,persisted_state_or_manifest
lendingclub_v2,rfe_catboost,k40,catboost,brier,0.2005710406327235,0.20057104063272352,2.7755575615628914e-17,1.3838276716354906e-16,1e-10,1e-10,True,pass,results/full_baseline_v1/runs/lendingclub_v2/fbv1-036-lendingclub_v2-catboost-rfe-catboost-s42/predictions_oot.csv,persisted_state_or_manifest
lendingclub_v2,rfe_catboost,k40,catboost,gini,0.4379235347498342,0.43792353474983425,5.551115123125783e-17,1.267599177170709e-16,1e-10,1e-10,True,pass,results/full_baseline_v1/runs/lendingclub_v2/fbv1-036-lendingclub_v2-catboost-rfe-catboost-s42/predictions_oot.csv,persisted_state_or_manifest
lendingclub_v2,rfe_catboost,k40,catboost,ks,0.3152876574354976,0.31528765743549764,5.551115123125783e-17,1.7606509459576434e-16,1e-10,1e-10,True,pass,results/full_baseline_v1/runs/lendingclub_v2/fbv1-036-lendingclub_v2-catboost-rfe-catboost-s42/predictions_oot.csv,persisted_state_or_manifest
lendingclub_v2,rfe_catboost,k40,catboost,lift_at_10,2.256452160073158,2.2564521600731586,4.440892098500626e-16,1.9680860853511933e-16,1e-10,1e-10,True,pass,results/full_baseline_v1/runs/lendingclub_v2/fbv1-036-lendingclub_v2-catboost-rfe-catboost-s42/predictions_oot.csv,persisted_state_or_manifest
lendingclub_v2,rfe_catboost,k40,catboost,log_loss,0.5847023315747076,0.5847023315747076,0.0,0.0,1e-10,1e-10,True,pass,results/full_baseline_v1/runs/lendingclub_v2/fbv1-036-lendingclub_v2-catboost-rfe-catboost-s42/predictions_oot.csv,persisted_state_or_manifest
lendingclub_v2,rfe_catboost,k40,catboost,roc_auc,0.7189617673749171,0.7189617673749171,0.0,0.0,1e-10,1e-10,True,pass,results/full_baseline_v1/runs/lendingclub_v2/fbv1-036-lendingclub_v2-catboost-rfe-catboost-s42/predictions_oot.csv,persisted_state_or_manifest
lendingclub_v2,statistical_normalized_average_rank,k20,lr,bad_rate_capture_at_10,,0.21274101857821015,,,1e-10,1e-10,True,recomputed_only_stored_metric_not_persisted,results/selector_combinations_v1/oot/evaluations/scv1-oot-003-lendingclub_v2-statistical-normalized-average-rank-lr-full-dev-k20-s42.oot_predictions.csv,persisted_state_or_manifest
lendingclub_v2,statistical_normalized_average_rank,k20,lr,brier,0.2108500098949788,0.2108500098949788,0.0,0.0,1e-10,1e-10,True,pass,results/selector_combinations_v1/oot/evaluations/scv1-oot-003-lendingclub_v2-statistical-normalized-average-rank-lr-full-dev-k20-s42.oot_predictions.csv,persisted_state_or_manifest
lendingclub_v2,statistical_normalized_average_rank,k20,lr,gini,0.38626533324764756,0.38626533324764756,0.0,0.0,1e-10,1e-10,True,pass,results/selector_combinations_v1/oot/evaluations/scv1-oot-003-lendingclub_v2-statistical-normalized-average-rank-lr-full-dev-k20-s42.oot_predictions.csv,persisted_state_or_manifest
lendingclub_v2,statistical_normalized_average_rank,k20,lr,ks,0.27741329939629134,0.27741329939629134,0.0,0.0,1e-10,1e-10,True,pass,results/selector_combinations_v1/oot/evaluations/scv1-oot-003-lendingclub_v2-statistical-normalized-average-rank-lr-full-dev-k20-s42.oot_predictions.csv,persisted_state_or_manifest
lendingclub_v2,statistical_normalized_average_rank,k20,lr,lift_at_10,2.127373895478363,2.127373895478363,0.0,0.0,1e-10,1e-10,True,pass,results/selector_combinations_v1/oot/evaluations/scv1-oot-003-lendingclub_v2-statistical-normalized-average-rank-lr-full-dev-k20-s42.oot_predictions.csv,persisted_state_or_manifest
lendingclub_v2,statistical_normalized_average_rank,k20,lr,log_loss,0.6113717685110925,0.6113717685110924,1.1102230246251565e-16,1.8159540263511742e-16,1e-10,1e-10,True,pass,results/selector_combinations_v1/oot/evaluations/scv1-oot-003-lendingclub_v2-statistical-normalized-average-rank-lr-full-dev-k20-s42.oot_predictions.csv,persisted_state_or_manifest
lendingclub_v2,statistical_normalized_average_rank,k20,lr,roc_auc,0.6931326666238238,0.6931326666238238,0.0,0.0,1e-10,1e-10,True,pass,results/selector_combinations_v1/oot/evaluations/scv1-oot-003-lendingclub_v2-statistical-normalized-average-rank-lr-full-dev-k20-s42.oot_predictions.csv,persisted_state_or_manifest
lendingclub_v2,statistical_normalized_average_rank,k40,catboost,bad_rate_capture_at_10,,0.22220594268299831,,,1e-10,1e-10,True,recomputed_only_stored_metric_not_persisted,results/selector_combinations_v1/oot/evaluations/scv1-oot-004-lendingclub_v2-statistical-normalized-average-rank-catboost-full-dev-k40-s42.oot_predictions.csv,persisted_state_or_manifest
lendingclub_v2,statistical_normalized_average_rank,k40,catboost,brier,0.20149231787329983,0.20149231787329983,0.0,0.0,1e-10,1e-10,True,pass,results/selector_combinations_v1/oot/evaluations/scv1-oot-004-lendingclub_v2-statistical-normalized-average-rank-catboost-full-dev-k40-s42.oot_predictions.csv,persisted_state_or_manifest
lendingclub_v2,statistical_normalized_average_rank,k40,catboost,gini,0.4260557610813118,0.4260557610813118,0.0,0.0,1e-10,1e-10,True,pass,results/selector_combinations_v1/oot/evaluations/scv1-oot-004-lendingclub_v2-statistical-normalized-average-rank-catboost-full-dev-k40-s42.oot_predictions.csv,persisted_state_or_manifest
lendingclub_v2,statistical_normalized_average_rank,k40,catboost,ks,0.30609392707016664,0.30609392707016664,0.0,0.0,1e-10,1e-10,True,pass,results/selector_combinations_v1/oot/evaluations/scv1-oot-004-lendingclub_v2-statistical-normalized-average-rank-catboost-full-dev-k40-s42.oot_predictions.csv,persisted_state_or_manifest
lendingclub_v2,statistical_normalized_average_rank,k40,catboost,lift_at_10,2.2220215219576342,2.2220215219576342,0.0,0.0,1e-10,1e-10,True,pass,results/selector_combinations_v1/oot/evaluations/scv1-oot-004-lendingclub_v2-statistical-normalized-average-rank-catboost-full-dev-k40-s42.oot_predictions.csv,persisted_state_or_manifest
lendingclub_v2,statistical_normalized_average_rank,k40,catboost,log_loss,0.5870135525113476,0.5870135525113476,0.0,0.0,1e-10,1e-10,True,pass,results/selector_combinations_v1/oot/evaluations/scv1-oot-004-lendingclub_v2-statistical-normalized-average-rank-catboost-full-dev-k40-s42.oot_predictions.csv,persisted_state_or_manifest
lendingclub_v2,statistical_normalized_average_rank,k40,catboost,roc_auc,0.7130278805406559,0.7130278805406559,0.0,0.0,1e-10,1e-10,True,pass,results/selector_combinations_v1/oot/evaluations/scv1-oot-004-lendingclub_v2-statistical-normalized-average-rank-catboost-full-dev-k40-s42.oot_predictions.csv,persisted_state_or_manifest
lendingclub_v2,iv_then_boruta,pool100,lr,bad_rate_capture_at_10,,0.2163746117329895,,,1e-10,1e-10,True,recomputed_only_stored_metric_not_persisted,results/selector_combinations_v1/oot/evaluations/scv1-oot-007-lendingclub_v2-iv-then-boruta-lr-full-dev-pool100-s42.oot_predictions.csv,persisted_state_or_manifest
lendingclub_v2,iv_then_boruta,pool100,lr,brier,0.2071232850499533,0.20712328504995328,2.7755575615628914e-17,1.340050956073573e-16,1e-10,1e-10,True,pass,results/selector_combinations_v1/oot/evaluations/scv1-oot-007-lendingclub_v2-iv-then-boruta-lr-full-dev-pool100-s42.oot_predictions.csv,persisted_state_or_manifest
lendingclub_v2,iv_then_boruta,pool100,lr,gini,0.4055899177225881,0.4055899177225881,0.0,0.0,1e-10,1e-10,True,pass,results/selector_combinations_v1/oot/evaluations/scv1-oot-007-lendingclub_v2-iv-then-boruta-lr-full-dev-pool100-s42.oot_predictions.csv,persisted_state_or_manifest
lendingclub_v2,iv_then_boruta,pool100,lr,ks,0.2916956903954852,0.2916956903954852,0.0,0.0,1e-10,1e-10,True,pass,results/selector_combinations_v1/oot/evaluations/scv1-oot-007-lendingclub_v2-iv-then-boruta-lr-full-dev-pool100-s42.oot_predictions.csv,persisted_state_or_manifest
lendingclub_v2,iv_then_boruta,pool100,lr,lift_at_10,2.1637092071917676,2.1637092071917676,0.0,0.0,1e-10,1e-10,True,pass,results/selector_combinations_v1/oot/evaluations/scv1-oot-007-lendingclub_v2-iv-then-boruta-lr-full-dev-pool100-s42.oot_predictions.csv,persisted_state_or_manifest
lendingclub_v2,iv_then_boruta,pool100,lr,log_loss,0.602496236267016,0.6024962362670159,1.1102230246251565e-16,1.8427053279269361e-16,1e-10,1e-10,True,pass,results/selector_combinations_v1/oot/evaluations/scv1-oot-007-lendingclub_v2-iv-then-boruta-lr-full-dev-pool100-s42.oot_predictions.csv,persisted_state_or_manifest
lendingclub_v2,iv_then_boruta,pool100,lr,roc_auc,0.7027949588612941,0.7027949588612941,0.0,0.0,1e-10,1e-10,True,pass,results/selector_combinations_v1/oot/evaluations/scv1-oot-007-lendingclub_v2-iv-then-boruta-lr-full-dev-pool100-s42.oot_predictions.csv,persisted_state_or_manifest
lendingclub_v2,iv_then_boruta,pool100,catboost,bad_rate_capture_at_10,,0.22277735450975797,,,1e-10,1e-10,True,recomputed_only_stored_metric_not_persisted,results/selector_combinations_v1/oot/evaluations/scv1-oot-008-lendingclub_v2-iv-then-boruta-catboost-full-dev-pool100-s42.oot_predictions.csv,persisted_state_or_manifest
lendingclub_v2,iv_then_boruta,pool100,catboost,brier,0.20052000330279754,0.20052000330279754,0.0,0.0,1e-10,1e-10,True,pass,results/selector_combinations_v1/oot/evaluations/scv1-oot-008-lendingclub_v2-iv-then-boruta-catboost-full-dev-pool100-s42.oot_predictions.csv,persisted_state_or_manifest
lendingclub_v2,iv_then_boruta,pool100,catboost,gini,0.42637577428118645,0.42637577428118645,0.0,0.0,1e-10,1e-10,True,pass,results/selector_combinations_v1/oot/evaluations/scv1-oot-008-lendingclub_v2-iv-then-boruta-catboost-full-dev-pool100-s42.oot_predictions.csv,persisted_state_or_manifest
lendingclub_v2,iv_then_boruta,pool100,catboost,ks,0.30667634747621486,0.30667634747621486,0.0,0.0,1e-10,1e-10,True,pass,results/selector_combinations_v1/oot/evaluations/scv1-oot-008-lendingclub_v2-iv-then-boruta-catboost-full-dev-pool100-s42.oot_predictions.csv,persisted_state_or_manifest
lendingclub_v2,iv_then_boruta,pool100,catboost,lift_at_10,2.2277355427512746,2.2277355427512746,0.0,0.0,1e-10,1e-10,True,pass,results/selector_combinations_v1/oot/evaluations/scv1-oot-008-lendingclub_v2-iv-then-boruta-catboost-full-dev-pool100-s42.oot_predictions.csv,persisted_state_or_manifest
lendingclub_v2,iv_then_boruta,pool100,catboost,log_loss,0.5847852064396658,0.5847852064396658,0.0,0.0,1e-10,1e-10,True,pass,results/selector_combinations_v1/oot/evaluations/scv1-oot-008-lendingclub_v2-iv-then-boruta-catboost-full-dev-pool100-s42.oot_predictions.csv,persisted_state_or_manifest
lendingclub_v2,iv_then_boruta,pool100,catboost,roc_auc,0.7131878871405932,0.7131878871405932,0.0,0.0,1e-10,1e-10,True,pass,results/selector_combinations_v1/oot/evaluations/scv1-oot-008-lendingclub_v2-iv-then-boruta-catboost-full-dev-pool100-s42.oot_predictions.csv,persisted_state_or_manifest
lendingclub_v2,iv_then_boruta,pool200,lr,bad_rate_capture_at_10,,0.21816210513977613,,,1e-10,1e-10,True,recomputed_only_stored_metric_not_persisted,results/selector_combinations_v1/oot/evaluations/scv1-oot-011-lendingclub_v2-iv-then-boruta-lr-full-dev-pool200-s42.oot_predictions.csv,persisted_state_or_manifest
lendingclub_v2,iv_then_boruta,pool200,lr,brier,0.20629820581418876,0.20629820581418876,0.0,0.0,1e-10,1e-10,True,pass,results/selector_combinations_v1/oot/evaluations/scv1-oot-011-lendingclub_v2-iv-then-boruta-lr-full-dev-pool200-s42.oot_predictions.csv,persisted_state_or_manifest
lendingclub_v2,iv_then_boruta,pool200,lr,gini,0.41284764810269836,0.41284764810269836,0.0,0.0,1e-10,1e-10,True,pass,results/selector_combinations_v1/oot/evaluations/scv1-oot-011-lendingclub_v2-iv-then-boruta-lr-full-dev-pool200-s42.oot_predictions.csv,persisted_state_or_manifest
lendingclub_v2,iv_then_boruta,pool200,lr,ks,0.2981296474418651,0.2981296474418651,0.0,0.0,1e-10,1e-10,True,pass,results/selector_combinations_v1/oot/evaluations/scv1-oot-011-lendingclub_v2-iv-then-boruta-lr-full-dev-pool200-s42.oot_predictions.csv,persisted_state_or_manifest
lendingclub_v2,iv_then_boruta,pool200,lr,lift_at_10,2.1815838363411033,2.1815838363411033,0.0,0.0,1e-10,1e-10,True,pass,results/selector_combinations_v1/oot/evaluations/scv1-oot-011-lendingclub_v2-iv-then-boruta-lr-full-dev-pool200-s42.oot_predictions.csv,persisted_state_or_manifest
lendingclub_v2,iv_then_boruta,pool200,lr,log_loss,0.6005969473333247,0.6005969473333246,1.1102230246251565e-16,1.8485325800515516e-16,1e-10,1e-10,True,pass,results/selector_combinations_v1/oot/evaluations/scv1-oot-011-lendingclub_v2-iv-then-boruta-lr-full-dev-pool200-s42.oot_predictions.csv,persisted_state_or_manifest
lendingclub_v2,iv_then_boruta,pool200,lr,roc_auc,0.7064238240513492,0.7064238240513492,0.0,0.0,1e-10,1e-10,True,pass,results/selector_combinations_v1/oot/evaluations/scv1-oot-011-lendingclub_v2-iv-then-boruta-lr-full-dev-pool200-s42.oot_predictions.csv,persisted_state_or_manifest
lendingclub_v2,iv_then_boruta,pool200,catboost,bad_rate_capture_at_10,,0.2249311375490828,,,1e-10,1e-10,True,recomputed_only_stored_metric_not_persisted,results/selector_combinations_v1/oot/evaluations/scv1-oot-012-lendingclub_v2-iv-then-boruta-catboost-full-dev-pool200-s42.oot_predictions.csv,persisted_state_or_manifest
lendingclub_v2,iv_then_boruta,pool200,catboost,brier,0.19893301562718663,0.19893301562718663,0.0,0.0,1e-10,1e-10,True,pass,results/selector_combinations_v1/oot/evaluations/scv1-oot-012-lendingclub_v2-iv-then-boruta-catboost-full-dev-pool200-s42.oot_predictions.csv,persisted_state_or_manifest
lendingclub_v2,iv_then_boruta,pool200,catboost,gini,0.43262111604007103,0.43262111604007103,0.0,0.0,1e-10,1e-10,True,pass,results/selector_combinations_v1/oot/evaluations/scv1-oot-012-lendingclub_v2-iv-then-boruta-catboost-full-dev-pool200-s42.oot_predictions.csv,persisted_state_or_manifest
lendingclub_v2,iv_then_boruta,pool200,catboost,ks,0.31211398994537487,0.31211398994537487,0.0,0.0,1e-10,1e-10,True,pass,results/selector_combinations_v1/oot/evaluations/scv1-oot-012-lendingclub_v2-iv-then-boruta-catboost-full-dev-pool200-s42.oot_predictions.csv,persisted_state_or_manifest
lendingclub_v2,iv_then_boruta,pool200,catboost,lift_at_10,2.2492730057426877,2.2492730057426877,0.0,0.0,1e-10,1e-10,True,pass,results/selector_combinations_v1/oot/evaluations/scv1-oot-012-lendingclub_v2-iv-then-boruta-catboost-full-dev-pool200-s42.oot_predictions.csv,persisted_state_or_manifest
lendingclub_v2,iv_then_boruta,pool200,catboost,log_loss,0.5810801632559157,0.5810801632559157,0.0,0.0,1e-10,1e-10,True,pass,results/selector_combinations_v1/oot/evaluations/scv1-oot-012-lendingclub_v2-iv-then-boruta-catboost-full-dev-pool200-s42.oot_predictions.csv,persisted_state_or_manifest
lendingclub_v2,iv_then_boruta,pool200,catboost,roc_auc,0.7163105580200355,0.7163105580200355,0.0,0.0,1e-10,1e-10,True,pass,results/selector_combinations_v1/oot/evaluations/scv1-oot-012-lendingclub_v2-iv-then-boruta-catboost-full-dev-pool200-s42.oot_predictions.csv,persisted_state_or_manifest
lendingclub_v2,iv_then_boruta,pool300,lr,bad_rate_capture_at_10,,0.22031588817910097,,,1e-10,1e-10,True,recomputed_only_stored_metric_not_persisted,results/selector_combinations_v1/oot/evaluations/scv1-oot-015-lendingclub_v2-iv-then-boruta-lr-full-dev-pool300-s42.oot_predictions.csv,persisted_state_or_manifest
lendingclub_v2,iv_then_boruta,pool300,lr,brier,0.20595882416114117,0.2059588241611412,2.7755575615628914e-17,1.3476274070157386e-16,1e-10,1e-10,True,pass,results/selector_combinations_v1/oot/evaluations/scv1-oot-015-lendingclub_v2-iv-then-boruta-lr-full-dev-pool300-s42.oot_predictions.csv,persisted_state_or_manifest
lendingclub_v2,iv_then_boruta,pool300,lr,gini,0.4196069992567577,0.4196069992567577,0.0,0.0,1e-10,1e-10,True,pass,results/selector_combinations_v1/oot/evaluations/scv1-oot-015-lendingclub_v2-iv-then-boruta-lr-full-dev-pool300-s42.oot_predictions.csv,persisted_state_or_manifest
lendingclub_v2,iv_then_boruta,pool300,lr,ks,0.30274708497427305,0.30274708497427305,0.0,0.0,1e-10,1e-10,True,pass,results/selector_combinations_v1/oot/evaluations/scv1-oot-015-lendingclub_v2-iv-then-boruta-lr-full-dev-pool300-s42.oot_predictions.csv,persisted_state_or_manifest
lendingclub_v2,iv_then_boruta,pool300,lr,lift_at_10,2.203121299332517,2.203121299332517,0.0,0.0,1e-10,1e-10,True,pass,results/selector_combinations_v1/oot/evaluations/scv1-oot-015-lendingclub_v2-iv-then-boruta-lr-full-dev-pool300-s42.oot_predictions.csv,persisted_state_or_manifest
lendingclub_v2,iv_then_boruta,pool300,lr,log_loss,0.5996684775898256,0.5996684775898256,0.0,0.0,1e-10,1e-10,True,pass,results/selector_combinations_v1/oot/evaluations/scv1-oot-015-lendingclub_v2-iv-then-boruta-lr-full-dev-pool300-s42.oot_predictions.csv,persisted_state_or_manifest
lendingclub_v2,iv_then_boruta,pool300,lr,roc_auc,0.7098034996283789,0.7098034996283789,0.0,0.0,1e-10,1e-10,True,pass,results/selector_combinations_v1/oot/evaluations/scv1-oot-015-lendingclub_v2-iv-then-boruta-lr-full-dev-pool300-s42.oot_predictions.csv,persisted_state_or_manifest
lendingclub_v2,iv_then_boruta,pool300,catboost,bad_rate_capture_at_10,,0.2268504952235832,,,1e-10,1e-10,True,recomputed_only_stored_metric_not_persisted,results/selector_combinations_v1/oot/evaluations/scv1-oot-016-lendingclub_v2-iv-then-boruta-catboost-full-dev-pool300-s42.oot_predictions.csv,persisted_state_or_manifest
lendingclub_v2,iv_then_boruta,pool300,catboost,brier,0.19774745847734443,0.1977474584773444,2.7755575615628914e-17,1.40358697043931e-16,1e-10,1e-10,True,pass,results/selector_combinations_v1/oot/evaluations/scv1-oot-016-lendingclub_v2-iv-then-boruta-catboost-full-dev-pool300-s42.oot_predictions.csv,persisted_state_or_manifest
lendingclub_v2,iv_then_boruta,pool300,catboost,gini,0.44029469847576475,0.44029469847576475,0.0,0.0,1e-10,1e-10,True,pass,results/selector_combinations_v1/oot/evaluations/scv1-oot-016-lendingclub_v2-iv-then-boruta-catboost-full-dev-pool300-s42.oot_predictions.csv,persisted_state_or_manifest
lendingclub_v2,iv_then_boruta,pool300,catboost,ks,0.3171286661106064,0.3171286661106064,0.0,0.0,1e-10,1e-10,True,pass,results/selector_combinations_v1/oot/evaluations/scv1-oot-016-lendingclub_v2-iv-then-boruta-catboost-full-dev-pool300-s42.oot_predictions.csv,persisted_state_or_manifest
lendingclub_v2,iv_then_boruta,pool300,catboost,lift_at_10,2.2684662550751717,2.2684662550751717,0.0,0.0,1e-10,1e-10,True,pass,results/selector_combinations_v1/oot/evaluations/scv1-oot-016-lendingclub_v2-iv-then-boruta-catboost-full-dev-pool300-s42.oot_predictions.csv,persisted_state_or_manifest
lendingclub_v2,iv_then_boruta,pool300,catboost,log_loss,0.5783020219231437,0.5783020219231437,0.0,0.0,1e-10,1e-10,True,pass,results/selector_combinations_v1/oot/evaluations/scv1-oot-016-lendingclub_v2-iv-then-boruta-catboost-full-dev-pool300-s42.oot_predictions.csv,persisted_state_or_manifest
lendingclub_v2,iv_then_boruta,pool300,catboost,roc_auc,0.7201473492378824,0.7201473492378824,0.0,0.0,1e-10,1e-10,True,pass,results/selector_combinations_v1/oot/evaluations/scv1-oot-016-lendingclub_v2-iv-then-boruta-catboost-full-dev-pool300-s42.oot_predictions.csv,persisted_state_or_manifest
lendingclub_v2,boruta_then_mrmr_mutual_information,k20,lr,bad_rate_capture_at_10,,0.21143702748637402,,,1e-10,1e-10,True,recomputed_only_stored_metric_not_persisted,results/selector_combinations_v1/oot/evaluations/scv1-oot-019-lendingclub_v2-boruta-then-mrmr-mutual-information-lr-full-dev-k20-s42.oot_predictions.csv,persisted_state_or_manifest
lendingclub_v2,boruta_then_mrmr_mutual_information,k20,lr,brier,0.2099374853829316,0.20993748538293164,2.7755575615628914e-17,1.3220876474252323e-16,1e-10,1e-10,True,pass,results/selector_combinations_v1/oot/evaluations/scv1-oot-019-lendingclub_v2-boruta-then-mrmr-mutual-information-lr-full-dev-k20-s42.oot_predictions.csv,persisted_state_or_manifest
lendingclub_v2,boruta_then_mrmr_mutual_information,k20,lr,gini,0.3857383973322994,0.3857383973322994,0.0,0.0,1e-10,1e-10,True,pass,results/selector_combinations_v1/oot/evaluations/scv1-oot-019-lendingclub_v2-boruta-then-mrmr-mutual-information-lr-full-dev-k20-s42.oot_predictions.csv,persisted_state_or_manifest
lendingclub_v2,boruta_then_mrmr_mutual_information,k20,lr,ks,0.2758625312022442,0.2758625312022442,0.0,0.0,1e-10,1e-10,True,pass,results/selector_combinations_v1/oot/evaluations/scv1-oot-019-lendingclub_v2-boruta-then-mrmr-mutual-information-lr-full-dev-k20-s42.oot_predictions.csv,persisted_state_or_manifest
lendingclub_v2,boruta_then_mrmr_mutual_information,k20,lr,lift_at_10,2.1143342070005686,2.1143342070005686,0.0,0.0,1e-10,1e-10,True,pass,results/selector_combinations_v1/oot/evaluations/scv1-oot-019-lendingclub_v2-boruta-then-mrmr-mutual-information-lr-full-dev-k20-s42.oot_predictions.csv,persisted_state_or_manifest
lendingclub_v2,boruta_then_mrmr_mutual_information,k20,lr,log_loss,0.6095388406527897,0.6095388406527898,1.1102230246251565e-16,1.8214147328760143e-16,1e-10,1e-10,True,pass,results/selector_combinations_v1/oot/evaluations/scv1-oot-019-lendingclub_v2-boruta-then-mrmr-mutual-information-lr-full-dev-k20-s42.oot_predictions.csv,persisted_state_or_manifest
lendingclub_v2,boruta_then_mrmr_mutual_information,k20,lr,roc_auc,0.6928691986661497,0.6928691986661497,0.0,0.0,1e-10,1e-10,True,pass,results/selector_combinations_v1/oot/evaluations/scv1-oot-019-lendingclub_v2-boruta-then-mrmr-mutual-information-lr-full-dev-k20-s42.oot_predictions.csv,persisted_state_or_manifest
lendingclub_v2,boruta_then_mrmr_mutual_information,k40,catboost,bad_rate_capture_at_10,,0.22071148098224228,,,1e-10,1e-10,True,recomputed_only_stored_metric_not_persisted,results/selector_combinations_v1/oot/evaluations/scv1-oot-020-lendingclub_v2-boruta-then-mrmr-mutual-information-catboost-full-dev-k40-s42.oot_predictions.csv,persisted_state_or_manifest
lendingclub_v2,boruta_then_mrmr_mutual_information,k40,catboost,brier,0.2027419965934085,0.2027419965934085,0.0,0.0,1e-10,1e-10,True,pass,results/selector_combinations_v1/oot/evaluations/scv1-oot-020-lendingclub_v2-boruta-then-mrmr-mutual-information-catboost-full-dev-k40-s42.oot_predictions.csv,persisted_state_or_manifest
lendingclub_v2,boruta_then_mrmr_mutual_information,k40,catboost,gini,0.4169060057368721,0.4169060057368721,0.0,0.0,1e-10,1e-10,True,pass,results/selector_combinations_v1/oot/evaluations/scv1-oot-020-lendingclub_v2-boruta-then-mrmr-mutual-information-catboost-full-dev-k40-s42.oot_predictions.csv,persisted_state_or_manifest
lendingclub_v2,boruta_then_mrmr_mutual_information,k40,catboost,ks,0.300628825022897,0.300628825022897,0.0,0.0,1e-10,1e-10,True,pass,results/selector_combinations_v1/oot/evaluations/scv1-oot-020-lendingclub_v2-boruta-then-mrmr-mutual-information-catboost-full-dev-k40-s42.oot_predictions.csv,persisted_state_or_manifest
lendingclub_v2,boruta_then_mrmr_mutual_information,k40,catboost,lift_at_10,2.20707715988196,2.20707715988196,0.0,0.0,1e-10,1e-10,True,pass,results/selector_combinations_v1/oot/evaluations/scv1-oot-020-lendingclub_v2-boruta-then-mrmr-mutual-information-catboost-full-dev-k40-s42.oot_predictions.csv,persisted_state_or_manifest
lendingclub_v2,boruta_then_mrmr_mutual_information,k40,catboost,log_loss,0.5902187095413992,0.5902187095413992,0.0,0.0,1e-10,1e-10,True,pass,results/selector_combinations_v1/oot/evaluations/scv1-oot-020-lendingclub_v2-boruta-then-mrmr-mutual-information-catboost-full-dev-k40-s42.oot_predictions.csv,persisted_state_or_manifest
lendingclub_v2,boruta_then_mrmr_mutual_information,k40,catboost,roc_auc,0.708453002868436,0.708453002868436,0.0,0.0,1e-10,1e-10,True,pass,results/selector_combinations_v1/oot/evaluations/scv1-oot-020-lendingclub_v2-boruta-then-mrmr-mutual-information-catboost-full-dev-k40-s42.oot_predictions.csv,persisted_state_or_manifest
lendingclub_v2,boruta_then_rfe_catboost,k20,lr,bad_rate_capture_at_10,,0.21277032174881322,,,1e-10,1e-10,True,recomputed_only_stored_metric_not_persisted,results/selector_combinations_v1/oot/evaluations/scv1-oot-023-lendingclub_v2-boruta-then-rfe-catboost-lr-full-dev-k20-s42.oot_predictions.csv,persisted_state_or_manifest
lendingclub_v2,boruta_then_rfe_catboost,k20,lr,brier,0.21174387076837844,0.21174387076837844,0.0,0.0,1e-10,1e-10,True,pass,results/selector_combinations_v1/oot/evaluations/scv1-oot-023-lendingclub_v2-boruta-then-rfe-catboost-lr-full-dev-k20-s42.oot_predictions.csv,persisted_state_or_manifest
lendingclub_v2,boruta_then_rfe_catboost,k20,lr,gini,0.39233872209926135,0.39233872209926135,0.0,0.0,1e-10,1e-10,True,pass,results/selector_combinations_v1/oot/evaluations/scv1-oot-023-lendingclub_v2-boruta-then-rfe-catboost-lr-full-dev-k20-s42.oot_predictions.csv,persisted_state_or_manifest
lendingclub_v2,boruta_then_rfe_catboost,k20,lr,ks,0.281612496797575,0.281612496797575,0.0,0.0,1e-10,1e-10,True,pass,results/selector_combinations_v1/oot/evaluations/scv1-oot-023-lendingclub_v2-boruta-then-rfe-catboost-lr-full-dev-k20-s42.oot_predictions.csv,persisted_state_or_manifest
lendingclub_v2,boruta_then_rfe_catboost,k20,lr,lift_at_10,2.1276669221857287,2.1276669221857287,0.0,0.0,1e-10,1e-10,True,pass,results/selector_combinations_v1/oot/evaluations/scv1-oot-023-lendingclub_v2-boruta-then-rfe-catboost-lr-full-dev-k20-s42.oot_predictions.csv,persisted_state_or_manifest
lendingclub_v2,boruta_then_rfe_catboost,k20,lr,log_loss,0.6135471086833537,0.6135471086833537,0.0,0.0,1e-10,1e-10,True,pass,results/selector_combinations_v1/oot/evaluations/scv1-oot-023-lendingclub_v2-boruta-then-rfe-catboost-lr-full-dev-k20-s42.oot_predictions.csv,persisted_state_or_manifest
lendingclub_v2,boruta_then_rfe_catboost,k20,lr,roc_auc,0.6961693610496307,0.6961693610496307,0.0,0.0,1e-10,1e-10,True,pass,results/selector_combinations_v1/oot/evaluations/scv1-oot-023-lendingclub_v2-boruta-then-rfe-catboost-lr-full-dev-k20-s42.oot_predictions.csv,persisted_state_or_manifest
lendingclub_v2,boruta_then_rfe_catboost,k40,catboost,bad_rate_capture_at_10,,0.22452089316063997,,,1e-10,1e-10,True,recomputed_only_stored_metric_not_persisted,results/selector_combinations_v1/oot/evaluations/scv1-oot-024-lendingclub_v2-boruta-then-rfe-catboost-catboost-full-dev-k40-s42.oot_predictions.csv,persisted_state_or_manifest
lendingclub_v2,boruta_then_rfe_catboost,k40,catboost,brier,0.19966387841644856,0.19966387841644856,0.0,0.0,1e-10,1e-10,True,pass,results/selector_combinations_v1/oot/evaluations/scv1-oot-024-lendingclub_v2-boruta-then-rfe-catboost-catboost-full-dev-k40-s42.oot_predictions.csv,persisted_state_or_manifest
lendingclub_v2,boruta_then_rfe_catboost,k40,catboost,gini,0.43488752659682084,0.43488752659682084,0.0,0.0,1e-10,1e-10,True,pass,results/selector_combinations_v1/oot/evaluations/scv1-oot-024-lendingclub_v2-boruta-then-rfe-catboost-catboost-full-dev-k40-s42.oot_predictions.csv,persisted_state_or_manifest
lendingclub_v2,boruta_then_rfe_catboost,k40,catboost,ks,0.3132328296288859,0.3132328296288859,0.0,0.0,1e-10,1e-10,True,pass,results/selector_combinations_v1/oot/evaluations/scv1-oot-024-lendingclub_v2-boruta-then-rfe-catboost-catboost-full-dev-k40-s42.oot_predictions.csv,persisted_state_or_manifest
lendingclub_v2,boruta_then_rfe_catboost,k40,catboost,lift_at_10,2.2451706318395614,2.2451706318395614,0.0,0.0,1e-10,1e-10,True,pass,results/selector_combinations_v1/oot/evaluations/scv1-oot-024-lendingclub_v2-boruta-then-rfe-catboost-catboost-full-dev-k40-s42.oot_predictions.csv,persisted_state_or_manifest
lendingclub_v2,boruta_then_rfe_catboost,k40,catboost,log_loss,0.5827763229587208,0.5827763229587208,0.0,0.0,1e-10,1e-10,True,pass,results/selector_combinations_v1/oot/evaluations/scv1-oot-024-lendingclub_v2-boruta-then-rfe-catboost-catboost-full-dev-k40-s42.oot_predictions.csv,persisted_state_or_manifest
lendingclub_v2,boruta_then_rfe_catboost,k40,catboost,roc_auc,0.7174437632984104,0.7174437632984104,0.0,0.0,1e-10,1e-10,True,pass,results/selector_combinations_v1/oot/evaluations/scv1-oot-024-lendingclub_v2-boruta-then-rfe-catboost-catboost-full-dev-k40-s42.oot_predictions.csv,persisted_state_or_manifest
lendingclub_v2,cross_dataset_rank_voting_v1_primary_pool_200,pool200,lr,bad_rate_capture_at_10,,0.21236007736037038,,,1e-10,1e-10,True,recomputed_only_stored_metric_not_persisted,results/runs/lendingclub_v2/cdv1-011-lendingclub-v2-voting-k200-lr-s42/results/oot_predictions.csv,persisted_state_or_manifest
lendingclub_v2,cross_dataset_rank_voting_v1_primary_pool_200,pool200,lr,brier,,0.2124760803492671,,,1e-10,1e-10,True,recomputed_only_stored_metric_not_persisted,results/runs/lendingclub_v2/cdv1-011-lendingclub-v2-voting-k200-lr-s42/results/oot_predictions.csv,persisted_state_or_manifest
lendingclub_v2,cross_dataset_rank_voting_v1_primary_pool_200,pool200,lr,gini,0.3902095895590374,0.3902095895590374,0.0,0.0,1e-10,1e-10,True,pass,results/runs/lendingclub_v2/cdv1-011-lendingclub-v2-voting-k200-lr-s42/results/oot_predictions.csv,persisted_state_or_manifest
lendingclub_v2,cross_dataset_rank_voting_v1_primary_pool_200,pool200,lr,ks,0.2810026539550325,0.2810026539550325,0.0,0.0,1e-10,1e-10,True,pass,results/runs/lendingclub_v2/cdv1-011-lendingclub-v2-voting-k200-lr-s42/results/oot_predictions.csv,persisted_state_or_manifest
lendingclub_v2,cross_dataset_rank_voting_v1_primary_pool_200,pool200,lr,lift_at_10,2.1235645482826024,2.1235645482826024,0.0,0.0,1e-10,1e-10,True,pass,results/runs/lendingclub_v2/cdv1-011-lendingclub-v2-voting-k200-lr-s42/results/oot_predictions.csv,persisted_state_or_manifest
lendingclub_v2,cross_dataset_rank_voting_v1_primary_pool_200,pool200,lr,log_loss,,0.61502827215924,,,1e-10,1e-10,True,recomputed_only_stored_metric_not_persisted,results/runs/lendingclub_v2/cdv1-011-lendingclub-v2-voting-k200-lr-s42/results/oot_predictions.csv,persisted_state_or_manifest
lendingclub_v2,cross_dataset_rank_voting_v1_primary_pool_200,pool200,lr,roc_auc,0.6951047947795187,0.6951047947795187,0.0,0.0,1e-10,1e-10,True,pass,results/runs/lendingclub_v2/cdv1-011-lendingclub-v2-voting-k200-lr-s42/results/oot_predictions.csv,persisted_state_or_manifest
lendingclub_v2,cross_dataset_rank_voting_v1_primary_pool_200,pool200,catboost,bad_rate_capture_at_10,,0.2254146398640333,,,1e-10,1e-10,True,recomputed_only_stored_metric_not_persisted,results/runs/lendingclub_v2/cdv1-015-lendingclub-v2-voting-k200-catboost-s42/results/oot_predictions.csv,persisted_state_or_manifest
lendingclub_v2,cross_dataset_rank_voting_v1_primary_pool_200,pool200,catboost,brier,,0.20000043163226175,,,1e-10,1e-10,True,recomputed_only_stored_metric_not_persisted,results/runs/lendingclub_v2/cdv1-015-lendingclub-v2-voting-k200-catboost-s42/results/oot_predictions.csv,persisted_state_or_manifest
lendingclub_v2,cross_dataset_rank_voting_v1_primary_pool_200,pool200,catboost,gini,0.4345748842482406,0.43457488424824064,5.551115123125783e-17,1.277366761019452e-16,1e-10,1e-10,True,pass,results/runs/lendingclub_v2/cdv1-015-lendingclub-v2-voting-k200-catboost-s42/results/oot_predictions.csv,persisted_state_or_manifest
lendingclub_v2,cross_dataset_rank_voting_v1_primary_pool_200,pool200,catboost,ks,0.3128411739672863,0.3128411739672863,0.0,0.0,1e-10,1e-10,True,pass,results/runs/lendingclub_v2/cdv1-015-lendingclub-v2-voting-k200-catboost-s42/results/oot_predictions.csv,persisted_state_or_manifest
lendingclub_v2,cross_dataset_rank_voting_v1_primary_pool_200,pool200,catboost,lift_at_10,2.254107946414229,2.254107946414229,0.0,0.0,1e-10,1e-10,True,pass,results/runs/lendingclub_v2/cdv1-015-lendingclub-v2-voting-k200-catboost-s42/results/oot_predictions.csv,persisted_state_or_manifest
lendingclub_v2,cross_dataset_rank_voting_v1_primary_pool_200,pool200,catboost,log_loss,,0.5834719910564553,,,1e-10,1e-10,True,recomputed_only_stored_metric_not_persisted,results/runs/lendingclub_v2/cdv1-015-lendingclub-v2-voting-k200-catboost-s42/results/oot_predictions.csv,persisted_state_or_manifest
lendingclub_v2,cross_dataset_rank_voting_v1_primary_pool_200,pool200,catboost,roc_auc,0.7172874421241203,0.7172874421241203,0.0,0.0,1e-10,1e-10,True,pass,results/runs/lendingclub_v2/cdv1-015-lendingclub-v2-voting-k200-catboost-s42/results/oot_predictions.csv,persisted_state_or_manifest
