comparison_id,family_id,family_status,dataset,model,method,method_configuration,reference,direction,metric,method_value,reference_value,difference,bootstrap_ci_lower,bootstrap_ci_upper,bootstrap_attempted,bootstrap_valid,delong_z,raw_p_value,holm_input_p,holm_adjusted_p_value,holm_reject,win_tie_loss,population_rows,population_events,ordered_case_id_sha256,ordered_case_id_target_sha256,paired_identity_target_sha256,budget_match_status,natural_support_status,exploratory,availability,evidence_grade,method_prediction_path,reference_prediction_path,unavailable_reason,authentication_reference
p14-b-001__homecredit__lr__iv_woe__k20__vs__full_features,baseline_vs_full_features__homecredit__lr,evaluable,homecredit,lr,iv_woe,k20,full_features,method_a_minus_method_b,roc_auc,0.7381468221833661,0.7714957527511156,-0.03334893056774946,-0.0366793658602422,-0.0299044112668745,2000,2000,-18.63116180933021,1.795834278221497e-77,1.795834278221497e-77,1.0775005669328981e-76,True,loss,120053,10688,08a815a762fc309aeba22ed42f9b772f39e1b6a8ce9c41f5eb1644b1c2f2f860,d25fae6ded74dac8a32745d73659ce5437f238609fe6b3b40ad07daf4536d472,f5045e863d8debb0b80a5f67d62dcc27f62d80660b6395d4a41b1e05b07b07be,not_applicable_full_feature_reference,"{""method_a"":""budget_satisfied"",""method_b"":""full_feature_reference""}",False,evaluable,not_supported,results/full_baseline_v1/runs/homecredit/fbv1-009-homecredit-lr-iv-woe-s42/predictions_oot.csv,results/full_baseline_v1/runs/homecredit/fbv1-001-homecredit-lr-full-features-s42/predictions_oot.csv,,authentication_validation.json
p14-b-002__homecredit__lr__mrmr_mutual_information__k20__vs__full_features,baseline_vs_full_features__homecredit__lr,evaluable,homecredit,lr,mrmr_mutual_information,k20,full_features,method_a_minus_method_b,roc_auc,0.7351157546380289,0.7714957527511156,-0.036379998113086676,-0.0398318858271661,-0.0330776385162571,2000,2000,-20.088625689476856,9.279515893241669e-90,9.279515893241669e-90,6.495661125269168e-89,True,loss,120053,10688,08a815a762fc309aeba22ed42f9b772f39e1b6a8ce9c41f5eb1644b1c2f2f860,d25fae6ded74dac8a32745d73659ce5437f238609fe6b3b40ad07daf4536d472,f5045e863d8debb0b80a5f67d62dcc27f62d80660b6395d4a41b1e05b07b07be,not_applicable_full_feature_reference,"{""method_a"":""budget_satisfied"",""method_b"":""full_feature_reference""}",False,evaluable,not_supported,results/full_baseline_v1/runs/homecredit/fbv1-013-homecredit-lr-mrmr-mutual-information-s42/predictions_oot.csv,results/full_baseline_v1/runs/homecredit/fbv1-001-homecredit-lr-full-features-s42/predictions_oot.csv,,authentication_validation.json
p14-b-003__homecredit__lr__lasso_l1_logistic__k20__vs__full_features,baseline_vs_full_features__homecredit__lr,evaluable,homecredit,lr,lasso_l1_logistic,k20,full_features,method_a_minus_method_b,roc_auc,0.7453493532411244,0.7714957527511156,-0.026146399509991203,-0.0293185755084263,-0.0228503929854596,2000,2000,-15.71019508224299,1.287822333496075e-55,1.287822333496075e-55,3.863467000488225e-55,True,loss,120053,10688,08a815a762fc309aeba22ed42f9b772f39e1b6a8ce9c41f5eb1644b1c2f2f860,d25fae6ded74dac8a32745d73659ce5437f238609fe6b3b40ad07daf4536d472,f5045e863d8debb0b80a5f67d62dcc27f62d80660b6395d4a41b1e05b07b07be,not_applicable_full_feature_reference,"{""method_a"":""budget_satisfied"",""method_b"":""full_feature_reference""}",False,evaluable,not_supported,results/full_baseline_v1/runs/homecredit/fbv1-017-homecredit-lr-lasso-l1-logistic-s42/predictions_oot.csv,results/full_baseline_v1/runs/homecredit/fbv1-001-homecredit-lr-full-features-s42/predictions_oot.csv,,authentication_validation.json
p14-b-004__homecredit__lr__legacy_rf_relevance_corr__k20__vs__full_features,baseline_vs_full_features__homecredit__lr,evaluable,homecredit,lr,legacy_rf_relevance_corr,k20,full_features,method_a_minus_method_b,roc_auc,0.7447520668100092,0.7714957527511156,-0.026743685941106432,-0.0299348587255779,-0.0234928196642991,2000,2000,-15.763433225448589,5.5532467489537635e-56,5.5532467489537635e-56,2.2212986995815054e-55,True,loss,120053,10688,08a815a762fc309aeba22ed42f9b772f39e1b6a8ce9c41f5eb1644b1c2f2f860,d25fae6ded74dac8a32745d73659ce5437f238609fe6b3b40ad07daf4536d472,f5045e863d8debb0b80a5f67d62dcc27f62d80660b6395d4a41b1e05b07b07be,not_applicable_full_feature_reference,"{""method_a"":""budget_satisfied"",""method_b"":""full_feature_reference""}",False,evaluable,not_supported,results/full_baseline_v1/runs/homecredit/fbv1-021-homecredit-lr-legacy-rf-relevance-corr-s42/predictions_oot.csv,results/full_baseline_v1/runs/homecredit/fbv1-001-homecredit-lr-full-features-s42/predictions_oot.csv,,authentication_validation.json
p14-b-005__homecredit__lr__catboost_shap__k20__vs__full_features,baseline_vs_full_features__homecredit__lr,evaluable,homecredit,lr,catboost_shap,k20,full_features,method_a_minus_method_b,roc_auc,0.7501298442067997,0.7714957527511156,-0.02136590854431586,-0.0244100328437214,-0.018328302077781,2000,2000,-13.318796310414388,1.7998593645845027e-40,1.7998593645845027e-40,1.7998593645845027e-40,True,loss,120053,10688,08a815a762fc309aeba22ed42f9b772f39e1b6a8ce9c41f5eb1644b1c2f2f860,d25fae6ded74dac8a32745d73659ce5437f238609fe6b3b40ad07daf4536d472,f5045e863d8debb0b80a5f67d62dcc27f62d80660b6395d4a41b1e05b07b07be,not_applicable_full_feature_reference,"{""method_a"":""budget_satisfied"",""method_b"":""full_feature_reference""}",False,evaluable,not_supported,results/full_baseline_v1/runs/homecredit/fbv1-025-homecredit-lr-catboost-shap-s42/predictions_oot.csv,results/full_baseline_v1/runs/homecredit/fbv1-001-homecredit-lr-full-features-s42/predictions_oot.csv,,authentication_validation.json
p14-b-006__homecredit__lr__boruta_random_forest__k20__vs__full_features,baseline_vs_full_features__homecredit__lr,evaluable,homecredit,lr,boruta_random_forest,k20,full_features,method_a_minus_method_b,roc_auc,0.7397382371452405,0.7714957527511156,-0.03175751560587514,-0.0351483467859747,-0.0283454605327815,2000,2000,-18.130713105998275,1.8237866772241132e-73,1.8237866772241132e-73,9.118933386120566e-73,True,loss,120053,10688,08a815a762fc309aeba22ed42f9b772f39e1b6a8ce9c41f5eb1644b1c2f2f860,d25fae6ded74dac8a32745d73659ce5437f238609fe6b3b40ad07daf4536d472,f5045e863d8debb0b80a5f67d62dcc27f62d80660b6395d4a41b1e05b07b07be,not_applicable_full_feature_reference,"{""method_a"":""budget_satisfied"",""method_b"":""full_feature_reference""}",False,evaluable,not_supported,results/full_baseline_v1/runs/homecredit/fbv1-029-homecredit-lr-boruta-random-forest-s42/predictions_oot.csv,results/full_baseline_v1/runs/homecredit/fbv1-001-homecredit-lr-full-features-s42/predictions_oot.csv,,authentication_validation.json
p14-b-007__homecredit__lr__rfe_catboost__k20__vs__full_features,baseline_vs_full_features__homecredit__lr,evaluable,homecredit,lr,rfe_catboost,k20,full_features,method_a_minus_method_b,roc_auc,0.7465460931107201,0.7714957527511156,-0.024949659640395527,-0.0282750699653362,-0.0217380382262837,2000,2000,-14.84638881540798,7.341841240120039e-50,7.341841240120039e-50,1.4683682480240077e-49,True,loss,120053,10688,08a815a762fc309aeba22ed42f9b772f39e1b6a8ce9c41f5eb1644b1c2f2f860,d25fae6ded74dac8a32745d73659ce5437f238609fe6b3b40ad07daf4536d472,f5045e863d8debb0b80a5f67d62dcc27f62d80660b6395d4a41b1e05b07b07be,not_applicable_full_feature_reference,"{""method_a"":""budget_satisfied"",""method_b"":""full_feature_reference""}",False,evaluable,not_supported,results/full_baseline_v1/runs/homecredit/fbv1-033-homecredit-lr-rfe-catboost-s42/predictions_oot.csv,results/full_baseline_v1/runs/homecredit/fbv1-001-homecredit-lr-full-features-s42/predictions_oot.csv,,authentication_validation.json
p14-b-008__homecredit__lr__iv_woe__k20__vs__random_k,baseline_vs_random_k__homecredit__lr,evaluable,homecredit,lr,iv_woe,k20,random_k,method_a_minus_method_b,roc_auc,0.7381468221833661,0.6278237662995227,0.11032305588384339,0.1045114398483242,0.1160886767816718,2000,2000,35.71322381165411,2.464449685474224e-279,2.464449685474224e-279,4.928899370948448e-279,True,win,120053,10688,08a815a762fc309aeba22ed42f9b772f39e1b6a8ce9c41f5eb1644b1c2f2f860,d25fae6ded74dac8a32745d73659ce5437f238609fe6b3b40ad07daf4536d472,f5045e863d8debb0b80a5f67d62dcc27f62d80660b6395d4a41b1e05b07b07be,requested_and_realized_k_matched,"{""method_a"":""budget_satisfied"",""method_b"":""budget_satisfied""}",False,evaluable,strong,results/full_baseline_v1/runs/homecredit/fbv1-009-homecredit-lr-iv-woe-s42/predictions_oot.csv,results/full_baseline_v1/runs/homecredit/fbv1-005-homecredit-lr-random-k-s42/predictions_oot.csv,,authentication_validation.json
p14-b-009__homecredit__lr__mrmr_mutual_information__k20__vs__random_k,baseline_vs_random_k__homecredit__lr,evaluable,homecredit,lr,mrmr_mutual_information,k20,random_k,method_a_minus_method_b,roc_auc,0.7351157546380289,0.6278237662995227,0.10729198833850617,0.101421059437838,0.1130163687570511,2000,2000,34.696354727515626,8.941415584572955e-264,8.941415584572955e-264,8.941415584572955e-264,True,win,120053,10688,08a815a762fc309aeba22ed42f9b772f39e1b6a8ce9c41f5eb1644b1c2f2f860,d25fae6ded74dac8a32745d73659ce5437f238609fe6b3b40ad07daf4536d472,f5045e863d8debb0b80a5f67d62dcc27f62d80660b6395d4a41b1e05b07b07be,requested_and_realized_k_matched,"{""method_a"":""budget_satisfied"",""method_b"":""budget_satisfied""}",False,evaluable,strong,results/full_baseline_v1/runs/homecredit/fbv1-013-homecredit-lr-mrmr-mutual-information-s42/predictions_oot.csv,results/full_baseline_v1/runs/homecredit/fbv1-005-homecredit-lr-random-k-s42/predictions_oot.csv,,authentication_validation.json
p14-b-010__homecredit__lr__lasso_l1_logistic__k20__vs__random_k,baseline_vs_random_k__homecredit__lr,evaluable,homecredit,lr,lasso_l1_logistic,k20,random_k,method_a_minus_method_b,roc_auc,0.7453493532411244,0.6278237662995227,0.11752558694160165,0.1117823596651847,0.123409041046456,2000,2000,37.75210311616419,6.947425852414e-312,6.947425852414e-312,2.084227755724e-311,True,win,120053,10688,08a815a762fc309aeba22ed42f9b772f39e1b6a8ce9c41f5eb1644b1c2f2f860,d25fae6ded74dac8a32745d73659ce5437f238609fe6b3b40ad07daf4536d472,f5045e863d8debb0b80a5f67d62dcc27f62d80660b6395d4a41b1e05b07b07be,requested_and_realized_k_matched,"{""method_a"":""budget_satisfied"",""method_b"":""budget_satisfied""}",False,evaluable,strong,results/full_baseline_v1/runs/homecredit/fbv1-017-homecredit-lr-lasso-l1-logistic-s42/predictions_oot.csv,results/full_baseline_v1/runs/homecredit/fbv1-005-homecredit-lr-random-k-s42/predictions_oot.csv,,authentication_validation.json
p14-b-011__homecredit__lr__legacy_rf_relevance_corr__k20__vs__random_k,baseline_vs_random_k__homecredit__lr,evaluable,homecredit,lr,legacy_rf_relevance_corr,k20,random_k,method_a_minus_method_b,roc_auc,0.7447520668100092,0.6278237662995227,0.11692830051048642,0.1113243789132748,0.1226322340638809,2000,2000,38.62794315751103,0.0,0.0,0.0,True,win,120053,10688,08a815a762fc309aeba22ed42f9b772f39e1b6a8ce9c41f5eb1644b1c2f2f860,d25fae6ded74dac8a32745d73659ce5437f238609fe6b3b40ad07daf4536d472,f5045e863d8debb0b80a5f67d62dcc27f62d80660b6395d4a41b1e05b07b07be,requested_and_realized_k_matched,"{""method_a"":""budget_satisfied"",""method_b"":""budget_satisfied""}",False,evaluable,strong,results/full_baseline_v1/runs/homecredit/fbv1-021-homecredit-lr-legacy-rf-relevance-corr-s42/predictions_oot.csv,results/full_baseline_v1/runs/homecredit/fbv1-005-homecredit-lr-random-k-s42/predictions_oot.csv,,authentication_validation.json
p14-b-012__homecredit__lr__catboost_shap__k20__vs__random_k,baseline_vs_random_k__homecredit__lr,evaluable,homecredit,lr,catboost_shap,k20,random_k,method_a_minus_method_b,roc_auc,0.7501298442067997,0.6278237662995227,0.12230607790727699,0.1165367800372543,0.1283497379234296,2000,2000,39.23295063380201,0.0,0.0,0.0,True,win,120053,10688,08a815a762fc309aeba22ed42f9b772f39e1b6a8ce9c41f5eb1644b1c2f2f860,d25fae6ded74dac8a32745d73659ce5437f238609fe6b3b40ad07daf4536d472,f5045e863d8debb0b80a5f67d62dcc27f62d80660b6395d4a41b1e05b07b07be,requested_and_realized_k_matched,"{""method_a"":""budget_satisfied"",""method_b"":""budget_satisfied""}",False,evaluable,strong,results/full_baseline_v1/runs/homecredit/fbv1-025-homecredit-lr-catboost-shap-s42/predictions_oot.csv,results/full_baseline_v1/runs/homecredit/fbv1-005-homecredit-lr-random-k-s42/predictions_oot.csv,,authentication_validation.json
p14-b-013__homecredit__lr__boruta_random_forest__k20__vs__random_k,baseline_vs_random_k__homecredit__lr,evaluable,homecredit,lr,boruta_random_forest,k20,random_k,method_a_minus_method_b,roc_auc,0.7397382371452405,0.6278237662995227,0.1119144708457177,0.106487771514559,0.1173987093875614,2000,2000,37.95408315978356,3.30431306e-315,3.30431306e-315,1.321725224e-314,True,win,120053,10688,08a815a762fc309aeba22ed42f9b772f39e1b6a8ce9c41f5eb1644b1c2f2f860,d25fae6ded74dac8a32745d73659ce5437f238609fe6b3b40ad07daf4536d472,f5045e863d8debb0b80a5f67d62dcc27f62d80660b6395d4a41b1e05b07b07be,requested_and_realized_k_matched,"{""method_a"":""budget_satisfied"",""method_b"":""budget_satisfied""}",False,evaluable,strong,results/full_baseline_v1/runs/homecredit/fbv1-029-homecredit-lr-boruta-random-forest-s42/predictions_oot.csv,results/full_baseline_v1/runs/homecredit/fbv1-005-homecredit-lr-random-k-s42/predictions_oot.csv,,authentication_validation.json
p14-b-014__homecredit__lr__rfe_catboost__k20__vs__random_k,baseline_vs_random_k__homecredit__lr,evaluable,homecredit,lr,rfe_catboost,k20,random_k,method_a_minus_method_b,roc_auc,0.7465460931107201,0.6278237662995227,0.11872232681119732,0.1129700358853168,0.124459221290908,2000,2000,38.407890347207655,1e-322,1e-322,4.94e-322,True,win,120053,10688,08a815a762fc309aeba22ed42f9b772f39e1b6a8ce9c41f5eb1644b1c2f2f860,d25fae6ded74dac8a32745d73659ce5437f238609fe6b3b40ad07daf4536d472,f5045e863d8debb0b80a5f67d62dcc27f62d80660b6395d4a41b1e05b07b07be,requested_and_realized_k_matched,"{""method_a"":""budget_satisfied"",""method_b"":""budget_satisfied""}",False,evaluable,strong,results/full_baseline_v1/runs/homecredit/fbv1-033-homecredit-lr-rfe-catboost-s42/predictions_oot.csv,results/full_baseline_v1/runs/homecredit/fbv1-005-homecredit-lr-random-k-s42/predictions_oot.csv,,authentication_validation.json
p14-b-015__homecredit__catboost__iv_woe__k40__vs__full_features,baseline_vs_full_features__homecredit__catboost,evaluable,homecredit,catboost,iv_woe,k40,full_features,method_a_minus_method_b,roc_auc,0.7685707064474809,0.78603200864079,-0.017461302193309103,-0.0193834384105195,-0.0153899254493002,2000,2000,-16.52793080555247,2.3093623763476493e-61,2.3093623763476493e-61,9.237449505390597e-61,True,loss,120053,10688,08a815a762fc309aeba22ed42f9b772f39e1b6a8ce9c41f5eb1644b1c2f2f860,d25fae6ded74dac8a32745d73659ce5437f238609fe6b3b40ad07daf4536d472,f5045e863d8debb0b80a5f67d62dcc27f62d80660b6395d4a41b1e05b07b07be,not_applicable_full_feature_reference,"{""method_a"":""budget_satisfied"",""method_b"":""full_feature_reference""}",False,evaluable,not_supported,results/full_baseline_v1/runs/homecredit/fbv1-010-homecredit-catboost-iv-woe-s42/predictions_oot.csv,results/full_baseline_v1/runs/homecredit/fbv1-002-homecredit-catboost-full-features-s42/predictions_oot.csv,,authentication_validation.json
p14-b-016__homecredit__catboost__mrmr_mutual_information__k40__vs__full_features,baseline_vs_full_features__homecredit__catboost,evaluable,homecredit,catboost,mrmr_mutual_information,k40,full_features,method_a_minus_method_b,roc_auc,0.759898780138256,0.78603200864079,-0.026133228502534078,-0.0286488592515626,-0.023636320701417,2000,2000,-20.82362462752967,2.6440851253757543e-96,2.6440851253757543e-96,1.5864510752254527e-95,True,loss,120053,10688,08a815a762fc309aeba22ed42f9b772f39e1b6a8ce9c41f5eb1644b1c2f2f860,d25fae6ded74dac8a32745d73659ce5437f238609fe6b3b40ad07daf4536d472,f5045e863d8debb0b80a5f67d62dcc27f62d80660b6395d4a41b1e05b07b07be,not_applicable_full_feature_reference,"{""method_a"":""budget_satisfied"",""method_b"":""full_feature_reference""}",False,evaluable,not_supported,results/full_baseline_v1/runs/homecredit/fbv1-014-homecredit-catboost-mrmr-mutual-information-s42/predictions_oot.csv,results/full_baseline_v1/runs/homecredit/fbv1-002-homecredit-catboost-full-features-s42/predictions_oot.csv,,authentication_validation.json
p14-b-017__homecredit__catboost__lasso_l1_logistic__k40__vs__full_features,baseline_vs_full_features__homecredit__catboost,evaluable,homecredit,catboost,lasso_l1_logistic,k40,full_features,method_a_minus_method_b,roc_auc,0.7742262072686338,0.78603200864079,-0.011805801372156255,-0.0135847682977208,-0.0099757770411035,2000,2000,-12.457983440978888,1.2652970627064044e-35,1.2652970627064044e-35,3.795891188119213e-35,True,loss,120053,10688,08a815a762fc309aeba22ed42f9b772f39e1b6a8ce9c41f5eb1644b1c2f2f860,d25fae6ded74dac8a32745d73659ce5437f238609fe6b3b40ad07daf4536d472,f5045e863d8debb0b80a5f67d62dcc27f62d80660b6395d4a41b1e05b07b07be,not_applicable_full_feature_reference,"{""method_a"":""budget_satisfied"",""method_b"":""full_feature_reference""}",False,evaluable,not_supported,results/full_baseline_v1/runs/homecredit/fbv1-018-homecredit-catboost-lasso-l1-logistic-s42/predictions_oot.csv,results/full_baseline_v1/runs/homecredit/fbv1-002-homecredit-catboost-full-features-s42/predictions_oot.csv,,authentication_validation.json
p14-b-018__homecredit__catboost__legacy_rf_relevance_corr__k40__vs__full_features,baseline_vs_full_features__homecredit__catboost,evaluable,homecredit,catboost,legacy_rf_relevance_corr,k40,full_features,method_a_minus_method_b,roc_auc,0.7698045497949376,0.78603200864079,-0.016227458845852416,-0.0181391571754652,-0.0143539820817835,2000,2000,-16.584113899491427,9.079497019269274e-62,9.079497019269274e-62,4.539748509634637e-61,True,loss,120053,10688,08a815a762fc309aeba22ed42f9b772f39e1b6a8ce9c41f5eb1644b1c2f2f860,d25fae6ded74dac8a32745d73659ce5437f238609fe6b3b40ad07daf4536d472,f5045e863d8debb0b80a5f67d62dcc27f62d80660b6395d4a41b1e05b07b07be,not_applicable_full_feature_reference,"{""method_a"":""budget_satisfied"",""method_b"":""full_feature_reference""}",False,evaluable,not_supported,results/full_baseline_v1/runs/homecredit/fbv1-022-homecredit-catboost-legacy-rf-relevance-corr-s42/predictions_oot.csv,results/full_baseline_v1/runs/homecredit/fbv1-002-homecredit-catboost-full-features-s42/predictions_oot.csv,,authentication_validation.json
p14-b-019__homecredit__catboost__catboost_shap__k40__vs__full_features,baseline_vs_full_features__homecredit__catboost,evaluable,homecredit,catboost,catboost_shap,k40,full_features,method_a_minus_method_b,roc_auc,0.7795351956558698,0.78603200864079,-0.006496812984920219,-0.0082595331085531,-0.0048071312328367,2000,2000,-7.537339479317397,4.7965649773037306e-14,4.7965649773037306e-14,9.593129954607461e-14,True,loss,120053,10688,08a815a762fc309aeba22ed42f9b772f39e1b6a8ce9c41f5eb1644b1c2f2f860,d25fae6ded74dac8a32745d73659ce5437f238609fe6b3b40ad07daf4536d472,f5045e863d8debb0b80a5f67d62dcc27f62d80660b6395d4a41b1e05b07b07be,not_applicable_full_feature_reference,"{""method_a"":""budget_satisfied"",""method_b"":""full_feature_reference""}",False,evaluable,not_supported,results/full_baseline_v1/runs/homecredit/fbv1-026-homecredit-catboost-catboost-shap-s42/predictions_oot.csv,results/full_baseline_v1/runs/homecredit/fbv1-002-homecredit-catboost-full-features-s42/predictions_oot.csv,,authentication_validation.json
p14-b-020__homecredit__catboost__boruta_random_forest__k40__vs__full_features,baseline_vs_full_features__homecredit__catboost,evaluable,homecredit,catboost,boruta_random_forest,k40,full_features,method_a_minus_method_b,roc_auc,0.7542024954343132,0.78603200864079,-0.03182951320647687,-0.0345040379312011,-0.0289779865630486,2000,2000,-22.58426946490737,6.187343436921721e-113,6.187343436921721e-113,4.3311404058452045e-112,True,loss,120053,10688,08a815a762fc309aeba22ed42f9b772f39e1b6a8ce9c41f5eb1644b1c2f2f860,d25fae6ded74dac8a32745d73659ce5437f238609fe6b3b40ad07daf4536d472,f5045e863d8debb0b80a5f67d62dcc27f62d80660b6395d4a41b1e05b07b07be,oot_refit_40_vs_frozen_reference_support_26_exploratory,"{""method_a"":""infeasible_natural_support"",""method_b"":""full_feature_reference""}",True,evaluable,not_supported,results/full_baseline_v1/runs/homecredit/fbv1-030-homecredit-catboost-boruta-random-forest-s42/predictions_oot.csv,results/full_baseline_v1/runs/homecredit/fbv1-002-homecredit-catboost-full-features-s42/predictions_oot.csv,,authentication_validation.json
p14-b-021__homecredit__catboost__rfe_catboost__k40__vs__full_features,baseline_vs_full_features__homecredit__catboost,evaluable,homecredit,catboost,rfe_catboost,k40,full_features,method_a_minus_method_b,roc_auc,0.7814255198969775,0.78603200864079,-0.004606488743812531,-0.0060539499753408,-0.0032312785150108,2000,2000,-6.359835665292972,2.0196971130365743e-10,2.0196971130365743e-10,2.0196971130365743e-10,True,loss,120053,10688,08a815a762fc309aeba22ed42f9b772f39e1b6a8ce9c41f5eb1644b1c2f2f860,d25fae6ded74dac8a32745d73659ce5437f238609fe6b3b40ad07daf4536d472,f5045e863d8debb0b80a5f67d62dcc27f62d80660b6395d4a41b1e05b07b07be,not_applicable_full_feature_reference,"{""method_a"":""budget_satisfied"",""method_b"":""full_feature_reference""}",False,evaluable,not_supported,results/full_baseline_v1/runs/homecredit/fbv1-034-homecredit-catboost-rfe-catboost-s42/predictions_oot.csv,results/full_baseline_v1/runs/homecredit/fbv1-002-homecredit-catboost-full-features-s42/predictions_oot.csv,,authentication_validation.json
p14-b-022__homecredit__catboost__iv_woe__k40__vs__random_k,baseline_vs_random_k__homecredit__catboost,evaluable,homecredit,catboost,iv_woe,k40,random_k,method_a_minus_method_b,roc_auc,0.7685707064474809,0.685393258196267,0.08317744825121398,0.0786130635279982,0.0880413755664846,2000,2000,32.56176340853017,1.4271114598060322e-232,1.4271114598060322e-232,4.281334379418097e-232,True,win,120053,10688,08a815a762fc309aeba22ed42f9b772f39e1b6a8ce9c41f5eb1644b1c2f2f860,d25fae6ded74dac8a32745d73659ce5437f238609fe6b3b40ad07daf4536d472,f5045e863d8debb0b80a5f67d62dcc27f62d80660b6395d4a41b1e05b07b07be,requested_and_realized_k_matched,"{""method_a"":""budget_satisfied"",""method_b"":""budget_satisfied""}",False,evaluable,strong,results/full_baseline_v1/runs/homecredit/fbv1-010-homecredit-catboost-iv-woe-s42/predictions_oot.csv,results/full_baseline_v1/runs/homecredit/fbv1-006-homecredit-catboost-random-k-s42/predictions_oot.csv,,authentication_validation.json
p14-b-023__homecredit__catboost__mrmr_mutual_information__k40__vs__random_k,baseline_vs_random_k__homecredit__catboost,evaluable,homecredit,catboost,mrmr_mutual_information,k40,random_k,method_a_minus_method_b,roc_auc,0.759898780138256,0.685393258196267,0.074505521941989,0.0695711389977212,0.0796466523389237,2000,2000,28.12634540654617,4.666433435247515e-174,4.666433435247515e-174,9.33286687049503e-174,True,win,120053,10688,08a815a762fc309aeba22ed42f9b772f39e1b6a8ce9c41f5eb1644b1c2f2f860,d25fae6ded74dac8a32745d73659ce5437f238609fe6b3b40ad07daf4536d472,f5045e863d8debb0b80a5f67d62dcc27f62d80660b6395d4a41b1e05b07b07be,requested_and_realized_k_matched,"{""method_a"":""budget_satisfied"",""method_b"":""budget_satisfied""}",False,evaluable,strong,results/full_baseline_v1/runs/homecredit/fbv1-014-homecredit-catboost-mrmr-mutual-information-s42/predictions_oot.csv,results/full_baseline_v1/runs/homecredit/fbv1-006-homecredit-catboost-random-k-s42/predictions_oot.csv,,authentication_validation.json
p14-b-024__homecredit__catboost__lasso_l1_logistic__k40__vs__random_k,baseline_vs_random_k__homecredit__catboost,evaluable,homecredit,catboost,lasso_l1_logistic,k40,random_k,method_a_minus_method_b,roc_auc,0.7742262072686338,0.685393258196267,0.08883294907236683,0.0842355462640587,0.0936484427891918,2000,2000,34.84390926228986,5.265292633907692e-266,5.265292633907692e-266,2.6326463169538463e-265,True,win,120053,10688,08a815a762fc309aeba22ed42f9b772f39e1b6a8ce9c41f5eb1644b1c2f2f860,d25fae6ded74dac8a32745d73659ce5437f238609fe6b3b40ad07daf4536d472,f5045e863d8debb0b80a5f67d62dcc27f62d80660b6395d4a41b1e05b07b07be,requested_and_realized_k_matched,"{""method_a"":""budget_satisfied"",""method_b"":""budget_satisfied""}",False,evaluable,strong,results/full_baseline_v1/runs/homecredit/fbv1-018-homecredit-catboost-lasso-l1-logistic-s42/predictions_oot.csv,results/full_baseline_v1/runs/homecredit/fbv1-006-homecredit-catboost-random-k-s42/predictions_oot.csv,,authentication_validation.json
p14-b-025__homecredit__catboost__legacy_rf_relevance_corr__k40__vs__random_k,baseline_vs_random_k__homecredit__catboost,evaluable,homecredit,catboost,legacy_rf_relevance_corr,k40,random_k,method_a_minus_method_b,roc_auc,0.7698045497949376,0.685393258196267,0.08441129159867067,0.079775265070856,0.0892991258901411,2000,2000,33.420912729827045,6.812624640225691e-245,6.812624640225691e-245,2.7250498560902765e-244,True,win,120053,10688,08a815a762fc309aeba22ed42f9b772f39e1b6a8ce9c41f5eb1644b1c2f2f860,d25fae6ded74dac8a32745d73659ce5437f238609fe6b3b40ad07daf4536d472,f5045e863d8debb0b80a5f67d62dcc27f62d80660b6395d4a41b1e05b07b07be,requested_and_realized_k_matched,"{""method_a"":""budget_satisfied"",""method_b"":""budget_satisfied""}",False,evaluable,strong,results/full_baseline_v1/runs/homecredit/fbv1-022-homecredit-catboost-legacy-rf-relevance-corr-s42/predictions_oot.csv,results/full_baseline_v1/runs/homecredit/fbv1-006-homecredit-catboost-random-k-s42/predictions_oot.csv,,authentication_validation.json
p14-b-026__homecredit__catboost__catboost_shap__k40__vs__random_k,baseline_vs_random_k__homecredit__catboost,evaluable,homecredit,catboost,catboost_shap,k40,random_k,method_a_minus_method_b,roc_auc,0.7795351956558698,0.685393258196267,0.09414193745960286,0.0894159435530769,0.0991401132230977,2000,2000,36.328100082262786,5.82713164544046e-289,5.82713164544046e-289,3.496278987264276e-288,True,win,120053,10688,08a815a762fc309aeba22ed42f9b772f39e1b6a8ce9c41f5eb1644b1c2f2f860,d25fae6ded74dac8a32745d73659ce5437f238609fe6b3b40ad07daf4536d472,f5045e863d8debb0b80a5f67d62dcc27f62d80660b6395d4a41b1e05b07b07be,requested_and_realized_k_matched,"{""method_a"":""budget_satisfied"",""method_b"":""budget_satisfied""}",False,evaluable,strong,results/full_baseline_v1/runs/homecredit/fbv1-026-homecredit-catboost-catboost-shap-s42/predictions_oot.csv,results/full_baseline_v1/runs/homecredit/fbv1-006-homecredit-catboost-random-k-s42/predictions_oot.csv,,authentication_validation.json
p14-b-027__homecredit__catboost__boruta_random_forest__k40__vs__random_k,baseline_vs_random_k__homecredit__catboost,evaluable,homecredit,catboost,boruta_random_forest,k40,random_k,method_a_minus_method_b,roc_auc,0.7542024954343132,0.685393258196267,0.06880923723804622,0.0636509318319881,0.0738131141750581,2000,2000,24.89276379272623,8.911452626737401e-137,8.911452626737401e-137,8.911452626737401e-137,True,win,120053,10688,08a815a762fc309aeba22ed42f9b772f39e1b6a8ce9c41f5eb1644b1c2f2f860,d25fae6ded74dac8a32745d73659ce5437f238609fe6b3b40ad07daf4536d472,f5045e863d8debb0b80a5f67d62dcc27f62d80660b6395d4a41b1e05b07b07be,oot_refit_40_vs_frozen_reference_support_26_exploratory,"{""method_a"":""infeasible_natural_support"",""method_b"":""budget_satisfied""}",True,evaluable,strong,results/full_baseline_v1/runs/homecredit/fbv1-030-homecredit-catboost-boruta-random-forest-s42/predictions_oot.csv,results/full_baseline_v1/runs/homecredit/fbv1-006-homecredit-catboost-random-k-s42/predictions_oot.csv,,authentication_validation.json
p14-b-028__homecredit__catboost__rfe_catboost__k40__vs__random_k,baseline_vs_random_k__homecredit__catboost,evaluable,homecredit,catboost,rfe_catboost,k40,random_k,method_a_minus_method_b,roc_auc,0.7814255198969775,0.685393258196267,0.09603226170071055,0.0915434736026164,0.1007968047797219,2000,2000,38.962361422938564,0.0,0.0,0.0,True,win,120053,10688,08a815a762fc309aeba22ed42f9b772f39e1b6a8ce9c41f5eb1644b1c2f2f860,d25fae6ded74dac8a32745d73659ce5437f238609fe6b3b40ad07daf4536d472,f5045e863d8debb0b80a5f67d62dcc27f62d80660b6395d4a41b1e05b07b07be,requested_and_realized_k_matched,"{""method_a"":""budget_satisfied"",""method_b"":""budget_satisfied""}",False,evaluable,strong,results/full_baseline_v1/runs/homecredit/fbv1-034-homecredit-catboost-rfe-catboost-s42/predictions_oot.csv,results/full_baseline_v1/runs/homecredit/fbv1-006-homecredit-catboost-random-k-s42/predictions_oot.csv,,authentication_validation.json
p14-b-029__lendingclub_v2__lr__iv_woe__k20__vs__full_features,baseline_vs_full_features__lendingclub_v2__lr,evaluable,lendingclub_v2,lr,iv_woe,k20,full_features,method_a_minus_method_b,roc_auc,0.6821098791687364,0.7108872585675469,-0.02877737939881042,-0.0301453481422966,-0.0273358852831223,2000,2000,-38.75281249003309,0.0,0.0,0.0,True,loss,293105,68252,493bf9d2b88b385baf17081f64cea41e9f4f4ff2b1fd479f74d8be323f627c72,4aab7126f7b5566bde6417bfa61ee01da4edb700905fa39fd1fd4209da527985,e455f6dae0c55f6bd47aaeefde05ef6ad1468aa1053f9be7013b109c2b94c162,not_applicable_full_feature_reference,"{""method_a"":""budget_satisfied"",""method_b"":""full_feature_reference""}",False,evaluable,not_supported,results/full_baseline_v1/runs/lendingclub_v2/fbv1-011-lendingclub_v2-lr-iv-woe-s42/predictions_oot.csv,results/full_baseline_v1/runs/lendingclub_v2/fbv1-003-lendingclub_v2-lr-full-features-s42/predictions_oot.csv,,authentication_validation.json
p14-b-030__lendingclub_v2__lr__mrmr_mutual_information__k20__vs__full_features,baseline_vs_full_features__lendingclub_v2__lr,evaluable,lendingclub_v2,lr,mrmr_mutual_information,k20,full_features,method_a_minus_method_b,roc_auc,0.6859236290968351,0.7108872585675469,-0.024963629470711735,-0.0263529882308993,-0.0235575508813433,2000,2000,-34.52479185259723,3.40681151659993e-261,3.40681151659993e-261,1.362724606639972e-260,True,loss,293105,68252,493bf9d2b88b385baf17081f64cea41e9f4f4ff2b1fd479f74d8be323f627c72,4aab7126f7b5566bde6417bfa61ee01da4edb700905fa39fd1fd4209da527985,e455f6dae0c55f6bd47aaeefde05ef6ad1468aa1053f9be7013b109c2b94c162,not_applicable_full_feature_reference,"{""method_a"":""budget_satisfied"",""method_b"":""full_feature_reference""}",False,evaluable,not_supported,results/full_baseline_v1/runs/lendingclub_v2/fbv1-015-lendingclub_v2-lr-mrmr-mutual-information-s42/predictions_oot.csv,results/full_baseline_v1/runs/lendingclub_v2/fbv1-003-lendingclub_v2-lr-full-features-s42/predictions_oot.csv,,authentication_validation.json
p14-b-031__lendingclub_v2__lr__lasso_l1_logistic__k20__vs__full_features,baseline_vs_full_features__lendingclub_v2__lr,evaluable,lendingclub_v2,lr,lasso_l1_logistic,k20,full_features,method_a_minus_method_b,roc_auc,0.6811035325109065,0.7108872585675469,-0.02978372605664037,-0.0312662690741394,-0.0282288277003122,2000,2000,-37.55562370799455,1.1404812866230145e-308,1.1404812866230145e-308,5.702406433115072e-308,True,loss,293105,68252,493bf9d2b88b385baf17081f64cea41e9f4f4ff2b1fd479f74d8be323f627c72,4aab7126f7b5566bde6417bfa61ee01da4edb700905fa39fd1fd4209da527985,e455f6dae0c55f6bd47aaeefde05ef6ad1468aa1053f9be7013b109c2b94c162,not_applicable_full_feature_reference,"{""method_a"":""budget_satisfied"",""method_b"":""full_feature_reference""}",False,evaluable,not_supported,results/full_baseline_v1/runs/lendingclub_v2/fbv1-019-lendingclub_v2-lr-lasso-l1-logistic-s42/predictions_oot.csv,results/full_baseline_v1/runs/lendingclub_v2/fbv1-003-lendingclub_v2-lr-full-features-s42/predictions_oot.csv,,authentication_validation.json
p14-b-032__lendingclub_v2__lr__legacy_rf_relevance_corr__k20__vs__full_features,baseline_vs_full_features__lendingclub_v2__lr,evaluable,lendingclub_v2,lr,legacy_rf_relevance_corr,k20,full_features,method_a_minus_method_b,roc_auc,0.6915457285238555,0.7108872585675469,-0.019341530043691324,-0.0206197746663669,-0.0180001374340439,2000,2000,-29.36987291022112,1.332355548443071e-189,1.332355548443071e-189,3.997066645329213e-189,True,loss,293105,68252,493bf9d2b88b385baf17081f64cea41e9f4f4ff2b1fd479f74d8be323f627c72,4aab7126f7b5566bde6417bfa61ee01da4edb700905fa39fd1fd4209da527985,e455f6dae0c55f6bd47aaeefde05ef6ad1468aa1053f9be7013b109c2b94c162,not_applicable_full_feature_reference,"{""method_a"":""budget_satisfied"",""method_b"":""full_feature_reference""}",False,evaluable,not_supported,results/full_baseline_v1/runs/lendingclub_v2/fbv1-023-lendingclub_v2-lr-legacy-rf-relevance-corr-s42/predictions_oot.csv,results/full_baseline_v1/runs/lendingclub_v2/fbv1-003-lendingclub_v2-lr-full-features-s42/predictions_oot.csv,,authentication_validation.json
p14-b-033__lendingclub_v2__lr__catboost_shap__k20__vs__full_features,baseline_vs_full_features__lendingclub_v2__lr,evaluable,lendingclub_v2,lr,catboost_shap,k20,full_features,method_a_minus_method_b,roc_auc,0.6965421682537228,0.7108872585675469,-0.014345090313824027,-0.0154988190819836,-0.0131237408415745,2000,2000,-23.74932940126518,1.116408924446588e-124,1.116408924446588e-124,2.232817848893176e-124,True,loss,293105,68252,493bf9d2b88b385baf17081f64cea41e9f4f4ff2b1fd479f74d8be323f627c72,4aab7126f7b5566bde6417bfa61ee01da4edb700905fa39fd1fd4209da527985,e455f6dae0c55f6bd47aaeefde05ef6ad1468aa1053f9be7013b109c2b94c162,not_applicable_full_feature_reference,"{""method_a"":""budget_satisfied"",""method_b"":""full_feature_reference""}",False,evaluable,not_supported,results/full_baseline_v1/runs/lendingclub_v2/fbv1-027-lendingclub_v2-lr-catboost-shap-s42/predictions_oot.csv,results/full_baseline_v1/runs/lendingclub_v2/fbv1-003-lendingclub_v2-lr-full-features-s42/predictions_oot.csv,,authentication_validation.json
p14-b-034__lendingclub_v2__lr__boruta_random_forest__k20__vs__full_features,baseline_vs_full_features__lendingclub_v2__lr,evaluable,lendingclub_v2,lr,boruta_random_forest,k20,full_features,method_a_minus_method_b,roc_auc,0.6557476745180499,0.7108872585675469,-0.055139584049496926,-0.0571599725116235,-0.0528811319765242,2000,2000,-52.354365644428036,0.0,0.0,0.0,True,loss,293105,68252,493bf9d2b88b385baf17081f64cea41e9f4f4ff2b1fd479f74d8be323f627c72,4aab7126f7b5566bde6417bfa61ee01da4edb700905fa39fd1fd4209da527985,e455f6dae0c55f6bd47aaeefde05ef6ad1468aa1053f9be7013b109c2b94c162,not_applicable_full_feature_reference,"{""method_a"":""budget_satisfied"",""method_b"":""full_feature_reference""}",False,evaluable,not_supported,results/full_baseline_v1/runs/lendingclub_v2/fbv1-031-lendingclub_v2-lr-boruta-random-forest-s42/predictions_oot.csv,results/full_baseline_v1/runs/lendingclub_v2/fbv1-003-lendingclub_v2-lr-full-features-s42/predictions_oot.csv,,authentication_validation.json
p14-b-035__lendingclub_v2__lr__rfe_catboost__k20__vs__full_features,baseline_vs_full_features__lendingclub_v2__lr,evaluable,lendingclub_v2,lr,rfe_catboost,k20,full_features,method_a_minus_method_b,roc_auc,0.6988805926231895,0.7108872585675469,-0.012006665944357398,-0.0131464183976196,-0.0108416543386607,2000,2000,-20.25106483730991,3.476435555152627e-91,3.476435555152627e-91,3.476435555152627e-91,True,loss,293105,68252,493bf9d2b88b385baf17081f64cea41e9f4f4ff2b1fd479f74d8be323f627c72,4aab7126f7b5566bde6417bfa61ee01da4edb700905fa39fd1fd4209da527985,e455f6dae0c55f6bd47aaeefde05ef6ad1468aa1053f9be7013b109c2b94c162,not_applicable_full_feature_reference,"{""method_a"":""budget_satisfied"",""method_b"":""full_feature_reference""}",False,evaluable,not_supported,results/full_baseline_v1/runs/lendingclub_v2/fbv1-035-lendingclub_v2-lr-rfe-catboost-s42/predictions_oot.csv,results/full_baseline_v1/runs/lendingclub_v2/fbv1-003-lendingclub_v2-lr-full-features-s42/predictions_oot.csv,,authentication_validation.json
p14-b-036__lendingclub_v2__lr__iv_woe__k20__vs__random_k,baseline_vs_random_k__lendingclub_v2__lr,evaluable,lendingclub_v2,lr,iv_woe,k20,random_k,method_a_minus_method_b,roc_auc,0.6821098791687364,0.6038217755404582,0.0782881036282782,0.0755848127528753,0.0809821170673875,2000,2000,56.411292941219216,0.0,0.0,0.0,True,win,293105,68252,493bf9d2b88b385baf17081f64cea41e9f4f4ff2b1fd479f74d8be323f627c72,4aab7126f7b5566bde6417bfa61ee01da4edb700905fa39fd1fd4209da527985,e455f6dae0c55f6bd47aaeefde05ef6ad1468aa1053f9be7013b109c2b94c162,requested_and_realized_k_matched,"{""method_a"":""budget_satisfied"",""method_b"":""budget_satisfied""}",False,evaluable,strong,results/full_baseline_v1/runs/lendingclub_v2/fbv1-011-lendingclub_v2-lr-iv-woe-s42/predictions_oot.csv,results/full_baseline_v1/runs/lendingclub_v2/fbv1-007-lendingclub_v2-lr-random-k-s42/predictions_oot.csv,,authentication_validation.json
p14-b-037__lendingclub_v2__lr__mrmr_mutual_information__k20__vs__random_k,baseline_vs_random_k__lendingclub_v2__lr,evaluable,lendingclub_v2,lr,mrmr_mutual_information,k20,random_k,method_a_minus_method_b,roc_auc,0.6859236290968351,0.6038217755404582,0.08210185355637689,0.0793995942803791,0.0846171224946207,2000,2000,60.05486988158339,0.0,0.0,0.0,True,win,293105,68252,493bf9d2b88b385baf17081f64cea41e9f4f4ff2b1fd479f74d8be323f627c72,4aab7126f7b5566bde6417bfa61ee01da4edb700905fa39fd1fd4209da527985,e455f6dae0c55f6bd47aaeefde05ef6ad1468aa1053f9be7013b109c2b94c162,requested_and_realized_k_matched,"{""method_a"":""budget_satisfied"",""method_b"":""budget_satisfied""}",False,evaluable,strong,results/full_baseline_v1/runs/lendingclub_v2/fbv1-015-lendingclub_v2-lr-mrmr-mutual-information-s42/predictions_oot.csv,results/full_baseline_v1/runs/lendingclub_v2/fbv1-007-lendingclub_v2-lr-random-k-s42/predictions_oot.csv,,authentication_validation.json
p14-b-038__lendingclub_v2__lr__lasso_l1_logistic__k20__vs__random_k,baseline_vs_random_k__lendingclub_v2__lr,evaluable,lendingclub_v2,lr,lasso_l1_logistic,k20,random_k,method_a_minus_method_b,roc_auc,0.6811035325109065,0.6038217755404582,0.07728175697044826,0.0744755914493958,0.0800761925992368,2000,2000,54.337637175286496,0.0,0.0,0.0,True,win,293105,68252,493bf9d2b88b385baf17081f64cea41e9f4f4ff2b1fd479f74d8be323f627c72,4aab7126f7b5566bde6417bfa61ee01da4edb700905fa39fd1fd4209da527985,e455f6dae0c55f6bd47aaeefde05ef6ad1468aa1053f9be7013b109c2b94c162,requested_and_realized_k_matched,"{""method_a"":""budget_satisfied"",""method_b"":""budget_satisfied""}",False,evaluable,strong,results/full_baseline_v1/runs/lendingclub_v2/fbv1-019-lendingclub_v2-lr-lasso-l1-logistic-s42/predictions_oot.csv,results/full_baseline_v1/runs/lendingclub_v2/fbv1-007-lendingclub_v2-lr-random-k-s42/predictions_oot.csv,,authentication_validation.json
p14-b-039__lendingclub_v2__lr__legacy_rf_relevance_corr__k20__vs__random_k,baseline_vs_random_k__lendingclub_v2__lr,evaluable,lendingclub_v2,lr,legacy_rf_relevance_corr,k20,random_k,method_a_minus_method_b,roc_auc,0.6915457285238555,0.6038217755404582,0.0877239529833973,0.0851277534233081,0.0902835814372578,2000,2000,65.20526936402794,0.0,0.0,0.0,True,win,293105,68252,493bf9d2b88b385baf17081f64cea41e9f4f4ff2b1fd479f74d8be323f627c72,4aab7126f7b5566bde6417bfa61ee01da4edb700905fa39fd1fd4209da527985,e455f6dae0c55f6bd47aaeefde05ef6ad1468aa1053f9be7013b109c2b94c162,requested_and_realized_k_matched,"{""method_a"":""budget_satisfied"",""method_b"":""budget_satisfied""}",False,evaluable,strong,results/full_baseline_v1/runs/lendingclub_v2/fbv1-023-lendingclub_v2-lr-legacy-rf-relevance-corr-s42/predictions_oot.csv,results/full_baseline_v1/runs/lendingclub_v2/fbv1-007-lendingclub_v2-lr-random-k-s42/predictions_oot.csv,,authentication_validation.json
p14-b-040__lendingclub_v2__lr__catboost_shap__k20__vs__random_k,baseline_vs_random_k__lendingclub_v2__lr,evaluable,lendingclub_v2,lr,catboost_shap,k20,random_k,method_a_minus_method_b,roc_auc,0.6965421682537228,0.6038217755404582,0.0927203927132646,0.0900488343128281,0.0954102826609225,2000,2000,68.15985772443928,0.0,0.0,0.0,True,win,293105,68252,493bf9d2b88b385baf17081f64cea41e9f4f4ff2b1fd479f74d8be323f627c72,4aab7126f7b5566bde6417bfa61ee01da4edb700905fa39fd1fd4209da527985,e455f6dae0c55f6bd47aaeefde05ef6ad1468aa1053f9be7013b109c2b94c162,requested_and_realized_k_matched,"{""method_a"":""budget_satisfied"",""method_b"":""budget_satisfied""}",False,evaluable,strong,results/full_baseline_v1/runs/lendingclub_v2/fbv1-027-lendingclub_v2-lr-catboost-shap-s42/predictions_oot.csv,results/full_baseline_v1/runs/lendingclub_v2/fbv1-007-lendingclub_v2-lr-random-k-s42/predictions_oot.csv,,authentication_validation.json
p14-b-041__lendingclub_v2__lr__boruta_random_forest__k20__vs__random_k,baseline_vs_random_k__lendingclub_v2__lr,evaluable,lendingclub_v2,lr,boruta_random_forest,k20,random_k,method_a_minus_method_b,roc_auc,0.6557476745180499,0.6038217755404582,0.0519258989775917,0.0496643453337608,0.0542429628994811,2000,2000,43.82283207918573,0.0,0.0,0.0,True,win,293105,68252,493bf9d2b88b385baf17081f64cea41e9f4f4ff2b1fd479f74d8be323f627c72,4aab7126f7b5566bde6417bfa61ee01da4edb700905fa39fd1fd4209da527985,e455f6dae0c55f6bd47aaeefde05ef6ad1468aa1053f9be7013b109c2b94c162,requested_and_realized_k_matched,"{""method_a"":""budget_satisfied"",""method_b"":""budget_satisfied""}",False,evaluable,strong,results/full_baseline_v1/runs/lendingclub_v2/fbv1-031-lendingclub_v2-lr-boruta-random-forest-s42/predictions_oot.csv,results/full_baseline_v1/runs/lendingclub_v2/fbv1-007-lendingclub_v2-lr-random-k-s42/predictions_oot.csv,,authentication_validation.json
p14-b-042__lendingclub_v2__lr__rfe_catboost__k20__vs__random_k,baseline_vs_random_k__lendingclub_v2__lr,evaluable,lendingclub_v2,lr,rfe_catboost,k20,random_k,method_a_minus_method_b,roc_auc,0.6988805926231895,0.6038217755404582,0.09505881708273123,0.0924739374358193,0.097648481699416,2000,2000,71.26694039638494,0.0,0.0,0.0,True,win,293105,68252,493bf9d2b88b385baf17081f64cea41e9f4f4ff2b1fd479f74d8be323f627c72,4aab7126f7b5566bde6417bfa61ee01da4edb700905fa39fd1fd4209da527985,e455f6dae0c55f6bd47aaeefde05ef6ad1468aa1053f9be7013b109c2b94c162,requested_and_realized_k_matched,"{""method_a"":""budget_satisfied"",""method_b"":""budget_satisfied""}",False,evaluable,strong,results/full_baseline_v1/runs/lendingclub_v2/fbv1-035-lendingclub_v2-lr-rfe-catboost-s42/predictions_oot.csv,results/full_baseline_v1/runs/lendingclub_v2/fbv1-007-lendingclub_v2-lr-random-k-s42/predictions_oot.csv,,authentication_validation.json
p14-b-043__lendingclub_v2__catboost__iv_woe__k40__vs__full_features,baseline_vs_full_features__lendingclub_v2__catboost,evaluable,lendingclub_v2,catboost,iv_woe,k40,full_features,method_a_minus_method_b,roc_auc,0.7026727974821896,0.7229733440369056,-0.020300546554716026,-0.0211619891899738,-0.0194308955964157,2000,2000,-44.52374441442988,0.0,0.0,0.0,True,loss,293105,68252,493bf9d2b88b385baf17081f64cea41e9f4f4ff2b1fd479f74d8be323f627c72,4aab7126f7b5566bde6417bfa61ee01da4edb700905fa39fd1fd4209da527985,e455f6dae0c55f6bd47aaeefde05ef6ad1468aa1053f9be7013b109c2b94c162,not_applicable_full_feature_reference,"{""method_a"":""budget_satisfied"",""method_b"":""full_feature_reference""}",False,evaluable,not_supported,results/full_baseline_v1/runs/lendingclub_v2/fbv1-012-lendingclub_v2-catboost-iv-woe-s42/predictions_oot.csv,results/full_baseline_v1/runs/lendingclub_v2/fbv1-004-lendingclub_v2-catboost-full-features-s42/predictions_oot.csv,,authentication_validation.json
p14-b-044__lendingclub_v2__catboost__mrmr_mutual_information__k40__vs__full_features,baseline_vs_full_features__lendingclub_v2__catboost,evaluable,lendingclub_v2,catboost,mrmr_mutual_information,k40,full_features,method_a_minus_method_b,roc_auc,0.7020237291842616,0.7229733440369056,-0.020949614852644016,-0.0219528252415279,-0.0199014673284214,2000,2000,-40.7744873729928,0.0,0.0,0.0,True,loss,293105,68252,493bf9d2b88b385baf17081f64cea41e9f4f4ff2b1fd479f74d8be323f627c72,4aab7126f7b5566bde6417bfa61ee01da4edb700905fa39fd1fd4209da527985,e455f6dae0c55f6bd47aaeefde05ef6ad1468aa1053f9be7013b109c2b94c162,not_applicable_full_feature_reference,"{""method_a"":""budget_satisfied"",""method_b"":""full_feature_reference""}",False,evaluable,not_supported,results/full_baseline_v1/runs/lendingclub_v2/fbv1-016-lendingclub_v2-catboost-mrmr-mutual-information-s42/predictions_oot.csv,results/full_baseline_v1/runs/lendingclub_v2/fbv1-004-lendingclub_v2-catboost-full-features-s42/predictions_oot.csv,,authentication_validation.json
p14-b-045__lendingclub_v2__catboost__lasso_l1_logistic__k40__vs__full_features,baseline_vs_full_features__lendingclub_v2__catboost,evaluable,lendingclub_v2,catboost,lasso_l1_logistic,k40,full_features,method_a_minus_method_b,roc_auc,0.7096269175074682,0.7229733440369056,-0.013346426529437405,-0.0141392960208969,-0.0125662987949056,2000,2000,-33.549373388897315,9.194399559981929e-247,9.194399559981929e-247,2.7583198679945783e-246,True,loss,293105,68252,493bf9d2b88b385baf17081f64cea41e9f4f4ff2b1fd479f74d8be323f627c72,4aab7126f7b5566bde6417bfa61ee01da4edb700905fa39fd1fd4209da527985,e455f6dae0c55f6bd47aaeefde05ef6ad1468aa1053f9be7013b109c2b94c162,not_applicable_full_feature_reference,"{""method_a"":""budget_satisfied"",""method_b"":""full_feature_reference""}",False,evaluable,not_supported,results/full_baseline_v1/runs/lendingclub_v2/fbv1-020-lendingclub_v2-catboost-lasso-l1-logistic-s42/predictions_oot.csv,results/full_baseline_v1/runs/lendingclub_v2/fbv1-004-lendingclub_v2-catboost-full-features-s42/predictions_oot.csv,,authentication_validation.json
p14-b-046__lendingclub_v2__catboost__legacy_rf_relevance_corr__k40__vs__full_features,baseline_vs_full_features__lendingclub_v2__catboost,evaluable,lendingclub_v2,catboost,legacy_rf_relevance_corr,k40,full_features,method_a_minus_method_b,roc_auc,0.7071937974621152,0.7229733440369056,-0.015779546574790415,-0.0165391003810612,-0.015024366692199,2000,2000,-40.820482284833005,0.0,0.0,0.0,True,loss,293105,68252,493bf9d2b88b385baf17081f64cea41e9f4f4ff2b1fd479f74d8be323f627c72,4aab7126f7b5566bde6417bfa61ee01da4edb700905fa39fd1fd4209da527985,e455f6dae0c55f6bd47aaeefde05ef6ad1468aa1053f9be7013b109c2b94c162,not_applicable_full_feature_reference,"{""method_a"":""budget_satisfied"",""method_b"":""full_feature_reference""}",False,evaluable,not_supported,results/full_baseline_v1/runs/lendingclub_v2/fbv1-024-lendingclub_v2-catboost-legacy-rf-relevance-corr-s42/predictions_oot.csv,results/full_baseline_v1/runs/lendingclub_v2/fbv1-004-lendingclub_v2-catboost-full-features-s42/predictions_oot.csv,,authentication_validation.json
p14-b-047__lendingclub_v2__catboost__catboost_shap__k40__vs__full_features,baseline_vs_full_features__lendingclub_v2__catboost,evaluable,lendingclub_v2,catboost,catboost_shap,k40,full_features,method_a_minus_method_b,roc_auc,0.7151490967691265,0.7229733440369056,-0.007824247267779083,-0.0083803344298624,-0.0072183402847411,2000,2000,-25.8441301532384,2.8323606120920995e-147,2.8323606120920995e-147,5.664721224184199e-147,True,loss,293105,68252,493bf9d2b88b385baf17081f64cea41e9f4f4ff2b1fd479f74d8be323f627c72,4aab7126f7b5566bde6417bfa61ee01da4edb700905fa39fd1fd4209da527985,e455f6dae0c55f6bd47aaeefde05ef6ad1468aa1053f9be7013b109c2b94c162,not_applicable_full_feature_reference,"{""method_a"":""budget_satisfied"",""method_b"":""full_feature_reference""}",False,evaluable,not_supported,results/full_baseline_v1/runs/lendingclub_v2/fbv1-028-lendingclub_v2-catboost-catboost-shap-s42/predictions_oot.csv,results/full_baseline_v1/runs/lendingclub_v2/fbv1-004-lendingclub_v2-catboost-full-features-s42/predictions_oot.csv,,authentication_validation.json
p14-b-048__lendingclub_v2__catboost__boruta_random_forest__k40__vs__full_features,baseline_vs_full_features__lendingclub_v2__catboost,evaluable,lendingclub_v2,catboost,boruta_random_forest,k40,full_features,method_a_minus_method_b,roc_auc,0.6857472026449051,0.7229733440369056,-0.037226141392000534,-0.0387933817604765,-0.0356752070999981,2000,2000,-47.30199733194712,0.0,0.0,0.0,True,loss,293105,68252,493bf9d2b88b385baf17081f64cea41e9f4f4ff2b1fd479f74d8be323f627c72,4aab7126f7b5566bde6417bfa61ee01da4edb700905fa39fd1fd4209da527985,e455f6dae0c55f6bd47aaeefde05ef6ad1468aa1053f9be7013b109c2b94c162,not_applicable_full_feature_reference,"{""method_a"":""budget_satisfied"",""method_b"":""full_feature_reference""}",False,evaluable,not_supported,results/full_baseline_v1/runs/lendingclub_v2/fbv1-032-lendingclub_v2-catboost-boruta-random-forest-s42/predictions_oot.csv,results/full_baseline_v1/runs/lendingclub_v2/fbv1-004-lendingclub_v2-catboost-full-features-s42/predictions_oot.csv,,authentication_validation.json
p14-b-049__lendingclub_v2__catboost__rfe_catboost__k40__vs__full_features,baseline_vs_full_features__lendingclub_v2__catboost,evaluable,lendingclub_v2,catboost,rfe_catboost,k40,full_features,method_a_minus_method_b,roc_auc,0.7189617673749171,0.7229733440369056,-0.004011576661988481,-0.0044993908529437,-0.0035200664225583,2000,2000,-15.940496961099688,3.317053656616331e-57,3.317053656616331e-57,3.317053656616331e-57,True,loss,293105,68252,493bf9d2b88b385baf17081f64cea41e9f4f4ff2b1fd479f74d8be323f627c72,4aab7126f7b5566bde6417bfa61ee01da4edb700905fa39fd1fd4209da527985,e455f6dae0c55f6bd47aaeefde05ef6ad1468aa1053f9be7013b109c2b94c162,not_applicable_full_feature_reference,"{""method_a"":""budget_satisfied"",""method_b"":""full_feature_reference""}",False,evaluable,not_supported,results/full_baseline_v1/runs/lendingclub_v2/fbv1-036-lendingclub_v2-catboost-rfe-catboost-s42/predictions_oot.csv,results/full_baseline_v1/runs/lendingclub_v2/fbv1-004-lendingclub_v2-catboost-full-features-s42/predictions_oot.csv,,authentication_validation.json
p14-b-050__lendingclub_v2__catboost__iv_woe__k40__vs__random_k,baseline_vs_random_k__lendingclub_v2__catboost,evaluable,lendingclub_v2,catboost,iv_woe,k40,random_k,method_a_minus_method_b,roc_auc,0.7026727974821896,0.6718457995837933,0.03082699789839627,0.0289412443593397,0.0327603870235444,2000,2000,33.11493335306444,1.8118189705723013e-240,1.8118189705723013e-240,5.435456911716904e-240,True,win,293105,68252,493bf9d2b88b385baf17081f64cea41e9f4f4ff2b1fd479f74d8be323f627c72,4aab7126f7b5566bde6417bfa61ee01da4edb700905fa39fd1fd4209da527985,e455f6dae0c55f6bd47aaeefde05ef6ad1468aa1053f9be7013b109c2b94c162,requested_and_realized_k_matched,"{""method_a"":""budget_satisfied"",""method_b"":""budget_satisfied""}",False,evaluable,strong,results/full_baseline_v1/runs/lendingclub_v2/fbv1-012-lendingclub_v2-catboost-iv-woe-s42/predictions_oot.csv,results/full_baseline_v1/runs/lendingclub_v2/fbv1-008-lendingclub_v2-catboost-random-k-s42/predictions_oot.csv,,authentication_validation.json
p14-b-051__lendingclub_v2__catboost__mrmr_mutual_information__k40__vs__random_k,baseline_vs_random_k__lendingclub_v2__catboost,evaluable,lendingclub_v2,catboost,mrmr_mutual_information,k40,random_k,method_a_minus_method_b,roc_auc,0.7020237291842616,0.6718457995837933,0.03017792960046828,0.0283061749056308,0.0320105121332509,2000,2000,32.605044868931074,3.4786851165218317e-233,3.4786851165218317e-233,6.957370233043663e-233,True,win,293105,68252,493bf9d2b88b385baf17081f64cea41e9f4f4ff2b1fd479f74d8be323f627c72,4aab7126f7b5566bde6417bfa61ee01da4edb700905fa39fd1fd4209da527985,e455f6dae0c55f6bd47aaeefde05ef6ad1468aa1053f9be7013b109c2b94c162,requested_and_realized_k_matched,"{""method_a"":""budget_satisfied"",""method_b"":""budget_satisfied""}",False,evaluable,strong,results/full_baseline_v1/runs/lendingclub_v2/fbv1-016-lendingclub_v2-catboost-mrmr-mutual-information-s42/predictions_oot.csv,results/full_baseline_v1/runs/lendingclub_v2/fbv1-008-lendingclub_v2-catboost-random-k-s42/predictions_oot.csv,,authentication_validation.json
p14-b-052__lendingclub_v2__catboost__lasso_l1_logistic__k40__vs__random_k,baseline_vs_random_k__lendingclub_v2__catboost,evaluable,lendingclub_v2,catboost,lasso_l1_logistic,k40,random_k,method_a_minus_method_b,roc_auc,0.7096269175074682,0.6718457995837933,0.03778111792367489,0.0358576127525107,0.0396861918891699,2000,2000,40.4812573371614,0.0,0.0,0.0,True,win,293105,68252,493bf9d2b88b385baf17081f64cea41e9f4f4ff2b1fd479f74d8be323f627c72,4aab7126f7b5566bde6417bfa61ee01da4edb700905fa39fd1fd4209da527985,e455f6dae0c55f6bd47aaeefde05ef6ad1468aa1053f9be7013b109c2b94c162,requested_and_realized_k_matched,"{""method_a"":""budget_satisfied"",""method_b"":""budget_satisfied""}",False,evaluable,strong,results/full_baseline_v1/runs/lendingclub_v2/fbv1-020-lendingclub_v2-catboost-lasso-l1-logistic-s42/predictions_oot.csv,results/full_baseline_v1/runs/lendingclub_v2/fbv1-008-lendingclub_v2-catboost-random-k-s42/predictions_oot.csv,,authentication_validation.json
p14-b-053__lendingclub_v2__catboost__legacy_rf_relevance_corr__k40__vs__random_k,baseline_vs_random_k__lendingclub_v2__catboost,evaluable,lendingclub_v2,catboost,legacy_rf_relevance_corr,k40,random_k,method_a_minus_method_b,roc_auc,0.7071937974621152,0.6718457995837933,0.03534799787832188,0.0334930022931813,0.0372520507344747,2000,2000,38.50553975203939,0.0,0.0,0.0,True,win,293105,68252,493bf9d2b88b385baf17081f64cea41e9f4f4ff2b1fd479f74d8be323f627c72,4aab7126f7b5566bde6417bfa61ee01da4edb700905fa39fd1fd4209da527985,e455f6dae0c55f6bd47aaeefde05ef6ad1468aa1053f9be7013b109c2b94c162,requested_and_realized_k_matched,"{""method_a"":""budget_satisfied"",""method_b"":""budget_satisfied""}",False,evaluable,strong,results/full_baseline_v1/runs/lendingclub_v2/fbv1-024-lendingclub_v2-catboost-legacy-rf-relevance-corr-s42/predictions_oot.csv,results/full_baseline_v1/runs/lendingclub_v2/fbv1-008-lendingclub_v2-catboost-random-k-s42/predictions_oot.csv,,authentication_validation.json
p14-b-054__lendingclub_v2__catboost__catboost_shap__k40__vs__random_k,baseline_vs_random_k__lendingclub_v2__catboost,evaluable,lendingclub_v2,catboost,catboost_shap,k40,random_k,method_a_minus_method_b,roc_auc,0.7151490967691265,0.6718457995837933,0.04330329718533321,0.0414337326908236,0.0451240724083906,2000,2000,47.1828583957146,0.0,0.0,0.0,True,win,293105,68252,493bf9d2b88b385baf17081f64cea41e9f4f4ff2b1fd479f74d8be323f627c72,4aab7126f7b5566bde6417bfa61ee01da4edb700905fa39fd1fd4209da527985,e455f6dae0c55f6bd47aaeefde05ef6ad1468aa1053f9be7013b109c2b94c162,requested_and_realized_k_matched,"{""method_a"":""budget_satisfied"",""method_b"":""budget_satisfied""}",False,evaluable,strong,results/full_baseline_v1/runs/lendingclub_v2/fbv1-028-lendingclub_v2-catboost-catboost-shap-s42/predictions_oot.csv,results/full_baseline_v1/runs/lendingclub_v2/fbv1-008-lendingclub_v2-catboost-random-k-s42/predictions_oot.csv,,authentication_validation.json
p14-b-055__lendingclub_v2__catboost__boruta_random_forest__k40__vs__random_k,baseline_vs_random_k__lendingclub_v2__catboost,evaluable,lendingclub_v2,catboost,boruta_random_forest,k40,random_k,method_a_minus_method_b,roc_auc,0.6857472026449051,0.6718457995837933,0.013901403061111761,0.0122956205745525,0.0155112847064771,2000,2000,17.47398212252934,2.261453339321954e-68,2.261453339321954e-68,2.261453339321954e-68,True,win,293105,68252,493bf9d2b88b385baf17081f64cea41e9f4f4ff2b1fd479f74d8be323f627c72,4aab7126f7b5566bde6417bfa61ee01da4edb700905fa39fd1fd4209da527985,e455f6dae0c55f6bd47aaeefde05ef6ad1468aa1053f9be7013b109c2b94c162,requested_and_realized_k_matched,"{""method_a"":""budget_satisfied"",""method_b"":""budget_satisfied""}",False,evaluable,strong,results/full_baseline_v1/runs/lendingclub_v2/fbv1-032-lendingclub_v2-catboost-boruta-random-forest-s42/predictions_oot.csv,results/full_baseline_v1/runs/lendingclub_v2/fbv1-008-lendingclub_v2-catboost-random-k-s42/predictions_oot.csv,,authentication_validation.json
p14-b-056__lendingclub_v2__catboost__rfe_catboost__k40__vs__random_k,baseline_vs_random_k__lendingclub_v2__catboost,evaluable,lendingclub_v2,catboost,rfe_catboost,k40,random_k,method_a_minus_method_b,roc_auc,0.7189617673749171,0.6718457995837933,0.047115967791123814,0.0453298639336159,0.0489557301858477,2000,2000,51.300064264574736,0.0,0.0,0.0,True,win,293105,68252,493bf9d2b88b385baf17081f64cea41e9f4f4ff2b1fd479f74d8be323f627c72,4aab7126f7b5566bde6417bfa61ee01da4edb700905fa39fd1fd4209da527985,e455f6dae0c55f6bd47aaeefde05ef6ad1468aa1053f9be7013b109c2b94c162,requested_and_realized_k_matched,"{""method_a"":""budget_satisfied"",""method_b"":""budget_satisfied""}",False,evaluable,strong,results/full_baseline_v1/runs/lendingclub_v2/fbv1-036-lendingclub_v2-catboost-rfe-catboost-s42/predictions_oot.csv,results/full_baseline_v1/runs/lendingclub_v2/fbv1-008-lendingclub_v2-catboost-random-k-s42/predictions_oot.csv,,authentication_validation.json
p14-c-001__homecredit__lr__statistical_normalized_average_rank__k20__vs__iv_woe,combination_vs_iv_woe__homecredit__lr,evaluable,homecredit,lr,statistical_normalized_average_rank,k20,iv_woe,method_a_minus_method_b,roc_auc,0.7497139113967922,0.7381468221833661,0.011567089213426085,0.009389457823141222,0.013723883754230655,2000,2000,10.076285983586844,7.033460723560071e-24,7.033460723560071e-24,7.033460723560071e-24,True,win,120053,10688,08a815a762fc309aeba22ed42f9b772f39e1b6a8ce9c41f5eb1644b1c2f2f860,d25fae6ded74dac8a32745d73659ce5437f238609fe6b3b40ad07daf4536d472,f5045e863d8debb0b80a5f67d62dcc27f62d80660b6395d4a41b1e05b07b07be,requested_and_realized_k_matched,"{""method_a"":""budget_satisfied"",""method_b"":""budget_satisfied""}",False,evaluable,strong,results/selector_combinations_v1/oot/evaluations/scv1-oot-001-homecredit-statistical-normalized-average-rank-lr-full-dev-k20-s42.oot_predictions.csv,results/full_baseline_v1/runs/homecredit/fbv1-009-homecredit-lr-iv-woe-s42/predictions_oot.csv,,authentication_validation.json
p14-c-002__homecredit__lr__statistical_normalized_average_rank__k20__vs__lasso_l1_logistic,combination_vs_lasso_l1_logistic__homecredit__lr,evaluable,homecredit,lr,statistical_normalized_average_rank,k20,lasso_l1_logistic,method_a_minus_method_b,roc_auc,0.7497139113967922,0.7453493532411244,0.00436455815566783,0.0023378543583180036,0.006417007292334848,2000,2000,4.074164398140049,4.617985291459867e-05,4.617985291459867e-05,4.617985291459867e-05,True,win,120053,10688,08a815a762fc309aeba22ed42f9b772f39e1b6a8ce9c41f5eb1644b1c2f2f860,d25fae6ded74dac8a32745d73659ce5437f238609fe6b3b40ad07daf4536d472,f5045e863d8debb0b80a5f67d62dcc27f62d80660b6395d4a41b1e05b07b07be,requested_and_realized_k_matched,"{""method_a"":""budget_satisfied"",""method_b"":""budget_satisfied""}",False,evaluable,strong,results/selector_combinations_v1/oot/evaluations/scv1-oot-001-homecredit-statistical-normalized-average-rank-lr-full-dev-k20-s42.oot_predictions.csv,results/full_baseline_v1/runs/homecredit/fbv1-017-homecredit-lr-lasso-l1-logistic-s42/predictions_oot.csv,,authentication_validation.json
p14-c-003__homecredit__lr__statistical_normalized_average_rank__k20__vs__rfe_catboost,combination_vs_rfe_catboost__homecredit__lr,evaluable,homecredit,lr,statistical_normalized_average_rank,k20,rfe_catboost,method_a_minus_method_b,roc_auc,0.7497139113967922,0.7465460931107201,0.003167818286072155,0.0014557399824545348,0.005056040303325601,2000,2000,3.3903625256437078,0.0006980025298813094,0.0006980025298813094,0.0013960050597626188,True,win,120053,10688,08a815a762fc309aeba22ed42f9b772f39e1b6a8ce9c41f5eb1644b1c2f2f860,d25fae6ded74dac8a32745d73659ce5437f238609fe6b3b40ad07daf4536d472,f5045e863d8debb0b80a5f67d62dcc27f62d80660b6395d4a41b1e05b07b07be,requested_and_realized_k_matched,"{""method_a"":""budget_satisfied"",""method_b"":""budget_satisfied""}",False,evaluable,strong,results/selector_combinations_v1/oot/evaluations/scv1-oot-001-homecredit-statistical-normalized-average-rank-lr-full-dev-k20-s42.oot_predictions.csv,results/full_baseline_v1/runs/homecredit/fbv1-033-homecredit-lr-rfe-catboost-s42/predictions_oot.csv,,authentication_validation.json
p14-c-004__homecredit__lr__statistical_normalized_average_rank__k20__vs__boruta_random_forest,combination_vs_boruta_random_forest__homecredit__lr,evaluable,homecredit,lr,statistical_normalized_average_rank,k20,boruta_random_forest,method_a_minus_method_b,roc_auc,0.7497139113967922,0.7397382371452405,0.00997567425155177,0.007763162020322231,0.012225854982361376,2000,2000,8.912902761076683,4.971357904112729e-19,4.971357904112729e-19,1.4914073712338188e-18,True,win,120053,10688,08a815a762fc309aeba22ed42f9b772f39e1b6a8ce9c41f5eb1644b1c2f2f860,d25fae6ded74dac8a32745d73659ce5437f238609fe6b3b40ad07daf4536d472,f5045e863d8debb0b80a5f67d62dcc27f62d80660b6395d4a41b1e05b07b07be,requested_and_realized_k_matched,"{""method_a"":""budget_satisfied"",""method_b"":""budget_satisfied""}",False,evaluable,strong,results/selector_combinations_v1/oot/evaluations/scv1-oot-001-homecredit-statistical-normalized-average-rank-lr-full-dev-k20-s42.oot_predictions.csv,results/full_baseline_v1/runs/homecredit/fbv1-029-homecredit-lr-boruta-random-forest-s42/predictions_oot.csv,,authentication_validation.json
p14-c-005__homecredit__lr__statistical_normalized_average_rank__k20__vs__catboost_shap,combination_vs_catboost_shap__homecredit__lr,evaluable,homecredit,lr,statistical_normalized_average_rank,k20,catboost_shap,method_a_minus_method_b,roc_auc,0.7497139113967922,0.7501298442067997,-0.00041593281000751325,-0.0014479966525939025,0.0006539553419562721,2000,2000,-0.791591492299217,0.4285989092264213,0.4285989092264213,0.4285989092264213,False,loss,120053,10688,08a815a762fc309aeba22ed42f9b772f39e1b6a8ce9c41f5eb1644b1c2f2f860,d25fae6ded74dac8a32745d73659ce5437f238609fe6b3b40ad07daf4536d472,f5045e863d8debb0b80a5f67d62dcc27f62d80660b6395d4a41b1e05b07b07be,requested_and_realized_k_matched,"{""method_a"":""budget_satisfied"",""method_b"":""budget_satisfied""}",False,evaluable,not_supported,results/selector_combinations_v1/oot/evaluations/scv1-oot-001-homecredit-statistical-normalized-average-rank-lr-full-dev-k20-s42.oot_predictions.csv,results/full_baseline_v1/runs/homecredit/fbv1-025-homecredit-lr-catboost-shap-s42/predictions_oot.csv,,authentication_validation.json
p14-c-006__homecredit__lr__statistical_normalized_average_rank__k20__vs__mrmr_mutual_information,combination_vs_mrmr_mutual_information__homecredit__lr,evaluable,homecredit,lr,statistical_normalized_average_rank,k20,mrmr_mutual_information,method_a_minus_method_b,roc_auc,0.7497139113967922,0.7351157546380289,0.014598156758763303,0.011958079045755752,0.017390254401531562,2000,2000,10.23513756344798,1.3799892289968646e-24,1.3799892289968646e-24,2.7599784579937293e-24,True,win,120053,10688,08a815a762fc309aeba22ed42f9b772f39e1b6a8ce9c41f5eb1644b1c2f2f860,d25fae6ded74dac8a32745d73659ce5437f238609fe6b3b40ad07daf4536d472,f5045e863d8debb0b80a5f67d62dcc27f62d80660b6395d4a41b1e05b07b07be,requested_and_realized_k_matched,"{""method_a"":""budget_satisfied"",""method_b"":""budget_satisfied""}",False,evaluable,strong,results/selector_combinations_v1/oot/evaluations/scv1-oot-001-homecredit-statistical-normalized-average-rank-lr-full-dev-k20-s42.oot_predictions.csv,results/full_baseline_v1/runs/homecredit/fbv1-013-homecredit-lr-mrmr-mutual-information-s42/predictions_oot.csv,,authentication_validation.json
p14-c-007__homecredit__lr__statistical_normalized_average_rank__k20__vs__cross_dataset_rank_voting_v1_primary_pool_200,combination_vs_cross_dataset_rank_voting_v1_primary_pool_200__homecredit__lr,evaluable,homecredit,lr,statistical_normalized_average_rank,k20,cross_dataset_rank_voting_v1_primary_pool_200,method_a_minus_method_b,roc_auc,0.7497139113967922,0.7492378644507721,0.00047604694602010333,-0.0010804794753176638,0.002128251790035362,2000,2000,0.577954592460311,0.5632947761378582,0.5632947761378582,0.5632947761378582,False,win,120053,10688,08a815a762fc309aeba22ed42f9b772f39e1b6a8ce9c41f5eb1644b1c2f2f860,d25fae6ded74dac8a32745d73659ce5437f238609fe6b3b40ad07daf4536d472,f5045e863d8debb0b80a5f67d62dcc27f62d80660b6395d4a41b1e05b07b07be,not_budget_comparable_external_voting_pool,"{""method_a"":""budget_satisfied"",""method_b"":""external_voting_context""}",True,evaluable,weak,results/selector_combinations_v1/oot/evaluations/scv1-oot-001-homecredit-statistical-normalized-average-rank-lr-full-dev-k20-s42.oot_predictions.csv,results/runs/homecredit/cdv1-003-homecredit-voting-k200-lr-s42/results/oot_predictions.csv,,authentication_validation.json
p14-c-008__homecredit__lr__iv_then_boruta__pool100__vs__iv_woe,combination_vs_iv_woe__homecredit__lr,evaluable,homecredit,lr,iv_then_boruta,pool100,iv_woe,method_a_minus_method_b,roc_auc,0.7561409498243946,0.7381468221833661,0.01799412764102848,0.015699321080784614,0.02008487330732172,2000,2000,15.35066169656063,3.50592057154616e-53,3.50592057154616e-53,7.01184114309232e-53,True,win,120053,10688,08a815a762fc309aeba22ed42f9b772f39e1b6a8ce9c41f5eb1644b1c2f2f860,d25fae6ded74dac8a32745d73659ce5437f238609fe6b3b40ad07daf4536d472,f5045e863d8debb0b80a5f67d62dcc27f62d80660b6395d4a41b1e05b07b07be,non_budget_matched_natural_support,"{""method_a"":""natural_support"",""method_b"":""budget_satisfied""}",True,evaluable,strong,results/selector_combinations_v1/oot/evaluations/scv1-oot-005-homecredit-iv-then-boruta-lr-full-dev-pool100-s42.oot_predictions.csv,results/full_baseline_v1/runs/homecredit/fbv1-009-homecredit-lr-iv-woe-s42/predictions_oot.csv,,authentication_validation.json
p14-c-009__homecredit__lr__iv_then_boruta__pool100__vs__boruta_random_forest,combination_vs_boruta_random_forest__homecredit__lr,evaluable,homecredit,lr,iv_then_boruta,pool100,boruta_random_forest,method_a_minus_method_b,roc_auc,0.7561409498243946,0.7397382371452405,0.016402712679154163,0.013321632263521243,0.019197524813047085,2000,2000,10.865244327172293,1.6877081566427934e-27,1.6877081566427934e-27,6.750832626571174e-27,True,win,120053,10688,08a815a762fc309aeba22ed42f9b772f39e1b6a8ce9c41f5eb1644b1c2f2f860,d25fae6ded74dac8a32745d73659ce5437f238609fe6b3b40ad07daf4536d472,f5045e863d8debb0b80a5f67d62dcc27f62d80660b6395d4a41b1e05b07b07be,non_budget_matched_natural_support,"{""method_a"":""natural_support"",""method_b"":""budget_satisfied""}",True,evaluable,strong,results/selector_combinations_v1/oot/evaluations/scv1-oot-005-homecredit-iv-then-boruta-lr-full-dev-pool100-s42.oot_predictions.csv,results/full_baseline_v1/runs/homecredit/fbv1-029-homecredit-lr-boruta-random-forest-s42/predictions_oot.csv,,authentication_validation.json
p14-c-010__homecredit__lr__iv_then_boruta__pool200__vs__iv_woe,combination_vs_iv_woe__homecredit__lr,evaluable,homecredit,lr,iv_then_boruta,pool200,iv_woe,method_a_minus_method_b,roc_auc,0.762022709997643,0.7381468221833661,0.023875887814276853,0.02137086094321431,0.026410710202486195,2000,2000,17.829954869691576,4.1375499432988225e-71,4.1375499432988225e-71,1.2412649829896468e-70,True,win,120053,10688,08a815a762fc309aeba22ed42f9b772f39e1b6a8ce9c41f5eb1644b1c2f2f860,d25fae6ded74dac8a32745d73659ce5437f238609fe6b3b40ad07daf4536d472,f5045e863d8debb0b80a5f67d62dcc27f62d80660b6395d4a41b1e05b07b07be,non_budget_matched_natural_support,"{""method_a"":""natural_support"",""method_b"":""budget_satisfied""}",True,evaluable,strong,results/selector_combinations_v1/oot/evaluations/scv1-oot-009-homecredit-iv-then-boruta-lr-full-dev-pool200-s42.oot_predictions.csv,results/full_baseline_v1/runs/homecredit/fbv1-009-homecredit-lr-iv-woe-s42/predictions_oot.csv,,authentication_validation.json
p14-c-011__homecredit__lr__iv_then_boruta__pool200__vs__boruta_random_forest,combination_vs_boruta_random_forest__homecredit__lr,evaluable,homecredit,lr,iv_then_boruta,pool200,boruta_random_forest,method_a_minus_method_b,roc_auc,0.762022709997643,0.7397382371452405,0.022284472852402537,0.019410179093192047,0.02520454504856702,2000,2000,14.742359391755318,3.445343681702341e-49,3.445343681702341e-49,1.7226718408511705e-48,True,win,120053,10688,08a815a762fc309aeba22ed42f9b772f39e1b6a8ce9c41f5eb1644b1c2f2f860,d25fae6ded74dac8a32745d73659ce5437f238609fe6b3b40ad07daf4536d472,f5045e863d8debb0b80a5f67d62dcc27f62d80660b6395d4a41b1e05b07b07be,non_budget_matched_natural_support,"{""method_a"":""natural_support"",""method_b"":""budget_satisfied""}",True,evaluable,strong,results/selector_combinations_v1/oot/evaluations/scv1-oot-009-homecredit-iv-then-boruta-lr-full-dev-pool200-s42.oot_predictions.csv,results/full_baseline_v1/runs/homecredit/fbv1-029-homecredit-lr-boruta-random-forest-s42/predictions_oot.csv,,authentication_validation.json
p14-c-012__homecredit__lr__iv_then_boruta__pool300__vs__iv_woe,combination_vs_iv_woe__homecredit__lr,evaluable,homecredit,lr,iv_then_boruta,pool300,iv_woe,method_a_minus_method_b,roc_auc,0.7645699762524054,0.7381468221833661,0.02642315406903928,0.0237131820058963,0.029124462979130177,2000,2000,18.454782883992273,4.772792513688995e-76,4.772792513688995e-76,1.909117005475598e-75,True,win,120053,10688,08a815a762fc309aeba22ed42f9b772f39e1b6a8ce9c41f5eb1644b1c2f2f860,d25fae6ded74dac8a32745d73659ce5437f238609fe6b3b40ad07daf4536d472,f5045e863d8debb0b80a5f67d62dcc27f62d80660b6395d4a41b1e05b07b07be,non_budget_matched_natural_support,"{""method_a"":""natural_support"",""method_b"":""budget_satisfied""}",True,evaluable,strong,results/selector_combinations_v1/oot/evaluations/scv1-oot-013-homecredit-iv-then-boruta-lr-full-dev-pool300-s42.oot_predictions.csv,results/full_baseline_v1/runs/homecredit/fbv1-009-homecredit-lr-iv-woe-s42/predictions_oot.csv,,authentication_validation.json
p14-c-013__homecredit__lr__iv_then_boruta__pool300__vs__boruta_random_forest,combination_vs_boruta_random_forest__homecredit__lr,evaluable,homecredit,lr,iv_then_boruta,pool300,boruta_random_forest,method_a_minus_method_b,roc_auc,0.7645699762524054,0.7397382371452405,0.024831739107164963,0.021961913442522407,0.027582016052930505,2000,2000,16.937666183149556,2.3735600667848448e-64,2.3735600667848448e-64,1.424136040070907e-63,True,win,120053,10688,08a815a762fc309aeba22ed42f9b772f39e1b6a8ce9c41f5eb1644b1c2f2f860,d25fae6ded74dac8a32745d73659ce5437f238609fe6b3b40ad07daf4536d472,f5045e863d8debb0b80a5f67d62dcc27f62d80660b6395d4a41b1e05b07b07be,non_budget_matched_natural_support,"{""method_a"":""natural_support"",""method_b"":""budget_satisfied""}",True,evaluable,strong,results/selector_combinations_v1/oot/evaluations/scv1-oot-013-homecredit-iv-then-boruta-lr-full-dev-pool300-s42.oot_predictions.csv,results/full_baseline_v1/runs/homecredit/fbv1-029-homecredit-lr-boruta-random-forest-s42/predictions_oot.csv,,authentication_validation.json
p14-c-014__homecredit__lr__boruta_then_mrmr_mutual_information__k20__vs__boruta_random_forest,combination_vs_boruta_random_forest__homecredit__lr,evaluable,homecredit,lr,boruta_then_mrmr_mutual_information,k20,boruta_random_forest,method_a_minus_method_b,roc_auc,0.7438457692350863,0.7397382371452405,0.004107532089845822,0.002187673433307577,0.006131355191824592,2000,2000,4.2059890492625,2.5994282003147978e-05,2.5994282003147978e-05,2.5994282003147978e-05,True,win,120053,10688,08a815a762fc309aeba22ed42f9b772f39e1b6a8ce9c41f5eb1644b1c2f2f860,d25fae6ded74dac8a32745d73659ce5437f238609fe6b3b40ad07daf4536d472,f5045e863d8debb0b80a5f67d62dcc27f62d80660b6395d4a41b1e05b07b07be,requested_and_realized_k_matched,"{""method_a"":""budget_satisfied"",""method_b"":""budget_satisfied""}",False,evaluable,strong,results/selector_combinations_v1/oot/evaluations/scv1-oot-017-homecredit-boruta-then-mrmr-mutual-information-lr-full-dev-k20-s42.oot_predictions.csv,results/full_baseline_v1/runs/homecredit/fbv1-029-homecredit-lr-boruta-random-forest-s42/predictions_oot.csv,,authentication_validation.json
p14-c-015__homecredit__lr__boruta_then_mrmr_mutual_information__k20__vs__mrmr_mutual_information,combination_vs_mrmr_mutual_information__homecredit__lr,evaluable,homecredit,lr,boruta_then_mrmr_mutual_information,k20,mrmr_mutual_information,method_a_minus_method_b,roc_auc,0.7438457692350863,0.7351157546380289,0.008730014597057356,0.006853746688148868,0.010659212388041014,2000,2000,8.954466443414988,3.413825836313517e-19,3.413825836313517e-19,3.413825836313517e-19,True,win,120053,10688,08a815a762fc309aeba22ed42f9b772f39e1b6a8ce9c41f5eb1644b1c2f2f860,d25fae6ded74dac8a32745d73659ce5437f238609fe6b3b40ad07daf4536d472,f5045e863d8debb0b80a5f67d62dcc27f62d80660b6395d4a41b1e05b07b07be,requested_and_realized_k_matched,"{""method_a"":""budget_satisfied"",""method_b"":""budget_satisfied""}",False,evaluable,strong,results/selector_combinations_v1/oot/evaluations/scv1-oot-017-homecredit-boruta-then-mrmr-mutual-information-lr-full-dev-k20-s42.oot_predictions.csv,results/full_baseline_v1/runs/homecredit/fbv1-013-homecredit-lr-mrmr-mutual-information-s42/predictions_oot.csv,,authentication_validation.json
p14-c-016__homecredit__lr__boruta_then_rfe_catboost__k20__vs__boruta_random_forest,combination_vs_boruta_random_forest__homecredit__lr,evaluable,homecredit,lr,boruta_then_rfe_catboost,k20,boruta_random_forest,method_a_minus_method_b,roc_auc,0.7477855041186315,0.7397382371452405,0.008047266973391087,0.005517123284975811,0.010608992869253991,2000,2000,6.2525766563747265,4.037354627725066e-10,4.037354627725066e-10,8.074709255450132e-10,True,win,120053,10688,08a815a762fc309aeba22ed42f9b772f39e1b6a8ce9c41f5eb1644b1c2f2f860,d25fae6ded74dac8a32745d73659ce5437f238609fe6b3b40ad07daf4536d472,f5045e863d8debb0b80a5f67d62dcc27f62d80660b6395d4a41b1e05b07b07be,requested_and_realized_k_matched,"{""method_a"":""budget_satisfied"",""method_b"":""budget_satisfied""}",False,evaluable,strong,results/selector_combinations_v1/oot/evaluations/scv1-oot-021-homecredit-boruta-then-rfe-catboost-lr-full-dev-k20-s42.oot_predictions.csv,results/full_baseline_v1/runs/homecredit/fbv1-029-homecredit-lr-boruta-random-forest-s42/predictions_oot.csv,,authentication_validation.json
p14-c-017__homecredit__lr__boruta_then_rfe_catboost__k20__vs__rfe_catboost,combination_vs_rfe_catboost__homecredit__lr,evaluable,homecredit,lr,boruta_then_rfe_catboost,k20,rfe_catboost,method_a_minus_method_b,roc_auc,0.7477855041186315,0.7465460931107201,0.0012394110079114729,-0.0006442058834258662,0.0030286177704596704,2000,2000,1.3297962395611536,0.1835854152711404,0.1835854152711404,0.1835854152711404,False,win,120053,10688,08a815a762fc309aeba22ed42f9b772f39e1b6a8ce9c41f5eb1644b1c2f2f860,d25fae6ded74dac8a32745d73659ce5437f238609fe6b3b40ad07daf4536d472,f5045e863d8debb0b80a5f67d62dcc27f62d80660b6395d4a41b1e05b07b07be,requested_and_realized_k_matched,"{""method_a"":""budget_satisfied"",""method_b"":""budget_satisfied""}",False,evaluable,weak,results/selector_combinations_v1/oot/evaluations/scv1-oot-021-homecredit-boruta-then-rfe-catboost-lr-full-dev-k20-s42.oot_predictions.csv,results/full_baseline_v1/runs/homecredit/fbv1-033-homecredit-lr-rfe-catboost-s42/predictions_oot.csv,,authentication_validation.json
p14-c-018__homecredit__catboost__statistical_normalized_average_rank__k40__vs__iv_woe,combination_vs_iv_woe__homecredit__catboost,evaluable,homecredit,catboost,statistical_normalized_average_rank,k40,iv_woe,method_a_minus_method_b,roc_auc,0.7785927681737062,0.7685707064474809,0.010022061726225218,0.008271598091021412,0.011759666593811382,2000,2000,11.127445287881175,9.224132073781722e-29,9.224132073781722e-29,2.7672396221345167e-28,True,win,120053,10688,08a815a762fc309aeba22ed42f9b772f39e1b6a8ce9c41f5eb1644b1c2f2f860,d25fae6ded74dac8a32745d73659ce5437f238609fe6b3b40ad07daf4536d472,f5045e863d8debb0b80a5f67d62dcc27f62d80660b6395d4a41b1e05b07b07be,requested_and_realized_k_matched,"{""method_a"":""budget_satisfied"",""method_b"":""budget_satisfied""}",False,evaluable,strong,results/selector_combinations_v1/oot/evaluations/scv1-oot-002-homecredit-statistical-normalized-average-rank-catboost-full-dev-k40-s42.oot_predictions.csv,results/full_baseline_v1/runs/homecredit/fbv1-010-homecredit-catboost-iv-woe-s42/predictions_oot.csv,,authentication_validation.json
p14-c-019__homecredit__catboost__statistical_normalized_average_rank__k40__vs__lasso_l1_logistic,combination_vs_lasso_l1_logistic__homecredit__catboost,evaluable,homecredit,catboost,statistical_normalized_average_rank,k40,lasso_l1_logistic,method_a_minus_method_b,roc_auc,0.7785927681737062,0.7742262072686338,0.00436656090507237,0.002583054685102432,0.0062830580695008,2000,2000,4.6713248082146075,2.9926327914178134e-06,2.9926327914178134e-06,2.9926327914178134e-06,True,win,120053,10688,08a815a762fc309aeba22ed42f9b772f39e1b6a8ce9c41f5eb1644b1c2f2f860,d25fae6ded74dac8a32745d73659ce5437f238609fe6b3b40ad07daf4536d472,f5045e863d8debb0b80a5f67d62dcc27f62d80660b6395d4a41b1e05b07b07be,requested_and_realized_k_matched,"{""method_a"":""budget_satisfied"",""method_b"":""budget_satisfied""}",False,evaluable,strong,results/selector_combinations_v1/oot/evaluations/scv1-oot-002-homecredit-statistical-normalized-average-rank-catboost-full-dev-k40-s42.oot_predictions.csv,results/full_baseline_v1/runs/homecredit/fbv1-018-homecredit-catboost-lasso-l1-logistic-s42/predictions_oot.csv,,authentication_validation.json
p14-c-020__homecredit__catboost__statistical_normalized_average_rank__k40__vs__rfe_catboost,combination_vs_rfe_catboost__homecredit__catboost,evaluable,homecredit,catboost,statistical_normalized_average_rank,k40,rfe_catboost,method_a_minus_method_b,roc_auc,0.7785927681737062,0.7814255198969775,-0.002832751723271354,-0.004467092123871902,-0.0011306336972878837,2000,2000,-3.449147133479175,0.0005623601922181757,0.0005623601922181757,0.0005623601922181757,True,loss,120053,10688,08a815a762fc309aeba22ed42f9b772f39e1b6a8ce9c41f5eb1644b1c2f2f860,d25fae6ded74dac8a32745d73659ce5437f238609fe6b3b40ad07daf4536d472,f5045e863d8debb0b80a5f67d62dcc27f62d80660b6395d4a41b1e05b07b07be,requested_and_realized_k_matched,"{""method_a"":""budget_satisfied"",""method_b"":""budget_satisfied""}",False,evaluable,not_supported,results/selector_combinations_v1/oot/evaluations/scv1-oot-002-homecredit-statistical-normalized-average-rank-catboost-full-dev-k40-s42.oot_predictions.csv,results/full_baseline_v1/runs/homecredit/fbv1-034-homecredit-catboost-rfe-catboost-s42/predictions_oot.csv,,authentication_validation.json
p14-c-021__homecredit__catboost__statistical_normalized_average_rank__k40__vs__boruta_random_forest,combination_vs_boruta_random_forest__homecredit__catboost,evaluable,homecredit,catboost,statistical_normalized_average_rank,k40,boruta_random_forest,method_a_minus_method_b,roc_auc,0.7785927681737062,0.7542024954343132,0.024390272739392982,0.02170397777685612,0.027016347675140755,2000,2000,18.162904592244107,1.0150915951348968e-73,1.0150915951348968e-73,5.075457975674484e-73,True,win,120053,10688,08a815a762fc309aeba22ed42f9b772f39e1b6a8ce9c41f5eb1644b1c2f2f860,d25fae6ded74dac8a32745d73659ce5437f238609fe6b3b40ad07daf4536d472,f5045e863d8debb0b80a5f67d62dcc27f62d80660b6395d4a41b1e05b07b07be,non_budget_matched_realized_k_mismatch,"{""method_a"":""budget_satisfied"",""method_b"":""infeasible_natural_support""}",True,evaluable,strong,results/selector_combinations_v1/oot/evaluations/scv1-oot-002-homecredit-statistical-normalized-average-rank-catboost-full-dev-k40-s42.oot_predictions.csv,results/full_baseline_v1/runs/homecredit/fbv1-030-homecredit-catboost-boruta-random-forest-s42/predictions_oot.csv,,authentication_validation.json
p14-c-022__homecredit__catboost__statistical_normalized_average_rank__k40__vs__catboost_shap,combination_vs_catboost_shap__homecredit__catboost,evaluable,homecredit,catboost,statistical_normalized_average_rank,k40,catboost_shap,method_a_minus_method_b,roc_auc,0.7785927681737062,0.7795351956558698,-0.0009424274821636658,-0.0029103609147771853,0.0010186264506374062,2000,2000,-0.9891386870260576,0.32259529167088963,0.32259529167088963,0.32259529167088963,False,loss,120053,10688,08a815a762fc309aeba22ed42f9b772f39e1b6a8ce9c41f5eb1644b1c2f2f860,d25fae6ded74dac8a32745d73659ce5437f238609fe6b3b40ad07daf4536d472,f5045e863d8debb0b80a5f67d62dcc27f62d80660b6395d4a41b1e05b07b07be,requested_and_realized_k_matched,"{""method_a"":""budget_satisfied"",""method_b"":""budget_satisfied""}",False,evaluable,not_supported,results/selector_combinations_v1/oot/evaluations/scv1-oot-002-homecredit-statistical-normalized-average-rank-catboost-full-dev-k40-s42.oot_predictions.csv,results/full_baseline_v1/runs/homecredit/fbv1-026-homecredit-catboost-catboost-shap-s42/predictions_oot.csv,,authentication_validation.json
p14-c-023__homecredit__catboost__statistical_normalized_average_rank__k40__vs__mrmr_mutual_information,combination_vs_mrmr_mutual_information__homecredit__catboost,evaluable,homecredit,catboost,statistical_normalized_average_rank,k40,mrmr_mutual_information,method_a_minus_method_b,roc_auc,0.7785927681737062,0.759898780138256,0.018693988035450193,0.01607977714420971,0.02123760049165139,2000,2000,13.9482136485867,3.225841143904823e-44,3.225841143904823e-44,6.451682287809646e-44,True,win,120053,10688,08a815a762fc309aeba22ed42f9b772f39e1b6a8ce9c41f5eb1644b1c2f2f860,d25fae6ded74dac8a32745d73659ce5437f238609fe6b3b40ad07daf4536d472,f5045e863d8debb0b80a5f67d62dcc27f62d80660b6395d4a41b1e05b07b07be,requested_and_realized_k_matched,"{""method_a"":""budget_satisfied"",""method_b"":""budget_satisfied""}",False,evaluable,strong,results/selector_combinations_v1/oot/evaluations/scv1-oot-002-homecredit-statistical-normalized-average-rank-catboost-full-dev-k40-s42.oot_predictions.csv,results/full_baseline_v1/runs/homecredit/fbv1-014-homecredit-catboost-mrmr-mutual-information-s42/predictions_oot.csv,,authentication_validation.json
p14-c-024__homecredit__catboost__statistical_normalized_average_rank__k40__vs__cross_dataset_rank_voting_v1_primary_pool_200,combination_vs_cross_dataset_rank_voting_v1_primary_pool_200__homecredit__catboost,evaluable,homecredit,catboost,statistical_normalized_average_rank,k40,cross_dataset_rank_voting_v1_primary_pool_200,method_a_minus_method_b,roc_auc,0.7785927681737062,0.7785716644478154,2.1103725890703195e-05,-0.0014510153417619464,0.0016040029818979022,2000,2000,0.027756880407215054,0.9778560571497,0.9778560571497,0.9778560571497,False,win,120053,10688,08a815a762fc309aeba22ed42f9b772f39e1b6a8ce9c41f5eb1644b1c2f2f860,d25fae6ded74dac8a32745d73659ce5437f238609fe6b3b40ad07daf4536d472,f5045e863d8debb0b80a5f67d62dcc27f62d80660b6395d4a41b1e05b07b07be,not_budget_comparable_external_voting_pool,"{""method_a"":""budget_satisfied"",""method_b"":""external_voting_context""}",True,evaluable,weak,results/selector_combinations_v1/oot/evaluations/scv1-oot-002-homecredit-statistical-normalized-average-rank-catboost-full-dev-k40-s42.oot_predictions.csv,results/runs/homecredit/cdv1-007-homecredit-voting-k200-catboost-s42/results/oot_predictions.csv,,authentication_validation.json
p14-c-025__homecredit__catboost__iv_then_boruta__pool100__vs__iv_woe,combination_vs_iv_woe__homecredit__catboost,evaluable,homecredit,catboost,iv_then_boruta,pool100,iv_woe,method_a_minus_method_b,roc_auc,0.7686339055533153,0.7685707064474809,6.319910583441057e-05,-0.001835974853714542,0.0019472987829717067,2000,2000,0.06407224154189146,0.948912704458256,0.948912704458256,0.948912704458256,False,win,120053,10688,08a815a762fc309aeba22ed42f9b772f39e1b6a8ce9c41f5eb1644b1c2f2f860,d25fae6ded74dac8a32745d73659ce5437f238609fe6b3b40ad07daf4536d472,f5045e863d8debb0b80a5f67d62dcc27f62d80660b6395d4a41b1e05b07b07be,non_budget_matched_natural_support,"{""method_a"":""natural_support"",""method_b"":""budget_satisfied""}",True,evaluable,weak,results/selector_combinations_v1/oot/evaluations/scv1-oot-006-homecredit-iv-then-boruta-catboost-full-dev-pool100-s42.oot_predictions.csv,results/full_baseline_v1/runs/homecredit/fbv1-010-homecredit-catboost-iv-woe-s42/predictions_oot.csv,,authentication_validation.json
p14-c-026__homecredit__catboost__iv_then_boruta__pool100__vs__boruta_random_forest,combination_vs_boruta_random_forest__homecredit__catboost,evaluable,homecredit,catboost,iv_then_boruta,pool100,boruta_random_forest,method_a_minus_method_b,roc_auc,0.7686339055533153,0.7542024954343132,0.014431410119002175,0.011408442822385659,0.01742079885370534,2000,2000,9.468170486018405,2.8478774839799934e-21,2.8478774839799934e-21,2.8478774839799934e-21,True,win,120053,10688,08a815a762fc309aeba22ed42f9b772f39e1b6a8ce9c41f5eb1644b1c2f2f860,d25fae6ded74dac8a32745d73659ce5437f238609fe6b3b40ad07daf4536d472,f5045e863d8debb0b80a5f67d62dcc27f62d80660b6395d4a41b1e05b07b07be,non_budget_matched_natural_support,"{""method_a"":""natural_support"",""method_b"":""infeasible_natural_support""}",True,evaluable,strong,results/selector_combinations_v1/oot/evaluations/scv1-oot-006-homecredit-iv-then-boruta-catboost-full-dev-pool100-s42.oot_predictions.csv,results/full_baseline_v1/runs/homecredit/fbv1-030-homecredit-catboost-boruta-random-forest-s42/predictions_oot.csv,,authentication_validation.json
p14-c-027__homecredit__catboost__iv_then_boruta__pool200__vs__iv_woe,combination_vs_iv_woe__homecredit__catboost,evaluable,homecredit,catboost,iv_then_boruta,pool200,iv_woe,method_a_minus_method_b,roc_auc,0.7766526823256519,0.7685707064474809,0.008081975878170944,0.00638907377177485,0.009805773495355987,2000,2000,8.695254178665841,3.460542341707345e-18,3.460542341707345e-18,6.92108468341469e-18,True,win,120053,10688,08a815a762fc309aeba22ed42f9b772f39e1b6a8ce9c41f5eb1644b1c2f2f860,d25fae6ded74dac8a32745d73659ce5437f238609fe6b3b40ad07daf4536d472,f5045e863d8debb0b80a5f67d62dcc27f62d80660b6395d4a41b1e05b07b07be,non_budget_matched_natural_support,"{""method_a"":""natural_support"",""method_b"":""budget_satisfied""}",True,evaluable,strong,results/selector_combinations_v1/oot/evaluations/scv1-oot-010-homecredit-iv-then-boruta-catboost-full-dev-pool200-s42.oot_predictions.csv,results/full_baseline_v1/runs/homecredit/fbv1-010-homecredit-catboost-iv-woe-s42/predictions_oot.csv,,authentication_validation.json
p14-c-028__homecredit__catboost__iv_then_boruta__pool200__vs__boruta_random_forest,combination_vs_boruta_random_forest__homecredit__catboost,evaluable,homecredit,catboost,iv_then_boruta,pool200,boruta_random_forest,method_a_minus_method_b,roc_auc,0.7766526823256519,0.7542024954343132,0.022450186891338708,0.01967957701299501,0.02521082566984401,2000,2000,16.137324846892795,1.3945595998644178e-58,1.3945595998644178e-58,5.578238399457671e-58,True,win,120053,10688,08a815a762fc309aeba22ed42f9b772f39e1b6a8ce9c41f5eb1644b1c2f2f860,d25fae6ded74dac8a32745d73659ce5437f238609fe6b3b40ad07daf4536d472,f5045e863d8debb0b80a5f67d62dcc27f62d80660b6395d4a41b1e05b07b07be,non_budget_matched_natural_support,"{""method_a"":""natural_support"",""method_b"":""infeasible_natural_support""}",True,evaluable,strong,results/selector_combinations_v1/oot/evaluations/scv1-oot-010-homecredit-iv-then-boruta-catboost-full-dev-pool200-s42.oot_predictions.csv,results/full_baseline_v1/runs/homecredit/fbv1-030-homecredit-catboost-boruta-random-forest-s42/predictions_oot.csv,,authentication_validation.json
p14-c-029__homecredit__catboost__iv_then_boruta__pool300__vs__iv_woe,combination_vs_iv_woe__homecredit__catboost,evaluable,homecredit,catboost,iv_then_boruta,pool300,iv_woe,method_a_minus_method_b,roc_auc,0.7796912612506437,0.7685707064474809,0.011120554803162763,0.009260770715290061,0.01292633239213517,2000,2000,11.626413034837162,3.025454057913637e-31,3.025454057913637e-31,1.2101816231654548e-30,True,win,120053,10688,08a815a762fc309aeba22ed42f9b772f39e1b6a8ce9c41f5eb1644b1c2f2f860,d25fae6ded74dac8a32745d73659ce5437f238609fe6b3b40ad07daf4536d472,f5045e863d8debb0b80a5f67d62dcc27f62d80660b6395d4a41b1e05b07b07be,non_budget_matched_natural_support,"{""method_a"":""natural_support"",""method_b"":""budget_satisfied""}",True,evaluable,strong,results/selector_combinations_v1/oot/evaluations/scv1-oot-014-homecredit-iv-then-boruta-catboost-full-dev-pool300-s42.oot_predictions.csv,results/full_baseline_v1/runs/homecredit/fbv1-010-homecredit-catboost-iv-woe-s42/predictions_oot.csv,,authentication_validation.json
p14-c-030__homecredit__catboost__iv_then_boruta__pool300__vs__boruta_random_forest,combination_vs_boruta_random_forest__homecredit__catboost,evaluable,homecredit,catboost,iv_then_boruta,pool300,boruta_random_forest,method_a_minus_method_b,roc_auc,0.7796912612506437,0.7542024954343132,0.025488765816330528,0.022727454392921665,0.028200650650591554,2000,2000,18.518538442093003,1.4635651682659925e-76,1.4635651682659925e-76,8.781391009595955e-76,True,win,120053,10688,08a815a762fc309aeba22ed42f9b772f39e1b6a8ce9c41f5eb1644b1c2f2f860,d25fae6ded74dac8a32745d73659ce5437f238609fe6b3b40ad07daf4536d472,f5045e863d8debb0b80a5f67d62dcc27f62d80660b6395d4a41b1e05b07b07be,non_budget_matched_natural_support,"{""method_a"":""natural_support"",""method_b"":""infeasible_natural_support""}",True,evaluable,strong,results/selector_combinations_v1/oot/evaluations/scv1-oot-014-homecredit-iv-then-boruta-catboost-full-dev-pool300-s42.oot_predictions.csv,results/full_baseline_v1/runs/homecredit/fbv1-030-homecredit-catboost-boruta-random-forest-s42/predictions_oot.csv,,authentication_validation.json
p14-c-031__homecredit__catboost__boruta_then_mrmr_mutual_information__k40__vs__boruta_random_forest,combination_vs_boruta_random_forest__homecredit__catboost,evaluable,homecredit,catboost,boruta_then_mrmr_mutual_information,k40,boruta_random_forest,method_a_minus_method_b,roc_auc,0.7712773362888816,0.7542024954343132,0.01707484085456845,0.014369527065913493,0.019671456830886308,2000,2000,12.400905112336506,2.583883278913677e-35,2.583883278913677e-35,5.167766557827354e-35,True,win,120053,10688,08a815a762fc309aeba22ed42f9b772f39e1b6a8ce9c41f5eb1644b1c2f2f860,d25fae6ded74dac8a32745d73659ce5437f238609fe6b3b40ad07daf4536d472,f5045e863d8debb0b80a5f67d62dcc27f62d80660b6395d4a41b1e05b07b07be,oot_refit_40_vs_frozen_reference_support_26_exploratory,"{""method_a"":""infeasible_natural_support"",""method_b"":""infeasible_natural_support""}",True,evaluable,strong,results/selector_combinations_v1/oot/evaluations/scv1-oot-018-homecredit-boruta-then-mrmr-mutual-information-catboost-full-dev-k40-s42.oot_predictions.csv,results/full_baseline_v1/runs/homecredit/fbv1-030-homecredit-catboost-boruta-random-forest-s42/predictions_oot.csv,,authentication_validation.json
p14-c-032__homecredit__catboost__boruta_then_mrmr_mutual_information__k40__vs__mrmr_mutual_information,combination_vs_mrmr_mutual_information__homecredit__catboost,evaluable,homecredit,catboost,boruta_then_mrmr_mutual_information,k40,mrmr_mutual_information,method_a_minus_method_b,roc_auc,0.7712773362888816,0.759898780138256,0.011378556150625663,0.00897439517395745,0.013868465493235126,2000,2000,9.366576198236002,7.492351999755499e-21,7.492351999755499e-21,7.492351999755499e-21,True,win,120053,10688,08a815a762fc309aeba22ed42f9b772f39e1b6a8ce9c41f5eb1644b1c2f2f860,d25fae6ded74dac8a32745d73659ce5437f238609fe6b3b40ad07daf4536d472,f5045e863d8debb0b80a5f67d62dcc27f62d80660b6395d4a41b1e05b07b07be,oot_refit_40_vs_frozen_reference_support_26_exploratory,"{""method_a"":""infeasible_natural_support"",""method_b"":""budget_satisfied""}",True,evaluable,strong,results/selector_combinations_v1/oot/evaluations/scv1-oot-018-homecredit-boruta-then-mrmr-mutual-information-catboost-full-dev-k40-s42.oot_predictions.csv,results/full_baseline_v1/runs/homecredit/fbv1-014-homecredit-catboost-mrmr-mutual-information-s42/predictions_oot.csv,,authentication_validation.json
p14-c-033__homecredit__catboost__boruta_then_rfe_catboost__k40__vs__boruta_random_forest,combination_vs_boruta_random_forest__homecredit__catboost,evaluable,homecredit,catboost,boruta_then_rfe_catboost,k40,boruta_random_forest,method_a_minus_method_b,roc_auc,0.7759090420516805,0.7542024954343132,0.021706546617367373,0.01886016069202294,0.024456346894231037,2000,2000,15.580730550582539,9.842343690962651e-55,9.842343690962651e-55,2.952703107288795e-54,True,win,120053,10688,08a815a762fc309aeba22ed42f9b772f39e1b6a8ce9c41f5eb1644b1c2f2f860,d25fae6ded74dac8a32745d73659ce5437f238609fe6b3b40ad07daf4536d472,f5045e863d8debb0b80a5f67d62dcc27f62d80660b6395d4a41b1e05b07b07be,oot_refit_40_vs_frozen_reference_support_26_exploratory,"{""method_a"":""infeasible_natural_support"",""method_b"":""infeasible_natural_support""}",True,evaluable,strong,results/selector_combinations_v1/oot/evaluations/scv1-oot-022-homecredit-boruta-then-rfe-catboost-catboost-full-dev-k40-s42.oot_predictions.csv,results/full_baseline_v1/runs/homecredit/fbv1-030-homecredit-catboost-boruta-random-forest-s42/predictions_oot.csv,,authentication_validation.json
p14-c-034__homecredit__catboost__boruta_then_rfe_catboost__k40__vs__rfe_catboost,combination_vs_rfe_catboost__homecredit__catboost,evaluable,homecredit,catboost,boruta_then_rfe_catboost,k40,rfe_catboost,method_a_minus_method_b,roc_auc,0.7759090420516805,0.7814255198969775,-0.005516477845296963,-0.007050494039181243,-0.003995585413318235,2000,2000,-7.369711162076132,1.7099811338307983e-13,1.7099811338307983e-13,3.4199622676615965e-13,True,loss,120053,10688,08a815a762fc309aeba22ed42f9b772f39e1b6a8ce9c41f5eb1644b1c2f2f860,d25fae6ded74dac8a32745d73659ce5437f238609fe6b3b40ad07daf4536d472,f5045e863d8debb0b80a5f67d62dcc27f62d80660b6395d4a41b1e05b07b07be,oot_refit_40_vs_frozen_reference_support_26_exploratory,"{""method_a"":""infeasible_natural_support"",""method_b"":""budget_satisfied""}",True,evaluable,not_supported,results/selector_combinations_v1/oot/evaluations/scv1-oot-022-homecredit-boruta-then-rfe-catboost-catboost-full-dev-k40-s42.oot_predictions.csv,results/full_baseline_v1/runs/homecredit/fbv1-034-homecredit-catboost-rfe-catboost-s42/predictions_oot.csv,,authentication_validation.json
p14-c-035__lendingclub_v2__lr__statistical_normalized_average_rank__k20__vs__iv_woe,combination_vs_iv_woe__lendingclub_v2__lr,evaluable,lendingclub_v2,lr,statistical_normalized_average_rank,k20,iv_woe,method_a_minus_method_b,roc_auc,0.6931326666238238,0.6821098791687364,0.011022787455087335,0.010023305826993328,0.011997447718803537,2000,2000,21.647394549950445,6.431482743930419e-104,6.431482743930419e-104,6.431482743930419e-104,True,win,293105,68252,493bf9d2b88b385baf17081f64cea41e9f4f4ff2b1fd479f74d8be323f627c72,4aab7126f7b5566bde6417bfa61ee01da4edb700905fa39fd1fd4209da527985,e455f6dae0c55f6bd47aaeefde05ef6ad1468aa1053f9be7013b109c2b94c162,requested_and_realized_k_matched,"{""method_a"":""budget_satisfied"",""method_b"":""budget_satisfied""}",False,evaluable,strong,results/selector_combinations_v1/oot/evaluations/scv1-oot-003-lendingclub_v2-statistical-normalized-average-rank-lr-full-dev-k20-s42.oot_predictions.csv,results/full_baseline_v1/runs/lendingclub_v2/fbv1-011-lendingclub_v2-lr-iv-woe-s42/predictions_oot.csv,,authentication_validation.json
p14-c-036__lendingclub_v2__lr__statistical_normalized_average_rank__k20__vs__lasso_l1_logistic,combination_vs_lasso_l1_logistic__lendingclub_v2__lr,evaluable,lendingclub_v2,lr,statistical_normalized_average_rank,k20,lasso_l1_logistic,method_a_minus_method_b,roc_auc,0.6931326666238238,0.6811035325109065,0.012029134112917284,0.01090567345045341,0.013127868763140996,2000,2000,20.95908152407359,1.5505005886840144e-97,1.5505005886840144e-97,1.5505005886840144e-97,True,win,293105,68252,493bf9d2b88b385baf17081f64cea41e9f4f4ff2b1fd479f74d8be323f627c72,4aab7126f7b5566bde6417bfa61ee01da4edb700905fa39fd1fd4209da527985,e455f6dae0c55f6bd47aaeefde05ef6ad1468aa1053f9be7013b109c2b94c162,requested_and_realized_k_matched,"{""method_a"":""budget_satisfied"",""method_b"":""budget_satisfied""}",False,evaluable,strong,results/selector_combinations_v1/oot/evaluations/scv1-oot-003-lendingclub_v2-statistical-normalized-average-rank-lr-full-dev-k20-s42.oot_predictions.csv,results/full_baseline_v1/runs/lendingclub_v2/fbv1-019-lendingclub_v2-lr-lasso-l1-logistic-s42/predictions_oot.csv,,authentication_validation.json
p14-c-037__lendingclub_v2__lr__statistical_normalized_average_rank__k20__vs__rfe_catboost,combination_vs_rfe_catboost__lendingclub_v2__lr,evaluable,lendingclub_v2,lr,statistical_normalized_average_rank,k20,rfe_catboost,method_a_minus_method_b,roc_auc,0.6931326666238238,0.6988805926231895,-0.005747925999365688,-0.006469327242824169,-0.005055598713059092,2000,2000,-15.71193423647857,1.2529727110891698e-55,1.2529727110891698e-55,2.5059454221783396e-55,True,loss,293105,68252,493bf9d2b88b385baf17081f64cea41e9f4f4ff2b1fd479f74d8be323f627c72,4aab7126f7b5566bde6417bfa61ee01da4edb700905fa39fd1fd4209da527985,e455f6dae0c55f6bd47aaeefde05ef6ad1468aa1053f9be7013b109c2b94c162,requested_and_realized_k_matched,"{""method_a"":""budget_satisfied"",""method_b"":""budget_satisfied""}",False,evaluable,not_supported,results/selector_combinations_v1/oot/evaluations/scv1-oot-003-lendingclub_v2-statistical-normalized-average-rank-lr-full-dev-k20-s42.oot_predictions.csv,results/full_baseline_v1/runs/lendingclub_v2/fbv1-035-lendingclub_v2-lr-rfe-catboost-s42/predictions_oot.csv,,authentication_validation.json
p14-c-038__lendingclub_v2__lr__statistical_normalized_average_rank__k20__vs__boruta_random_forest,combination_vs_boruta_random_forest__lendingclub_v2__lr,evaluable,lendingclub_v2,lr,statistical_normalized_average_rank,k20,boruta_random_forest,method_a_minus_method_b,roc_auc,0.6931326666238238,0.6557476745180499,0.03738499210577384,0.03532340348423735,0.03932272777650685,2000,2000,38.141528535565115,2.627886e-318,2.627886e-318,5.25577e-318,True,win,293105,68252,493bf9d2b88b385baf17081f64cea41e9f4f4ff2b1fd479f74d8be323f627c72,4aab7126f7b5566bde6417bfa61ee01da4edb700905fa39fd1fd4209da527985,e455f6dae0c55f6bd47aaeefde05ef6ad1468aa1053f9be7013b109c2b94c162,requested_and_realized_k_matched,"{""method_a"":""budget_satisfied"",""method_b"":""budget_satisfied""}",False,evaluable,strong,results/selector_combinations_v1/oot/evaluations/scv1-oot-003-lendingclub_v2-statistical-normalized-average-rank-lr-full-dev-k20-s42.oot_predictions.csv,results/full_baseline_v1/runs/lendingclub_v2/fbv1-031-lendingclub_v2-lr-boruta-random-forest-s42/predictions_oot.csv,,authentication_validation.json
p14-c-039__lendingclub_v2__lr__statistical_normalized_average_rank__k20__vs__catboost_shap,combination_vs_catboost_shap__lendingclub_v2__lr,evaluable,lendingclub_v2,lr,statistical_normalized_average_rank,k20,catboost_shap,method_a_minus_method_b,roc_auc,0.6931326666238238,0.6965421682537228,-0.003409501629899059,-0.004161587785354992,-0.002706297312411707,2000,2000,-9.205432149226102,3.402991302945386e-20,3.402991302945386e-20,3.402991302945386e-20,True,loss,293105,68252,493bf9d2b88b385baf17081f64cea41e9f4f4ff2b1fd479f74d8be323f627c72,4aab7126f7b5566bde6417bfa61ee01da4edb700905fa39fd1fd4209da527985,e455f6dae0c55f6bd47aaeefde05ef6ad1468aa1053f9be7013b109c2b94c162,requested_and_realized_k_matched,"{""method_a"":""budget_satisfied"",""method_b"":""budget_satisfied""}",False,evaluable,not_supported,results/selector_combinations_v1/oot/evaluations/scv1-oot-003-lendingclub_v2-statistical-normalized-average-rank-lr-full-dev-k20-s42.oot_predictions.csv,results/full_baseline_v1/runs/lendingclub_v2/fbv1-027-lendingclub_v2-lr-catboost-shap-s42/predictions_oot.csv,,authentication_validation.json
p14-c-040__lendingclub_v2__lr__statistical_normalized_average_rank__k20__vs__mrmr_mutual_information,combination_vs_mrmr_mutual_information__lendingclub_v2__lr,evaluable,lendingclub_v2,lr,statistical_normalized_average_rank,k20,mrmr_mutual_information,method_a_minus_method_b,roc_auc,0.6931326666238238,0.6859236290968351,0.007209037526988649,0.005944478920833859,0.008414941329459892,2000,2000,11.540842345777897,8.211710202024334e-31,8.211710202024334e-31,8.211710202024334e-31,True,win,293105,68252,493bf9d2b88b385baf17081f64cea41e9f4f4ff2b1fd479f74d8be323f627c72,4aab7126f7b5566bde6417bfa61ee01da4edb700905fa39fd1fd4209da527985,e455f6dae0c55f6bd47aaeefde05ef6ad1468aa1053f9be7013b109c2b94c162,requested_and_realized_k_matched,"{""method_a"":""budget_satisfied"",""method_b"":""budget_satisfied""}",False,evaluable,strong,results/selector_combinations_v1/oot/evaluations/scv1-oot-003-lendingclub_v2-statistical-normalized-average-rank-lr-full-dev-k20-s42.oot_predictions.csv,results/full_baseline_v1/runs/lendingclub_v2/fbv1-015-lendingclub_v2-lr-mrmr-mutual-information-s42/predictions_oot.csv,,authentication_validation.json
p14-c-041__lendingclub_v2__lr__statistical_normalized_average_rank__k20__vs__cross_dataset_rank_voting_v1_primary_pool_200,combination_vs_cross_dataset_rank_voting_v1_primary_pool_200__lendingclub_v2__lr,evaluable,lendingclub_v2,lr,statistical_normalized_average_rank,k20,cross_dataset_rank_voting_v1_primary_pool_200,method_a_minus_method_b,roc_auc,0.6931326666238238,0.6951047947795186,-0.001972128155694808,-0.0026003998312413594,-0.0013293991886638554,2000,2000,-6.083089050460632,1.1788882628057027e-09,1.1788882628057027e-09,1.1788882628057027e-09,True,loss,293105,68252,493bf9d2b88b385baf17081f64cea41e9f4f4ff2b1fd479f74d8be323f627c72,4aab7126f7b5566bde6417bfa61ee01da4edb700905fa39fd1fd4209da527985,e455f6dae0c55f6bd47aaeefde05ef6ad1468aa1053f9be7013b109c2b94c162,not_budget_comparable_external_voting_pool,"{""method_a"":""budget_satisfied"",""method_b"":""external_voting_context""}",True,evaluable,not_supported,results/selector_combinations_v1/oot/evaluations/scv1-oot-003-lendingclub_v2-statistical-normalized-average-rank-lr-full-dev-k20-s42.oot_predictions.csv,results/runs/lendingclub_v2/cdv1-011-lendingclub-v2-voting-k200-lr-s42/results/oot_predictions.csv,,authentication_validation.json
p14-c-042__lendingclub_v2__lr__iv_then_boruta__pool100__vs__iv_woe,combination_vs_iv_woe__lendingclub_v2__lr,evaluable,lendingclub_v2,lr,iv_then_boruta,pool100,iv_woe,method_a_minus_method_b,roc_auc,0.702794958861294,0.6821098791687364,0.020685079692557506,0.019493365217848842,0.02183244792733356,2000,2000,35.01822959610101,1.187830999680923e-268,1.187830999680923e-268,2.375661999361846e-268,True,win,293105,68252,493bf9d2b88b385baf17081f64cea41e9f4f4ff2b1fd479f74d8be323f627c72,4aab7126f7b5566bde6417bfa61ee01da4edb700905fa39fd1fd4209da527985,e455f6dae0c55f6bd47aaeefde05ef6ad1468aa1053f9be7013b109c2b94c162,non_budget_matched_natural_support,"{""method_a"":""natural_support"",""method_b"":""budget_satisfied""}",True,evaluable,strong,results/selector_combinations_v1/oot/evaluations/scv1-oot-007-lendingclub_v2-iv-then-boruta-lr-full-dev-pool100-s42.oot_predictions.csv,results/full_baseline_v1/runs/lendingclub_v2/fbv1-011-lendingclub_v2-lr-iv-woe-s42/predictions_oot.csv,,authentication_validation.json
p14-c-043__lendingclub_v2__lr__iv_then_boruta__pool100__vs__boruta_random_forest,combination_vs_boruta_random_forest__lendingclub_v2__lr,evaluable,lendingclub_v2,lr,iv_then_boruta,pool100,boruta_random_forest,method_a_minus_method_b,roc_auc,0.702794958861294,0.6557476745180499,0.04704728434324401,0.04495576680611197,0.04904378866159843,2000,2000,47.09251231210131,0.0,0.0,0.0,True,win,293105,68252,493bf9d2b88b385baf17081f64cea41e9f4f4ff2b1fd479f74d8be323f627c72,4aab7126f7b5566bde6417bfa61ee01da4edb700905fa39fd1fd4209da527985,e455f6dae0c55f6bd47aaeefde05ef6ad1468aa1053f9be7013b109c2b94c162,non_budget_matched_natural_support,"{""method_a"":""natural_support"",""method_b"":""budget_satisfied""}",True,evaluable,strong,results/selector_combinations_v1/oot/evaluations/scv1-oot-007-lendingclub_v2-iv-then-boruta-lr-full-dev-pool100-s42.oot_predictions.csv,results/full_baseline_v1/runs/lendingclub_v2/fbv1-031-lendingclub_v2-lr-boruta-random-forest-s42/predictions_oot.csv,,authentication_validation.json
p14-c-044__lendingclub_v2__lr__iv_then_boruta__pool200__vs__iv_woe,combination_vs_iv_woe__lendingclub_v2__lr,evaluable,lendingclub_v2,lr,iv_then_boruta,pool200,iv_woe,method_a_minus_method_b,roc_auc,0.7064238240513493,0.6821098791687364,0.024313944882612848,0.02306223166500828,0.0255237117087406,2000,2000,38.135923762877894,3.25465e-318,3.25465e-318,9.763943e-318,True,win,293105,68252,493bf9d2b88b385baf17081f64cea41e9f4f4ff2b1fd479f74d8be323f627c72,4aab7126f7b5566bde6417bfa61ee01da4edb700905fa39fd1fd4209da527985,e455f6dae0c55f6bd47aaeefde05ef6ad1468aa1053f9be7013b109c2b94c162,non_budget_matched_natural_support,"{""method_a"":""natural_support"",""method_b"":""budget_satisfied""}",True,evaluable,strong,results/selector_combinations_v1/oot/evaluations/scv1-oot-011-lendingclub_v2-iv-then-boruta-lr-full-dev-pool200-s42.oot_predictions.csv,results/full_baseline_v1/runs/lendingclub_v2/fbv1-011-lendingclub_v2-lr-iv-woe-s42/predictions_oot.csv,,authentication_validation.json
p14-c-045__lendingclub_v2__lr__iv_then_boruta__pool200__vs__boruta_random_forest,combination_vs_boruta_random_forest__lendingclub_v2__lr,evaluable,lendingclub_v2,lr,iv_then_boruta,pool200,boruta_random_forest,method_a_minus_method_b,roc_auc,0.7064238240513493,0.6557476745180499,0.05067614953329935,0.04851767054678893,0.05266557589213254,2000,2000,50.06044992228214,0.0,0.0,0.0,True,win,293105,68252,493bf9d2b88b385baf17081f64cea41e9f4f4ff2b1fd479f74d8be323f627c72,4aab7126f7b5566bde6417bfa61ee01da4edb700905fa39fd1fd4209da527985,e455f6dae0c55f6bd47aaeefde05ef6ad1468aa1053f9be7013b109c2b94c162,non_budget_matched_natural_support,"{""method_a"":""natural_support"",""method_b"":""budget_satisfied""}",True,evaluable,strong,results/selector_combinations_v1/oot/evaluations/scv1-oot-011-lendingclub_v2-iv-then-boruta-lr-full-dev-pool200-s42.oot_predictions.csv,results/full_baseline_v1/runs/lendingclub_v2/fbv1-031-lendingclub_v2-lr-boruta-random-forest-s42/predictions_oot.csv,,authentication_validation.json
p14-c-046__lendingclub_v2__lr__iv_then_boruta__pool300__vs__iv_woe,combination_vs_iv_woe__lendingclub_v2__lr,evaluable,lendingclub_v2,lr,iv_then_boruta,pool300,iv_woe,method_a_minus_method_b,roc_auc,0.7098034996283789,0.6821098791687364,0.02769362045964241,0.026341186211410718,0.028962617770643937,2000,2000,41.143409294601334,0.0,0.0,0.0,True,win,293105,68252,493bf9d2b88b385baf17081f64cea41e9f4f4ff2b1fd479f74d8be323f627c72,4aab7126f7b5566bde6417bfa61ee01da4edb700905fa39fd1fd4209da527985,e455f6dae0c55f6bd47aaeefde05ef6ad1468aa1053f9be7013b109c2b94c162,non_budget_matched_natural_support,"{""method_a"":""natural_support"",""method_b"":""budget_satisfied""}",True,evaluable,strong,results/selector_combinations_v1/oot/evaluations/scv1-oot-015-lendingclub_v2-iv-then-boruta-lr-full-dev-pool300-s42.oot_predictions.csv,results/full_baseline_v1/runs/lendingclub_v2/fbv1-011-lendingclub_v2-lr-iv-woe-s42/predictions_oot.csv,,authentication_validation.json
p14-c-047__lendingclub_v2__lr__iv_then_boruta__pool300__vs__boruta_random_forest,combination_vs_boruta_random_forest__lendingclub_v2__lr,evaluable,lendingclub_v2,lr,iv_then_boruta,pool300,boruta_random_forest,method_a_minus_method_b,roc_auc,0.7098034996283789,0.6557476745180499,0.054055825110328914,0.051817047351711595,0.056085154495940176,2000,2000,52.41685138370439,0.0,0.0,0.0,True,win,293105,68252,493bf9d2b88b385baf17081f64cea41e9f4f4ff2b1fd479f74d8be323f627c72,4aab7126f7b5566bde6417bfa61ee01da4edb700905fa39fd1fd4209da527985,e455f6dae0c55f6bd47aaeefde05ef6ad1468aa1053f9be7013b109c2b94c162,non_budget_matched_natural_support,"{""method_a"":""natural_support"",""method_b"":""budget_satisfied""}",True,evaluable,strong,results/selector_combinations_v1/oot/evaluations/scv1-oot-015-lendingclub_v2-iv-then-boruta-lr-full-dev-pool300-s42.oot_predictions.csv,results/full_baseline_v1/runs/lendingclub_v2/fbv1-031-lendingclub_v2-lr-boruta-random-forest-s42/predictions_oot.csv,,authentication_validation.json
p14-c-048__lendingclub_v2__lr__boruta_then_mrmr_mutual_information__k20__vs__boruta_random_forest,combination_vs_boruta_random_forest__lendingclub_v2__lr,evaluable,lendingclub_v2,lr,boruta_then_mrmr_mutual_information,k20,boruta_random_forest,method_a_minus_method_b,roc_auc,0.6928691986661497,0.6557476745180499,0.03712152414809977,0.03483132797711571,0.039262523623373825,2000,2000,34.37088811239957,6.866937893459901e-259,6.866937893459901e-259,6.866937893459901e-259,True,win,293105,68252,493bf9d2b88b385baf17081f64cea41e9f4f4ff2b1fd479f74d8be323f627c72,4aab7126f7b5566bde6417bfa61ee01da4edb700905fa39fd1fd4209da527985,e455f6dae0c55f6bd47aaeefde05ef6ad1468aa1053f9be7013b109c2b94c162,requested_and_realized_k_matched,"{""method_a"":""budget_satisfied"",""method_b"":""budget_satisfied""}",False,evaluable,strong,results/selector_combinations_v1/oot/evaluations/scv1-oot-019-lendingclub_v2-boruta-then-mrmr-mutual-information-lr-full-dev-k20-s42.oot_predictions.csv,results/full_baseline_v1/runs/lendingclub_v2/fbv1-031-lendingclub_v2-lr-boruta-random-forest-s42/predictions_oot.csv,,authentication_validation.json
p14-c-049__lendingclub_v2__lr__boruta_then_mrmr_mutual_information__k20__vs__mrmr_mutual_information,combination_vs_mrmr_mutual_information__lendingclub_v2__lr,evaluable,lendingclub_v2,lr,boruta_then_mrmr_mutual_information,k20,mrmr_mutual_information,method_a_minus_method_b,roc_auc,0.6928691986661497,0.6859236290968351,0.00694556956931458,0.005829473839922189,0.008143067706218927,2000,2000,11.824429692654451,2.918782364686781e-32,2.918782364686781e-32,5.837564729373562e-32,True,win,293105,68252,493bf9d2b88b385baf17081f64cea41e9f4f4ff2b1fd479f74d8be323f627c72,4aab7126f7b5566bde6417bfa61ee01da4edb700905fa39fd1fd4209da527985,e455f6dae0c55f6bd47aaeefde05ef6ad1468aa1053f9be7013b109c2b94c162,requested_and_realized_k_matched,"{""method_a"":""budget_satisfied"",""method_b"":""budget_satisfied""}",False,evaluable,strong,results/selector_combinations_v1/oot/evaluations/scv1-oot-019-lendingclub_v2-boruta-then-mrmr-mutual-information-lr-full-dev-k20-s42.oot_predictions.csv,results/full_baseline_v1/runs/lendingclub_v2/fbv1-015-lendingclub_v2-lr-mrmr-mutual-information-s42/predictions_oot.csv,,authentication_validation.json
p14-c-050__lendingclub_v2__lr__boruta_then_rfe_catboost__k20__vs__boruta_random_forest,combination_vs_boruta_random_forest__lendingclub_v2__lr,evaluable,lendingclub_v2,lr,boruta_then_rfe_catboost,k20,boruta_random_forest,method_a_minus_method_b,roc_auc,0.6961693610496306,0.6557476745180499,0.040421686531580625,0.038339407509424286,0.042400340532613046,2000,2000,41.20102848625075,0.0,0.0,0.0,True,win,293105,68252,493bf9d2b88b385baf17081f64cea41e9f4f4ff2b1fd479f74d8be323f627c72,4aab7126f7b5566bde6417bfa61ee01da4edb700905fa39fd1fd4209da527985,e455f6dae0c55f6bd47aaeefde05ef6ad1468aa1053f9be7013b109c2b94c162,requested_and_realized_k_matched,"{""method_a"":""budget_satisfied"",""method_b"":""budget_satisfied""}",False,evaluable,strong,results/selector_combinations_v1/oot/evaluations/scv1-oot-023-lendingclub_v2-boruta-then-rfe-catboost-lr-full-dev-k20-s42.oot_predictions.csv,results/full_baseline_v1/runs/lendingclub_v2/fbv1-031-lendingclub_v2-lr-boruta-random-forest-s42/predictions_oot.csv,,authentication_validation.json
p14-c-051__lendingclub_v2__lr__boruta_then_rfe_catboost__k20__vs__rfe_catboost,combination_vs_rfe_catboost__lendingclub_v2__lr,evaluable,lendingclub_v2,lr,boruta_then_rfe_catboost,k20,rfe_catboost,method_a_minus_method_b,roc_auc,0.6961693610496306,0.6988805926231895,-0.002711231573558903,-0.003215506141592997,-0.0022131578438092186,2000,2000,-10.391668657371953,2.7057729876258534e-25,2.7057729876258534e-25,2.7057729876258534e-25,True,loss,293105,68252,493bf9d2b88b385baf17081f64cea41e9f4f4ff2b1fd479f74d8be323f627c72,4aab7126f7b5566bde6417bfa61ee01da4edb700905fa39fd1fd4209da527985,e455f6dae0c55f6bd47aaeefde05ef6ad1468aa1053f9be7013b109c2b94c162,requested_and_realized_k_matched,"{""method_a"":""budget_satisfied"",""method_b"":""budget_satisfied""}",False,evaluable,not_supported,results/selector_combinations_v1/oot/evaluations/scv1-oot-023-lendingclub_v2-boruta-then-rfe-catboost-lr-full-dev-k20-s42.oot_predictions.csv,results/full_baseline_v1/runs/lendingclub_v2/fbv1-035-lendingclub_v2-lr-rfe-catboost-s42/predictions_oot.csv,,authentication_validation.json
p14-c-052__lendingclub_v2__catboost__statistical_normalized_average_rank__k40__vs__iv_woe,combination_vs_iv_woe__lendingclub_v2__catboost,evaluable,lendingclub_v2,catboost,statistical_normalized_average_rank,k40,iv_woe,method_a_minus_method_b,roc_auc,0.7130278805406559,0.7026727974821896,0.01035508305846633,0.009569857896250231,0.01115237288922112,2000,2000,25.378523809331664,4.354050400749903e-142,4.354050400749903e-142,4.354050400749903e-142,True,win,293105,68252,493bf9d2b88b385baf17081f64cea41e9f4f4ff2b1fd479f74d8be323f627c72,4aab7126f7b5566bde6417bfa61ee01da4edb700905fa39fd1fd4209da527985,e455f6dae0c55f6bd47aaeefde05ef6ad1468aa1053f9be7013b109c2b94c162,requested_and_realized_k_matched,"{""method_a"":""budget_satisfied"",""method_b"":""budget_satisfied""}",False,evaluable,strong,results/selector_combinations_v1/oot/evaluations/scv1-oot-004-lendingclub_v2-statistical-normalized-average-rank-catboost-full-dev-k40-s42.oot_predictions.csv,results/full_baseline_v1/runs/lendingclub_v2/fbv1-012-lendingclub_v2-catboost-iv-woe-s42/predictions_oot.csv,,authentication_validation.json
p14-c-053__lendingclub_v2__catboost__statistical_normalized_average_rank__k40__vs__lasso_l1_logistic,combination_vs_lasso_l1_logistic__lendingclub_v2__catboost,evaluable,lendingclub_v2,catboost,statistical_normalized_average_rank,k40,lasso_l1_logistic,method_a_minus_method_b,roc_auc,0.7130278805406559,0.7096269175074682,0.0034009630331877094,0.002815120217886019,0.00402627639943942,2000,2000,10.662754372815312,1.5202714048841213e-26,1.5202714048841213e-26,1.5202714048841213e-26,True,win,293105,68252,493bf9d2b88b385baf17081f64cea41e9f4f4ff2b1fd479f74d8be323f627c72,4aab7126f7b5566bde6417bfa61ee01da4edb700905fa39fd1fd4209da527985,e455f6dae0c55f6bd47aaeefde05ef6ad1468aa1053f9be7013b109c2b94c162,requested_and_realized_k_matched,"{""method_a"":""budget_satisfied"",""method_b"":""budget_satisfied""}",False,evaluable,strong,results/selector_combinations_v1/oot/evaluations/scv1-oot-004-lendingclub_v2-statistical-normalized-average-rank-catboost-full-dev-k40-s42.oot_predictions.csv,results/full_baseline_v1/runs/lendingclub_v2/fbv1-020-lendingclub_v2-catboost-lasso-l1-logistic-s42/predictions_oot.csv,,authentication_validation.json
p14-c-054__lendingclub_v2__catboost__statistical_normalized_average_rank__k40__vs__rfe_catboost,combination_vs_rfe_catboost__lendingclub_v2__catboost,evaluable,lendingclub_v2,catboost,statistical_normalized_average_rank,k40,rfe_catboost,method_a_minus_method_b,roc_auc,0.7130278805406559,0.7189617673749171,-0.005933886834261215,-0.006622123847241407,-0.005275834989586784,2000,2000,-17.4512222269721,3.369450310215579e-68,3.369450310215579e-68,6.738900620431158e-68,True,loss,293105,68252,493bf9d2b88b385baf17081f64cea41e9f4f4ff2b1fd479f74d8be323f627c72,4aab7126f7b5566bde6417bfa61ee01da4edb700905fa39fd1fd4209da527985,e455f6dae0c55f6bd47aaeefde05ef6ad1468aa1053f9be7013b109c2b94c162,requested_and_realized_k_matched,"{""method_a"":""budget_satisfied"",""method_b"":""budget_satisfied""}",False,evaluable,not_supported,results/selector_combinations_v1/oot/evaluations/scv1-oot-004-lendingclub_v2-statistical-normalized-average-rank-catboost-full-dev-k40-s42.oot_predictions.csv,results/full_baseline_v1/runs/lendingclub_v2/fbv1-036-lendingclub_v2-catboost-rfe-catboost-s42/predictions_oot.csv,,authentication_validation.json
p14-c-055__lendingclub_v2__catboost__statistical_normalized_average_rank__k40__vs__boruta_random_forest,combination_vs_boruta_random_forest__lendingclub_v2__catboost,evaluable,lendingclub_v2,catboost,statistical_normalized_average_rank,k40,boruta_random_forest,method_a_minus_method_b,roc_auc,0.7130278805406559,0.6857472026449051,0.027280677895750838,0.02567583706479965,0.02884887808990388,2000,2000,34.260482908680935,3.044663084826751e-257,3.044663084826751e-257,6.089326169653502e-257,True,win,293105,68252,493bf9d2b88b385baf17081f64cea41e9f4f4ff2b1fd479f74d8be323f627c72,4aab7126f7b5566bde6417bfa61ee01da4edb700905fa39fd1fd4209da527985,e455f6dae0c55f6bd47aaeefde05ef6ad1468aa1053f9be7013b109c2b94c162,requested_and_realized_k_matched,"{""method_a"":""budget_satisfied"",""method_b"":""budget_satisfied""}",False,evaluable,strong,results/selector_combinations_v1/oot/evaluations/scv1-oot-004-lendingclub_v2-statistical-normalized-average-rank-catboost-full-dev-k40-s42.oot_predictions.csv,results/full_baseline_v1/runs/lendingclub_v2/fbv1-032-lendingclub_v2-catboost-boruta-random-forest-s42/predictions_oot.csv,,authentication_validation.json
p14-c-056__lendingclub_v2__catboost__statistical_normalized_average_rank__k40__vs__catboost_shap,combination_vs_catboost_shap__lendingclub_v2__catboost,evaluable,lendingclub_v2,catboost,statistical_normalized_average_rank,k40,catboost_shap,method_a_minus_method_b,roc_auc,0.7130278805406559,0.7151490967691265,-0.0021212162284706126,-0.0028162442762923205,-0.0014546738431221297,2000,2000,-6.090720414075902,1.1240370719032822e-09,1.1240370719032822e-09,1.1240370719032822e-09,True,loss,293105,68252,493bf9d2b88b385baf17081f64cea41e9f4f4ff2b1fd479f74d8be323f627c72,4aab7126f7b5566bde6417bfa61ee01da4edb700905fa39fd1fd4209da527985,e455f6dae0c55f6bd47aaeefde05ef6ad1468aa1053f9be7013b109c2b94c162,requested_and_realized_k_matched,"{""method_a"":""budget_satisfied"",""method_b"":""budget_satisfied""}",False,evaluable,not_supported,results/selector_combinations_v1/oot/evaluations/scv1-oot-004-lendingclub_v2-statistical-normalized-average-rank-catboost-full-dev-k40-s42.oot_predictions.csv,results/full_baseline_v1/runs/lendingclub_v2/fbv1-028-lendingclub_v2-catboost-catboost-shap-s42/predictions_oot.csv,,authentication_validation.json
p14-c-057__lendingclub_v2__catboost__statistical_normalized_average_rank__k40__vs__mrmr_mutual_information,combination_vs_mrmr_mutual_information__lendingclub_v2__catboost,evaluable,lendingclub_v2,catboost,statistical_normalized_average_rank,k40,mrmr_mutual_information,method_a_minus_method_b,roc_auc,0.7130278805406559,0.7020237291842616,0.01100415135639432,0.009903839573815595,0.012086945527444234,2000,2000,19.974139880333333,9.246272996429772e-89,9.246272996429772e-89,1.8492545992859545e-88,True,win,293105,68252,493bf9d2b88b385baf17081f64cea41e9f4f4ff2b1fd479f74d8be323f627c72,4aab7126f7b5566bde6417bfa61ee01da4edb700905fa39fd1fd4209da527985,e455f6dae0c55f6bd47aaeefde05ef6ad1468aa1053f9be7013b109c2b94c162,requested_and_realized_k_matched,"{""method_a"":""budget_satisfied"",""method_b"":""budget_satisfied""}",False,evaluable,strong,results/selector_combinations_v1/oot/evaluations/scv1-oot-004-lendingclub_v2-statistical-normalized-average-rank-catboost-full-dev-k40-s42.oot_predictions.csv,results/full_baseline_v1/runs/lendingclub_v2/fbv1-016-lendingclub_v2-catboost-mrmr-mutual-information-s42/predictions_oot.csv,,authentication_validation.json
p14-c-058__lendingclub_v2__catboost__statistical_normalized_average_rank__k40__vs__cross_dataset_rank_voting_v1_primary_pool_200,combination_vs_cross_dataset_rank_voting_v1_primary_pool_200__lendingclub_v2__catboost,evaluable,lendingclub_v2,catboost,statistical_normalized_average_rank,k40,cross_dataset_rank_voting_v1_primary_pool_200,method_a_minus_method_b,roc_auc,0.7130278805406559,0.7172874421241203,-0.004259561583464411,-0.004952633626761888,-0.0035773058350325074,2000,2000,-12.544229725225723,4.2755147506205784e-36,4.2755147506205784e-36,4.2755147506205784e-36,True,loss,293105,68252,493bf9d2b88b385baf17081f64cea41e9f4f4ff2b1fd479f74d8be323f627c72,4aab7126f7b5566bde6417bfa61ee01da4edb700905fa39fd1fd4209da527985,e455f6dae0c55f6bd47aaeefde05ef6ad1468aa1053f9be7013b109c2b94c162,not_budget_comparable_external_voting_pool,"{""method_a"":""budget_satisfied"",""method_b"":""external_voting_context""}",True,evaluable,not_supported,results/selector_combinations_v1/oot/evaluations/scv1-oot-004-lendingclub_v2-statistical-normalized-average-rank-catboost-full-dev-k40-s42.oot_predictions.csv,results/runs/lendingclub_v2/cdv1-015-lendingclub-v2-voting-k200-catboost-s42/results/oot_predictions.csv,,authentication_validation.json
p14-c-059__lendingclub_v2__catboost__iv_then_boruta__pool100__vs__iv_woe,combination_vs_iv_woe__lendingclub_v2__catboost,evaluable,lendingclub_v2,catboost,iv_then_boruta,pool100,iv_woe,method_a_minus_method_b,roc_auc,0.7131878871405932,0.7026727974821896,0.010515089658403642,0.00977490583167639,0.011221116394115343,2000,2000,27.57760873629342,2.0654592897226132e-167,2.0654592897226132e-167,4.1309185794452264e-167,True,win,293105,68252,493bf9d2b88b385baf17081f64cea41e9f4f4ff2b1fd479f74d8be323f627c72,4aab7126f7b5566bde6417bfa61ee01da4edb700905fa39fd1fd4209da527985,e455f6dae0c55f6bd47aaeefde05ef6ad1468aa1053f9be7013b109c2b94c162,non_budget_matched_natural_support,"{""method_a"":""natural_support"",""method_b"":""budget_satisfied""}",True,evaluable,strong,results/selector_combinations_v1/oot/evaluations/scv1-oot-008-lendingclub_v2-iv-then-boruta-catboost-full-dev-pool100-s42.oot_predictions.csv,results/full_baseline_v1/runs/lendingclub_v2/fbv1-012-lendingclub_v2-catboost-iv-woe-s42/predictions_oot.csv,,authentication_validation.json
p14-c-060__lendingclub_v2__catboost__iv_then_boruta__pool100__vs__boruta_random_forest,combination_vs_boruta_random_forest__lendingclub_v2__catboost,evaluable,lendingclub_v2,catboost,iv_then_boruta,pool100,boruta_random_forest,method_a_minus_method_b,roc_auc,0.7131878871405932,0.6857472026449051,0.02744068449568815,0.025887353111528535,0.029012425724201003,2000,2000,34.892595448406176,9.628482103883953e-267,9.628482103883953e-267,2.888544631165186e-266,True,win,293105,68252,493bf9d2b88b385baf17081f64cea41e9f4f4ff2b1fd479f74d8be323f627c72,4aab7126f7b5566bde6417bfa61ee01da4edb700905fa39fd1fd4209da527985,e455f6dae0c55f6bd47aaeefde05ef6ad1468aa1053f9be7013b109c2b94c162,non_budget_matched_natural_support,"{""method_a"":""natural_support"",""method_b"":""budget_satisfied""}",True,evaluable,strong,results/selector_combinations_v1/oot/evaluations/scv1-oot-008-lendingclub_v2-iv-then-boruta-catboost-full-dev-pool100-s42.oot_predictions.csv,results/full_baseline_v1/runs/lendingclub_v2/fbv1-032-lendingclub_v2-catboost-boruta-random-forest-s42/predictions_oot.csv,,authentication_validation.json
p14-c-061__lendingclub_v2__catboost__iv_then_boruta__pool200__vs__iv_woe,combination_vs_iv_woe__lendingclub_v2__catboost,evaluable,lendingclub_v2,catboost,iv_then_boruta,pool200,iv_woe,method_a_minus_method_b,roc_auc,0.7163105580200355,0.7026727974821896,0.013637760537845933,0.01284592206993356,0.014378684360758112,2000,2000,33.32827873111619,1.5038073896640682e-243,1.5038073896640682e-243,4.5114221689922046e-243,True,win,293105,68252,493bf9d2b88b385baf17081f64cea41e9f4f4ff2b1fd479f74d8be323f627c72,4aab7126f7b5566bde6417bfa61ee01da4edb700905fa39fd1fd4209da527985,e455f6dae0c55f6bd47aaeefde05ef6ad1468aa1053f9be7013b109c2b94c162,non_budget_matched_natural_support,"{""method_a"":""natural_support"",""method_b"":""budget_satisfied""}",True,evaluable,strong,results/selector_combinations_v1/oot/evaluations/scv1-oot-012-lendingclub_v2-iv-then-boruta-catboost-full-dev-pool200-s42.oot_predictions.csv,results/full_baseline_v1/runs/lendingclub_v2/fbv1-012-lendingclub_v2-catboost-iv-woe-s42/predictions_oot.csv,,authentication_validation.json
p14-c-062__lendingclub_v2__catboost__iv_then_boruta__pool200__vs__boruta_random_forest,combination_vs_boruta_random_forest__lendingclub_v2__catboost,evaluable,lendingclub_v2,catboost,iv_then_boruta,pool200,boruta_random_forest,method_a_minus_method_b,roc_auc,0.7163105580200355,0.6857472026449051,0.03056335537513044,0.028996616640007248,0.03211283958679532,2000,2000,38.822616783499214,0.0,0.0,0.0,True,win,293105,68252,493bf9d2b88b385baf17081f64cea41e9f4f4ff2b1fd479f74d8be323f627c72,4aab7126f7b5566bde6417bfa61ee01da4edb700905fa39fd1fd4209da527985,e455f6dae0c55f6bd47aaeefde05ef6ad1468aa1053f9be7013b109c2b94c162,non_budget_matched_natural_support,"{""method_a"":""natural_support"",""method_b"":""budget_satisfied""}",True,evaluable,strong,results/selector_combinations_v1/oot/evaluations/scv1-oot-012-lendingclub_v2-iv-then-boruta-catboost-full-dev-pool200-s42.oot_predictions.csv,results/full_baseline_v1/runs/lendingclub_v2/fbv1-032-lendingclub_v2-catboost-boruta-random-forest-s42/predictions_oot.csv,,authentication_validation.json
p14-c-063__lendingclub_v2__catboost__iv_then_boruta__pool300__vs__iv_woe,combination_vs_iv_woe__lendingclub_v2__catboost,evaluable,lendingclub_v2,catboost,iv_then_boruta,pool300,iv_woe,method_a_minus_method_b,roc_auc,0.7201473492378823,0.7026727974821896,0.01747455175569268,0.016620480466950978,0.01831358535249365,2000,2000,39.57898268851128,0.0,0.0,0.0,True,win,293105,68252,493bf9d2b88b385baf17081f64cea41e9f4f4ff2b1fd479f74d8be323f627c72,4aab7126f7b5566bde6417bfa61ee01da4edb700905fa39fd1fd4209da527985,e455f6dae0c55f6bd47aaeefde05ef6ad1468aa1053f9be7013b109c2b94c162,non_budget_matched_natural_support,"{""method_a"":""natural_support"",""method_b"":""budget_satisfied""}",True,evaluable,strong,results/selector_combinations_v1/oot/evaluations/scv1-oot-016-lendingclub_v2-iv-then-boruta-catboost-full-dev-pool300-s42.oot_predictions.csv,results/full_baseline_v1/runs/lendingclub_v2/fbv1-012-lendingclub_v2-catboost-iv-woe-s42/predictions_oot.csv,,authentication_validation.json
p14-c-064__lendingclub_v2__catboost__iv_then_boruta__pool300__vs__boruta_random_forest,combination_vs_boruta_random_forest__lendingclub_v2__catboost,evaluable,lendingclub_v2,catboost,iv_then_boruta,pool300,boruta_random_forest,method_a_minus_method_b,roc_auc,0.7201473492378823,0.6857472026449051,0.03440014659297719,0.03286287661001354,0.035942721898929574,2000,2000,43.852641537008274,0.0,0.0,0.0,True,win,293105,68252,493bf9d2b88b385baf17081f64cea41e9f4f4ff2b1fd479f74d8be323f627c72,4aab7126f7b5566bde6417bfa61ee01da4edb700905fa39fd1fd4209da527985,e455f6dae0c55f6bd47aaeefde05ef6ad1468aa1053f9be7013b109c2b94c162,non_budget_matched_natural_support,"{""method_a"":""natural_support"",""method_b"":""budget_satisfied""}",True,evaluable,strong,results/selector_combinations_v1/oot/evaluations/scv1-oot-016-lendingclub_v2-iv-then-boruta-catboost-full-dev-pool300-s42.oot_predictions.csv,results/full_baseline_v1/runs/lendingclub_v2/fbv1-032-lendingclub_v2-catboost-boruta-random-forest-s42/predictions_oot.csv,,authentication_validation.json
p14-c-065__lendingclub_v2__catboost__boruta_then_mrmr_mutual_information__k40__vs__boruta_random_forest,combination_vs_boruta_random_forest__lendingclub_v2__catboost,evaluable,lendingclub_v2,catboost,boruta_then_mrmr_mutual_information,k40,boruta_random_forest,method_a_minus_method_b,roc_auc,0.7084530028684359,0.6857472026449051,0.02270580022353086,0.020877261811545072,0.024441540575255133,2000,2000,25.45541697579463,6.148968346641144e-143,6.148968346641144e-143,6.148968346641144e-143,True,win,293105,68252,493bf9d2b88b385baf17081f64cea41e9f4f4ff2b1fd479f74d8be323f627c72,4aab7126f7b5566bde6417bfa61ee01da4edb700905fa39fd1fd4209da527985,e455f6dae0c55f6bd47aaeefde05ef6ad1468aa1053f9be7013b109c2b94c162,requested_and_realized_k_matched,"{""method_a"":""budget_satisfied"",""method_b"":""budget_satisfied""}",False,evaluable,strong,results/selector_combinations_v1/oot/evaluations/scv1-oot-020-lendingclub_v2-boruta-then-mrmr-mutual-information-catboost-full-dev-k40-s42.oot_predictions.csv,results/full_baseline_v1/runs/lendingclub_v2/fbv1-032-lendingclub_v2-catboost-boruta-random-forest-s42/predictions_oot.csv,,authentication_validation.json
p14-c-066__lendingclub_v2__catboost__boruta_then_mrmr_mutual_information__k40__vs__mrmr_mutual_information,combination_vs_mrmr_mutual_information__lendingclub_v2__catboost,evaluable,lendingclub_v2,catboost,boruta_then_mrmr_mutual_information,k40,mrmr_mutual_information,method_a_minus_method_b,roc_auc,0.7084530028684359,0.7020237291842616,0.006429273684174341,0.005358661672973092,0.007492288410549391,2000,2000,11.94486277398435,6.9064249776944e-33,6.9064249776944e-33,6.9064249776944e-33,True,win,293105,68252,493bf9d2b88b385baf17081f64cea41e9f4f4ff2b1fd479f74d8be323f627c72,4aab7126f7b5566bde6417bfa61ee01da4edb700905fa39fd1fd4209da527985,e455f6dae0c55f6bd47aaeefde05ef6ad1468aa1053f9be7013b109c2b94c162,requested_and_realized_k_matched,"{""method_a"":""budget_satisfied"",""method_b"":""budget_satisfied""}",False,evaluable,strong,results/selector_combinations_v1/oot/evaluations/scv1-oot-020-lendingclub_v2-boruta-then-mrmr-mutual-information-catboost-full-dev-k40-s42.oot_predictions.csv,results/full_baseline_v1/runs/lendingclub_v2/fbv1-016-lendingclub_v2-catboost-mrmr-mutual-information-s42/predictions_oot.csv,,authentication_validation.json
p14-c-067__lendingclub_v2__catboost__boruta_then_rfe_catboost__k40__vs__boruta_random_forest,combination_vs_boruta_random_forest__lendingclub_v2__catboost,evaluable,lendingclub_v2,catboost,boruta_then_rfe_catboost,k40,boruta_random_forest,method_a_minus_method_b,roc_auc,0.7174437632984103,0.6857472026449051,0.031696560653505235,0.03010164020301423,0.03328370557199706,2000,2000,39.41687283546864,0.0,0.0,0.0,True,win,293105,68252,493bf9d2b88b385baf17081f64cea41e9f4f4ff2b1fd479f74d8be323f627c72,4aab7126f7b5566bde6417bfa61ee01da4edb700905fa39fd1fd4209da527985,e455f6dae0c55f6bd47aaeefde05ef6ad1468aa1053f9be7013b109c2b94c162,requested_and_realized_k_matched,"{""method_a"":""budget_satisfied"",""method_b"":""budget_satisfied""}",False,evaluable,strong,results/selector_combinations_v1/oot/evaluations/scv1-oot-024-lendingclub_v2-boruta-then-rfe-catboost-catboost-full-dev-k40-s42.oot_predictions.csv,results/full_baseline_v1/runs/lendingclub_v2/fbv1-032-lendingclub_v2-catboost-boruta-random-forest-s42/predictions_oot.csv,,authentication_validation.json
p14-c-068__lendingclub_v2__catboost__boruta_then_rfe_catboost__k40__vs__rfe_catboost,combination_vs_rfe_catboost__lendingclub_v2__catboost,evaluable,lendingclub_v2,catboost,boruta_then_rfe_catboost,k40,rfe_catboost,method_a_minus_method_b,roc_auc,0.7174437632984103,0.7189617673749171,-0.0015180040765068181,-0.002026663218741456,-0.0010095580961925628,2000,2000,-5.732618661845261,9.889180276198094e-09,9.889180276198094e-09,9.889180276198094e-09,True,loss,293105,68252,493bf9d2b88b385baf17081f64cea41e9f4f4ff2b1fd479f74d8be323f627c72,4aab7126f7b5566bde6417bfa61ee01da4edb700905fa39fd1fd4209da527985,e455f6dae0c55f6bd47aaeefde05ef6ad1468aa1053f9be7013b109c2b94c162,requested_and_realized_k_matched,"{""method_a"":""budget_satisfied"",""method_b"":""budget_satisfied""}",False,evaluable,not_supported,results/selector_combinations_v1/oot/evaluations/scv1-oot-024-lendingclub_v2-boruta-then-rfe-catboost-catboost-full-dev-k40-s42.oot_predictions.csv,results/full_baseline_v1/runs/lendingclub_v2/fbv1-036-lendingclub_v2-catboost-rfe-catboost-s42/predictions_oot.csv,,authentication_validation.json
