path,size_bytes,sha256
results/README.md,1828,55f059c6dd175361a75c3987c4b6bbe55e90a9ff65103259577e35a8b54a78df
results/run_index.csv,9277,eb6702c01fb4fce799301970bc01ccb89e72b8e24482e92f9606eff38545cec7
results/run_index.csv.lock,1,6e340b9cffb37a989ca544e6bb780a2c78901d3fb33738768511a30617afa01d
results/runs/homecredit/cdv1-001-homecredit-reference-rf-corr-mrmr-lr-s42/checkpoint.json,55739,cb28ff95481c5ed983c9318a3efafa5f69cb2d5e1d3456283e98cca9c618bb94
results/runs/homecredit/cdv1-001-homecredit-reference-rf-corr-mrmr-lr-s42/config.json,1734,790afc83b30ad1cfd2b7d351060f79091fdebd41b8d932afd3b44f776e31c800
results/runs/homecredit/cdv1-001-homecredit-reference-rf-corr-mrmr-lr-s42/data_access_dev.json,9866,6bc03e5485eccb76e15d3d57d7bf558073fdd9deec487afae9062d8ba74366d9
results/runs/homecredit/cdv1-001-homecredit-reference-rf-corr-mrmr-lr-s42/features/feature_stability_metrics.csv,126,eaebe157c444f6bf196e5e15e52e1781f4168b522ca7f74f33d3af4650652b76
results/runs/homecredit/cdv1-001-homecredit-reference-rf-corr-mrmr-lr-s42/features/fold_selected_features.csv,2612,7140c03e9ce233d1d719cc5fa4d03c3f877214eb1dca42c93537dae6d3591309
results/runs/homecredit/cdv1-001-homecredit-reference-rf-corr-mrmr-lr-s42/folds/fold_1/aggregate_ranking.csv,35355,21af7fc4d0a545031ad4b0bafa32427e96ca1d1cf3d48f080e319f3ad906d084
results/runs/homecredit/cdv1-001-homecredit-reference-rf-corr-mrmr-lr-s42/folds/fold_1/candidate_features.csv,489,aa76938316cc62844d64cdbf1a80dfdc48edb996996494543fab85f60b583ab9
results/runs/homecredit/cdv1-001-homecredit-reference-rf-corr-mrmr-lr-s42/folds/fold_1/effective_model_config.json,1258,dd24f560824b4e7a61b926b8aa9bba257b319537d657448933ffe6d17d567eb5
results/runs/homecredit/cdv1-001-homecredit-reference-rf-corr-mrmr-lr-s42/folds/fold_1/prediction_metadata.json,1958,b52dcd2631087b4fe473f9bd77b58d1a2bc4b500e21cfb9d00b7a15a2a21ecfd
results/runs/homecredit/cdv1-001-homecredit-reference-rf-corr-mrmr-lr-s42/folds/fold_1/predictions_dev.csv,3087075,3565930ec5a880cb4bee283ab4b5e2c3c0c984ec438b8ce1f7531c43878cb6c3
results/runs/homecredit/cdv1-001-homecredit-reference-rf-corr-mrmr-lr-s42/folds/fold_1/rfe_selection_trace.csv,598,0f05146f65d2988e1ef019c4fdb64c5aab03f039f5a6d25b1bbdfbf87bc6cbf9
results/runs/homecredit/cdv1-001-homecredit-reference-rf-corr-mrmr-lr-s42/folds/fold_1/selected_features.csv,537,f0f74c16ffd12df7c9856a3de20e364cb79f76c59cdd76bee98d489998ebcea0
results/runs/homecredit/cdv1-001-homecredit-reference-rf-corr-mrmr-lr-s42/folds/fold_1/voter_rankings.csv,71661,33e5d6679229cd8ed8efb65501ba5c734b40e0de63a27a3a8aa51e8897c683b0
results/runs/homecredit/cdv1-001-homecredit-reference-rf-corr-mrmr-lr-s42/folds/fold_2/aggregate_ranking.csv,35539,4d6e2f088eb7974613109726cea485aa0a95eea8f9997b3f329e5afaade75c3c
results/runs/homecredit/cdv1-001-homecredit-reference-rf-corr-mrmr-lr-s42/folds/fold_2/candidate_features.csv,509,1eb41a2d9729b8ffddcc000a5b5ddef07c7686afcb6943dc019b2bee18a0bb48
results/runs/homecredit/cdv1-001-homecredit-reference-rf-corr-mrmr-lr-s42/folds/fold_2/effective_model_config.json,1258,dd24f560824b4e7a61b926b8aa9bba257b319537d657448933ffe6d17d567eb5
results/runs/homecredit/cdv1-001-homecredit-reference-rf-corr-mrmr-lr-s42/folds/fold_2/prediction_metadata.json,1958,cb6241f2b964746e817c1c17f5ee29598a0006d32f8c698da5c58732802ffcc3
results/runs/homecredit/cdv1-001-homecredit-reference-rf-corr-mrmr-lr-s42/folds/fold_2/predictions_dev.csv,3071599,006fa2175f2b06aab43107a2b012b8cd23935c02067512bb70b4f87ecd9fccf6
results/runs/homecredit/cdv1-001-homecredit-reference-rf-corr-mrmr-lr-s42/folds/fold_2/rfe_selection_trace.csv,618,b875e39af0c8892a0310503c5b0368cb0c3641e0b70f3ffafc97849eaee78418
results/runs/homecredit/cdv1-001-homecredit-reference-rf-corr-mrmr-lr-s42/folds/fold_2/selected_features.csv,557,f82eee30a61adf4390add1d9ab3b5a026d2f03a4323d4171b070e63e8100a529
results/runs/homecredit/cdv1-001-homecredit-reference-rf-corr-mrmr-lr-s42/folds/fold_2/voter_rankings.csv,71845,ad0e9b1ffed4cc0d1fac0aaf0b61abfc36f8d844e4ee64691e52348217082e01
results/runs/homecredit/cdv1-001-homecredit-reference-rf-corr-mrmr-lr-s42/folds/fold_3/aggregate_ranking.csv,35554,1ef7fc55f028e2c764bb2827f4150d6e846079a440f92d8d48c547b5322b80c9
results/runs/homecredit/cdv1-001-homecredit-reference-rf-corr-mrmr-lr-s42/folds/fold_3/candidate_features.csv,497,2475fccd2b37ae7672a52c48608dd89cee7f2805eac7771b8dd1ed8a3e48e741
results/runs/homecredit/cdv1-001-homecredit-reference-rf-corr-mrmr-lr-s42/folds/fold_3/effective_model_config.json,1258,dd24f560824b4e7a61b926b8aa9bba257b319537d657448933ffe6d17d567eb5
results/runs/homecredit/cdv1-001-homecredit-reference-rf-corr-mrmr-lr-s42/folds/fold_3/prediction_metadata.json,1958,3fc02737b2aa519f6a0e7f22ae82b0d5e7b811fd5ef7c156441d607984347f79
results/runs/homecredit/cdv1-001-homecredit-reference-rf-corr-mrmr-lr-s42/folds/fold_3/predictions_dev.csv,3027737,2bab6ab370e72abb827cc0bdacf8eeeb5216d103a1b9395ee18cb60692186e84
results/runs/homecredit/cdv1-001-homecredit-reference-rf-corr-mrmr-lr-s42/folds/fold_3/rfe_selection_trace.csv,606,0df385af742653f0018957002f6b8dd66bff86bc2d591f7b7cfe37a3e767e492
results/runs/homecredit/cdv1-001-homecredit-reference-rf-corr-mrmr-lr-s42/folds/fold_3/selected_features.csv,545,74750c3e6fbee1d8c0166eaa6cf061c485269216788c87899f0bae8a6f894408
results/runs/homecredit/cdv1-001-homecredit-reference-rf-corr-mrmr-lr-s42/folds/fold_3/voter_rankings.csv,71860,bfbc324fb5755bf61b9f97ccea642b72ae26f63a94d6066a8caaacf1a38e3124
results/runs/homecredit/cdv1-001-homecredit-reference-rf-corr-mrmr-lr-s42/folds/fold_4/aggregate_ranking.csv,35595,98b730d13f58449422c6dfb0a556adf242d35d10de367f9f57de83c50b3c518b
results/runs/homecredit/cdv1-001-homecredit-reference-rf-corr-mrmr-lr-s42/folds/fold_4/candidate_features.csv,505,d06f066a2ce066c6732ef8fd6ac25ed24d81a0f1c78a3f7693e64f70b28faff9
results/runs/homecredit/cdv1-001-homecredit-reference-rf-corr-mrmr-lr-s42/folds/fold_4/effective_model_config.json,1258,dd24f560824b4e7a61b926b8aa9bba257b319537d657448933ffe6d17d567eb5
results/runs/homecredit/cdv1-001-homecredit-reference-rf-corr-mrmr-lr-s42/folds/fold_4/prediction_metadata.json,1958,df8769221283adf6aca4f07bf1033ced60c36c0cd0043d4a0546ca2cd359105d
results/runs/homecredit/cdv1-001-homecredit-reference-rf-corr-mrmr-lr-s42/folds/fold_4/predictions_dev.csv,3069277,a8da5844f241686f0d0ecaa876a58bdd21cdd7759c3ecd0fe480a2d4d3fcc374
results/runs/homecredit/cdv1-001-homecredit-reference-rf-corr-mrmr-lr-s42/folds/fold_4/rfe_selection_trace.csv,614,8191395e7ee2477e7aed03beb4f709580366ac8ed4306435884877a4e65db785
results/runs/homecredit/cdv1-001-homecredit-reference-rf-corr-mrmr-lr-s42/folds/fold_4/selected_features.csv,553,952242d03c6259eef8dff5b189ca10023a090b563dbf6d674d8fe4e5037bdf9f
results/runs/homecredit/cdv1-001-homecredit-reference-rf-corr-mrmr-lr-s42/folds/fold_4/voter_rankings.csv,71901,425e34658186268b18a23fdf55177b2deb635d346875eb6e82b5f3182623348b
results/runs/homecredit/cdv1-001-homecredit-reference-rf-corr-mrmr-lr-s42/folds/fold_5/aggregate_ranking.csv,35559,df84e508c4537d32dbd110609049c67aa8b3f5dddb7a550776a6f76934a85579
results/runs/homecredit/cdv1-001-homecredit-reference-rf-corr-mrmr-lr-s42/folds/fold_5/candidate_features.csv,500,b619cab19c3b7d6571f93258ecf031ff0a4344a5cd29843ff40bd06d7294b5ba
results/runs/homecredit/cdv1-001-homecredit-reference-rf-corr-mrmr-lr-s42/folds/fold_5/effective_model_config.json,1258,dd24f560824b4e7a61b926b8aa9bba257b319537d657448933ffe6d17d567eb5
results/runs/homecredit/cdv1-001-homecredit-reference-rf-corr-mrmr-lr-s42/folds/fold_5/prediction_metadata.json,1958,df66562f1bce6a7504c3782f61d4ca220a2fe739eea931e7267ff8d6822ba0d4
results/runs/homecredit/cdv1-001-homecredit-reference-rf-corr-mrmr-lr-s42/folds/fold_5/predictions_dev.csv,3002199,71aa6efe11990edc261c5005deec9cb6ae0fb4ebb20ebd0e3d99b3037735df66
results/runs/homecredit/cdv1-001-homecredit-reference-rf-corr-mrmr-lr-s42/folds/fold_5/rfe_selection_trace.csv,609,d61de6fe88b6ecd8cfa32564c41c2b23c3b4eec881b41421c98499d34c09e0aa
results/runs/homecredit/cdv1-001-homecredit-reference-rf-corr-mrmr-lr-s42/folds/fold_5/selected_features.csv,548,6204303dd20154642395599630207df9db2550735421aa7bf05481a17fe25179
results/runs/homecredit/cdv1-001-homecredit-reference-rf-corr-mrmr-lr-s42/folds/fold_5/voter_rankings.csv,71865,db455fd66b13b063615e0ef5406465d8c62b6108448f60355a04980ce5ca24da
results/runs/homecredit/cdv1-001-homecredit-reference-rf-corr-mrmr-lr-s42/incomplete/attempt_history/attempt_01_resource_usage.json,1552,fd7a456b68906c1e492bac0c34496bed70e0fe9d4076983c53fe0cd0db04e76e
results/runs/homecredit/cdv1-001-homecredit-reference-rf-corr-mrmr-lr-s42/manifest.json,9486,5fdaebb73d0aba97480b57d78141658015910513fced4d1db13f06516abcf5af
results/runs/homecredit/cdv1-001-homecredit-reference-rf-corr-mrmr-lr-s42/preflight.json,4809,0ab71cce202b21c84a4e8ef0e4ad0ceda7aa293358ecdd85ebf680f93e041712
results/runs/homecredit/cdv1-001-homecredit-reference-rf-corr-mrmr-lr-s42/resource_usage.json,747497,cb28096a23e5b52f5a6a2f599cc0a156a607944acddbb8a34b10e6d0098b2373
results/runs/homecredit/cdv1-001-homecredit-reference-rf-corr-mrmr-lr-s42/results/dev_fold_metrics.csv,1496,29c865e93146dcdd0c5faefd86e9f04839731419194ed2108a0cc1adeb1aa1f8
results/runs/homecredit/cdv1-001-homecredit-reference-rf-corr-mrmr-lr-s42/results/dev_prediction_metadata.json,2068,fb159b627516ed8074c10b8e00da5b53b71eb9e2d35cb21c4df5173636d40627
results/runs/homecredit/cdv1-001-homecredit-reference-rf-corr-mrmr-lr-s42/results/dev_predictions.csv,15472547,9d1566dbf3c5665e30ac6c81e41cce1799135b9c526c0172bade05c93defa927
results/runs/homecredit/cdv1-001-homecredit-reference-rf-corr-mrmr-lr-s42/run.log,3330,c69284bc649caf1960dcbd34738837f775757db9184b0f6e1a49cdedd84d8705
results/runs/homecredit/cdv1-001-homecredit-reference-rf-corr-mrmr-lr-s42/run_manifest.json,9486,5fdaebb73d0aba97480b57d78141658015910513fced4d1db13f06516abcf5af
results/runs/homecredit/cdv1-002-homecredit-voting-k100-lr-s42/checkpoint.json,59105,b34db5a3330a726070f829e22f9ba83bff8b4b0eb0818a0e4ae7bc6e9364f905
results/runs/homecredit/cdv1-002-homecredit-voting-k100-lr-s42/config.json,1734,433595fbc52493485fd2f5323df3dbc77b536fb025056c5bdfe88fe9e9e3102d
results/runs/homecredit/cdv1-002-homecredit-voting-k100-lr-s42/data_access_dev.json,9866,6bc03e5485eccb76e15d3d57d7bf558073fdd9deec487afae9062d8ba74366d9
results/runs/homecredit/cdv1-002-homecredit-voting-k100-lr-s42/features/feature_stability_metrics.csv,113,67756f7ed8eb42b8f65be366a89ea0d0bea8a73dc284e29089efd6673db280c2
results/runs/homecredit/cdv1-002-homecredit-voting-k100-lr-s42/features/fold_selected_features.csv,2726,6683e16f4f3f02bed2f2548065a68f5d384a57c8ad662c0fde55c01fe4937d59
results/runs/homecredit/cdv1-002-homecredit-voting-k100-lr-s42/folds/fold_1/aggregate_ranking.csv,93519,58f0a5fff3ab765c89d47c9f567b9efe0921d44d20730ad9a136a59753e8c91e
results/runs/homecredit/cdv1-002-homecredit-voting-k100-lr-s42/folds/fold_1/candidate_features.csv,2879,71d41af9cd36cda0bb035c8355a3784a34954d23ac6eb005d6fb5956abbf9f69
results/runs/homecredit/cdv1-002-homecredit-voting-k100-lr-s42/folds/fold_1/effective_model_config.json,1568,43fb73f4227b6db7113faab6fad0392a6af6a9eeb68bca24b20f08d611540c52
results/runs/homecredit/cdv1-002-homecredit-voting-k100-lr-s42/folds/fold_1/prediction_metadata.json,1938,4435bd7abdc7a187a5c675f66238b34e500b02d0dd9c912083f31f3a755822ed
results/runs/homecredit/cdv1-002-homecredit-voting-k100-lr-s42/folds/fold_1/predictions_dev.csv,2936564,dd9c939794a5bee0cb30da883d3bf9483c3f98e6002ff4dcdcf6c4dd9ee6985c
results/runs/homecredit/cdv1-002-homecredit-voting-k100-lr-s42/folds/fold_1/rfe_selection_trace.csv,3979,225f605aa27874858d118c893d8a9b11fe6bc0437c3ee0ec26085bd079c8cb44
results/runs/homecredit/cdv1-002-homecredit-voting-k100-lr-s42/folds/fold_1/selected_features.csv,602,64325da0764b652c2e2af950a2e638dbc5b9659de2550c6930b7b70ecc06e036
results/runs/homecredit/cdv1-002-homecredit-voting-k100-lr-s42/folds/fold_1/voter_rankings.csv,736095,5a9f575b6c57d45d77affae05be481c987a23b64d8e933b56787ae9ef7a1843d
results/runs/homecredit/cdv1-002-homecredit-voting-k100-lr-s42/folds/fold_2/aggregate_ranking.csv,93461,b9f0eeb938bfa748c7301c93cf1fc2ccdd62624f095a21a3ccbfccf42b7e7f1d
results/runs/homecredit/cdv1-002-homecredit-voting-k100-lr-s42/folds/fold_2/candidate_features.csv,2843,76a2eaf73b4c4fd44e183d42fa912375f3b67c62966f9225d1c3325a8ee018cc
results/runs/homecredit/cdv1-002-homecredit-voting-k100-lr-s42/folds/fold_2/effective_model_config.json,1568,43fb73f4227b6db7113faab6fad0392a6af6a9eeb68bca24b20f08d611540c52
results/runs/homecredit/cdv1-002-homecredit-voting-k100-lr-s42/folds/fold_2/prediction_metadata.json,1938,ab01b44f9a2851503b99b12e5e42274f4d2d78814ccffa58c78e1e8989a87c4e
results/runs/homecredit/cdv1-002-homecredit-voting-k100-lr-s42/folds/fold_2/predictions_dev.csv,2922141,718572cda9ed7c21ec7d92ee2fb944d35401f28f32a059ff589db0330a448edd
results/runs/homecredit/cdv1-002-homecredit-voting-k100-lr-s42/folds/fold_2/rfe_selection_trace.csv,3943,9b25cb302eaf170a2f53cbcc68b0e8a7255d686754a9fae0c3813e6b578ea8bd
results/runs/homecredit/cdv1-002-homecredit-voting-k100-lr-s42/folds/fold_2/selected_features.csv,564,d66c5a9b4b0d441d18db1b6490a9913618d88921df7e8ba15a64858542a39280
results/runs/homecredit/cdv1-002-homecredit-voting-k100-lr-s42/folds/fold_2/voter_rankings.csv,736279,a7517a010ff34fa99acf5ebd950543eb089e493cbe7d06cdb744e6447fb18763
results/runs/homecredit/cdv1-002-homecredit-voting-k100-lr-s42/folds/fold_3/aggregate_ranking.csv,93396,ae643cd432958fc2d4cc21faba0faabc7848b3b83425ef513a04a77cb5f370b5
results/runs/homecredit/cdv1-002-homecredit-voting-k100-lr-s42/folds/fold_3/candidate_features.csv,2841,d87a1cdd8076f3b56f7a1a9a82af468370d7bb2cd84dc2206f8d1423cdbe3a6d
results/runs/homecredit/cdv1-002-homecredit-voting-k100-lr-s42/folds/fold_3/effective_model_config.json,1568,43fb73f4227b6db7113faab6fad0392a6af6a9eeb68bca24b20f08d611540c52
results/runs/homecredit/cdv1-002-homecredit-voting-k100-lr-s42/folds/fold_3/prediction_metadata.json,1938,81322c10234d9aa6471f47c91d92cedc437b6732c02a9dfa84a1753f6a8a365b
results/runs/homecredit/cdv1-002-homecredit-voting-k100-lr-s42/folds/fold_3/predictions_dev.csv,2880159,faeaa5f1c1b6735a86ac4e391aa143e0845f9ed8c1e724547f9027335927a9b1
results/runs/homecredit/cdv1-002-homecredit-voting-k100-lr-s42/folds/fold_3/rfe_selection_trace.csv,3941,c644ed9aa8bac87b3548f528593993ee4d45d3b6aa20e54efbe74de18945bf65
results/runs/homecredit/cdv1-002-homecredit-voting-k100-lr-s42/folds/fold_3/selected_features.csv,562,c21958c638bf996469ba5282c77f1586feb4e11212de4287a92333946608488c
results/runs/homecredit/cdv1-002-homecredit-voting-k100-lr-s42/folds/fold_3/voter_rankings.csv,736294,2076d98046e292cc614007535aa73816f8e397019a3c2f3d502c5d0809825058
results/runs/homecredit/cdv1-002-homecredit-voting-k100-lr-s42/folds/fold_4/aggregate_ranking.csv,93506,bc91e0691525bd7342050df4f0978bf95ca361032bb301925ba64e743054dda1
results/runs/homecredit/cdv1-002-homecredit-voting-k100-lr-s42/folds/fold_4/candidate_features.csv,2859,b02ccca17316441dc559f17e9f8ac8488b41375437a6dc357f5e1a73a534bae6
results/runs/homecredit/cdv1-002-homecredit-voting-k100-lr-s42/folds/fold_4/effective_model_config.json,1568,43fb73f4227b6db7113faab6fad0392a6af6a9eeb68bca24b20f08d611540c52
results/runs/homecredit/cdv1-002-homecredit-voting-k100-lr-s42/folds/fold_4/prediction_metadata.json,1938,9c699857cae90684a31b78a6ea85ef87739985b4c70d95f61406214b94263d85
results/runs/homecredit/cdv1-002-homecredit-voting-k100-lr-s42/folds/fold_4/predictions_dev.csv,2919488,86d4c96ca950dc414c917e95cf81fc69f534d55bc0f65b22ddcebdcbd193bb41
results/runs/homecredit/cdv1-002-homecredit-voting-k100-lr-s42/folds/fold_4/rfe_selection_trace.csv,3959,7b6a6304a1eba7ba476f697b1205e57b7e386840374a8adb34aed008c2ce6aba
results/runs/homecredit/cdv1-002-homecredit-voting-k100-lr-s42/folds/fold_4/selected_features.csv,575,d7232d6375909b537c3d7428d7f91eec0cfec1edd5cfd9e50ff5935d0432c09c
results/runs/homecredit/cdv1-002-homecredit-voting-k100-lr-s42/folds/fold_4/voter_rankings.csv,736335,237d5b9289769249422a3f943451a72f5fed5a8d6f948dda6498b5a1b4322f73
results/runs/homecredit/cdv1-002-homecredit-voting-k100-lr-s42/folds/fold_5/aggregate_ranking.csv,93484,f93e44678cb2b24c1df23544372edb5b7b62dd16ee9ef7dd200545b1d0895eb1
results/runs/homecredit/cdv1-002-homecredit-voting-k100-lr-s42/folds/fold_5/candidate_features.csv,2838,94744e9c6c841c5402da14a2dbad94172ac7f47f50be70d9364175bae8f46878
results/runs/homecredit/cdv1-002-homecredit-voting-k100-lr-s42/folds/fold_5/effective_model_config.json,1568,549c1e8e9d4009441ff2633ccea3e7573473553bd292fb3b01b7967d501c75cf
results/runs/homecredit/cdv1-002-homecredit-voting-k100-lr-s42/folds/fold_5/prediction_metadata.json,1938,32a426cccffcbd9d852cf15ae2fb5a58a54cea1e849dc114ac563febe24202f6
results/runs/homecredit/cdv1-002-homecredit-voting-k100-lr-s42/folds/fold_5/predictions_dev.csv,2855866,9797c1e887fac87df739e059e2e6ee8fb31faaee94049469e17c28cf8217b3b4
results/runs/homecredit/cdv1-002-homecredit-voting-k100-lr-s42/folds/fold_5/rfe_selection_trace.csv,3938,657f90031fba99a6a33606200fd03629de4bbd667aead7f21145ad40ffea5dfa
results/runs/homecredit/cdv1-002-homecredit-voting-k100-lr-s42/folds/fold_5/selected_features.csv,551,b84b3a80a4411c100c11121c6bd96076957208882752e7156e881646dcd59b58
results/runs/homecredit/cdv1-002-homecredit-voting-k100-lr-s42/folds/fold_5/voter_rankings.csv,736299,7f18ce5f0a9ec2973abd8228f1e07e7f8fc671323467535623c24a7ce85d9f7f
results/runs/homecredit/cdv1-002-homecredit-voting-k100-lr-s42/manifest.json,9319,33347f77bd6ff8714a8edaab3cce90ddd057e500af2bde3a397ea011c163b2e7
results/runs/homecredit/cdv1-002-homecredit-voting-k100-lr-s42/preflight.json,4808,1e99308a69679af64d52003b4ec112eff20f407a279eccd242eeab3d5ab0c5e6
results/runs/homecredit/cdv1-002-homecredit-voting-k100-lr-s42/resource_usage.json,2093571,f8b8322f42415fb4e135d88423d11a855d49ceb43f6d4b6a61b39b86df9faaa3
results/runs/homecredit/cdv1-002-homecredit-voting-k100-lr-s42/results/dev_fold_metrics.csv,1500,be2bb2ce0e31fae10e0b2bc56deee5123c21e8d8d485b433decdc3d9abd07009
results/runs/homecredit/cdv1-002-homecredit-voting-k100-lr-s42/results/dev_prediction_metadata.json,2048,f0d6b9f1f2737fa2e4f3fc6c8e1b444d80e5b6c2926d03ccbc982c3306b8312e
results/runs/homecredit/cdv1-002-homecredit-voting-k100-lr-s42/results/dev_predictions.csv,14729088,4944809077fca72fd70386a7ce6faf5afbeab72650d847da5af7d6f3f3992a65
results/runs/homecredit/cdv1-002-homecredit-voting-k100-lr-s42/run.log,5377,da4c1f6978514138bdd6d5ac999acb6842aedfe9d4465cb76ed3ac4715a86b60
results/runs/homecredit/cdv1-002-homecredit-voting-k100-lr-s42/run_manifest.json,9319,33347f77bd6ff8714a8edaab3cce90ddd057e500af2bde3a397ea011c163b2e7
results/runs/homecredit/cdv1-003-homecredit-voting-k200-lr-s42/checkpoint.json,59105,aa4a29440f8f5d7068974f62cd024f701214fc057ee48437df9ce3d98a969e7c
results/runs/homecredit/cdv1-003-homecredit-voting-k200-lr-s42/config.json,1730,66e0a485f04ed999dc9cb72625d4efc9645f102a45b185af211eca51c769aebb
results/runs/homecredit/cdv1-003-homecredit-voting-k200-lr-s42/data_access_dev.json,9866,6bc03e5485eccb76e15d3d57d7bf558073fdd9deec487afae9062d8ba74366d9
results/runs/homecredit/cdv1-003-homecredit-voting-k200-lr-s42/features/feature_stability_metrics.csv,112,5d434179ad82fb9f7e9b4892fe7702c2235cf7fd9e294be53114bec5531e3d78
results/runs/homecredit/cdv1-003-homecredit-voting-k200-lr-s42/features/fold_selected_features.csv,2633,767562722bf08a6af8e3c627f325ed6e13f9dda22b24355f473327c3bfbe2bd6
results/runs/homecredit/cdv1-003-homecredit-voting-k200-lr-s42/folds/fold_1/aggregate_ranking.csv,93419,221387c1a1c9e71a3a4933e016884c33ef5af3ae40ecfb6dd31d5995f60553f7
results/runs/homecredit/cdv1-003-homecredit-voting-k200-lr-s42/folds/fold_1/candidate_features.csv,5938,6612ca97ff305c70a16d5d17aca5eaa33a050eac7112b21c7d3b3d78e5a6ff30
results/runs/homecredit/cdv1-003-homecredit-voting-k200-lr-s42/folds/fold_1/effective_model_config.json,1568,43fb73f4227b6db7113faab6fad0392a6af6a9eeb68bca24b20f08d611540c52
results/runs/homecredit/cdv1-003-homecredit-voting-k200-lr-s42/folds/fold_1/prediction_metadata.json,1938,3c2bf0b9b990fd059ded37fc973d5146ad5a6612e7242883f53a64f3491e2d3c
results/runs/homecredit/cdv1-003-homecredit-voting-k200-lr-s42/folds/fold_1/predictions_dev.csv,2936808,3b8a680b799763733b08cbe02c0676b0531a4666e79718d49388aebb88ec21d3
results/runs/homecredit/cdv1-003-homecredit-voting-k200-lr-s42/folds/fold_1/rfe_selection_trace.csv,8238,e4848fd9ca091b3dc7556afd0aae0daad9dd7713ae9da804c0cb3a069dfb0f84
results/runs/homecredit/cdv1-003-homecredit-voting-k200-lr-s42/folds/fold_1/selected_features.csv,569,807106c2814b61b79429ca909969256fe502606180b814ea37162a4b77390a6b
results/runs/homecredit/cdv1-003-homecredit-voting-k200-lr-s42/folds/fold_1/voter_rankings.csv,736095,5a9f575b6c57d45d77affae05be481c987a23b64d8e933b56787ae9ef7a1843d
results/runs/homecredit/cdv1-003-homecredit-voting-k200-lr-s42/folds/fold_2/aggregate_ranking.csv,93361,9d27b0341d73a480950d31f33d2262fbb65d33050a3b0551519d4f6b011e26cf
results/runs/homecredit/cdv1-003-homecredit-voting-k200-lr-s42/folds/fold_2/candidate_features.csv,5888,fd0f5798fde2f2d3fd38cdffeb1718ab7c4a35f60728be7463b005e10f8b61b8
results/runs/homecredit/cdv1-003-homecredit-voting-k200-lr-s42/folds/fold_2/effective_model_config.json,1568,43fb73f4227b6db7113faab6fad0392a6af6a9eeb68bca24b20f08d611540c52
results/runs/homecredit/cdv1-003-homecredit-voting-k200-lr-s42/folds/fold_2/prediction_metadata.json,1938,2324c70e16dbb68cf81401af3e8436c73d7fac757d464dc8e3641987d5695225
results/runs/homecredit/cdv1-003-homecredit-voting-k200-lr-s42/folds/fold_2/predictions_dev.csv,2922203,f1e4d11ae0485666d4ef23caec6d29d5986ea961444e5d226df4d768ee17621d
results/runs/homecredit/cdv1-003-homecredit-voting-k200-lr-s42/folds/fold_2/rfe_selection_trace.csv,8188,b45e2541d02c4fb46295babb44d2921275b9090ec3382aadfdf557c9f1fb2a67
results/runs/homecredit/cdv1-003-homecredit-voting-k200-lr-s42/folds/fold_2/selected_features.csv,549,1bf977e88f4abac96277ca83a0beb2ca2edc5ad9af0b8a5d97aaedccba0031ed
results/runs/homecredit/cdv1-003-homecredit-voting-k200-lr-s42/folds/fold_2/voter_rankings.csv,736279,a7517a010ff34fa99acf5ebd950543eb089e493cbe7d06cdb744e6447fb18763
results/runs/homecredit/cdv1-003-homecredit-voting-k200-lr-s42/folds/fold_3/aggregate_ranking.csv,93296,6e5c8f0fafb50c7b08999fc6144aa7673fcd470b4e8afc22f5304c3ebe700c47
results/runs/homecredit/cdv1-003-homecredit-voting-k200-lr-s42/folds/fold_3/candidate_features.csv,5927,52ec4ca1e948cb71dedd4c81da84e927f30576725eb055b9167a8afbf9eaae5e
results/runs/homecredit/cdv1-003-homecredit-voting-k200-lr-s42/folds/fold_3/effective_model_config.json,1568,43fb73f4227b6db7113faab6fad0392a6af6a9eeb68bca24b20f08d611540c52
results/runs/homecredit/cdv1-003-homecredit-voting-k200-lr-s42/folds/fold_3/prediction_metadata.json,1938,87b74325310afad2af7505b38d24effaa869ba6763df84769b2165f3b3a6c73b
results/runs/homecredit/cdv1-003-homecredit-voting-k200-lr-s42/folds/fold_3/predictions_dev.csv,2879998,928e2c51a48c52554b36af9877b7ceaffebcd3a738fbb8234848ff5874c41a41
results/runs/homecredit/cdv1-003-homecredit-voting-k200-lr-s42/folds/fold_3/rfe_selection_trace.csv,8227,7d8f0cb98a822dc973f32177dc1f07898a9c92dfffbef4b2cfa56b0c857411c2
results/runs/homecredit/cdv1-003-homecredit-voting-k200-lr-s42/folds/fold_3/selected_features.csv,552,c9c2ff66092161fe7b0da87d3931fc6ab4564e07a1b7539ba73ee6a79c1ca295
results/runs/homecredit/cdv1-003-homecredit-voting-k200-lr-s42/folds/fold_3/voter_rankings.csv,736294,2076d98046e292cc614007535aa73816f8e397019a3c2f3d502c5d0809825058
results/runs/homecredit/cdv1-003-homecredit-voting-k200-lr-s42/folds/fold_4/aggregate_ranking.csv,93406,77dc1901588ce56743f78dcaf7c1eed32fe2ef7b1ec9967474779f1957f9df30
results/runs/homecredit/cdv1-003-homecredit-voting-k200-lr-s42/folds/fold_4/candidate_features.csv,5910,9b5925d7f6d8861928c6c9ca25cfbd3ba50fd7beb9270973ba98e09f50ec8891
results/runs/homecredit/cdv1-003-homecredit-voting-k200-lr-s42/folds/fold_4/effective_model_config.json,1568,43fb73f4227b6db7113faab6fad0392a6af6a9eeb68bca24b20f08d611540c52
results/runs/homecredit/cdv1-003-homecredit-voting-k200-lr-s42/folds/fold_4/prediction_metadata.json,1938,4aa1d3cc892e38d1f1b4ffb177e7e5c94384f0dde5fe0bed088cf212cce448a7
results/runs/homecredit/cdv1-003-homecredit-voting-k200-lr-s42/folds/fold_4/predictions_dev.csv,2919495,6f28b9ff5fdff27a50a808827dcdf39e7365224989020df36dba379e030628c1
results/runs/homecredit/cdv1-003-homecredit-voting-k200-lr-s42/folds/fold_4/rfe_selection_trace.csv,8210,648aebd355ea20f3f555f8423e34057bb2bb5b97708c54f95babfcb10ebdc413
results/runs/homecredit/cdv1-003-homecredit-voting-k200-lr-s42/folds/fold_4/selected_features.csv,556,1b9cf358fd12c5be2591f664595169f9e3a6f56572a88b5528d232941b08aca6
results/runs/homecredit/cdv1-003-homecredit-voting-k200-lr-s42/folds/fold_4/voter_rankings.csv,736335,237d5b9289769249422a3f943451a72f5fed5a8d6f948dda6498b5a1b4322f73
results/runs/homecredit/cdv1-003-homecredit-voting-k200-lr-s42/folds/fold_5/aggregate_ranking.csv,93384,f924af63119e1217888457403d487069ca48f1d2f5f9be2a9d48174630946105
results/runs/homecredit/cdv1-003-homecredit-voting-k200-lr-s42/folds/fold_5/candidate_features.csv,5960,32cca4c30f94654a27ad00584fd980acc7c7b6d76fa3c1fb0267c73e6c0411b0
results/runs/homecredit/cdv1-003-homecredit-voting-k200-lr-s42/folds/fold_5/effective_model_config.json,1568,549c1e8e9d4009441ff2633ccea3e7573473553bd292fb3b01b7967d501c75cf
results/runs/homecredit/cdv1-003-homecredit-voting-k200-lr-s42/folds/fold_5/prediction_metadata.json,1938,8a1b7be244de88026d83ca93948126eb4287c0587cf506dc842c2eb396abf126
results/runs/homecredit/cdv1-003-homecredit-voting-k200-lr-s42/folds/fold_5/predictions_dev.csv,2855747,adfe158cc358de21569ad0190604ae715282e84a416a6bddced55e8f388874e0
results/runs/homecredit/cdv1-003-homecredit-voting-k200-lr-s42/folds/fold_5/rfe_selection_trace.csv,8260,092bb5d52d89dc7d213876f06a350edafcc4735248e65876f47a86c38bb9f52a
results/runs/homecredit/cdv1-003-homecredit-voting-k200-lr-s42/folds/fold_5/selected_features.csv,535,ada805cbc354e775c018da5b34a0736a0743de38a142be953fd5687a76bf4edb
results/runs/homecredit/cdv1-003-homecredit-voting-k200-lr-s42/folds/fold_5/voter_rankings.csv,736299,7f18ce5f0a9ec2973abd8228f1e07e7f8fc671323467535623c24a7ce85d9f7f
results/runs/homecredit/cdv1-003-homecredit-voting-k200-lr-s42/manifest.json,9315,0deddc543b32c8e305f82bef9e3f69640bcd4282ffd51af09371630a023fe8ed
results/runs/homecredit/cdv1-003-homecredit-voting-k200-lr-s42/preflight.json,4805,04a6532e566f22cdaa2215c08477015d4e67e9d463855dc1af678763c0830340
results/runs/homecredit/cdv1-003-homecredit-voting-k200-lr-s42/resource_usage.json,1961498,47f8c7a7716b0b75eb3e95c4a0496d5bed024078a0900aef7762bc7fa36b3a24
results/runs/homecredit/cdv1-003-homecredit-voting-k200-lr-s42/results/dev_fold_metrics.csv,1493,b8d3dc76f251f8b1049f3dd88cd436cec012344680c8496633a9094460d04028
results/runs/homecredit/cdv1-003-homecredit-voting-k200-lr-s42/results/dev_prediction_metadata.json,2048,d39f5d950f9bf1647c32e60e330d376f1ef8588fc3712b2edc69ee5028489247
results/runs/homecredit/cdv1-003-homecredit-voting-k200-lr-s42/results/dev_predictions.csv,14728950,1d9abfcea99efe2ba566b0ed909e6da5952eb281151fb7c70eeb046e7513a372
results/runs/homecredit/cdv1-003-homecredit-voting-k200-lr-s42/run.log,5377,928852fcfa0299dd35a236e52ab274825fbcefa6d3c340bab5e6047eba959999
results/runs/homecredit/cdv1-003-homecredit-voting-k200-lr-s42/run_manifest.json,9315,0deddc543b32c8e305f82bef9e3f69640bcd4282ffd51af09371630a023fe8ed
results/runs/homecredit/cdv1-004-homecredit-voting-k300-lr-s42/checkpoint.json,59110,ca10ee9bce3a5d4906fb4281d353f7c7cb53e1634d9414cf4ad43b07a654c4db
results/runs/homecredit/cdv1-004-homecredit-voting-k300-lr-s42/config.json,1734,0ed577062a9b67e915200ad0c6768a1a32c8ec81c77b744107edac323cdddc35
results/runs/homecredit/cdv1-004-homecredit-voting-k300-lr-s42/data_access_dev.json,9866,6bc03e5485eccb76e15d3d57d7bf558073fdd9deec487afae9062d8ba74366d9
results/runs/homecredit/cdv1-004-homecredit-voting-k300-lr-s42/features/feature_stability_metrics.csv,127,b3644c53b4162bdef5b15b56a38e742a7338750a3bee7c13071f0660b7c7f596
results/runs/homecredit/cdv1-004-homecredit-voting-k300-lr-s42/features/fold_selected_features.csv,2641,65669b821910865e1d7fbc1747c30535b5b587f21e73d4c2943890b2eb021fb3
results/runs/homecredit/cdv1-004-homecredit-voting-k300-lr-s42/folds/fold_1/aggregate_ranking.csv,93319,0d8661587e17ed91e6e55fd1bdae42b03f8472053ea17da9a4aca2df59b09f62
results/runs/homecredit/cdv1-004-homecredit-voting-k300-lr-s42/folds/fold_1/candidate_features.csv,8950,4f2ca6c70fbf792d7ddb125c8086cb28c911a1d935d77bb4a533c4c202b51eaa
results/runs/homecredit/cdv1-004-homecredit-voting-k300-lr-s42/folds/fold_1/effective_model_config.json,1568,43fb73f4227b6db7113faab6fad0392a6af6a9eeb68bca24b20f08d611540c52
results/runs/homecredit/cdv1-004-homecredit-voting-k300-lr-s42/folds/fold_1/prediction_metadata.json,1938,368070c597620fe145e8b2185daf3b923373536bbee49e60d9c5a106395cd6e3
results/runs/homecredit/cdv1-004-homecredit-voting-k300-lr-s42/folds/fold_1/predictions_dev.csv,2936795,63eaf02ee1cd6859e4ca8ba39d9cbebd9c4cabb09e97d4a9de337deac3af45bb
results/runs/homecredit/cdv1-004-homecredit-voting-k300-lr-s42/folds/fold_1/rfe_selection_trace.csv,12450,f709b4a3d8492710ca2e50103a71073f255ed056e0f90ccd4708857c748ac6ff
results/runs/homecredit/cdv1-004-homecredit-voting-k300-lr-s42/folds/fold_1/selected_features.csv,569,02f173e32349c9edba5732848a250bcfba356b18adc62d29ed04fc5ab8bec18d
results/runs/homecredit/cdv1-004-homecredit-voting-k300-lr-s42/folds/fold_1/voter_rankings.csv,736095,5a9f575b6c57d45d77affae05be481c987a23b64d8e933b56787ae9ef7a1843d
results/runs/homecredit/cdv1-004-homecredit-voting-k300-lr-s42/folds/fold_2/aggregate_ranking.csv,93261,f67ae3e65b5bc595e33f9ab31a47085d0e90e34a1d4cc3964524b0a8d2a57042
results/runs/homecredit/cdv1-004-homecredit-voting-k300-lr-s42/folds/fold_2/candidate_features.csv,8946,86ef818e54d43df6cb444c9031bdac3739304e475f82337f8277ca5dff04d466
results/runs/homecredit/cdv1-004-homecredit-voting-k300-lr-s42/folds/fold_2/effective_model_config.json,1568,43fb73f4227b6db7113faab6fad0392a6af6a9eeb68bca24b20f08d611540c52
results/runs/homecredit/cdv1-004-homecredit-voting-k300-lr-s42/folds/fold_2/prediction_metadata.json,1938,768fc1866bd847d64dd11a11ca2598cd403e074d2806d7a765fe2dea69a63cf9
results/runs/homecredit/cdv1-004-homecredit-voting-k300-lr-s42/folds/fold_2/predictions_dev.csv,2922176,7071bb6b7155e86b3fae8841b9d3d6b85b010ae6df58456b050b2af328d3d26f
results/runs/homecredit/cdv1-004-homecredit-voting-k300-lr-s42/folds/fold_2/rfe_selection_trace.csv,12446,bc166107c65446372e039d476fe69e9057f54ab30b7994751320c2fd41ad5d52
results/runs/homecredit/cdv1-004-homecredit-voting-k300-lr-s42/folds/fold_2/selected_features.csv,538,72eb837d81b6e99226f3c56337fde6d26699cbba9d41cb96f992fc8051dd1486
results/runs/homecredit/cdv1-004-homecredit-voting-k300-lr-s42/folds/fold_2/voter_rankings.csv,736279,a7517a010ff34fa99acf5ebd950543eb089e493cbe7d06cdb744e6447fb18763
results/runs/homecredit/cdv1-004-homecredit-voting-k300-lr-s42/folds/fold_3/aggregate_ranking.csv,93196,971231a30e3f9b360b864c8e362354312d30e93b1542df16b56932efa6788913
results/runs/homecredit/cdv1-004-homecredit-voting-k300-lr-s42/folds/fold_3/candidate_features.csv,8940,269cb4208578326902baf648448e67f8c9fa0efe6b92e21f5da5fca086a3ca80
results/runs/homecredit/cdv1-004-homecredit-voting-k300-lr-s42/folds/fold_3/effective_model_config.json,1568,43fb73f4227b6db7113faab6fad0392a6af6a9eeb68bca24b20f08d611540c52
results/runs/homecredit/cdv1-004-homecredit-voting-k300-lr-s42/folds/fold_3/prediction_metadata.json,1938,8839325bc0304c97c41ee49bdf9be182971813e036231513fcca416e2ab480ba
results/runs/homecredit/cdv1-004-homecredit-voting-k300-lr-s42/folds/fold_3/predictions_dev.csv,2880137,8404005bef319c09c98fc092d0bc369087e36b479d17efc1e77793d2aebb8bf8
results/runs/homecredit/cdv1-004-homecredit-voting-k300-lr-s42/folds/fold_3/rfe_selection_trace.csv,12440,45bb00269f30e64a702e989ba339b9d7130944bf99d5ab82ac4406e5c6721293
results/runs/homecredit/cdv1-004-homecredit-voting-k300-lr-s42/folds/fold_3/selected_features.csv,556,8bf13e750da48bbec509a41c269f80cf56257b6f741b7aae10192c1bbaafe39d
results/runs/homecredit/cdv1-004-homecredit-voting-k300-lr-s42/folds/fold_3/voter_rankings.csv,736294,2076d98046e292cc614007535aa73816f8e397019a3c2f3d502c5d0809825058
results/runs/homecredit/cdv1-004-homecredit-voting-k300-lr-s42/folds/fold_4/aggregate_ranking.csv,93306,465673db0fb2df7c2c9579f4fb398163fc793a0b1ab62b7a15886707f9614e73
results/runs/homecredit/cdv1-004-homecredit-voting-k300-lr-s42/folds/fold_4/candidate_features.csv,8996,170e4abcbc753da6e561eb8fe36c77ebb273c821cdaf7201008358c118911552
results/runs/homecredit/cdv1-004-homecredit-voting-k300-lr-s42/folds/fold_4/effective_model_config.json,1568,43fb73f4227b6db7113faab6fad0392a6af6a9eeb68bca24b20f08d611540c52
results/runs/homecredit/cdv1-004-homecredit-voting-k300-lr-s42/folds/fold_4/prediction_metadata.json,1938,32fe4325a7523e0ddcd3d7cc04d9458ff86bbff91815ff1b4b5bf4881645839f
results/runs/homecredit/cdv1-004-homecredit-voting-k300-lr-s42/folds/fold_4/predictions_dev.csv,2919474,20ae3ebb6e0662faa47b1b2c43df965efaf68156ba9e91459ed99c4417afb546
results/runs/homecredit/cdv1-004-homecredit-voting-k300-lr-s42/folds/fold_4/rfe_selection_trace.csv,12496,943814ae73143a6a8acfe514746f74950d65ef8744476eaeb05ff0df122793cd
results/runs/homecredit/cdv1-004-homecredit-voting-k300-lr-s42/folds/fold_4/selected_features.csv,563,a67ec0dbbc5e813dd48523c19a0b98eb59e04ecd943d61f27f209b85f0b6e309
results/runs/homecredit/cdv1-004-homecredit-voting-k300-lr-s42/folds/fold_4/voter_rankings.csv,736335,237d5b9289769249422a3f943451a72f5fed5a8d6f948dda6498b5a1b4322f73
results/runs/homecredit/cdv1-004-homecredit-voting-k300-lr-s42/folds/fold_5/aggregate_ranking.csv,93284,8bff91df0d0913d0966c017c0aeb736a5ddf4fe8a0bdd950f76d4036e6b10615
results/runs/homecredit/cdv1-004-homecredit-voting-k300-lr-s42/folds/fold_5/candidate_features.csv,9001,6993848737073ff7f0b13322c556e7db87c0d4ff26a36b31c1229890177fcc5f
results/runs/homecredit/cdv1-004-homecredit-voting-k300-lr-s42/folds/fold_5/effective_model_config.json,1568,43fb73f4227b6db7113faab6fad0392a6af6a9eeb68bca24b20f08d611540c52
results/runs/homecredit/cdv1-004-homecredit-voting-k300-lr-s42/folds/fold_5/prediction_metadata.json,1938,49799b09dfb7669e32789fe757223c2c95cac6b56f4be94976346f5f11d3e5ee
results/runs/homecredit/cdv1-004-homecredit-voting-k300-lr-s42/folds/fold_5/predictions_dev.csv,2855761,b35dfa6a1061ce7a6e0557bc99b766df8486682caf3a3bd1997199ebf7bf200a
results/runs/homecredit/cdv1-004-homecredit-voting-k300-lr-s42/folds/fold_5/rfe_selection_trace.csv,12501,bd0091a3c6081eb91ff5f0571a685f7fcc6577b6061bd5d7c7906781e219cc56
results/runs/homecredit/cdv1-004-homecredit-voting-k300-lr-s42/folds/fold_5/selected_features.csv,543,dc6a63c074505e4564579de67bca77c3972f0df234a5ed587d0dbcb85b5e729a
results/runs/homecredit/cdv1-004-homecredit-voting-k300-lr-s42/folds/fold_5/voter_rankings.csv,736299,7f18ce5f0a9ec2973abd8228f1e07e7f8fc671323467535623c24a7ce85d9f7f
results/runs/homecredit/cdv1-004-homecredit-voting-k300-lr-s42/manifest.json,9319,0dd4ae9409880a582c709cddc14adeabccf82ee78397d671cf0ca89af8fd65b8
results/runs/homecredit/cdv1-004-homecredit-voting-k300-lr-s42/preflight.json,4809,f9a88d14447969ae37cf70deef6c7e63c065c2e9f72941dd4afcc2b3460aa63a
results/runs/homecredit/cdv1-004-homecredit-voting-k300-lr-s42/resource_usage.json,2082938,f233f7731dc0b9f12f41b3c06688ad07f6d32e6aa21aef567ed6c3fae2808325
results/runs/homecredit/cdv1-004-homecredit-voting-k300-lr-s42/results/dev_fold_metrics.csv,1500,34af37b26202d8f4ceb537d9f49bf76e42233fdeb5514b7669dc9c03703cc001
results/runs/homecredit/cdv1-004-homecredit-voting-k300-lr-s42/results/dev_prediction_metadata.json,2048,24bc937eb95f57309efd1055155c1f34166350aa40b1a8acea8a9dc991a41410
results/runs/homecredit/cdv1-004-homecredit-voting-k300-lr-s42/results/dev_predictions.csv,14728959,26a5770dd45bb7b0fb4590c3b4393b2f2b2a56bb6297287d8f5b74671fae503f
results/runs/homecredit/cdv1-004-homecredit-voting-k300-lr-s42/run.log,5377,cc1a0bb81261ac621cef230b320dbc8a0f6ad8aaf14a4489db0b3cfdd83ff652
results/runs/homecredit/cdv1-004-homecredit-voting-k300-lr-s42/run_manifest.json,9319,0dd4ae9409880a582c709cddc14adeabccf82ee78397d671cf0ca89af8fd65b8
results/runs/homecredit/cdv1-005-homecredit-reference-rf-corr-mrmr-catboost-s42/checkpoint.json,54620,723e962c1034388908caa165fec184d2b5f7673b2c39d021bd4c8780d58f2d57
results/runs/homecredit/cdv1-005-homecredit-reference-rf-corr-mrmr-catboost-s42/config.json,1758,52ce8e07590bdbe4ab53de16462b7ca76358a4a56ad1661e6d8fe8ce3a6a9d6f
results/runs/homecredit/cdv1-005-homecredit-reference-rf-corr-mrmr-catboost-s42/data_access_dev.json,9866,6bc03e5485eccb76e15d3d57d7bf558073fdd9deec487afae9062d8ba74366d9
results/runs/homecredit/cdv1-005-homecredit-reference-rf-corr-mrmr-catboost-s42/features/feature_stability_metrics.csv,126,61f4bc0f79ae254f98206931054ef77c8b5ea4ac4af60dca4258ad567166a9e8
results/runs/homecredit/cdv1-005-homecredit-reference-rf-corr-mrmr-catboost-s42/features/fold_selected_features.csv,5608,1ec8075905bc911e0b72d7acb8487f08860463864d7cf21d62b57dd0804eabe1
results/runs/homecredit/cdv1-005-homecredit-reference-rf-corr-mrmr-catboost-s42/folds/fold_1/aggregate_ranking.csv,35435,8e5e9b6323e8592f5bc646936986e30a2ea868fd327062f1ea39b2ccfcb1ecfa
results/runs/homecredit/cdv1-005-homecredit-reference-rf-corr-mrmr-catboost-s42/folds/fold_1/candidate_features.csv,1049,c6609cbfc37753961e7f1fb696e1485264f95f48422633cb14fe5c39336ab698
results/runs/homecredit/cdv1-005-homecredit-reference-rf-corr-mrmr-catboost-s42/folds/fold_1/effective_model_config.json,1958,60eef649e17656ae974c984165cf25317082560565be14878ecfd007fad858bb
results/runs/homecredit/cdv1-005-homecredit-reference-rf-corr-mrmr-catboost-s42/folds/fold_1/prediction_metadata.json,1976,3930971a757d02d30b0e5d3a733c9d678aa94744c71fac2894638c7ccdee5f7c
results/runs/homecredit/cdv1-005-homecredit-reference-rf-corr-mrmr-catboost-s42/folds/fold_1/predictions_dev.csv,3292690,b3eeee787dc9bdba2d9b29486372cca7b222642b0928852c9f9e7f428af2e52f
results/runs/homecredit/cdv1-005-homecredit-reference-rf-corr-mrmr-catboost-s42/folds/fold_1/rfe_selection_trace.csv,1258,5aeb69fb737ed5d98a5e3eadf4a8b2d566015503410220c0fe46baa48706077a
results/runs/homecredit/cdv1-005-homecredit-reference-rf-corr-mrmr-catboost-s42/folds/fold_1/selected_features.csv,1137,87fec82122bb0ca7f52c0f1e06bf54a0e7a4b8815d7759ce04c4cfb5ccfb0c45
results/runs/homecredit/cdv1-005-homecredit-reference-rf-corr-mrmr-catboost-s42/folds/fold_1/voter_rankings.csv,71967,912e53a482408bd6c7fcd4432abcfdb3e716321975361c3d419adba7dc67d3f0
results/runs/homecredit/cdv1-005-homecredit-reference-rf-corr-mrmr-catboost-s42/folds/fold_2/aggregate_ranking.csv,35619,461526614d1b3724810d387315952187b9d0c8788f3ff5181530f636c24e2f53
results/runs/homecredit/cdv1-005-homecredit-reference-rf-corr-mrmr-catboost-s42/folds/fold_2/candidate_features.csv,1063,8ec5f59cc0ce785edbf223a99e9029905d5d07650531daf7954c066e9406476f
results/runs/homecredit/cdv1-005-homecredit-reference-rf-corr-mrmr-catboost-s42/folds/fold_2/effective_model_config.json,1958,60eef649e17656ae974c984165cf25317082560565be14878ecfd007fad858bb
results/runs/homecredit/cdv1-005-homecredit-reference-rf-corr-mrmr-catboost-s42/folds/fold_2/prediction_metadata.json,1976,14d2853d3023ca5f6e1302a62b2f5794f12859261c1f0fe54cdf4ea61f27b077
results/runs/homecredit/cdv1-005-homecredit-reference-rf-corr-mrmr-catboost-s42/folds/fold_2/predictions_dev.csv,3275455,48c0c10636229979ba657d2a8eb5ddf77eacebf52a250a4442c65b3fc0eaf391
results/runs/homecredit/cdv1-005-homecredit-reference-rf-corr-mrmr-catboost-s42/folds/fold_2/rfe_selection_trace.csv,1272,dfa6dbabea1ea47bbd8edac86588695fca549ef5bee79b922b425eb70a2f28a4
results/runs/homecredit/cdv1-005-homecredit-reference-rf-corr-mrmr-catboost-s42/folds/fold_2/selected_features.csv,1151,ede616323f692deca3a6be37b38b3a28b731b0adf802343c0bc7147b0bc7a07b
results/runs/homecredit/cdv1-005-homecredit-reference-rf-corr-mrmr-catboost-s42/folds/fold_2/voter_rankings.csv,72151,839da5f470981a3ee65a7e7432d3f24fecacb4ed46c2a8b0e58a2d34e228c6e4
results/runs/homecredit/cdv1-005-homecredit-reference-rf-corr-mrmr-catboost-s42/folds/fold_3/aggregate_ranking.csv,35634,ec667589a82cd335fd526e457857c4ae68ea7a3169905b04b24c5c2970aaf199
results/runs/homecredit/cdv1-005-homecredit-reference-rf-corr-mrmr-catboost-s42/folds/fold_3/candidate_features.csv,1051,704d92dee3da530d76743077a1d94a2a01ce833e72280ee3734523b425e9fa61
results/runs/homecredit/cdv1-005-homecredit-reference-rf-corr-mrmr-catboost-s42/folds/fold_3/effective_model_config.json,1958,60eef649e17656ae974c984165cf25317082560565be14878ecfd007fad858bb
results/runs/homecredit/cdv1-005-homecredit-reference-rf-corr-mrmr-catboost-s42/folds/fold_3/prediction_metadata.json,1976,b68c70268e5e345ca4d6aa2e37870821a67a01dcd458146b99906143ce73b5cc
results/runs/homecredit/cdv1-005-homecredit-reference-rf-corr-mrmr-catboost-s42/folds/fold_3/predictions_dev.csv,3228104,7fe0e3c95386495ef77918539fe54747ac5560c0cbaa1b3a726e636c954e47c5
results/runs/homecredit/cdv1-005-homecredit-reference-rf-corr-mrmr-catboost-s42/folds/fold_3/rfe_selection_trace.csv,1260,f21fde5a1940ec133fb2c9136e87a89b6c150b1147c872dabe387e07e48df4c2
results/runs/homecredit/cdv1-005-homecredit-reference-rf-corr-mrmr-catboost-s42/folds/fold_3/selected_features.csv,1139,ca4a12ed8636e36427d0f11f744a83ee004dccf224507e64814a6c9ed5408c30
results/runs/homecredit/cdv1-005-homecredit-reference-rf-corr-mrmr-catboost-s42/folds/fold_3/voter_rankings.csv,72166,03d91f349d045fdc5de0d983ef91c67b1b9725a257f58c836b64dc57a0761a5f
results/runs/homecredit/cdv1-005-homecredit-reference-rf-corr-mrmr-catboost-s42/folds/fold_4/aggregate_ranking.csv,35675,1fd17298c6376f247e0531b3eaaae4fb0f19627845262750a86551dff6777cee
results/runs/homecredit/cdv1-005-homecredit-reference-rf-corr-mrmr-catboost-s42/folds/fold_4/candidate_features.csv,1067,ad8f18c24b9b9e5b52e33e9b36d79f7a9f4ee63ef957a0f4d40ada52a9649825
results/runs/homecredit/cdv1-005-homecredit-reference-rf-corr-mrmr-catboost-s42/folds/fold_4/effective_model_config.json,1958,60eef649e17656ae974c984165cf25317082560565be14878ecfd007fad858bb
results/runs/homecredit/cdv1-005-homecredit-reference-rf-corr-mrmr-catboost-s42/folds/fold_4/prediction_metadata.json,1976,eded84b4a24cbef6e32e5af5e742b717bb4d97d9474fc916900efc84f797578c
results/runs/homecredit/cdv1-005-homecredit-reference-rf-corr-mrmr-catboost-s42/folds/fold_4/predictions_dev.csv,3271642,a1ec4e4d78a344c1fddc4bf6db477d86e618dddb4adf9f062c481e4c96c4e4fc
results/runs/homecredit/cdv1-005-homecredit-reference-rf-corr-mrmr-catboost-s42/folds/fold_4/rfe_selection_trace.csv,1276,2d8a82f89c2c647d34d7edb711c9b96a330afd84fd6c59a097c5c07cbc39ae41
results/runs/homecredit/cdv1-005-homecredit-reference-rf-corr-mrmr-catboost-s42/folds/fold_4/selected_features.csv,1155,032bc17069c435bc875e8c58e51e4077689f3f61ee3dd338627a008c283cd7a4
results/runs/homecredit/cdv1-005-homecredit-reference-rf-corr-mrmr-catboost-s42/folds/fold_4/voter_rankings.csv,72207,f503e1a4a99ab672fdc49229e744ae731f1d88ffacbb7add9d2201e892ed760d
results/runs/homecredit/cdv1-005-homecredit-reference-rf-corr-mrmr-catboost-s42/folds/fold_5/aggregate_ranking.csv,35639,81a70de56105c47c807d09fd72a458bd89dcdd2eac4d5d0e1c74be19d0d431d2
results/runs/homecredit/cdv1-005-homecredit-reference-rf-corr-mrmr-catboost-s42/folds/fold_5/candidate_features.csv,1066,d659f94566e8680dd987643fb2615ab1dd8a639973ff6324157dd99dd03f5e94
results/runs/homecredit/cdv1-005-homecredit-reference-rf-corr-mrmr-catboost-s42/folds/fold_5/effective_model_config.json,1958,60eef649e17656ae974c984165cf25317082560565be14878ecfd007fad858bb
results/runs/homecredit/cdv1-005-homecredit-reference-rf-corr-mrmr-catboost-s42/folds/fold_5/prediction_metadata.json,1976,9e73801fc3476ff2ef000f81e5921626b95dc8fc3a777225d4d366c3df948dcd
results/runs/homecredit/cdv1-005-homecredit-reference-rf-corr-mrmr-catboost-s42/folds/fold_5/predictions_dev.csv,3200233,77961fc8fc32623374b47ba11d3de3009405ec9c050d2f58819fcc0357cb2334
results/runs/homecredit/cdv1-005-homecredit-reference-rf-corr-mrmr-catboost-s42/folds/fold_5/rfe_selection_trace.csv,1275,f3c3f7dbc53fcbcf9f421198c0bc3b34360793a60a51020e10385e48f9c65554
results/runs/homecredit/cdv1-005-homecredit-reference-rf-corr-mrmr-catboost-s42/folds/fold_5/selected_features.csv,1154,d3293284b71ce88f78fddd3591f6bb7182064485c03ed1eac71ce7c159e299e8
results/runs/homecredit/cdv1-005-homecredit-reference-rf-corr-mrmr-catboost-s42/folds/fold_5/voter_rankings.csv,72171,9fc85a34a3c748f4dffd993b80c66e6552fb455d19041352a5a2e05ad09c7bf3
results/runs/homecredit/cdv1-005-homecredit-reference-rf-corr-mrmr-catboost-s42/manifest.json,9398,03dfec39b67129c1cbb9683841bf07071e5ef57d1d4c2cf110c185a5558abe5f
results/runs/homecredit/cdv1-005-homecredit-reference-rf-corr-mrmr-catboost-s42/preflight.json,4806,cce77e7f0dbfd030880fb768f1461199e45ff6434dd1a4843f21bbf1a22879b0
results/runs/homecredit/cdv1-005-homecredit-reference-rf-corr-mrmr-catboost-s42/resource_usage.json,761672,7c37990231c14d4a699136f16345fae58fb93f5c3f4fad06cfce62562fed5872
results/runs/homecredit/cdv1-005-homecredit-reference-rf-corr-mrmr-catboost-s42/results/dev_fold_metrics.csv,1505,ac7d851be5f478446cc26cef184b00f625a577520ed320043b102de116a75485
results/runs/homecredit/cdv1-005-homecredit-reference-rf-corr-mrmr-catboost-s42/results/dev_prediction_metadata.json,2086,526369cd3061a4f0d609f76b88585aae8aa4f2721da51145f6b602a410713a32
results/runs/homecredit/cdv1-005-homecredit-reference-rf-corr-mrmr-catboost-s42/results/dev_predictions.csv,16464615,240ca63a289e1fc4d587f7f02e343721135b59defd2f90b612d76ee8f35a68f0
results/runs/homecredit/cdv1-005-homecredit-reference-rf-corr-mrmr-catboost-s42/run.log,3330,835cae1c61cb8323b4b7a68836249c38d476934df1ddd83f05a6ba10085a0396
results/runs/homecredit/cdv1-005-homecredit-reference-rf-corr-mrmr-catboost-s42/run_manifest.json,9398,03dfec39b67129c1cbb9683841bf07071e5ef57d1d4c2cf110c185a5558abe5f
results/runs/homecredit/cdv1-006-homecredit-voting-k100-catboost-s42/checkpoint.json,59140,c30448b447ee9a71a0efa4923323028e84b928958036a0cbd675f39e913ccc02
results/runs/homecredit/cdv1-006-homecredit-voting-k100-catboost-s42/config.json,1758,f323de42a8d76a67bb2d6f40f78b5bcaee2cc279a695e22ed40735dc88f577f8
results/runs/homecredit/cdv1-006-homecredit-voting-k100-catboost-s42/data_access_dev.json,9866,6bc03e5485eccb76e15d3d57d7bf558073fdd9deec487afae9062d8ba74366d9
results/runs/homecredit/cdv1-006-homecredit-voting-k100-catboost-s42/features/feature_stability_metrics.csv,128,7f47f30fc89805746da2f0adfe6fd1d0a950bcaaab67775a6414742f952d3b66
results/runs/homecredit/cdv1-006-homecredit-voting-k100-catboost-s42/features/fold_selected_features.csv,5738,d533ed899ec14b61483b97612cb8e1fe46df9ae259eead12ae164c9a61d9b571
results/runs/homecredit/cdv1-006-homecredit-voting-k100-catboost-s42/folds/fold_1/aggregate_ranking.csv,93519,58f0a5fff3ab765c89d47c9f567b9efe0921d44d20730ad9a136a59753e8c91e
results/runs/homecredit/cdv1-006-homecredit-voting-k100-catboost-s42/folds/fold_1/candidate_features.csv,2879,71d41af9cd36cda0bb035c8355a3784a34954d23ac6eb005d6fb5956abbf9f69
results/runs/homecredit/cdv1-006-homecredit-voting-k100-catboost-s42/folds/fold_1/effective_model_config.json,2268,a5497c38be87784d907ac3b563defb495fe3ed60b3befaa80a3315db7d904c01
results/runs/homecredit/cdv1-006-homecredit-voting-k100-catboost-s42/folds/fold_1/prediction_metadata.json,1956,8af09075336d87c95e7eee8e776fd54ac40d383b1d5201835b1ac90f3b7aa956
results/runs/homecredit/cdv1-006-homecredit-voting-k100-catboost-s42/folds/fold_1/predictions_dev.csv,3141930,c4f2877d9c44b10c80a03fc979ad3a5a209307680acba5fd158fa02035569411
results/runs/homecredit/cdv1-006-homecredit-voting-k100-catboost-s42/folds/fold_1/rfe_selection_trace.csv,3959,a61ad7e4c85d5357fed575cc044af448d11ab153dc821443abeabbaeff3a0820
results/runs/homecredit/cdv1-006-homecredit-voting-k100-catboost-s42/folds/fold_1/selected_features.csv,1202,2812cbdc8727cdb7f20c9bb69bad1083d6c5945790d561395fbc7a2413422cab
results/runs/homecredit/cdv1-006-homecredit-voting-k100-catboost-s42/folds/fold_1/voter_rankings.csv,736095,5a9f575b6c57d45d77affae05be481c987a23b64d8e933b56787ae9ef7a1843d
results/runs/homecredit/cdv1-006-homecredit-voting-k100-catboost-s42/folds/fold_2/aggregate_ranking.csv,93461,b9f0eeb938bfa748c7301c93cf1fc2ccdd62624f095a21a3ccbfccf42b7e7f1d
results/runs/homecredit/cdv1-006-homecredit-voting-k100-catboost-s42/folds/fold_2/candidate_features.csv,2843,76a2eaf73b4c4fd44e183d42fa912375f3b67c62966f9225d1c3325a8ee018cc
results/runs/homecredit/cdv1-006-homecredit-voting-k100-catboost-s42/folds/fold_2/effective_model_config.json,2268,8804aafc3c5980f8e1c52dc6bd9f1bfc5e90c06864a03b836f2c5c9db497ae37
results/runs/homecredit/cdv1-006-homecredit-voting-k100-catboost-s42/folds/fold_2/prediction_metadata.json,1956,5be9f90cacdf57dc5bcbeada1e0dcc3828076629a1bcbd0fc7cb56adbaebce25
results/runs/homecredit/cdv1-006-homecredit-voting-k100-catboost-s42/folds/fold_2/predictions_dev.csv,3125817,f6e0a774527ceab2af21a1c0dbd09dcb83d01833330de6ad144158aaa5a77c50
results/runs/homecredit/cdv1-006-homecredit-voting-k100-catboost-s42/folds/fold_2/rfe_selection_trace.csv,3923,cf5abbcda692eba5bdbcd9caac1af2509dae95991b42a9622a676335ba3b5312
results/runs/homecredit/cdv1-006-homecredit-voting-k100-catboost-s42/folds/fold_2/selected_features.csv,1180,81c44a18df068c1320c29fd0cc31de06eba7656395839899ae357c434c835e54
results/runs/homecredit/cdv1-006-homecredit-voting-k100-catboost-s42/folds/fold_2/voter_rankings.csv,736279,a7517a010ff34fa99acf5ebd950543eb089e493cbe7d06cdb744e6447fb18763
results/runs/homecredit/cdv1-006-homecredit-voting-k100-catboost-s42/folds/fold_3/aggregate_ranking.csv,93396,ae643cd432958fc2d4cc21faba0faabc7848b3b83425ef513a04a77cb5f370b5
results/runs/homecredit/cdv1-006-homecredit-voting-k100-catboost-s42/folds/fold_3/candidate_features.csv,2841,d87a1cdd8076f3b56f7a1a9a82af468370d7bb2cd84dc2206f8d1423cdbe3a6d
results/runs/homecredit/cdv1-006-homecredit-voting-k100-catboost-s42/folds/fold_3/effective_model_config.json,2268,2f7817760e10fd7c68a08d9ca52dc603e34b622394b94601d674169b48264eb0
results/runs/homecredit/cdv1-006-homecredit-voting-k100-catboost-s42/folds/fold_3/prediction_metadata.json,1956,66cb0bb68b7af43fb523904ee325cea305a87fbff95e25ec3676aa00719cdbee
results/runs/homecredit/cdv1-006-homecredit-voting-k100-catboost-s42/folds/fold_3/predictions_dev.csv,3081067,79bd6d4c5b8bed067d4a7f51affb326149f413a40f8d594b35bbb8dc62ec06e8
results/runs/homecredit/cdv1-006-homecredit-voting-k100-catboost-s42/folds/fold_3/rfe_selection_trace.csv,3921,360e4ee80aecc3b32915ae992eff719ec1a0b91c51dd408614d0f9956b1cc3a2
results/runs/homecredit/cdv1-006-homecredit-voting-k100-catboost-s42/folds/fold_3/selected_features.csv,1185,c18a68577854e3475963349858969e2201da914fed056fa2539c6b9c9bc6eac7
results/runs/homecredit/cdv1-006-homecredit-voting-k100-catboost-s42/folds/fold_3/voter_rankings.csv,736294,2076d98046e292cc614007535aa73816f8e397019a3c2f3d502c5d0809825058
results/runs/homecredit/cdv1-006-homecredit-voting-k100-catboost-s42/folds/fold_4/aggregate_ranking.csv,93506,bc91e0691525bd7342050df4f0978bf95ca361032bb301925ba64e743054dda1
results/runs/homecredit/cdv1-006-homecredit-voting-k100-catboost-s42/folds/fold_4/candidate_features.csv,2859,b02ccca17316441dc559f17e9f8ac8488b41375437a6dc357f5e1a73a534bae6
results/runs/homecredit/cdv1-006-homecredit-voting-k100-catboost-s42/folds/fold_4/effective_model_config.json,2268,2f7817760e10fd7c68a08d9ca52dc603e34b622394b94601d674169b48264eb0
results/runs/homecredit/cdv1-006-homecredit-voting-k100-catboost-s42/folds/fold_4/prediction_metadata.json,1956,8222189b78b1a796c6ca9600f86d1bfd20b0eb85768b3fbc0658daf13523c2b5
results/runs/homecredit/cdv1-006-homecredit-voting-k100-catboost-s42/folds/fold_4/predictions_dev.csv,3122586,bb0f02fedaf17a70f406906ffe235a91e5e1897c7c9e0a0ce153e64e48044978
results/runs/homecredit/cdv1-006-homecredit-voting-k100-catboost-s42/folds/fold_4/rfe_selection_trace.csv,3939,4d09dcdaace089d0203f9bb0baf31551f283d6ddb94a04ffe7e99294c0f2dfe0
results/runs/homecredit/cdv1-006-homecredit-voting-k100-catboost-s42/folds/fold_4/selected_features.csv,1165,06b3d6988484995fe75d5aa42d4dc6273d84171a0910f811876d587ebd2ca3d6
results/runs/homecredit/cdv1-006-homecredit-voting-k100-catboost-s42/folds/fold_4/voter_rankings.csv,736335,237d5b9289769249422a3f943451a72f5fed5a8d6f948dda6498b5a1b4322f73
results/runs/homecredit/cdv1-006-homecredit-voting-k100-catboost-s42/folds/fold_5/aggregate_ranking.csv,93484,f93e44678cb2b24c1df23544372edb5b7b62dd16ee9ef7dd200545b1d0895eb1
results/runs/homecredit/cdv1-006-homecredit-voting-k100-catboost-s42/folds/fold_5/candidate_features.csv,2838,94744e9c6c841c5402da14a2dbad94172ac7f47f50be70d9364175bae8f46878
results/runs/homecredit/cdv1-006-homecredit-voting-k100-catboost-s42/folds/fold_5/effective_model_config.json,2268,414abab04a4428468a32fa53d042de4fd94fb361d31896a8a797a87fb50daff3
results/runs/homecredit/cdv1-006-homecredit-voting-k100-catboost-s42/folds/fold_5/prediction_metadata.json,1956,5162cadcdd5b42b85e00ffda7c13f292ce465ec7d75fd4177e5ce006ce21a877
results/runs/homecredit/cdv1-006-homecredit-voting-k100-catboost-s42/folds/fold_5/predictions_dev.csv,3054317,20c1cfc565787f34ad8fed76013ec33e183a5c36d6b2be93b38d3d0f84457695
results/runs/homecredit/cdv1-006-homecredit-voting-k100-catboost-s42/folds/fold_5/rfe_selection_trace.csv,3918,f0594653475b31a83e62b9a8f4e62d6895383a7a1ec2841981d67f10713ffc89
results/runs/homecredit/cdv1-006-homecredit-voting-k100-catboost-s42/folds/fold_5/selected_features.csv,1134,6883244b2c454ebd57263d6d19c8c9f622a130d9a060db708611e27555723894
results/runs/homecredit/cdv1-006-homecredit-voting-k100-catboost-s42/folds/fold_5/voter_rankings.csv,736299,7f18ce5f0a9ec2973abd8228f1e07e7f8fc671323467535623c24a7ce85d9f7f
results/runs/homecredit/cdv1-006-homecredit-voting-k100-catboost-s42/manifest.json,9367,8a79d3504a94bf9ec112e55ab2f4a16029d6abb9deaa3ee81612e1d3fe3c825b
results/runs/homecredit/cdv1-006-homecredit-voting-k100-catboost-s42/preflight.json,4809,09e8b8f319bb29cab9f9e17c3493f351aa996de66f026900a052c8de801cb4a3
results/runs/homecredit/cdv1-006-homecredit-voting-k100-catboost-s42/resource_usage.json,1544604,033c6d2a8d0ce14b5d6d611a5384d07d9d6e7ec8867c9815f6760695f032fed5
results/runs/homecredit/cdv1-006-homecredit-voting-k100-catboost-s42/results/dev_fold_metrics.csv,1500,ac4eb3fd45047f4bdef81a7b70f49cff33ea109c2624a92a9b3cee27a8c664ec
results/runs/homecredit/cdv1-006-homecredit-voting-k100-catboost-s42/results/dev_prediction_metadata.json,2066,34c86072fe559274ce4013614c1fafdc8f0269deaa7192b5b66cfa096a4fe205
results/runs/homecredit/cdv1-006-homecredit-voting-k100-catboost-s42/results/dev_predictions.csv,15720886,069bb0fc1964f6a6670055d8c76bfbe48478a6947363948a58505972dbe12609
results/runs/homecredit/cdv1-006-homecredit-voting-k100-catboost-s42/run.log,5377,795d1c89bc059b53d96dd0a6e45b51e975b0231def543e99385242eee1b18833
results/runs/homecredit/cdv1-006-homecredit-voting-k100-catboost-s42/run_manifest.json,9367,8a79d3504a94bf9ec112e55ab2f4a16029d6abb9deaa3ee81612e1d3fe3c825b
results/runs/homecredit/cdv1-007-homecredit-voting-k200-catboost-s42/checkpoint.json,59140,c4383b51cc7752a41282e1991ae08357bfeec2a5faa8f93a466d5e7d3b054d4b
results/runs/homecredit/cdv1-007-homecredit-voting-k200-catboost-s42/config.json,1754,3fca6e7f0eaed607765785efc74a47a5465d1629e31d2265b6a6869b16416a22
results/runs/homecredit/cdv1-007-homecredit-voting-k200-catboost-s42/data_access_dev.json,9866,6bc03e5485eccb76e15d3d57d7bf558073fdd9deec487afae9062d8ba74366d9
results/runs/homecredit/cdv1-007-homecredit-voting-k200-catboost-s42/features/feature_stability_metrics.csv,128,a68e979fb804acbf9871be6c45d0a88446e3be35c9dd7508174b8d33689add35
results/runs/homecredit/cdv1-007-homecredit-voting-k200-catboost-s42/features/fold_selected_features.csv,5548,6e8ef98545d864b60fcb8b69cedfb744cc2fef4b47a9804fe0f02d2fdc9bf426
results/runs/homecredit/cdv1-007-homecredit-voting-k200-catboost-s42/folds/fold_1/aggregate_ranking.csv,93419,221387c1a1c9e71a3a4933e016884c33ef5af3ae40ecfb6dd31d5995f60553f7
results/runs/homecredit/cdv1-007-homecredit-voting-k200-catboost-s42/folds/fold_1/candidate_features.csv,5938,6612ca97ff305c70a16d5d17aca5eaa33a050eac7112b21c7d3b3d78e5a6ff30
results/runs/homecredit/cdv1-007-homecredit-voting-k200-catboost-s42/folds/fold_1/effective_model_config.json,2268,f539f14d4f09858b8512191cbc4aec243890a763bfb660df869fd4e16dd560ff
results/runs/homecredit/cdv1-007-homecredit-voting-k200-catboost-s42/folds/fold_1/prediction_metadata.json,1956,c0d53448b249323f012107ef2c0063b91d14c482aa0e56c3d9a1f5245c5681ac
results/runs/homecredit/cdv1-007-homecredit-voting-k200-catboost-s42/folds/fold_1/predictions_dev.csv,3142771,09c721544bc6a34ea502568062e917b217a7f8603704a2156e606f86e288d69a
results/runs/homecredit/cdv1-007-homecredit-voting-k200-catboost-s42/folds/fold_1/rfe_selection_trace.csv,8198,23001f2ff2e3f3670e2f868f006c7edf93d15127922704a8330581aa6a2f64aa
results/runs/homecredit/cdv1-007-homecredit-voting-k200-catboost-s42/folds/fold_1/selected_features.csv,1144,715f69ec4c2608c71719195217b3010f54c38f42d96957d10212927c177f63ad
results/runs/homecredit/cdv1-007-homecredit-voting-k200-catboost-s42/folds/fold_1/voter_rankings.csv,736095,5a9f575b6c57d45d77affae05be481c987a23b64d8e933b56787ae9ef7a1843d
results/runs/homecredit/cdv1-007-homecredit-voting-k200-catboost-s42/folds/fold_2/aggregate_ranking.csv,93361,9d27b0341d73a480950d31f33d2262fbb65d33050a3b0551519d4f6b011e26cf
results/runs/homecredit/cdv1-007-homecredit-voting-k200-catboost-s42/folds/fold_2/candidate_features.csv,5888,fd0f5798fde2f2d3fd38cdffeb1718ab7c4a35f60728be7463b005e10f8b61b8
results/runs/homecredit/cdv1-007-homecredit-voting-k200-catboost-s42/folds/fold_2/effective_model_config.json,2268,2f7817760e10fd7c68a08d9ca52dc603e34b622394b94601d674169b48264eb0
results/runs/homecredit/cdv1-007-homecredit-voting-k200-catboost-s42/folds/fold_2/prediction_metadata.json,1956,a4956503688ebea33a8095b92a1e64ce54bbc9f01324774ef8e6135908ffc706
results/runs/homecredit/cdv1-007-homecredit-voting-k200-catboost-s42/folds/fold_2/predictions_dev.csv,3126643,612368f001f0adedefa116531d13ade6ece5ab38268e217920b4b83c2c9d94dd
results/runs/homecredit/cdv1-007-homecredit-voting-k200-catboost-s42/folds/fold_2/rfe_selection_trace.csv,8148,d7bc6be58c2b679a25a5d8e0c339937194b43ebf34db6548bdb04f1541a9e484
results/runs/homecredit/cdv1-007-homecredit-voting-k200-catboost-s42/folds/fold_2/selected_features.csv,1127,f7832effa37030d25d208cf71433e7fceae6487dd0fa39835d5d554c1881428d
results/runs/homecredit/cdv1-007-homecredit-voting-k200-catboost-s42/folds/fold_2/voter_rankings.csv,736279,a7517a010ff34fa99acf5ebd950543eb089e493cbe7d06cdb744e6447fb18763
results/runs/homecredit/cdv1-007-homecredit-voting-k200-catboost-s42/folds/fold_3/aggregate_ranking.csv,93296,6e5c8f0fafb50c7b08999fc6144aa7673fcd470b4e8afc22f5304c3ebe700c47
results/runs/homecredit/cdv1-007-homecredit-voting-k200-catboost-s42/folds/fold_3/candidate_features.csv,5927,52ec4ca1e948cb71dedd4c81da84e927f30576725eb055b9167a8afbf9eaae5e
results/runs/homecredit/cdv1-007-homecredit-voting-k200-catboost-s42/folds/fold_3/effective_model_config.json,2268,2f7817760e10fd7c68a08d9ca52dc603e34b622394b94601d674169b48264eb0
results/runs/homecredit/cdv1-007-homecredit-voting-k200-catboost-s42/folds/fold_3/prediction_metadata.json,1956,ef2b54cecdc973f52b39c9dbf21d7db54467275089780652973b1541fe1f44a9
results/runs/homecredit/cdv1-007-homecredit-voting-k200-catboost-s42/folds/fold_3/predictions_dev.csv,3081234,d5ad34fb36d84421a6241c955fc7af0e4a6ffddf80b203e7aa75c2321f0bed04
results/runs/homecredit/cdv1-007-homecredit-voting-k200-catboost-s42/folds/fold_3/rfe_selection_trace.csv,8187,e0a9e82b2a0cc272f33a2173480f43b3889120b80f33f14813692220bb2a176e
results/runs/homecredit/cdv1-007-homecredit-voting-k200-catboost-s42/folds/fold_3/selected_features.csv,1128,afce7aa606b403201cdd69213af2b6d2e8a8439af4238d61fbbab4585cf985b2
results/runs/homecredit/cdv1-007-homecredit-voting-k200-catboost-s42/folds/fold_3/voter_rankings.csv,736294,2076d98046e292cc614007535aa73816f8e397019a3c2f3d502c5d0809825058
results/runs/homecredit/cdv1-007-homecredit-voting-k200-catboost-s42/folds/fold_4/aggregate_ranking.csv,93406,77dc1901588ce56743f78dcaf7c1eed32fe2ef7b1ec9967474779f1957f9df30
results/runs/homecredit/cdv1-007-homecredit-voting-k200-catboost-s42/folds/fold_4/candidate_features.csv,5910,9b5925d7f6d8861928c6c9ca25cfbd3ba50fd7beb9270973ba98e09f50ec8891
results/runs/homecredit/cdv1-007-homecredit-voting-k200-catboost-s42/folds/fold_4/effective_model_config.json,2268,2f7817760e10fd7c68a08d9ca52dc603e34b622394b94601d674169b48264eb0
results/runs/homecredit/cdv1-007-homecredit-voting-k200-catboost-s42/folds/fold_4/prediction_metadata.json,1956,e083c3c9f0cb5246e7b93d6ba67673926945935b2c4c240ed7fab48b8e2aad69
results/runs/homecredit/cdv1-007-homecredit-voting-k200-catboost-s42/folds/fold_4/predictions_dev.csv,3122840,2afc339f99fa010e57d0399e399593e7229e337e62682f334ffa760ebfe6775c
results/runs/homecredit/cdv1-007-homecredit-voting-k200-catboost-s42/folds/fold_4/rfe_selection_trace.csv,8170,bbacfde1ac33d99019a569889318e63ff74207f63fa153eaf83320b7aa418f1b
results/runs/homecredit/cdv1-007-homecredit-voting-k200-catboost-s42/folds/fold_4/selected_features.csv,1156,5811d235d0935971761e70d19ed2f131087e5145df6369cedea62d729c15a108
results/runs/homecredit/cdv1-007-homecredit-voting-k200-catboost-s42/folds/fold_4/voter_rankings.csv,736335,237d5b9289769249422a3f943451a72f5fed5a8d6f948dda6498b5a1b4322f73
results/runs/homecredit/cdv1-007-homecredit-voting-k200-catboost-s42/folds/fold_5/aggregate_ranking.csv,93384,f924af63119e1217888457403d487069ca48f1d2f5f9be2a9d48174630946105
results/runs/homecredit/cdv1-007-homecredit-voting-k200-catboost-s42/folds/fold_5/candidate_features.csv,5960,32cca4c30f94654a27ad00584fd980acc7c7b6d76fa3c1fb0267c73e6c0411b0
results/runs/homecredit/cdv1-007-homecredit-voting-k200-catboost-s42/folds/fold_5/effective_model_config.json,2268,261838d19ae3f62858a8864cd7c9091ab515a8ed2dcf0149ecff4d91ee044b98
results/runs/homecredit/cdv1-007-homecredit-voting-k200-catboost-s42/folds/fold_5/prediction_metadata.json,1956,8145ac8f3c1f953d61898a6f2e56734b8c1e87c44f483d7e1447c6f24bf9b2a8
results/runs/homecredit/cdv1-007-homecredit-voting-k200-catboost-s42/folds/fold_5/predictions_dev.csv,3054364,36026b27fa02e1120eb94fa14f9ed072dfa2960fff4c302fb65782534e61a628
results/runs/homecredit/cdv1-007-homecredit-voting-k200-catboost-s42/folds/fold_5/rfe_selection_trace.csv,8220,c656e86aad0a9dffd205423599493dc145d76dc7bb2520d0c1dacad2974c5526
results/runs/homecredit/cdv1-007-homecredit-voting-k200-catboost-s42/folds/fold_5/selected_features.csv,1121,3768b478a025a1a29dcfbf4129770bc05544aba8edd577ed0c70b4d33f180e2e
results/runs/homecredit/cdv1-007-homecredit-voting-k200-catboost-s42/folds/fold_5/voter_rankings.csv,736299,7f18ce5f0a9ec2973abd8228f1e07e7f8fc671323467535623c24a7ce85d9f7f
results/runs/homecredit/cdv1-007-homecredit-voting-k200-catboost-s42/manifest.json,9363,e94a666e1105aad2ec015bde2de5e172d04537882b643b22db555a51083b88ce
results/runs/homecredit/cdv1-007-homecredit-voting-k200-catboost-s42/preflight.json,4809,0973ee6c86a1e540fe8532203865a4f2266aff73d221bee3043bbf8aa8ae7bf7
results/runs/homecredit/cdv1-007-homecredit-voting-k200-catboost-s42/resource_usage.json,1779881,52a9b0cbb4dcb185a559ee52fc99d3f43d51b26140fedac8946583715603b4bf
results/runs/homecredit/cdv1-007-homecredit-voting-k200-catboost-s42/results/dev_fold_metrics.csv,1502,96995a9f4bb32788e0ca05dd50f5b69f5656e647cca97851f21a711fd5c3afa1
results/runs/homecredit/cdv1-007-homecredit-voting-k200-catboost-s42/results/dev_prediction_metadata.json,2066,cf254f2f1f2a3809093cb89294f86ada2db0b3b289734b9ff6ec8c6b074163fb
results/runs/homecredit/cdv1-007-homecredit-voting-k200-catboost-s42/results/dev_predictions.csv,15720953,9f1219e351ae85fab55bafacfffd8fb0757b0447493aed300977fa7c3dd80cbe
results/runs/homecredit/cdv1-007-homecredit-voting-k200-catboost-s42/run.log,5377,4d8a6de5f16cbe89acafadbeefdfc018e4ef4de14907c3a8002cae67113794c8
results/runs/homecredit/cdv1-007-homecredit-voting-k200-catboost-s42/run_manifest.json,9363,e94a666e1105aad2ec015bde2de5e172d04537882b643b22db555a51083b88ce
results/runs/homecredit/cdv1-008-homecredit-voting-k300-catboost-s42/checkpoint.json,59145,506e3e4e786eb5a781d3181af2cb4eeeca2816044348d1264ba473c8b61947b4
results/runs/homecredit/cdv1-008-homecredit-voting-k300-catboost-s42/config.json,1758,de26c601765ec70b338b1a0f0e86fb88b986be00cb8874462361cbb3d056afbd
results/runs/homecredit/cdv1-008-homecredit-voting-k300-catboost-s42/data_access_dev.json,9866,6bc03e5485eccb76e15d3d57d7bf558073fdd9deec487afae9062d8ba74366d9
results/runs/homecredit/cdv1-008-homecredit-voting-k300-catboost-s42/features/feature_stability_metrics.csv,127,6450417feae6c14ca8f18e84d75682db91701a15b978a372414c86160f855b66
results/runs/homecredit/cdv1-008-homecredit-voting-k300-catboost-s42/features/fold_selected_features.csv,5533,8d3039a44d2f1215edc3e0a62eca1d9e2083d160ab5b9be7b8643a87b4e44a3a
results/runs/homecredit/cdv1-008-homecredit-voting-k300-catboost-s42/folds/fold_1/aggregate_ranking.csv,93319,0d8661587e17ed91e6e55fd1bdae42b03f8472053ea17da9a4aca2df59b09f62
results/runs/homecredit/cdv1-008-homecredit-voting-k300-catboost-s42/folds/fold_1/candidate_features.csv,8950,4f2ca6c70fbf792d7ddb125c8086cb28c911a1d935d77bb4a533c4c202b51eaa
results/runs/homecredit/cdv1-008-homecredit-voting-k300-catboost-s42/folds/fold_1/effective_model_config.json,2268,f539f14d4f09858b8512191cbc4aec243890a763bfb660df869fd4e16dd560ff
results/runs/homecredit/cdv1-008-homecredit-voting-k300-catboost-s42/folds/fold_1/prediction_metadata.json,1956,ed73cdba3b7afda710932450d699a97fed8310a655fd1b82f4d4b4bf9a79370e
results/runs/homecredit/cdv1-008-homecredit-voting-k300-catboost-s42/folds/fold_1/predictions_dev.csv,3142729,bd8510ae6f272c1e1e0cdc8bb816a201ea61741e4a37c609e2b1a2ee2257c659
results/runs/homecredit/cdv1-008-homecredit-voting-k300-catboost-s42/folds/fold_1/rfe_selection_trace.csv,12410,8d95d45ad0303d803e1d0dba471249559751857d3df27ac5179ea1c0c60113d5
results/runs/homecredit/cdv1-008-homecredit-voting-k300-catboost-s42/folds/fold_1/selected_features.csv,1133,ff5cd2af1d0b9911aa4491ada3f48cb3c13f0f60bfcae76f3f4fcfd0c6586a96
results/runs/homecredit/cdv1-008-homecredit-voting-k300-catboost-s42/folds/fold_1/voter_rankings.csv,736095,5a9f575b6c57d45d77affae05be481c987a23b64d8e933b56787ae9ef7a1843d
results/runs/homecredit/cdv1-008-homecredit-voting-k300-catboost-s42/folds/fold_2/aggregate_ranking.csv,93261,f67ae3e65b5bc595e33f9ab31a47085d0e90e34a1d4cc3964524b0a8d2a57042
results/runs/homecredit/cdv1-008-homecredit-voting-k300-catboost-s42/folds/fold_2/candidate_features.csv,8946,86ef818e54d43df6cb444c9031bdac3739304e475f82337f8277ca5dff04d466
results/runs/homecredit/cdv1-008-homecredit-voting-k300-catboost-s42/folds/fold_2/effective_model_config.json,2268,2f7817760e10fd7c68a08d9ca52dc603e34b622394b94601d674169b48264eb0
results/runs/homecredit/cdv1-008-homecredit-voting-k300-catboost-s42/folds/fold_2/prediction_metadata.json,1956,e128cece7428aff0819ed1cf16405cac3273c676f36164a60402c9384a68e1e2
results/runs/homecredit/cdv1-008-homecredit-voting-k300-catboost-s42/folds/fold_2/predictions_dev.csv,3125942,5408ec9416a91c6a7e276f64a6df35cad5c8e7b5a60e4060e2e678b09eb01307
results/runs/homecredit/cdv1-008-homecredit-voting-k300-catboost-s42/folds/fold_2/rfe_selection_trace.csv,12406,e64fc2f0931db0659cf9fd3ba8f503abe9a5c99f84e29e08cd2d0146ae41c2f1
results/runs/homecredit/cdv1-008-homecredit-voting-k300-catboost-s42/folds/fold_2/selected_features.csv,1124,71aaa86d96fa06935f6fc5095a814b1ab4da7341781affef66274698f175da62
results/runs/homecredit/cdv1-008-homecredit-voting-k300-catboost-s42/folds/fold_2/voter_rankings.csv,736279,a7517a010ff34fa99acf5ebd950543eb089e493cbe7d06cdb744e6447fb18763
results/runs/homecredit/cdv1-008-homecredit-voting-k300-catboost-s42/folds/fold_3/aggregate_ranking.csv,93196,971231a30e3f9b360b864c8e362354312d30e93b1542df16b56932efa6788913
results/runs/homecredit/cdv1-008-homecredit-voting-k300-catboost-s42/folds/fold_3/candidate_features.csv,8940,269cb4208578326902baf648448e67f8c9fa0efe6b92e21f5da5fca086a3ca80
results/runs/homecredit/cdv1-008-homecredit-voting-k300-catboost-s42/folds/fold_3/effective_model_config.json,2268,2f7817760e10fd7c68a08d9ca52dc603e34b622394b94601d674169b48264eb0
results/runs/homecredit/cdv1-008-homecredit-voting-k300-catboost-s42/folds/fold_3/prediction_metadata.json,1956,d27d7571295f480722b8405c01118607ec4bb01de4168f004360a644992b2549
results/runs/homecredit/cdv1-008-homecredit-voting-k300-catboost-s42/folds/fold_3/predictions_dev.csv,3081283,30650480ab70ca8f949a52d2d4a66ffbe559cf17ed9b0c34b0c8499179a6a13f
results/runs/homecredit/cdv1-008-homecredit-voting-k300-catboost-s42/folds/fold_3/rfe_selection_trace.csv,12400,225efbf4aacae4dd2ed973ccafa7a737299a6c2ebf595ce1afc0311ace5534f5
results/runs/homecredit/cdv1-008-homecredit-voting-k300-catboost-s42/folds/fold_3/selected_features.csv,1129,1f84c07bfdce30f6acb5f8a0015915d7e551e9b3e5487beec5facba931c91d45
results/runs/homecredit/cdv1-008-homecredit-voting-k300-catboost-s42/folds/fold_3/voter_rankings.csv,736294,2076d98046e292cc614007535aa73816f8e397019a3c2f3d502c5d0809825058
results/runs/homecredit/cdv1-008-homecredit-voting-k300-catboost-s42/folds/fold_4/aggregate_ranking.csv,93306,465673db0fb2df7c2c9579f4fb398163fc793a0b1ab62b7a15886707f9614e73
results/runs/homecredit/cdv1-008-homecredit-voting-k300-catboost-s42/folds/fold_4/candidate_features.csv,8996,170e4abcbc753da6e561eb8fe36c77ebb273c821cdaf7201008358c118911552
results/runs/homecredit/cdv1-008-homecredit-voting-k300-catboost-s42/folds/fold_4/effective_model_config.json,2268,2f7817760e10fd7c68a08d9ca52dc603e34b622394b94601d674169b48264eb0
results/runs/homecredit/cdv1-008-homecredit-voting-k300-catboost-s42/folds/fold_4/prediction_metadata.json,1956,8213a3a996b4cd25b25b848eecec2f04acd33a0853b24681458484f270ad1f39
results/runs/homecredit/cdv1-008-homecredit-voting-k300-catboost-s42/folds/fold_4/predictions_dev.csv,3122930,7fc4e3890edce99f761a4065312679f4a4ab806225f6c2767855707fb641b1f6
results/runs/homecredit/cdv1-008-homecredit-voting-k300-catboost-s42/folds/fold_4/rfe_selection_trace.csv,12456,e21de23f9f536ac51bbebea6a91137f811f161749692e6cc3cfd6f9bb555505c
results/runs/homecredit/cdv1-008-homecredit-voting-k300-catboost-s42/folds/fold_4/selected_features.csv,1145,416f4926d7663600bce670d227b1fca5a46c7c514416da7e7c767a6eddefb697
results/runs/homecredit/cdv1-008-homecredit-voting-k300-catboost-s42/folds/fold_4/voter_rankings.csv,736335,237d5b9289769249422a3f943451a72f5fed5a8d6f948dda6498b5a1b4322f73
results/runs/homecredit/cdv1-008-homecredit-voting-k300-catboost-s42/folds/fold_5/aggregate_ranking.csv,93284,8bff91df0d0913d0966c017c0aeb736a5ddf4fe8a0bdd950f76d4036e6b10615
results/runs/homecredit/cdv1-008-homecredit-voting-k300-catboost-s42/folds/fold_5/candidate_features.csv,9001,6993848737073ff7f0b13322c556e7db87c0d4ff26a36b31c1229890177fcc5f
results/runs/homecredit/cdv1-008-homecredit-voting-k300-catboost-s42/folds/fold_5/effective_model_config.json,2268,414abab04a4428468a32fa53d042de4fd94fb361d31896a8a797a87fb50daff3
results/runs/homecredit/cdv1-008-homecredit-voting-k300-catboost-s42/folds/fold_5/prediction_metadata.json,1956,ed039883844114a66b5bbe52e0b1222ac59245538c2b78949722f10f604072ca
results/runs/homecredit/cdv1-008-homecredit-voting-k300-catboost-s42/folds/fold_5/predictions_dev.csv,3054347,4129c1dc0adf872f52c5cc44bfa6b3c9f8273dadf568178eb0ec443d685c1b9c
results/runs/homecredit/cdv1-008-homecredit-voting-k300-catboost-s42/folds/fold_5/rfe_selection_trace.csv,12461,4b4f4bb5bd760a0bcd6576915eb73382c03c9ea3fb672a737608ea6b29f1768c
results/runs/homecredit/cdv1-008-homecredit-voting-k300-catboost-s42/folds/fold_5/selected_features.csv,1130,d8b3db600a66469188071c1d82b937c2b7758fbe1c23acba1f605e525e9fcbcb
results/runs/homecredit/cdv1-008-homecredit-voting-k300-catboost-s42/folds/fold_5/voter_rankings.csv,736299,7f18ce5f0a9ec2973abd8228f1e07e7f8fc671323467535623c24a7ce85d9f7f
results/runs/homecredit/cdv1-008-homecredit-voting-k300-catboost-s42/manifest.json,9367,726e6f6d7e7a7520ae69c79cc9d6691b2a0d36e74133dba2bc7348cb2c51fc92
results/runs/homecredit/cdv1-008-homecredit-voting-k300-catboost-s42/preflight.json,4807,976c934a3dcfe8a10af0a55980ae53addfeb759a04e9d9e44ca6fe8df0ce7359
results/runs/homecredit/cdv1-008-homecredit-voting-k300-catboost-s42/resource_usage.json,2128918,75d65a2777676e97a96a077f38adbcd77aee0acaed74fbae92660fc04fba9a5c
results/runs/homecredit/cdv1-008-homecredit-voting-k300-catboost-s42/results/dev_fold_metrics.csv,1505,7dd3fa7daee6bd33160b053c0eced722331ebd079cef3b0c4f0f3bbbfc572808
results/runs/homecredit/cdv1-008-homecredit-voting-k300-catboost-s42/results/dev_prediction_metadata.json,2066,ba2456b6d17317e361eb094364e22a901ca8540e4cf872459f625cde39e96f4f
results/runs/homecredit/cdv1-008-homecredit-voting-k300-catboost-s42/results/dev_predictions.csv,15721010,ff919aefaea4bd100385af54ddc148558d98f9a6958521154b9b6797af8ee350
results/runs/homecredit/cdv1-008-homecredit-voting-k300-catboost-s42/run.log,5377,f528b8510c473ba7666769ba865d482f7a191074fcb47a65a3cce71a1e1145f5
results/runs/homecredit/cdv1-008-homecredit-voting-k300-catboost-s42/run_manifest.json,9367,726e6f6d7e7a7520ae69c79cc9d6691b2a0d36e74133dba2bc7348cb2c51fc92
results/runs/homecredit/cdv1-pilot-001-homecredit-voting-k200-lr-s42-f0/_SUCCESS,27,0459ea0bf8c7873957d39b26d88f39fec8dc19050b2b860f07eaf9d61ce3314d
results/runs/homecredit/cdv1-pilot-001-homecredit-voting-k200-lr-s42-f0/aggregate_ranking.csv,93419,221387c1a1c9e71a3a4933e016884c33ef5af3ae40ecfb6dd31d5995f60553f7
results/runs/homecredit/cdv1-pilot-001-homecredit-voting-k200-lr-s42-f0/candidate_features.csv,9376,3629940f3207b3f631be106c5e715606c24b5732987d64a776b5fea8ee986404
results/runs/homecredit/cdv1-pilot-001-homecredit-voting-k200-lr-s42-f0/candidate_projection_manifest.json,104612,a6c77537be6145939f719968b6370cd2cf762aaa8c82fdbf01ab0be93bf45f01
results/runs/homecredit/cdv1-pilot-001-homecredit-voting-k200-lr-s42-f0/checkpoint.json,25086,6dd903b7fa9c16ffe2b9c230c549cb2a56b38f9527a43573c7fb12650843bb97
results/runs/homecredit/cdv1-pilot-001-homecredit-voting-k200-lr-s42-f0/config.json,2566,6587ad9ff2da46d0756a36c4649d3c8d243573563579e34dced586825999719b
results/runs/homecredit/cdv1-pilot-001-homecredit-voting-k200-lr-s42-f0/data_access_log.json,35629,2b1b47da0e94b3a56fd0ce929a5cfc6f930d8da9c7b5ed31641321f21430f745
results/runs/homecredit/cdv1-pilot-001-homecredit-voting-k200-lr-s42-f0/effective_model_config.json,1861,0f464070dca643ac15470656d45541570d89d0c1871c54b7a6b481ffb0999738
results/runs/homecredit/cdv1-pilot-001-homecredit-voting-k200-lr-s42-f0/fold_identity_manifest.json,1270,f8b2b70ffb501d092cf64bbf613b44da542c3ad6213e326246bea2ac168f2286
results/runs/homecredit/cdv1-pilot-001-homecredit-voting-k200-lr-s42-f0/fold_selections.csv,11695,8c91866da5ec37d62423b32428ab8bd79ba6e687c62a4d4491815be5eb1dcbb1
results/runs/homecredit/cdv1-pilot-001-homecredit-voting-k200-lr-s42-f0/incomplete/attempt_history/attempt_01_resource_usage.json,2013,5ac29dd9b5ca262612e7acbc7c29f51c9b2c01f3b9254d2ca4467d388c482f98
results/runs/homecredit/cdv1-pilot-001-homecredit-voting-k200-lr-s42-f0/incomplete/attempt_history/attempt_02_resource_usage.json,4396,a9a6d2c0d9998a047d3b12fc951035ed01c95fd1e5fa94d6ec68d49fe72c5928
results/runs/homecredit/cdv1-pilot-001-homecredit-voting-k200-lr-s42-f0/incomplete/attempt_history/attempt_03_resource_usage.json,162297,9d00b3214433c55341dcc0e3f161f65565982591d687b05ce5ba578782a91c7e
results/runs/homecredit/cdv1-pilot-001-homecredit-voting-k200-lr-s42-f0/manifest.json,13411,f59d6b3cce8c18e62b0fbbb4ec306cb4fe94df374cd5c5076661b9cccf140d86
results/runs/homecredit/cdv1-pilot-001-homecredit-voting-k200-lr-s42-f0/pilot_validation.json,2743,a74d2adda4c8f15fbe075ec2fbc93d936282a2ceade47b3f2b5a472c9069cbb0
results/runs/homecredit/cdv1-pilot-001-homecredit-voting-k200-lr-s42-f0/prediction_metadata.json,2031,f8b1a3341875734dcc87c83c0983d116ff480fb17021ed62cf634a61a3ec72e8
results/runs/homecredit/cdv1-pilot-001-homecredit-voting-k200-lr-s42-f0/predictions_dev.csv,3087288,0a94158fe5101472c163679c3f1bb05ee482149c35a8f55fbc4461de16612da6
results/runs/homecredit/cdv1-pilot-001-homecredit-voting-k200-lr-s42-f0/preflight.json,5314,8b67f2ae15082ab8207170acb7fb1448514c48c7be54d4aba51965f4e15f8957
results/runs/homecredit/cdv1-pilot-001-homecredit-voting-k200-lr-s42-f0/resource_usage.json,56393,252fe48fd824a814d7f49be87d3656773c05167fd53c50e9dfb20134affe8b18
results/runs/homecredit/cdv1-pilot-001-homecredit-voting-k200-lr-s42-f0/rfe_selection_trace.csv,11561,2a4fe0610bd919384f7430278d01476e5c10c14f9132f69277506f1f89f66238
results/runs/homecredit/cdv1-pilot-001-homecredit-voting-k200-lr-s42-f0/run.log,1567,d9b9361acb0ea2eaf8ea7ac5e145620cbac482ead16a24057f71f4b86ece6908
results/runs/homecredit/cdv1-pilot-001-homecredit-voting-k200-lr-s42-f0/run_manifest.json,13411,f59d6b3cce8c18e62b0fbbb4ec306cb4fe94df374cd5c5076661b9cccf140d86
results/runs/homecredit/cdv1-pilot-001-homecredit-voting-k200-lr-s42-f0/selected_features.csv,1021,f24b15e6570cd49808bd8644110506415bf5344eb243ce313759d01be05ea6db
results/runs/homecredit/cdv1-pilot-001-homecredit-voting-k200-lr-s42-f0/selection_artifact_manifest.json,5144,3ae13c618a9335aeac89359dcab9446bfe2dd2b215053d5ff2b36976ae892cd4
results/runs/homecredit/cdv1-pilot-001-homecredit-voting-k200-lr-s42-f0/stage_timings.csv,237,ea1ec12a5fc94bfdf6286c3aa402ae9dea109768768007d5b0e056d1eda737f6
results/runs/homecredit/cdv1-pilot-001-homecredit-voting-k200-lr-s42-f0/voter_rankings.csv,736095,5a9f575b6c57d45d77affae05be481c987a23b64d8e933b56787ae9ef7a1843d
results/runs/homecredit/cdv1-pilot-002-homecredit-voting-k200-catboost-s42-f0/_SUCCESS,27,caa499c413f5413b80576ca10a0a73a88168042b113e5d6974786047b501f978
results/runs/homecredit/cdv1-pilot-002-homecredit-voting-k200-catboost-s42-f0/aggregate_ranking.csv,93419,221387c1a1c9e71a3a4933e016884c33ef5af3ae40ecfb6dd31d5995f60553f7
results/runs/homecredit/cdv1-pilot-002-homecredit-voting-k200-catboost-s42-f0/candidate_features.csv,9376,3629940f3207b3f631be106c5e715606c24b5732987d64a776b5fea8ee986404
results/runs/homecredit/cdv1-pilot-002-homecredit-voting-k200-catboost-s42-f0/candidate_projection_manifest.json,105227,d724892a11af3fb3d8b5ea678b81df70b32dfff39c8aff2a68bf0212cec57131
results/runs/homecredit/cdv1-pilot-002-homecredit-voting-k200-catboost-s42-f0/checkpoint.json,21415,973c02be5ece83a2364d69cd920fa4d5b431059d291106c1b036a48e101ce2e3
results/runs/homecredit/cdv1-pilot-002-homecredit-voting-k200-catboost-s42-f0/config.json,2584,412411225f4b8e812fc84365d73ac2beebe85a7e112dd8bbf24bad6ac521cb34
results/runs/homecredit/cdv1-pilot-002-homecredit-voting-k200-catboost-s42-f0/data_access_log.json,35629,2b1b47da0e94b3a56fd0ce929a5cfc6f930d8da9c7b5ed31641321f21430f745
results/runs/homecredit/cdv1-pilot-002-homecredit-voting-k200-catboost-s42-f0/effective_model_config.json,2521,1893a5b238e0d95ac1e6b3c797d1b62707505d7b0d1be853c1125bb7799a31a0
results/runs/homecredit/cdv1-pilot-002-homecredit-voting-k200-catboost-s42-f0/fold_identity_manifest.json,1270,f8b2b70ffb501d092cf64bbf613b44da542c3ad6213e326246bea2ac168f2286
results/runs/homecredit/cdv1-pilot-002-homecredit-voting-k200-catboost-s42-f0/fold_selections.csv,11655,86d211d923535a824cb5ad8c0005863ac70e4d80875d3260d6e688509bd25e88
results/runs/homecredit/cdv1-pilot-002-homecredit-voting-k200-catboost-s42-f0/manifest.json,13223,daf7a49b2645a84639cedf6b6f2442dde311bc424bb3f258effdf54806c45a6a
results/runs/homecredit/cdv1-pilot-002-homecredit-voting-k200-catboost-s42-f0/pilot_validation.json,2721,79e2949fbc1bdc25778a5b457cc84eb34af9d1259d796b4b9c9123c266abb99b
results/runs/homecredit/cdv1-pilot-002-homecredit-voting-k200-catboost-s42-f0/prediction_metadata.json,2049,e4bf4bf5055fc33c2f692e8b3d7c0f7e4b8142b6d19e1387b96fc5dcad340061
results/runs/homecredit/cdv1-pilot-002-homecredit-voting-k200-catboost-s42-f0/predictions_dev.csv,3293251,920dee6f0c35454696c6e8378320b2f92426d626a6a8188466c26bfe08f2f790
results/runs/homecredit/cdv1-pilot-002-homecredit-voting-k200-catboost-s42-f0/preflight.json,5327,93b05c169d6f2dedc3473b3adf928d037024808cdd6adbf2f7d1d610454fd0cf
results/runs/homecredit/cdv1-pilot-002-homecredit-voting-k200-catboost-s42-f0/resource_usage.json,163346,a44ad54ad4b89312ca0088bb5790da0056346a72df453d604e3502e8043c97a0
results/runs/homecredit/cdv1-pilot-002-homecredit-voting-k200-catboost-s42-f0/rfe_selection_trace.csv,11521,89f0a713ed91190400d998f1426c1597abace30ebf8a0a84e7983d3c6820181d
results/runs/homecredit/cdv1-pilot-002-homecredit-voting-k200-catboost-s42-f0/run.log,983,d1a04634684374d585ff3a4ceea94005bdbea28b830cf9bfdd95c200b5191eb2
results/runs/homecredit/cdv1-pilot-002-homecredit-voting-k200-catboost-s42-f0/run_manifest.json,13223,daf7a49b2645a84639cedf6b6f2442dde311bc424bb3f258effdf54806c45a6a
results/runs/homecredit/cdv1-pilot-002-homecredit-voting-k200-catboost-s42-f0/selected_features.csv,2240,769064fda073d5ef5360e5098395696f1f20df16d65301d9bd42f1a0579aa92b
results/runs/homecredit/cdv1-pilot-002-homecredit-voting-k200-catboost-s42-f0/selection_artifact_manifest.json,5186,f830dd6327a25f5772fd3fb80bfe5ad2bb279c6dfd864571ce4abf5c67da68b1
results/runs/homecredit/cdv1-pilot-002-homecredit-voting-k200-catboost-s42-f0/stage_timings.csv,448,07e0f9eded8a1005cce72a016637382923a5148ff63f081ff87727de2e6a7ef5
results/runs/homecredit/cdv1-pilot-002-homecredit-voting-k200-catboost-s42-f0/voter_rankings.csv,736095,5a9f575b6c57d45d77affae05be481c987a23b64d8e933b56787ae9ef7a1843d
results/runs/lendingclub_v2/cdv1-009-lendingclub-v2-reference-rf-corr-mrmr-lr-s42/checkpoint.json,54604,3eff70b0b68358b47419c81dce3607dafb4f7ba1fb9732762863fa2a381d5fe1
results/runs/lendingclub_v2/cdv1-009-lendingclub-v2-reference-rf-corr-mrmr-lr-s42/config.json,1746,f22347d0fd399aac94b29c667c19e5489e7cecd5d497e54364d225232dcb3dfb
results/runs/lendingclub_v2/cdv1-009-lendingclub-v2-reference-rf-corr-mrmr-lr-s42/data_access_dev.json,27710,69bbf24496308093d1f8332fb4eb84a11a3e2cc4d1213f6cca409d3f28850485
results/runs/lendingclub_v2/cdv1-009-lendingclub-v2-reference-rf-corr-mrmr-lr-s42/features/feature_stability_metrics.csv,126,88e2515148b2eff2ef87fe1e7c32d8b764b5e6a5e9466ae14fda487e6aca0578
results/runs/lendingclub_v2/cdv1-009-lendingclub-v2-reference-rf-corr-mrmr-lr-s42/features/fold_selected_features.csv,2669,8828936303ad703190483453ac37a413b1b4301c34bbf4cac0c02731e962ce34
results/runs/lendingclub_v2/cdv1-009-lendingclub-v2-reference-rf-corr-mrmr-lr-s42/folds/fold_1/aggregate_ranking.csv,43831,7e9c430cfada1a121f93b602e5d2685c264b53259b996ef0f9dab00a6e73a07e
results/runs/lendingclub_v2/cdv1-009-lendingclub-v2-reference-rf-corr-mrmr-lr-s42/folds/fold_1/candidate_features.csv,545,b8cd4af050eaa745f2091e3ffad54f460d6907743015de369b4fc93b4a4fd187
results/runs/lendingclub_v2/cdv1-009-lendingclub-v2-reference-rf-corr-mrmr-lr-s42/folds/fold_1/effective_model_config.json,1295,68b25c0291faf3f6e2ac13a92c3d89f8d136d43bedd079d5e208bcb5a2ba092e
results/runs/lendingclub_v2/cdv1-009-lendingclub-v2-reference-rf-corr-mrmr-lr-s42/folds/fold_1/prediction_metadata.json,1979,54f206da005a4f00d3746b7a7c749ad40c85c291cf2953d9347ec8156099b0ee
results/runs/lendingclub_v2/cdv1-009-lendingclub-v2-reference-rf-corr-mrmr-lr-s42/folds/fold_1/predictions_dev.csv,22308513,8b479bce550572efe96c3c9ed1e272b8f38758dc6392e0a74243a89881871978
results/runs/lendingclub_v2/cdv1-009-lendingclub-v2-reference-rf-corr-mrmr-lr-s42/folds/fold_1/rfe_selection_trace.csv,654,e10b12b4fd32b717e5272ba5a8e2f840593c6ccdb9ece9040ef848d4c8e6c0d1
results/runs/lendingclub_v2/cdv1-009-lendingclub-v2-reference-rf-corr-mrmr-lr-s42/folds/fold_1/selected_features.csv,593,aa5c89bcc5c6dea238898c5604ca31b5a1a08f1cac06b3227acec586bfd27596
results/runs/lendingclub_v2/cdv1-009-lendingclub-v2-reference-rf-corr-mrmr-lr-s42/folds/fold_1/voter_rankings.csv,90351,3835fd2f76ba59a969765d084939c20ac737eadfc1b0ddc0f51c8f3f0de58ebd
results/runs/lendingclub_v2/cdv1-009-lendingclub-v2-reference-rf-corr-mrmr-lr-s42/folds/fold_2/aggregate_ranking.csv,43606,fa1555197cb3d657d628bda4468292a68621d38a2557a1eb70146e6c8a5e6e77
results/runs/lendingclub_v2/cdv1-009-lendingclub-v2-reference-rf-corr-mrmr-lr-s42/folds/fold_2/candidate_features.csv,521,efd6bc1a338a8360d392cd7d10b1c19e582343beeb4d4d642c02df4439227bba
results/runs/lendingclub_v2/cdv1-009-lendingclub-v2-reference-rf-corr-mrmr-lr-s42/folds/fold_2/effective_model_config.json,1295,912329fcb2f9a540f66dcd7b8007357faa078699bfc51024210116d699f7d9d1
results/runs/lendingclub_v2/cdv1-009-lendingclub-v2-reference-rf-corr-mrmr-lr-s42/folds/fold_2/prediction_metadata.json,1976,095f868c40c762be87aabad4595bb93cac5ad2495c8818444b55b8fce1344113
results/runs/lendingclub_v2/cdv1-009-lendingclub-v2-reference-rf-corr-mrmr-lr-s42/folds/fold_2/predictions_dev.csv,16810202,b08f2660c3eb7edba6226f20137413bf15aac2776983e5ed0d109013735628e4
results/runs/lendingclub_v2/cdv1-009-lendingclub-v2-reference-rf-corr-mrmr-lr-s42/folds/fold_2/rfe_selection_trace.csv,630,286a15de8038418eb06db2293a88d1026fe59b5d6f39c3ec0b5644c474a435bc
results/runs/lendingclub_v2/cdv1-009-lendingclub-v2-reference-rf-corr-mrmr-lr-s42/folds/fold_2/selected_features.csv,569,39123e79ad430e201588c55754ac1e42cb1ea8928b8328012d1526fd50b02238
results/runs/lendingclub_v2/cdv1-009-lendingclub-v2-reference-rf-corr-mrmr-lr-s42/folds/fold_2/voter_rankings.csv,90126,427273399a813f14804878d5da63a664ca46e4064bb079a967e8fee8795faa9a
results/runs/lendingclub_v2/cdv1-009-lendingclub-v2-reference-rf-corr-mrmr-lr-s42/folds/fold_3/aggregate_ranking.csv,43515,2a48c4f6e0b4e3b3ce58b717c7077734d4c0f0e59d984bb35a10e3fcbe307ab0
results/runs/lendingclub_v2/cdv1-009-lendingclub-v2-reference-rf-corr-mrmr-lr-s42/folds/fold_3/candidate_features.csv,488,0a057e307b0b147606398491ae46f85a80eb2dbbba44d21e0551b02549e5a5d7
results/runs/lendingclub_v2/cdv1-009-lendingclub-v2-reference-rf-corr-mrmr-lr-s42/folds/fold_3/effective_model_config.json,1295,4b13771030b69feb5a681e45574e6305365d59c5632e7fa978a0894cbcc818e2
results/runs/lendingclub_v2/cdv1-009-lendingclub-v2-reference-rf-corr-mrmr-lr-s42/folds/fold_3/prediction_metadata.json,1979,75b826ac47f74a99ad2b2009493d06d155a8635ad74a416b8e6cb40ea98518b6
results/runs/lendingclub_v2/cdv1-009-lendingclub-v2-reference-rf-corr-mrmr-lr-s42/folds/fold_3/predictions_dev.csv,24806836,e1239c380cc1a70e9b803776ce00b48d6408e5b16698180e1db24950d00284b9
results/runs/lendingclub_v2/cdv1-009-lendingclub-v2-reference-rf-corr-mrmr-lr-s42/folds/fold_3/rfe_selection_trace.csv,597,36bbce42354303fcc3fd6bd5a1f266ea25858a6939ebd8b67a86b579261105f4
results/runs/lendingclub_v2/cdv1-009-lendingclub-v2-reference-rf-corr-mrmr-lr-s42/folds/fold_3/selected_features.csv,536,af67949b2fd6cee29fd42167a30ab776b1cd7fdb78e74d44f0c53eab29eca428
results/runs/lendingclub_v2/cdv1-009-lendingclub-v2-reference-rf-corr-mrmr-lr-s42/folds/fold_3/voter_rankings.csv,90035,0d2ed65464d0a7a9573be4306ababbcd9697b77c58beb607ccd93871515b4c16
results/runs/lendingclub_v2/cdv1-009-lendingclub-v2-reference-rf-corr-mrmr-lr-s42/folds/fold_4/aggregate_ranking.csv,43231,81d8fe42777eebcfcd5988eacbf54e8c9ab16f3bb244b0254a875a3723a694ab
results/runs/lendingclub_v2/cdv1-009-lendingclub-v2-reference-rf-corr-mrmr-lr-s42/folds/fold_4/candidate_features.csv,512,7036fb19f8be47b5872b9c97f3e66f33bfd46ebcc5dd6cdf004ffc07f1dc53c0
results/runs/lendingclub_v2/cdv1-009-lendingclub-v2-reference-rf-corr-mrmr-lr-s42/folds/fold_4/effective_model_config.json,1295,4b13771030b69feb5a681e45574e6305365d59c5632e7fa978a0894cbcc818e2
results/runs/lendingclub_v2/cdv1-009-lendingclub-v2-reference-rf-corr-mrmr-lr-s42/folds/fold_4/prediction_metadata.json,1976,0fc6d8eae21446fc11aaef127412b9e7392385f1999049ecad75eb34c3169f98
results/runs/lendingclub_v2/cdv1-009-lendingclub-v2-reference-rf-corr-mrmr-lr-s42/folds/fold_4/predictions_dev.csv,19480069,143d0119142c564efd8bd4164bb32c327f2fe96a6afdf9381ce7bd575c36094d
results/runs/lendingclub_v2/cdv1-009-lendingclub-v2-reference-rf-corr-mrmr-lr-s42/folds/fold_4/rfe_selection_trace.csv,621,679d269cf582f34350b60119d0e2da8d7547fc2f07adca89cc7fa0c5028050ae
results/runs/lendingclub_v2/cdv1-009-lendingclub-v2-reference-rf-corr-mrmr-lr-s42/folds/fold_4/selected_features.csv,560,3d16624f7326d3b3a0ab707ca336c14a6d0febe3863816b09e5c5045e46fa0c0
results/runs/lendingclub_v2/cdv1-009-lendingclub-v2-reference-rf-corr-mrmr-lr-s42/folds/fold_4/voter_rankings.csv,89751,c7d051059f281e6f9833c7ef453afbec474073e72aa52d6bfb3e2ee81662f275
results/runs/lendingclub_v2/cdv1-009-lendingclub-v2-reference-rf-corr-mrmr-lr-s42/folds/fold_5/aggregate_ranking.csv,43245,5389ec3df6cff41e8ef0103b92db423ec414cdf81ba6e7bb04af542246171637
results/runs/lendingclub_v2/cdv1-009-lendingclub-v2-reference-rf-corr-mrmr-lr-s42/folds/fold_5/candidate_features.csv,491,7e6021b87eb005078badf44037d168c1f8cf914d058ee5ab92f31e975b697835
results/runs/lendingclub_v2/cdv1-009-lendingclub-v2-reference-rf-corr-mrmr-lr-s42/folds/fold_5/effective_model_config.json,1295,4b13771030b69feb5a681e45574e6305365d59c5632e7fa978a0894cbcc818e2
results/runs/lendingclub_v2/cdv1-009-lendingclub-v2-reference-rf-corr-mrmr-lr-s42/folds/fold_5/prediction_metadata.json,1976,caac1999f040ba6096508428ab835a539702c7324dbb9e1836a86057f550e52f
results/runs/lendingclub_v2/cdv1-009-lendingclub-v2-reference-rf-corr-mrmr-lr-s42/folds/fold_5/predictions_dev.csv,14028160,f86b8717401600e3d5db792d7db80b30bc7106734834a22d4108ee1af8ceed18
results/runs/lendingclub_v2/cdv1-009-lendingclub-v2-reference-rf-corr-mrmr-lr-s42/folds/fold_5/rfe_selection_trace.csv,600,aa15047ea4776d389cd5968169f5cb02b1ef80dc00304afadd84ca059f10affb
results/runs/lendingclub_v2/cdv1-009-lendingclub-v2-reference-rf-corr-mrmr-lr-s42/folds/fold_5/selected_features.csv,539,f165e580846af2681843b98f10a393519d9784c7ebaa8863d8e7a5719c14ae7d
results/runs/lendingclub_v2/cdv1-009-lendingclub-v2-reference-rf-corr-mrmr-lr-s42/folds/fold_5/voter_rankings.csv,89765,21bdd739801fe6d9371ae75325d31dab61a5d5af0fa81861be0d70408e150a49
results/runs/lendingclub_v2/cdv1-009-lendingclub-v2-reference-rf-corr-mrmr-lr-s42/manifest.json,8375,bbde2a472b66f1192439049a50eed0571c3eee8b1ed1e75ee1acf6b41e32f4bc
results/runs/lendingclub_v2/cdv1-009-lendingclub-v2-reference-rf-corr-mrmr-lr-s42/preflight.json,4809,a36a73a1e664dc69436e25b58567bc19a5937fc8929f371240b8f4cb2807a232
results/runs/lendingclub_v2/cdv1-009-lendingclub-v2-reference-rf-corr-mrmr-lr-s42/resource_usage.json,642603,24657ba51f01e277dbd2a46137a00a452c09fd7b0d87edf88eff84688a797781
results/runs/lendingclub_v2/cdv1-009-lendingclub-v2-reference-rf-corr-mrmr-lr-s42/results/dev_fold_metrics.csv,1519,a061c630cbf107f34c499fa2a56f1ae420109b3e355ced27fba61a58bd411921
results/runs/lendingclub_v2/cdv1-009-lendingclub-v2-reference-rf-corr-mrmr-lr-s42/results/dev_prediction_metadata.json,2088,1f3ce0619ad2f859b99d867f0827aa2c14a9358e2313337980da43a6e280cb1e
results/runs/lendingclub_v2/cdv1-009-lendingclub-v2-reference-rf-corr-mrmr-lr-s42/results/dev_predictions.csv,98764262,0d092874a37e38d71ef880042862189d9eb14f094b9cb6529b4e73ccbba40dae
results/runs/lendingclub_v2/cdv1-009-lendingclub-v2-reference-rf-corr-mrmr-lr-s42/run.log,1190,7d8ce693f1bca1632482f9b8a29f6eed8a094ab5aaa6c3a7d1cad41c2889c530
results/runs/lendingclub_v2/cdv1-009-lendingclub-v2-reference-rf-corr-mrmr-lr-s42/run_manifest.json,8375,bbde2a472b66f1192439049a50eed0571c3eee8b1ed1e75ee1acf6b41e32f4bc
results/runs/lendingclub_v2/cdv1-010-lendingclub-v2-voting-k100-lr-s42/checkpoint.json,59140,01a22b31d72bbb71434aa57c810abe20a060ce358601c3ecc9006434d08c02f4
results/runs/lendingclub_v2/cdv1-010-lendingclub-v2-voting-k100-lr-s42/config.json,1747,4bd706e64dffb895cbb100336f28ae363f0160034766e8da1c51887f0eeee5b7
results/runs/lendingclub_v2/cdv1-010-lendingclub-v2-voting-k100-lr-s42/data_access_dev.json,27710,69bbf24496308093d1f8332fb4eb84a11a3e2cc4d1213f6cca409d3f28850485
results/runs/lendingclub_v2/cdv1-010-lendingclub-v2-voting-k100-lr-s42/features/feature_stability_metrics.csv,128,b64fa7ae49b104209d8fbdd9d3e9923b6c8dc13f966e58b2aea88cfe6ac4f72b
results/runs/lendingclub_v2/cdv1-010-lendingclub-v2-voting-k100-lr-s42/features/fold_selected_features.csv,2818,e49ecf39c882f1889500cb41084a911be8b0336e92fa75b04f3d429726c34ba8
results/runs/lendingclub_v2/cdv1-010-lendingclub-v2-voting-k100-lr-s42/folds/fold_1/aggregate_ranking.csv,121649,01dca1127a8ecb3157a06603cb199b8183bf3ef796cf0729de1cf063b5a05e03
results/runs/lendingclub_v2/cdv1-010-lendingclub-v2-voting-k100-lr-s42/folds/fold_1/candidate_features.csv,2802,6e3c70c4fdb8e4e5f21417dbcafe45abb5f5f4fd0f950962e381a56c8545c786
results/runs/lendingclub_v2/cdv1-010-lendingclub-v2-voting-k100-lr-s42/folds/fold_1/effective_model_config.json,1605,b8bf299971e9a8e6f9c3ba9960b0e981cad3f829dd344b5ef6a071b109a00e7f
results/runs/lendingclub_v2/cdv1-010-lendingclub-v2-voting-k100-lr-s42/folds/fold_1/prediction_metadata.json,1959,0cef3a457d383d27bb16232b2148e021a4cbffc190a17a8564180a2006e65539
results/runs/lendingclub_v2/cdv1-010-lendingclub-v2-voting-k100-lr-s42/folds/fold_1/predictions_dev.csv,21280346,0c3bebc52880ab3773c44dee27385967f82e3dfe860c34f3d12dfee30d1eaed0
results/runs/lendingclub_v2/cdv1-010-lendingclub-v2-voting-k100-lr-s42/folds/fold_1/rfe_selection_trace.csv,3902,3e93ba5b4a5bde9d6031b636ee94379a769b990c7c17ab0a6691dcd2b9cee7d8
results/runs/lendingclub_v2/cdv1-010-lendingclub-v2-voting-k100-lr-s42/folds/fold_1/selected_features.csv,616,68bdcd5d0aa3379a5f31ebcc11086c2a1b279201bcdacefb0fad33e93a0f0376
results/runs/lendingclub_v2/cdv1-010-lendingclub-v2-voting-k100-lr-s42/folds/fold_1/voter_rankings.csv,940532,f272e5e3b557ebf9ab44df069ed44777cc955490efb39b8b2ede8f8c8d9a6dcf
results/runs/lendingclub_v2/cdv1-010-lendingclub-v2-voting-k100-lr-s42/folds/fold_2/aggregate_ranking.csv,121639,077cd9734de5900ac8412e4ce6177af5d6b3b67db1c572507ee5153390021ad2
results/runs/lendingclub_v2/cdv1-010-lendingclub-v2-voting-k100-lr-s42/folds/fold_2/candidate_features.csv,2728,3a16a3923361f1663028895b2b5cc3246d8775485f325887debe1c1dbda83312
results/runs/lendingclub_v2/cdv1-010-lendingclub-v2-voting-k100-lr-s42/folds/fold_2/effective_model_config.json,1605,3061913cdbc559ca5d9f3e038c5c9baa667b20afc08ec2c6e2d9a2f402836545
results/runs/lendingclub_v2/cdv1-010-lendingclub-v2-voting-k100-lr-s42/folds/fold_2/prediction_metadata.json,1956,6d6a620f67c13fc45234d2d44d37985ba7a89528260c8dd123c542671aa28094
results/runs/lendingclub_v2/cdv1-010-lendingclub-v2-voting-k100-lr-s42/folds/fold_2/predictions_dev.csv,16035210,53677c68530409dfac2ebdb0c143deecd5f5b34fd10d0059c7cb9279b3657a25
results/runs/lendingclub_v2/cdv1-010-lendingclub-v2-voting-k100-lr-s42/folds/fold_2/rfe_selection_trace.csv,3828,3356bff8c70bc1b38e334dd7b24c3c30e00c7e2ea17e1f81a36f29012723ddb4
results/runs/lendingclub_v2/cdv1-010-lendingclub-v2-voting-k100-lr-s42/folds/fold_2/selected_features.csv,607,2fb85bc2df6a9d7b52a1ed6146eb150999280b3201f7c2b85c1c164f95050505
results/runs/lendingclub_v2/cdv1-010-lendingclub-v2-voting-k100-lr-s42/folds/fold_2/voter_rankings.csv,940307,b700eb64935f42f7d6ed295c9bb18ef43b670d15796c85db9a77a2c29472f7a0
results/runs/lendingclub_v2/cdv1-010-lendingclub-v2-voting-k100-lr-s42/folds/fold_3/aggregate_ranking.csv,121632,8e4258fa16e10dc31964e652ae1e0bb14400143451d29c8fd6b05368eed9c520
results/runs/lendingclub_v2/cdv1-010-lendingclub-v2-voting-k100-lr-s42/folds/fold_3/candidate_features.csv,2653,5b0d3241d10c266779ee0763fd63b08d7e5c4862392bcf2c1c711fa613a33087
results/runs/lendingclub_v2/cdv1-010-lendingclub-v2-voting-k100-lr-s42/folds/fold_3/effective_model_config.json,1605,3061913cdbc559ca5d9f3e038c5c9baa667b20afc08ec2c6e2d9a2f402836545
results/runs/lendingclub_v2/cdv1-010-lendingclub-v2-voting-k100-lr-s42/folds/fold_3/prediction_metadata.json,1959,c05adfa5a659e2c62109eed6189ff00bf6e750f274799df075833d95dfd1f4d2
results/runs/lendingclub_v2/cdv1-010-lendingclub-v2-voting-k100-lr-s42/folds/fold_3/predictions_dev.csv,23665163,4039fefa96e53be0e0744b980b2bb1b8b376d17da447684875dfc9402fea049c
results/runs/lendingclub_v2/cdv1-010-lendingclub-v2-voting-k100-lr-s42/folds/fold_3/rfe_selection_trace.csv,3753,80768a9868bd2a66785f6143e3207399f46a472818a123ffd3b9069c4aa9869b
results/runs/lendingclub_v2/cdv1-010-lendingclub-v2-voting-k100-lr-s42/folds/fold_3/selected_features.csv,564,5326d53aaaf5fea62f185038256cd5ed1ed885c7ba54ab6fccf5a2c0ad9de817
results/runs/lendingclub_v2/cdv1-010-lendingclub-v2-voting-k100-lr-s42/folds/fold_3/voter_rankings.csv,940216,f98fd2cffcb84670d6b1006e29983463b35f72d5223196f938a1318b10aa3cbc
results/runs/lendingclub_v2/cdv1-010-lendingclub-v2-voting-k100-lr-s42/folds/fold_4/aggregate_ranking.csv,121662,961b60315200334e133b331e5a03eab7fdc281232226b3101432eddf3b3cd719
results/runs/lendingclub_v2/cdv1-010-lendingclub-v2-voting-k100-lr-s42/folds/fold_4/candidate_features.csv,2639,ce9d77bd080ae53068ba5b36be0e4b28751517f1b045a0442e26fd6bdb3eb894
results/runs/lendingclub_v2/cdv1-010-lendingclub-v2-voting-k100-lr-s42/folds/fold_4/effective_model_config.json,1605,9f3ffed776796951812f48d3b72a0432ba4b364fcbca972d70cfb4b953797553
results/runs/lendingclub_v2/cdv1-010-lendingclub-v2-voting-k100-lr-s42/folds/fold_4/prediction_metadata.json,1956,88cd44d17bc0bca385639f4c913bd585b2e2796c319971d3f522f8b7c9c36e0e
results/runs/lendingclub_v2/cdv1-010-lendingclub-v2-voting-k100-lr-s42/folds/fold_4/predictions_dev.csv,18582655,b8f9fddbcc8dd46c432bd482db9aa89998839ba213d07ec9fecd183adb077912
results/runs/lendingclub_v2/cdv1-010-lendingclub-v2-voting-k100-lr-s42/folds/fold_4/rfe_selection_trace.csv,3739,8b57983079a7c8a9591023e85ab03d2633ca559098d40034708bb4cde1ea6641
results/runs/lendingclub_v2/cdv1-010-lendingclub-v2-voting-k100-lr-s42/folds/fold_4/selected_features.csv,561,6def8935d6f5b4e4f502d3740df8ffe17dec0ba2dd4c90bd1e079b9fe73dba70
results/runs/lendingclub_v2/cdv1-010-lendingclub-v2-voting-k100-lr-s42/folds/fold_4/voter_rankings.csv,939932,9beae4ad00f65fb4961cbfe529c545e10b57e5e0dc6754943f8dab111039be48
results/runs/lendingclub_v2/cdv1-010-lendingclub-v2-voting-k100-lr-s42/folds/fold_5/aggregate_ranking.csv,121632,a11500f8692594b9edb8e90fbff6bdc55c7806cb219902c7e56386c4cdd7ed58
results/runs/lendingclub_v2/cdv1-010-lendingclub-v2-voting-k100-lr-s42/folds/fold_5/candidate_features.csv,2623,82f57d11cecb3323b784ba18d72695ee647c6e133092402faf901978d3d6ee0a
results/runs/lendingclub_v2/cdv1-010-lendingclub-v2-voting-k100-lr-s42/folds/fold_5/effective_model_config.json,1605,9f3ffed776796951812f48d3b72a0432ba4b364fcbca972d70cfb4b953797553
results/runs/lendingclub_v2/cdv1-010-lendingclub-v2-voting-k100-lr-s42/folds/fold_5/prediction_metadata.json,1956,fe9052cd73e1f7b9c132ebefaabd7bf599230b5a2953d0aaa66377f9e9318a85
results/runs/lendingclub_v2/cdv1-010-lendingclub-v2-voting-k100-lr-s42/folds/fold_5/predictions_dev.csv,13381681,7433da3d333b15320234c27ae0fc5f9b3c7f104450fc8873d5dccffa03ca082e
results/runs/lendingclub_v2/cdv1-010-lendingclub-v2-voting-k100-lr-s42/folds/fold_5/rfe_selection_trace.csv,3723,8c01672ba2e01e0cc9c4b27f2dcb74db7b1b9f751adb74a60ecda05c848bf6bd
results/runs/lendingclub_v2/cdv1-010-lendingclub-v2-voting-k100-lr-s42/folds/fold_5/selected_features.csv,598,7a324ecbb90fc32d8b1ad65df28bb05b7698be9b1d9af10d67ddb31ed3647b03
results/runs/lendingclub_v2/cdv1-010-lendingclub-v2-voting-k100-lr-s42/folds/fold_5/voter_rankings.csv,939946,fa7868c3a98b2404a9ca4736ac267a75365d1c7f56d532d4e17a51f3bba672c7
results/runs/lendingclub_v2/cdv1-010-lendingclub-v2-voting-k100-lr-s42/manifest.json,8346,c3b711dfd6c2ae1d4f5967fc9abc1c8031382e4c9b3c2498dad07aa32cb3aa95
results/runs/lendingclub_v2/cdv1-010-lendingclub-v2-voting-k100-lr-s42/preflight.json,4809,7c52e1aca145f0201fbc64b8624d5ec95dc2c323486002ae72a9330f5dfc2570
results/runs/lendingclub_v2/cdv1-010-lendingclub-v2-voting-k100-lr-s42/resource_usage.json,4883019,78d4b3f40573ee420f8ba35ef6420488e01c503e697afc61ed48a05b7813a240
results/runs/lendingclub_v2/cdv1-010-lendingclub-v2-voting-k100-lr-s42/results/dev_fold_metrics.csv,1511,bacbaa2a3278e16ef447e4e4378a867f6799538bd98be5524fd666e1ef98b70c
results/runs/lendingclub_v2/cdv1-010-lendingclub-v2-voting-k100-lr-s42/results/dev_prediction_metadata.json,2068,8e9ff4b4e7d70404410b067406c7dc1e6f6519b20aeb70640a838511f6507b3f
results/runs/lendingclub_v2/cdv1-010-lendingclub-v2-voting-k100-lr-s42/results/dev_predictions.csv,94271735,ef118c05023eb4a3e57d3f0ba7c8715c3cfe09815e95624c5113948bd2cb8289
results/runs/lendingclub_v2/cdv1-010-lendingclub-v2-voting-k100-lr-s42/run.log,3240,585283cc991564c430752828281a7ff14af75a12a8058e5371cb0e477a653ebc
results/runs/lendingclub_v2/cdv1-010-lendingclub-v2-voting-k100-lr-s42/run_manifest.json,8346,c3b711dfd6c2ae1d4f5967fc9abc1c8031382e4c9b3c2498dad07aa32cb3aa95
results/runs/lendingclub_v2/cdv1-011-lendingclub-v2-voting-k200-lr-s42/checkpoint.json,63842,43f09f595f51a8791af0547a3bfbc620a94340dcea52e831d03b258ea1296544
results/runs/lendingclub_v2/cdv1-011-lendingclub-v2-voting-k200-lr-s42/config.json,1743,4a53623ddd3ee00b58f1c8135133bef2b5d186a5030d692345b9d9ef6b90ed82
results/runs/lendingclub_v2/cdv1-011-lendingclub-v2-voting-k200-lr-s42/data_access_dev.json,27710,69bbf24496308093d1f8332fb4eb84a11a3e2cc4d1213f6cca409d3f28850485
results/runs/lendingclub_v2/cdv1-011-lendingclub-v2-voting-k200-lr-s42/features/feature_stability_metrics.csv,127,1dd0b2567a5d443852e93d4a33d3aa76307e28b63003ae9246d6798fd8a4ace8
results/runs/lendingclub_v2/cdv1-011-lendingclub-v2-voting-k200-lr-s42/features/fold_selected_features.csv,2813,cf4e1681534462f82aa569cade85b84468ea4aa53d981f7f23d3f5147bf91042
results/runs/lendingclub_v2/cdv1-011-lendingclub-v2-voting-k200-lr-s42/folds/fold_1/aggregate_ranking.csv,121549,fb66c0ce0c5e15d567d5676a183fab2657c72a1600358e3cd6f3fad53bb2ccd8
results/runs/lendingclub_v2/cdv1-011-lendingclub-v2-voting-k200-lr-s42/folds/fold_1/candidate_features.csv,5713,0cf7e644a6ac5e24885811b323cd7ad35c26a724f4cf5383d3c8314a25868cad
results/runs/lendingclub_v2/cdv1-011-lendingclub-v2-voting-k200-lr-s42/folds/fold_1/effective_model_config.json,1605,cf6409718f00fb822ba6ca9bf5cc648304fe40ca4b8433bff6258c36ec03418b
results/runs/lendingclub_v2/cdv1-011-lendingclub-v2-voting-k200-lr-s42/folds/fold_1/prediction_metadata.json,1959,3ebef5b751b82fe72845c0bf0c7ecb2a6df3c5b61f6dd15cc5f41c384ea26532
results/runs/lendingclub_v2/cdv1-011-lendingclub-v2-voting-k200-lr-s42/folds/fold_1/predictions_dev.csv,21280226,7ddd474e0e95c3d2e839ee1ba48ee267a4b765112d4f38a317d3cd51a109b908
results/runs/lendingclub_v2/cdv1-011-lendingclub-v2-voting-k200-lr-s42/folds/fold_1/rfe_selection_trace.csv,8013,eba7f0fb48ac13bea5ee7847dac041740c31dbafcac8badce35f8d38af82c049
results/runs/lendingclub_v2/cdv1-011-lendingclub-v2-voting-k200-lr-s42/folds/fold_1/selected_features.csv,590,2ea7b07bff86f9a47531dae158fb453ede15eed01b86a997ed5d0d6c1d683584
results/runs/lendingclub_v2/cdv1-011-lendingclub-v2-voting-k200-lr-s42/folds/fold_1/voter_rankings.csv,940532,f272e5e3b557ebf9ab44df069ed44777cc955490efb39b8b2ede8f8c8d9a6dcf
results/runs/lendingclub_v2/cdv1-011-lendingclub-v2-voting-k200-lr-s42/folds/fold_2/aggregate_ranking.csv,121539,395110ed1247a601e012513694e1b7228a5aaca051ddacac9946041910a8a08d
results/runs/lendingclub_v2/cdv1-011-lendingclub-v2-voting-k200-lr-s42/folds/fold_2/candidate_features.csv,5685,63887bd293aea89d1139d65225e417c590b1ef605144c44fe0230518366f7e8b
results/runs/lendingclub_v2/cdv1-011-lendingclub-v2-voting-k200-lr-s42/folds/fold_2/effective_model_config.json,1606,5a539e1f9298a962b18a4bed1ed9ee3e7b53aaf7f96cd42b697f9524d14c11ff
results/runs/lendingclub_v2/cdv1-011-lendingclub-v2-voting-k200-lr-s42/folds/fold_2/prediction_metadata.json,1956,d8948564d4bc7d739381df8a11b6b7f1e3c9d0dc713567a8099ea540bcf64444
results/runs/lendingclub_v2/cdv1-011-lendingclub-v2-voting-k200-lr-s42/folds/fold_2/predictions_dev.csv,16035801,fdf344c6d4dc13f9332f95ce50e5ef4fef2f254c639e7e7ce2565cea08c4ea19
results/runs/lendingclub_v2/cdv1-011-lendingclub-v2-voting-k200-lr-s42/folds/fold_2/rfe_selection_trace.csv,7985,2c0bf52eb9ab5cc544d9f0399018a2742e25576a5b31431b87d6f5117d74632d
results/runs/lendingclub_v2/cdv1-011-lendingclub-v2-voting-k200-lr-s42/folds/fold_2/selected_features.csv,579,92800598c7745ac65d09afb33d792087f1b205fee5250d6dd5ffe32132fff831
results/runs/lendingclub_v2/cdv1-011-lendingclub-v2-voting-k200-lr-s42/folds/fold_2/voter_rankings.csv,940307,b700eb64935f42f7d6ed295c9bb18ef43b670d15796c85db9a77a2c29472f7a0
results/runs/lendingclub_v2/cdv1-011-lendingclub-v2-voting-k200-lr-s42/folds/fold_3/aggregate_ranking.csv,121532,0275c6634bc80b4b4614b99e65508d7a567bd2d9bf22a0fdb5bcf02bfaf80f68
results/runs/lendingclub_v2/cdv1-011-lendingclub-v2-voting-k200-lr-s42/folds/fold_3/candidate_features.csv,5600,62684942715b1ea9e7531249df2345eaa8008add77aca49c9deda047bc96e7da
results/runs/lendingclub_v2/cdv1-011-lendingclub-v2-voting-k200-lr-s42/folds/fold_3/effective_model_config.json,1605,3ae1fbb1a3ca46ea7b28d77fd80f67104e7732f1b90d88fbe931a1a2250808fa
results/runs/lendingclub_v2/cdv1-011-lendingclub-v2-voting-k200-lr-s42/folds/fold_3/prediction_metadata.json,1959,ecaa8cde7c5861f242058d82cfc35af17d326ed0607ebab99485108534c02f51
results/runs/lendingclub_v2/cdv1-011-lendingclub-v2-voting-k200-lr-s42/folds/fold_3/predictions_dev.csv,23664960,67109bf0fa1417244e22982f419a5e2b9e90a6260eb86f2915966972919dcfbb
results/runs/lendingclub_v2/cdv1-011-lendingclub-v2-voting-k200-lr-s42/folds/fold_3/rfe_selection_trace.csv,7900,de6ad86854955c87afffd355e72bda88a964321afe1882d1bc335e1bf1b55ad1
results/runs/lendingclub_v2/cdv1-011-lendingclub-v2-voting-k200-lr-s42/folds/fold_3/selected_features.csv,617,6fd1739acd9ee314c42ffd02399b8fdf755507496ffd3e7ca2aaa42c4b09a6bc
results/runs/lendingclub_v2/cdv1-011-lendingclub-v2-voting-k200-lr-s42/folds/fold_3/voter_rankings.csv,940216,f98fd2cffcb84670d6b1006e29983463b35f72d5223196f938a1318b10aa3cbc
results/runs/lendingclub_v2/cdv1-011-lendingclub-v2-voting-k200-lr-s42/folds/fold_4/aggregate_ranking.csv,121562,3e49773e437a0e25c12ef39c818ffd2ab3dfbf5a1c6a1b16d62a53707a28ab5f
results/runs/lendingclub_v2/cdv1-011-lendingclub-v2-voting-k200-lr-s42/folds/fold_4/candidate_features.csv,5526,3bc1fff0186cf59a13d58452ffebd4a1b04c29ecd823bb451ce1397d8ed96a51
results/runs/lendingclub_v2/cdv1-011-lendingclub-v2-voting-k200-lr-s42/folds/fold_4/effective_model_config.json,1605,65a25213b2c05295c5315989149d4975652adb32950c2fd5c89eacd39156ad66
results/runs/lendingclub_v2/cdv1-011-lendingclub-v2-voting-k200-lr-s42/folds/fold_4/prediction_metadata.json,1956,3915b368f1ea00a20bf6366a8f0ff369ab61c2d99582238d988d943d2a53c8b0
results/runs/lendingclub_v2/cdv1-011-lendingclub-v2-voting-k200-lr-s42/folds/fold_4/predictions_dev.csv,18583128,c09b78dcf66ffe16b4a0ba4eb5796d8db17861e758a2f4f50c0260e8e6eefec4
results/runs/lendingclub_v2/cdv1-011-lendingclub-v2-voting-k200-lr-s42/folds/fold_4/rfe_selection_trace.csv,7826,ac1557ccc6b16621308781ef375c6234da3bb3ffce37aed8f1fbffa0c17e027c
results/runs/lendingclub_v2/cdv1-011-lendingclub-v2-voting-k200-lr-s42/folds/fold_4/selected_features.csv,594,ea03cc68fd3888caa4d047d58baf027913db9a34d9aae9e79405e60308753ae2
results/runs/lendingclub_v2/cdv1-011-lendingclub-v2-voting-k200-lr-s42/folds/fold_4/voter_rankings.csv,939932,9beae4ad00f65fb4961cbfe529c545e10b57e5e0dc6754943f8dab111039be48
results/runs/lendingclub_v2/cdv1-011-lendingclub-v2-voting-k200-lr-s42/folds/fold_5/aggregate_ranking.csv,121532,f7164c684f331a9c38fb7db7846a878c0482fc85f78fe26803738e61fa8aca4b
results/runs/lendingclub_v2/cdv1-011-lendingclub-v2-voting-k200-lr-s42/folds/fold_5/candidate_features.csv,5606,66ce17d9577d98d8a7f708d8d44fdf98db146ff0f5df251e27804c936d8a0a8d
results/runs/lendingclub_v2/cdv1-011-lendingclub-v2-voting-k200-lr-s42/folds/fold_5/effective_model_config.json,1605,6b9ba179dd661aa300846ddcae9c41e62fb0936284cf1161abc053fe09063e37
results/runs/lendingclub_v2/cdv1-011-lendingclub-v2-voting-k200-lr-s42/folds/fold_5/prediction_metadata.json,1956,64a7a7e618bc15a1b5de797fe101d090ff6af6c91daccdd94e933514ff771bb1
results/runs/lendingclub_v2/cdv1-011-lendingclub-v2-voting-k200-lr-s42/folds/fold_5/predictions_dev.csv,13381916,b18a4479c442731088969ff43d9a39c4432ef8e9ff8574ac98baefdb4775edd8
results/runs/lendingclub_v2/cdv1-011-lendingclub-v2-voting-k200-lr-s42/folds/fold_5/rfe_selection_trace.csv,7906,3d92d5753acec3883a5e9a56e8ef62e78fb42defe9578d579c16748e1e8859d6
results/runs/lendingclub_v2/cdv1-011-lendingclub-v2-voting-k200-lr-s42/folds/fold_5/selected_features.csv,561,9451094d98ed5b90982d75d92d45a4ade25cde5535d9d03f4873c7920c800c47
results/runs/lendingclub_v2/cdv1-011-lendingclub-v2-voting-k200-lr-s42/folds/fold_5/voter_rankings.csv,939946,fa7868c3a98b2404a9ca4736ac267a75365d1c7f56d532d4e17a51f3bba672c7
results/runs/lendingclub_v2/cdv1-011-lendingclub-v2-voting-k200-lr-s42/incomplete/attempt_history/attempt_01_resource_usage.json,2100925,857a81b96b3873e68f1b0675f853825a4e8c90266c9cff001540dda901460592
results/runs/lendingclub_v2/cdv1-011-lendingclub-v2-voting-k200-lr-s42/incomplete/attempt_history/attempt_02_resource_usage.json,2964,26ee803824226b47d0882c90b3ae7608e4841deb6a6a09a4915a2cef14c3b652
results/runs/lendingclub_v2/cdv1-011-lendingclub-v2-voting-k200-lr-s42/manifest.json,9659,bdc606754d41ccb70186561dec6bcadd33911cc6216f5318242b0b1c3cbf1352
results/runs/lendingclub_v2/cdv1-011-lendingclub-v2-voting-k200-lr-s42/preflight.json,4809,73ea5bfe44174d02c807b76bd711e6bb101b9e457ac247b4b49d5fb38a6e53a0
results/runs/lendingclub_v2/cdv1-011-lendingclub-v2-voting-k200-lr-s42/resource_usage.json,4227579,e5f5d7ee02732524b41f496cfee03594585f54198f071aee20183bc69bbd1235
results/runs/lendingclub_v2/cdv1-011-lendingclub-v2-voting-k200-lr-s42/results/dev_fold_metrics.csv,1510,c1d21daac740b51f812833b1be697d6cbbf1e78de8b460368ebf8329550b9e38
results/runs/lendingclub_v2/cdv1-011-lendingclub-v2-voting-k200-lr-s42/results/dev_prediction_metadata.json,2068,d704866b1a8c75ff05beb7f555371caa7bfb261f0342b5633acee1d468973d02
results/runs/lendingclub_v2/cdv1-011-lendingclub-v2-voting-k200-lr-s42/results/dev_predictions.csv,94272081,51fe22ac5fc9ef85a9fd34e89304a78b22a2e7f2f372f53470e6e1d251b6abf0
results/runs/lendingclub_v2/cdv1-011-lendingclub-v2-voting-k200-lr-s42/run.log,3581,d0ca88b83e7d44c8ef82c59aebcff57a712f587a27d31bd35d867a072b3da333
results/runs/lendingclub_v2/cdv1-011-lendingclub-v2-voting-k200-lr-s42/run_manifest.json,9659,bdc606754d41ccb70186561dec6bcadd33911cc6216f5318242b0b1c3cbf1352
results/runs/lendingclub_v2/cdv1-012-lendingclub-v2-voting-k300-lr-s42/checkpoint.json,59288,dd3f71bb4433624535f8d674b684215bcabb08b45e919de40f8cfae59ac5c5d9
results/runs/lendingclub_v2/cdv1-012-lendingclub-v2-voting-k300-lr-s42/config.json,1747,b71f760c38b2d2b1155666dffecd1161fd761756a9f3d2fb3da0b0964cec95f6
results/runs/lendingclub_v2/cdv1-012-lendingclub-v2-voting-k300-lr-s42/data_access_dev.json,27710,69bbf24496308093d1f8332fb4eb84a11a3e2cc4d1213f6cca409d3f28850485
results/runs/lendingclub_v2/cdv1-012-lendingclub-v2-voting-k300-lr-s42/features/feature_stability_metrics.csv,126,74372ef4122ba1fd4a8a41154cef3c11739fa9329f421647f1e07bc23508dc62
results/runs/lendingclub_v2/cdv1-012-lendingclub-v2-voting-k300-lr-s42/features/fold_selected_features.csv,2760,c2b2426e0de8fe944c020685776a2962a78bafb54a939d5098e24235fc4de01a
results/runs/lendingclub_v2/cdv1-012-lendingclub-v2-voting-k300-lr-s42/folds/fold_1/aggregate_ranking.csv,121449,253ae109b1c0e4ab43c2324b9146d5a2fb216c862f27c924bc9d6b289b72ad10
results/runs/lendingclub_v2/cdv1-012-lendingclub-v2-voting-k300-lr-s42/folds/fold_1/candidate_features.csv,8618,5414e6a4a2c839e20685620a14522bd64514706972fcee2ed496938a0b254c38
results/runs/lendingclub_v2/cdv1-012-lendingclub-v2-voting-k300-lr-s42/folds/fold_1/effective_model_config.json,1605,8a3b5ff46411fe2d27b833442db329561a2e4a164e1a717e11c274c318d4b13e
results/runs/lendingclub_v2/cdv1-012-lendingclub-v2-voting-k300-lr-s42/folds/fold_1/prediction_metadata.json,1959,a7c9deb3d040f8fa31994173255d093bdc06dedbe6e345ab4cbbab8d03ed931f
results/runs/lendingclub_v2/cdv1-012-lendingclub-v2-voting-k300-lr-s42/folds/fold_1/predictions_dev.csv,21279970,a2a18e28a930b768e18d587360e58942a75c9aab08085f5d84557882d6cff602
results/runs/lendingclub_v2/cdv1-012-lendingclub-v2-voting-k300-lr-s42/folds/fold_1/rfe_selection_trace.csv,12118,3d06bff532574c61955673b73e0562f55d718bf90568366283db08e1e1aadab5
results/runs/lendingclub_v2/cdv1-012-lendingclub-v2-voting-k300-lr-s42/folds/fold_1/selected_features.csv,612,2e29fb044c84542a14c9b216aaeb32fbe5aa23167f4a7dd8bcb6a7f056021e52
results/runs/lendingclub_v2/cdv1-012-lendingclub-v2-voting-k300-lr-s42/folds/fold_1/voter_rankings.csv,940532,f272e5e3b557ebf9ab44df069ed44777cc955490efb39b8b2ede8f8c8d9a6dcf
results/runs/lendingclub_v2/cdv1-012-lendingclub-v2-voting-k300-lr-s42/folds/fold_2/aggregate_ranking.csv,121439,a0b2f9ded42b7c571dd04f89265cee5672791dff2d21139932b0422a3c065bc6
results/runs/lendingclub_v2/cdv1-012-lendingclub-v2-voting-k300-lr-s42/folds/fold_2/candidate_features.csv,8604,5fec5ffc7eb8a7a799847f5e6f037c0b08b6731a0319291340b577c5097e4150
results/runs/lendingclub_v2/cdv1-012-lendingclub-v2-voting-k300-lr-s42/folds/fold_2/effective_model_config.json,1606,6b753089b9f66e2e143152c02d9a1728b424fa07fcefbbcf9c9621d7d651be89
results/runs/lendingclub_v2/cdv1-012-lendingclub-v2-voting-k300-lr-s42/folds/fold_2/prediction_metadata.json,1956,927f58bddb08402b288b0bc63ca0bbf3b96abd5a80d5b22a509264f17c27f787
results/runs/lendingclub_v2/cdv1-012-lendingclub-v2-voting-k300-lr-s42/folds/fold_2/predictions_dev.csv,16034947,c7ac7bb83b2eb1a2abe26b5ad93afe1b7fea14dab07baa59a5ef0354329302de
results/runs/lendingclub_v2/cdv1-012-lendingclub-v2-voting-k300-lr-s42/folds/fold_2/rfe_selection_trace.csv,12104,dff53e6a3e864f88f30df78866cf974919282698aedf4a475623bdf443e6aecd
results/runs/lendingclub_v2/cdv1-012-lendingclub-v2-voting-k300-lr-s42/folds/fold_2/selected_features.csv,584,be8b37fe5606627e1a51a32f1ecce71519a139c5809e82a444620da296b0ade5
results/runs/lendingclub_v2/cdv1-012-lendingclub-v2-voting-k300-lr-s42/folds/fold_2/voter_rankings.csv,940307,b700eb64935f42f7d6ed295c9bb18ef43b670d15796c85db9a77a2c29472f7a0
results/runs/lendingclub_v2/cdv1-012-lendingclub-v2-voting-k300-lr-s42/folds/fold_3/aggregate_ranking.csv,121432,b3209a7c282e0e706a17e3939a77ee8b402af2001e8701ebbf12c5f42035031d
results/runs/lendingclub_v2/cdv1-012-lendingclub-v2-voting-k300-lr-s42/folds/fold_3/candidate_features.csv,8606,8b972f31e57a9dff87bfaa651c67ae0555de47c217b5898572d2abc1d1ccd262
results/runs/lendingclub_v2/cdv1-012-lendingclub-v2-voting-k300-lr-s42/folds/fold_3/effective_model_config.json,1606,5a539e1f9298a962b18a4bed1ed9ee3e7b53aaf7f96cd42b697f9524d14c11ff
results/runs/lendingclub_v2/cdv1-012-lendingclub-v2-voting-k300-lr-s42/folds/fold_3/prediction_metadata.json,1959,fb29e78253957a5b503b9d9ec0b34935ea4c92e9a4d62a26ffa4f0e32120a66c
results/runs/lendingclub_v2/cdv1-012-lendingclub-v2-voting-k300-lr-s42/folds/fold_3/predictions_dev.csv,23665182,caf8b64ed6fd178622008d924f1d1a242dd3909ae2c889ba6a5c0b5a1be31f41
results/runs/lendingclub_v2/cdv1-012-lendingclub-v2-voting-k300-lr-s42/folds/fold_3/rfe_selection_trace.csv,12106,3e650507625f62f1e0639519b60e20c47ce976fb26c5ff8f391b58a97868ce9d
results/runs/lendingclub_v2/cdv1-012-lendingclub-v2-voting-k300-lr-s42/folds/fold_3/selected_features.csv,577,eeddcbb83cbf691c74c3bf5205e1bc9a48897e17adbdc77dc42f071838a1f63a
results/runs/lendingclub_v2/cdv1-012-lendingclub-v2-voting-k300-lr-s42/folds/fold_3/voter_rankings.csv,940216,f98fd2cffcb84670d6b1006e29983463b35f72d5223196f938a1318b10aa3cbc
results/runs/lendingclub_v2/cdv1-012-lendingclub-v2-voting-k300-lr-s42/folds/fold_4/aggregate_ranking.csv,121462,01055f0db9199344ff3a97d8b03cb6f6d540df49e49a4c4653edb469321a26ea
results/runs/lendingclub_v2/cdv1-012-lendingclub-v2-voting-k300-lr-s42/folds/fold_4/candidate_features.csv,8591,656c8a9d66799076a4923db312b2572852f9e6dcdfbf0db0e3810e1f152bd817
results/runs/lendingclub_v2/cdv1-012-lendingclub-v2-voting-k300-lr-s42/folds/fold_4/effective_model_config.json,1606,55f4c5110c55aa534ecde5d40d196fbf1f3004aba4a4f6e905c5670403bdeb93
results/runs/lendingclub_v2/cdv1-012-lendingclub-v2-voting-k300-lr-s42/folds/fold_4/prediction_metadata.json,1956,6cbed2d9a83aaab87f05ae9e2aa8a030011826d8b7e324488586046e90c66a29
results/runs/lendingclub_v2/cdv1-012-lendingclub-v2-voting-k300-lr-s42/folds/fold_4/predictions_dev.csv,18582409,4bb54db3664623c1bcf4a904550c432c707dba379d93b5cf4b540c7eb0f62d17
results/runs/lendingclub_v2/cdv1-012-lendingclub-v2-voting-k300-lr-s42/folds/fold_4/rfe_selection_trace.csv,12091,e668a3cde104ebe1a1666b4d41db6b548f0b8e358830d552aac99ea6110ee231
results/runs/lendingclub_v2/cdv1-012-lendingclub-v2-voting-k300-lr-s42/folds/fold_4/selected_features.csv,554,a8a7315f700e60ff2bcf5d2296d824fedbb8c8ae57985b450ae0b2ec004b0fa4
results/runs/lendingclub_v2/cdv1-012-lendingclub-v2-voting-k300-lr-s42/folds/fold_4/voter_rankings.csv,939932,9beae4ad00f65fb4961cbfe529c545e10b57e5e0dc6754943f8dab111039be48
results/runs/lendingclub_v2/cdv1-012-lendingclub-v2-voting-k300-lr-s42/folds/fold_5/aggregate_ranking.csv,121432,7588d07d2bdd4a175a87cf88cb79772ca399ce0761a165549dbbbe64c09f50f1
results/runs/lendingclub_v2/cdv1-012-lendingclub-v2-voting-k300-lr-s42/folds/fold_5/candidate_features.csv,8662,893e3a8d50e59d607587d5e2b7c5a72543e6bfc090c7fea38bc7d6bbd6b127f0
results/runs/lendingclub_v2/cdv1-012-lendingclub-v2-voting-k300-lr-s42/folds/fold_5/effective_model_config.json,1606,3ba22be76974acd96cfef8f30de70b8a9285fcf0d5198e258cc17c6056195345
results/runs/lendingclub_v2/cdv1-012-lendingclub-v2-voting-k300-lr-s42/folds/fold_5/prediction_metadata.json,1956,e15d98ad8e4ad1865e5b29f4b0b4280ba0f2a1efc751ffae057638357c939991
results/runs/lendingclub_v2/cdv1-012-lendingclub-v2-voting-k300-lr-s42/folds/fold_5/predictions_dev.csv,13381900,1152a87546ec7c18f688f9cf518854c1cc34b3bd4758668c6e7fae5a6399fa14
results/runs/lendingclub_v2/cdv1-012-lendingclub-v2-voting-k300-lr-s42/folds/fold_5/rfe_selection_trace.csv,12162,1e45aa6865ebcf45b4b74015883c894fbcebeae5d3f52daece4a06f0c8a02596
results/runs/lendingclub_v2/cdv1-012-lendingclub-v2-voting-k300-lr-s42/folds/fold_5/selected_features.csv,561,b954f464edfcac19078548da0ff1a407c7bed6464bd5eedf702f7a11b7ba61b7
results/runs/lendingclub_v2/cdv1-012-lendingclub-v2-voting-k300-lr-s42/folds/fold_5/voter_rankings.csv,939946,fa7868c3a98b2404a9ca4736ac267a75365d1c7f56d532d4e17a51f3bba672c7
results/runs/lendingclub_v2/cdv1-012-lendingclub-v2-voting-k300-lr-s42/manifest.json,9002,0e77383e1eea09697433045ac08ec10c023736b3df8a416de3229d110de0d559
results/runs/lendingclub_v2/cdv1-012-lendingclub-v2-voting-k300-lr-s42/preflight.json,4809,37cae66b93fca3e64c256002f7437422ad7a888c7b38753a5ab98412c1b016cf
results/runs/lendingclub_v2/cdv1-012-lendingclub-v2-voting-k300-lr-s42/resource_usage.json,5884970,3955578319ec3029f5fa7e4837ae0e7d61f8d25d33efdf419a1762f7873ea262
results/runs/lendingclub_v2/cdv1-012-lendingclub-v2-voting-k300-lr-s42/results/dev_fold_metrics.csv,1519,8abe006add6e9b62ad666e4d30330bcc4181ebbce5b975e92df5c82fab04e2d8
results/runs/lendingclub_v2/cdv1-012-lendingclub-v2-voting-k300-lr-s42/results/dev_prediction_metadata.json,2068,c204c87cde7d3664798f2dcdfd7af3708f621b32c09367677b538a3c64e349cc
results/runs/lendingclub_v2/cdv1-012-lendingclub-v2-voting-k300-lr-s42/results/dev_predictions.csv,94271269,0ba3a5861d90a26a39ff4280c47ef9e2fa0658ff7f8b0b00884ff72df2e8daa2
results/runs/lendingclub_v2/cdv1-012-lendingclub-v2-voting-k300-lr-s42/run.log,3240,d1a95064e33fa03e051d3faa9d178af510f26e3c693543ff64eb3a7c95e534b4
results/runs/lendingclub_v2/cdv1-012-lendingclub-v2-voting-k300-lr-s42/run_manifest.json,9002,0e77383e1eea09697433045ac08ec10c023736b3df8a416de3229d110de0d559
results/runs/lendingclub_v2/cdv1-013-lendingclub-v2-reference-rf-corr-mrmr-catboost-s42/checkpoint.json,54793,0039502623d996b458ab3be6bb49b50c2dfaa4c70335d5f11282f8e1900b31f5
results/runs/lendingclub_v2/cdv1-013-lendingclub-v2-reference-rf-corr-mrmr-catboost-s42/config.json,1771,076651504609ebe0d42b4da99ec9589ae237da0e00c39a776b88276c248791ac
results/runs/lendingclub_v2/cdv1-013-lendingclub-v2-reference-rf-corr-mrmr-catboost-s42/data_access_dev.json,27710,69bbf24496308093d1f8332fb4eb84a11a3e2cc4d1213f6cca409d3f28850485
results/runs/lendingclub_v2/cdv1-013-lendingclub-v2-reference-rf-corr-mrmr-catboost-s42/features/feature_stability_metrics.csv,126,0c3dce02d300a85c364601db199bd18939b8787d6e2d5d3a6ab4a25ce5a9f022
results/runs/lendingclub_v2/cdv1-013-lendingclub-v2-reference-rf-corr-mrmr-catboost-s42/features/fold_selected_features.csv,5648,4b5092c2f9750cad000b755189a2c3d6f1456fc7ea760537ab65e020f598da43
results/runs/lendingclub_v2/cdv1-013-lendingclub-v2-reference-rf-corr-mrmr-catboost-s42/folds/fold_1/aggregate_ranking.csv,43911,38c59a4c8ab2850038a53695573cd4133334dcb9340f0b625b96118e5914bdfc
results/runs/lendingclub_v2/cdv1-013-lendingclub-v2-reference-rf-corr-mrmr-catboost-s42/folds/fold_1/candidate_features.csv,1142,901f06272d959c1a68cb4f4567ff9acf43d880d7a1865faf2e1d89866bb227f0
results/runs/lendingclub_v2/cdv1-013-lendingclub-v2-reference-rf-corr-mrmr-catboost-s42/folds/fold_1/effective_model_config.json,1995,cd00c5b554f3c40da61a247ce7d9bb14fe3186bdda32f30e2a45ff7d14e067b2
results/runs/lendingclub_v2/cdv1-013-lendingclub-v2-reference-rf-corr-mrmr-catboost-s42/folds/fold_1/prediction_metadata.json,1997,bdda52f95ce1bcf2969b499aa275c4473e6a8815c5c077084bc9a4e8a499dc7b
results/runs/lendingclub_v2/cdv1-013-lendingclub-v2-reference-rf-corr-mrmr-catboost-s42/folds/fold_1/predictions_dev.csv,23686713,b207862b905eb7d009e34880847a8ffc825adc76756b8fd31086563c25da6460
results/runs/lendingclub_v2/cdv1-013-lendingclub-v2-reference-rf-corr-mrmr-catboost-s42/folds/fold_1/rfe_selection_trace.csv,1351,2f81d1c074b9bfb56b2a495c0f301b2fab0c3ea5159a75acf0f1023181e282dc
results/runs/lendingclub_v2/cdv1-013-lendingclub-v2-reference-rf-corr-mrmr-catboost-s42/folds/fold_1/selected_features.csv,1230,ff7a36983114c2baa2f5e59e7c67415638d97a4bd6a665e4aa32256bfb649236
results/runs/lendingclub_v2/cdv1-013-lendingclub-v2-reference-rf-corr-mrmr-catboost-s42/folds/fold_1/voter_rankings.csv,90670,ba52b041636463d153f8b61446b286b55e16ca38d8a73ee8adabca23a1bce680
results/runs/lendingclub_v2/cdv1-013-lendingclub-v2-reference-rf-corr-mrmr-catboost-s42/folds/fold_2/aggregate_ranking.csv,43686,c9e6f250562935200f022fa340560cc739d4fa4725882e0b9aea8c3a3f921d9e
results/runs/lendingclub_v2/cdv1-013-lendingclub-v2-reference-rf-corr-mrmr-catboost-s42/folds/fold_2/candidate_features.csv,1041,0c09dbcb2323df9f5b4bed442d38eef373f7556be81ecc59f12d0b200bb2bac4
results/runs/lendingclub_v2/cdv1-013-lendingclub-v2-reference-rf-corr-mrmr-catboost-s42/folds/fold_2/effective_model_config.json,1995,856bdd1aadb3d806c3b98df28c204e6b67bb24ad7e17111b9c7169d0f40e2041
results/runs/lendingclub_v2/cdv1-013-lendingclub-v2-reference-rf-corr-mrmr-catboost-s42/folds/fold_2/prediction_metadata.json,1994,42aae93caf9fef7b0c20c1c9a24e20f0eb714d8806c469341dc276dee729625c
results/runs/lendingclub_v2/cdv1-013-lendingclub-v2-reference-rf-corr-mrmr-catboost-s42/folds/fold_2/predictions_dev.csv,17848462,585c7380210b460267f4bc0b50811a71fc9fd429f6141569938891f0508c0a93
results/runs/lendingclub_v2/cdv1-013-lendingclub-v2-reference-rf-corr-mrmr-catboost-s42/folds/fold_2/rfe_selection_trace.csv,1250,f1d9f5efb7d57457be3d2fac8f13ca8041c54673d3b82be88d3b52c4fbdae5cb
results/runs/lendingclub_v2/cdv1-013-lendingclub-v2-reference-rf-corr-mrmr-catboost-s42/folds/fold_2/selected_features.csv,1129,f2a18c43ecd9e23d605003bca0117f5c0c3fd324824feb3a074f05de80bc6253
results/runs/lendingclub_v2/cdv1-013-lendingclub-v2-reference-rf-corr-mrmr-catboost-s42/folds/fold_2/voter_rankings.csv,90445,6e9613d95a56a8bfb24bf365245fa0a0c4bea3fb525324a4e6dc5cd6d9d02383
results/runs/lendingclub_v2/cdv1-013-lendingclub-v2-reference-rf-corr-mrmr-catboost-s42/folds/fold_3/aggregate_ranking.csv,43595,ebab784ead99e8bd6be19ea69a49f4983eba7b20dc71acb00468bc9d6092404d
results/runs/lendingclub_v2/cdv1-013-lendingclub-v2-reference-rf-corr-mrmr-catboost-s42/folds/fold_3/candidate_features.csv,1051,332116e25cd2abb33668e403b904c9f7edcde5bf18dc23ed804b47e6ddcebf70
results/runs/lendingclub_v2/cdv1-013-lendingclub-v2-reference-rf-corr-mrmr-catboost-s42/folds/fold_3/effective_model_config.json,1995,ff8f9cb0f224e42cb6e64d51d3391e28467088cf1613cb8a66ce2fa465b4dd09
results/runs/lendingclub_v2/cdv1-013-lendingclub-v2-reference-rf-corr-mrmr-catboost-s42/folds/fold_3/prediction_metadata.json,1997,afd1e1b1823227f99d66e272722de2cacccc3ca370c819039b6d7cfb6ef19a11
results/runs/lendingclub_v2/cdv1-013-lendingclub-v2-reference-rf-corr-mrmr-catboost-s42/folds/fold_3/predictions_dev.csv,26337006,4e996f87fa58f31fe3c4cebfa964c54003403fb8f74f225c6a04686e23ee3388
results/runs/lendingclub_v2/cdv1-013-lendingclub-v2-reference-rf-corr-mrmr-catboost-s42/folds/fold_3/rfe_selection_trace.csv,1260,3ff5679e7688518dfea86c734506529b6353ba22fe94c901b7c0e260d081fd94
results/runs/lendingclub_v2/cdv1-013-lendingclub-v2-reference-rf-corr-mrmr-catboost-s42/folds/fold_3/selected_features.csv,1139,e6328ff36e54ebd5e2419f2ba4ec776fa418a646949a0f7ce866723fff3d4acc
results/runs/lendingclub_v2/cdv1-013-lendingclub-v2-reference-rf-corr-mrmr-catboost-s42/folds/fold_3/voter_rankings.csv,90354,96160732b043ab00e6450440cf471887cce2ef34a5b94322dc23d862f6132cb4
results/runs/lendingclub_v2/cdv1-013-lendingclub-v2-reference-rf-corr-mrmr-catboost-s42/folds/fold_4/aggregate_ranking.csv,43311,f78f9ef5b15ce7c8aade5508f01cf1039120b71cb78c99d5ba1a118dc38b80c2
results/runs/lendingclub_v2/cdv1-013-lendingclub-v2-reference-rf-corr-mrmr-catboost-s42/folds/fold_4/candidate_features.csv,1056,c2b00714e2609df197cc6aa1dbb936a422e90d05148dcc6eec550bf4deb13a93
results/runs/lendingclub_v2/cdv1-013-lendingclub-v2-reference-rf-corr-mrmr-catboost-s42/folds/fold_4/effective_model_config.json,1995,e8ccfe3790941c1706a7c695d35efaa39f7c19d1f3b5e9839081fbf929313f0e
results/runs/lendingclub_v2/cdv1-013-lendingclub-v2-reference-rf-corr-mrmr-catboost-s42/folds/fold_4/prediction_metadata.json,1994,7628b86008971481544784dc1ce2054c68fbe3ecb7e8e54ea1d3f868596a9f6a
results/runs/lendingclub_v2/cdv1-013-lendingclub-v2-reference-rf-corr-mrmr-catboost-s42/folds/fold_4/predictions_dev.csv,20682838,eaff9afce01e6125d565b26ab5f698f85bf8b155a7ba9caac24a05930e6c4659
results/runs/lendingclub_v2/cdv1-013-lendingclub-v2-reference-rf-corr-mrmr-catboost-s42/folds/fold_4/rfe_selection_trace.csv,1265,f13187a4bb06bb2a7ba082cd68fbfdb13d6073cc32531a75722269259175650b
results/runs/lendingclub_v2/cdv1-013-lendingclub-v2-reference-rf-corr-mrmr-catboost-s42/folds/fold_4/selected_features.csv,1144,8988b4c84a21212eeaddc7bc7758fdf04f947c3ed77e62a505922cad506adf38
results/runs/lendingclub_v2/cdv1-013-lendingclub-v2-reference-rf-corr-mrmr-catboost-s42/folds/fold_4/voter_rankings.csv,90070,735a875423e368c36c505a1298e131f6255039e991dace6c8f159f060c70a8e4
results/runs/lendingclub_v2/cdv1-013-lendingclub-v2-reference-rf-corr-mrmr-catboost-s42/folds/fold_5/aggregate_ranking.csv,43325,6cc8c4e44e26abec1bcc9f60589a11a6c043847fc57c4c59aa8f8bcb2a0a2722
results/runs/lendingclub_v2/cdv1-013-lendingclub-v2-reference-rf-corr-mrmr-catboost-s42/folds/fold_5/candidate_features.csv,1046,86fae1141bbeec48d280351224a78b85f162912ad1c77a4b36573838f885b56b
results/runs/lendingclub_v2/cdv1-013-lendingclub-v2-reference-rf-corr-mrmr-catboost-s42/folds/fold_5/effective_model_config.json,1995,2a2f0346093cbc10b68201aab45714c017acf339e179b7f63bfc1b323c00aead
results/runs/lendingclub_v2/cdv1-013-lendingclub-v2-reference-rf-corr-mrmr-catboost-s42/folds/fold_5/prediction_metadata.json,1994,6ec90bc7fc8c24e6e378403a3223c7c1d60f091e517a1fac9bb77c6d12826c17
results/runs/lendingclub_v2/cdv1-013-lendingclub-v2-reference-rf-corr-mrmr-catboost-s42/folds/fold_5/predictions_dev.csv,14893964,ff4142ca058521b2b07000279f17fbc8a5ba5d6eca7645438c69ef68953e791f
results/runs/lendingclub_v2/cdv1-013-lendingclub-v2-reference-rf-corr-mrmr-catboost-s42/folds/fold_5/rfe_selection_trace.csv,1255,1150f629aeebff5bd3fcef7258508a5128ad9ccaa5c050c4dfbcd04da77b099d
results/runs/lendingclub_v2/cdv1-013-lendingclub-v2-reference-rf-corr-mrmr-catboost-s42/folds/fold_5/selected_features.csv,1134,bd3afeff0cb16d7b313f8ec0c74e8e537ede0098f0911f710f2d85f4fbcf0ef1
results/runs/lendingclub_v2/cdv1-013-lendingclub-v2-reference-rf-corr-mrmr-catboost-s42/folds/fold_5/voter_rankings.csv,90084,836db1666a6c6380aeb46cfb45351b38fae26e752c54940984e1af72a1e8a624
results/runs/lendingclub_v2/cdv1-013-lendingclub-v2-reference-rf-corr-mrmr-catboost-s42/manifest.json,9098,458d38ad2b3ad86941dcfd1d168e3b6945874e69d627f19e4b71ba1ee94279f6
results/runs/lendingclub_v2/cdv1-013-lendingclub-v2-reference-rf-corr-mrmr-catboost-s42/preflight.json,4806,2410702bc3d1c55dae870b8068afc56ae95bdbba3303fe56e4972fb1638dd3d7
results/runs/lendingclub_v2/cdv1-013-lendingclub-v2-reference-rf-corr-mrmr-catboost-s42/resource_usage.json,934487,582c2e7a25c5b38544d84e963efdc8b11c2d88425b6b9f907c5b491755a27614
results/runs/lendingclub_v2/cdv1-013-lendingclub-v2-reference-rf-corr-mrmr-catboost-s42/results/dev_fold_metrics.csv,1512,f2ee275cb515457110b119ea8e81f544c43d81cc9e22813c2dc594325cb59b80
results/runs/lendingclub_v2/cdv1-013-lendingclub-v2-reference-rf-corr-mrmr-catboost-s42/results/dev_prediction_metadata.json,2107,7e6e74365f7f3690dd101bd56cf0f41242c3ff5bf85152d420638fec2c0810b4
results/runs/lendingclub_v2/cdv1-013-lendingclub-v2-reference-rf-corr-mrmr-catboost-s42/results/dev_predictions.csv,104754700,4a93249e66ca1db3736de9dd6f2bd8269d3b2eeae031de4443dc0951d73b3e14
results/runs/lendingclub_v2/cdv1-013-lendingclub-v2-reference-rf-corr-mrmr-catboost-s42/run.log,1190,f2299c4b2a92a68aa6319425f07467742dbafa10977b18bcd6395ea03c24edbf
results/runs/lendingclub_v2/cdv1-013-lendingclub-v2-reference-rf-corr-mrmr-catboost-s42/run_manifest.json,9098,458d38ad2b3ad86941dcfd1d168e3b6945874e69d627f19e4b71ba1ee94279f6
results/runs/lendingclub_v2/cdv1-014-lendingclub-v2-voting-k100-catboost-s42/checkpoint.json,46253,b3aeb7bceef06523c0505e8e998413895b6df356abfe05dfa60f11e86780045c
results/runs/lendingclub_v2/cdv1-014-lendingclub-v2-voting-k100-catboost-s42/config.json,1771,12c91466fe7a52c76fb32f0c375965957f9d90f0b602f0166e55512f5fa651b2
results/runs/lendingclub_v2/cdv1-014-lendingclub-v2-voting-k100-catboost-s42/data_access_dev.json,27710,69bbf24496308093d1f8332fb4eb84a11a3e2cc4d1213f6cca409d3f28850485
results/runs/lendingclub_v2/cdv1-014-lendingclub-v2-voting-k100-catboost-s42/folds/fold_1/aggregate_ranking.csv,121649,01dca1127a8ecb3157a06603cb199b8183bf3ef796cf0729de1cf063b5a05e03
results/runs/lendingclub_v2/cdv1-014-lendingclub-v2-voting-k100-catboost-s42/folds/fold_1/candidate_features.csv,2802,6e3c70c4fdb8e4e5f21417dbcafe45abb5f5f4fd0f950962e381a56c8545c786
results/runs/lendingclub_v2/cdv1-014-lendingclub-v2-voting-k100-catboost-s42/folds/fold_1/effective_model_config.json,2305,c0b41a473ca8a6d3621cc4ada61a597ebdd5d2899410f17a879fff88f54d2146
results/runs/lendingclub_v2/cdv1-014-lendingclub-v2-voting-k100-catboost-s42/folds/fold_1/prediction_metadata.json,1977,7a5e5f980f1ecfbabc2e2032ac1440d205bcf659810c9a51dcd036464e66ad02
results/runs/lendingclub_v2/cdv1-014-lendingclub-v2-voting-k100-catboost-s42/folds/fold_1/predictions_dev.csv,22659483,13ddfe2c5e8b0686fa46a7e3196424d29a8f325072f6f209c437272660ef34ea
results/runs/lendingclub_v2/cdv1-014-lendingclub-v2-voting-k100-catboost-s42/folds/fold_1/rfe_selection_trace.csv,3882,8193522b1363bcb7cc0f75561ce93ac296fcb0c2bc076c445e7356344b181737
results/runs/lendingclub_v2/cdv1-014-lendingclub-v2-voting-k100-catboost-s42/folds/fold_1/selected_features.csv,1222,a1728f283947fac0156282aa56a8941d4750b1f45e3e73d0d06ec063765c20ca
results/runs/lendingclub_v2/cdv1-014-lendingclub-v2-voting-k100-catboost-s42/folds/fold_1/voter_rankings.csv,940532,f272e5e3b557ebf9ab44df069ed44777cc955490efb39b8b2ede8f8c8d9a6dcf
results/runs/lendingclub_v2/cdv1-014-lendingclub-v2-voting-k100-catboost-s42/folds/fold_2/aggregate_ranking.csv,121639,077cd9734de5900ac8412e4ce6177af5d6b3b67db1c572507ee5153390021ad2
results/runs/lendingclub_v2/cdv1-014-lendingclub-v2-voting-k100-catboost-s42/folds/fold_2/candidate_features.csv,2728,3a16a3923361f1663028895b2b5cc3246d8775485f325887debe1c1dbda83312
results/runs/lendingclub_v2/cdv1-014-lendingclub-v2-voting-k100-catboost-s42/folds/fold_2/effective_model_config.json,2305,ff11d8b9a5621116a21b27477e3f0eb3f579224da366e7f3533701b5bb3e0a63
results/runs/lendingclub_v2/cdv1-014-lendingclub-v2-voting-k100-catboost-s42/folds/fold_2/prediction_metadata.json,1974,6bdf20eb845ca2174ea1606f669e1de5f0d355675ad8a55d127552b940f2de40
results/runs/lendingclub_v2/cdv1-014-lendingclub-v2-voting-k100-catboost-s42/folds/fold_2/predictions_dev.csv,17073157,e049db9645527315aa80bda308e7a1928872c0a410219804054f32a0a2c19844
results/runs/lendingclub_v2/cdv1-014-lendingclub-v2-voting-k100-catboost-s42/folds/fold_2/rfe_selection_trace.csv,3808,eab5f2dd1e949aa1e4c5ba58882018f2a6d9aa2bd6ebed349cfe2022c577b87c
results/runs/lendingclub_v2/cdv1-014-lendingclub-v2-voting-k100-catboost-s42/folds/fold_2/selected_features.csv,1228,4f2cb17bc7c3e1d185031b44caef66aa2970339c7f6f8dd439fffe97d80afe4c
results/runs/lendingclub_v2/cdv1-014-lendingclub-v2-voting-k100-catboost-s42/folds/fold_2/voter_rankings.csv,940307,b700eb64935f42f7d6ed295c9bb18ef43b670d15796c85db9a77a2c29472f7a0
results/runs/lendingclub_v2/cdv1-014-lendingclub-v2-voting-k100-catboost-s42/folds/fold_3/aggregate_ranking.csv,121632,8e4258fa16e10dc31964e652ae1e0bb14400143451d29c8fd6b05368eed9c520
results/runs/lendingclub_v2/cdv1-014-lendingclub-v2-voting-k100-catboost-s42/folds/fold_3/candidate_features.csv,2653,5b0d3241d10c266779ee0763fd63b08d7e5c4862392bcf2c1c711fa613a33087
results/runs/lendingclub_v2/cdv1-014-lendingclub-v2-voting-k100-catboost-s42/folds/fold_3/effective_model_config.json,2305,2650e16eb418600e319ab158aa5b97da91460073c73b73dc3cdae9fc9b68e4e6
results/runs/lendingclub_v2/cdv1-014-lendingclub-v2-voting-k100-catboost-s42/folds/fold_3/prediction_metadata.json,1977,17cd60650784fe9b1b24062afd623f4b675e8f589a605b9486973d29104e0ff1
results/runs/lendingclub_v2/cdv1-014-lendingclub-v2-voting-k100-catboost-s42/folds/fold_3/predictions_dev.csv,25194069,2b0e2ca84d417705e70996452ce16cc89488266f23a2290332fc5290df15ddf2
results/runs/lendingclub_v2/cdv1-014-lendingclub-v2-voting-k100-catboost-s42/folds/fold_3/rfe_selection_trace.csv,3733,938438018a091461b39cdb76676677f8110575982b4f67f2e6a6369f01e981a1
results/runs/lendingclub_v2/cdv1-014-lendingclub-v2-voting-k100-catboost-s42/folds/fold_3/selected_features.csv,1121,4638765e5a890d666ed304dd717b37b3035143f53782bc65577ca47e74b50611
results/runs/lendingclub_v2/cdv1-014-lendingclub-v2-voting-k100-catboost-s42/folds/fold_3/voter_rankings.csv,940216,f98fd2cffcb84670d6b1006e29983463b35f72d5223196f938a1318b10aa3cbc
results/runs/lendingclub_v2/cdv1-014-lendingclub-v2-voting-k100-catboost-s42/folds/fold_4/aggregate_ranking.csv,121662,961b60315200334e133b331e5a03eab7fdc281232226b3101432eddf3b3cd719
results/runs/lendingclub_v2/cdv1-014-lendingclub-v2-voting-k100-catboost-s42/folds/fold_4/candidate_features.csv,2639,ce9d77bd080ae53068ba5b36be0e4b28751517f1b045a0442e26fd6bdb3eb894
results/runs/lendingclub_v2/cdv1-014-lendingclub-v2-voting-k100-catboost-s42/folds/fold_4/effective_model_config.json,2305,0273737f05ee1680c5b44da9f5b18656cb26fa8aa9da1c75f9e0b63b44247f5a
results/runs/lendingclub_v2/cdv1-014-lendingclub-v2-voting-k100-catboost-s42/folds/fold_4/prediction_metadata.json,1974,149a8bbd3b3fdab65aa3ab3fed486c74c197217c10582f29d4a407fb725c7366
results/runs/lendingclub_v2/cdv1-014-lendingclub-v2-voting-k100-catboost-s42/folds/fold_4/predictions_dev.csv,19783907,2a779a794be3821d1e2f577e8563b99304ab8393c18558a34b1c6bfc55e5c5d7
results/runs/lendingclub_v2/cdv1-014-lendingclub-v2-voting-k100-catboost-s42/folds/fold_4/rfe_selection_trace.csv,3719,3317d3fc4e20270e4522eef294c02fdb95fc563c8a02348c252d4cf187cbe088
results/runs/lendingclub_v2/cdv1-014-lendingclub-v2-voting-k100-catboost-s42/folds/fold_4/selected_features.csv,1145,689ed50f0d67a5611eeb4bed5e5020545f0a4a8bb4873470468c803a9d2522f2
results/runs/lendingclub_v2/cdv1-014-lendingclub-v2-voting-k100-catboost-s42/folds/fold_4/voter_rankings.csv,939932,9beae4ad00f65fb4961cbfe529c545e10b57e5e0dc6754943f8dab111039be48
results/runs/lendingclub_v2/cdv1-014-lendingclub-v2-voting-k100-catboost-s42/manifest.json,9622,e198036ead623e1921a7bf7f79ec30c1e8c6eb8934b9c52d2d93551b5a9bb2d0
results/runs/lendingclub_v2/cdv1-014-lendingclub-v2-voting-k100-catboost-s42/preflight.json,4809,ab8ebb9a7ea3cdd19e85e46c69d1d442d10220e1a092913e91c3b0f20b4b095c
results/runs/lendingclub_v2/cdv1-014-lendingclub-v2-voting-k100-catboost-s42/resource_usage.json,3532055,62087347b77307039d544db0ddc2fbe4f26b5bd702a89c138e21efe658eb4cdb
results/runs/lendingclub_v2/cdv1-014-lendingclub-v2-voting-k100-catboost-s42/run.log,2933,f8448c894b33b469ab563f23a5b1654701ab7fd892fe28fa74cc3e3cfdaf0d1b
results/runs/lendingclub_v2/cdv1-014-lendingclub-v2-voting-k100-catboost-s42/run_manifest.json,9622,e198036ead623e1921a7bf7f79ec30c1e8c6eb8934b9c52d2d93551b5a9bb2d0
results/runs/lendingclub_v2/cdv1-pilot-003-lendingclub-v2-voting-k200-lr-s42-f0/_SUCCESS,27,57466ede618862593c1225ab8e7290408603de8f4d51922577484df8d1cf7174
results/runs/lendingclub_v2/cdv1-pilot-003-lendingclub-v2-voting-k200-lr-s42-f0/aggregate_ranking.csv,121549,fb66c0ce0c5e15d567d5676a183fab2657c72a1600358e3cd6f3fad53bb2ccd8
results/runs/lendingclub_v2/cdv1-pilot-003-lendingclub-v2-voting-k200-lr-s42-f0/candidate_features.csv,9951,e7b84bbe598581ef1b10b1666228487ebaade96a79a6e5923f6c91437ad10488
results/runs/lendingclub_v2/cdv1-pilot-003-lendingclub-v2-voting-k200-lr-s42-f0/candidate_projection_manifest.json,147356,3c096a83eebea673de446a4b16a8b8b90c857e809794b4066b6f7f5fc09a10d2
results/runs/lendingclub_v2/cdv1-pilot-003-lendingclub-v2-voting-k200-lr-s42-f0/checkpoint.json,22624,3b2c0ebe42d2f5eb50ef1001b8f5500392cb0d89ca5f815b84c79ebe0a6ce61d
results/runs/lendingclub_v2/cdv1-pilot-003-lendingclub-v2-voting-k200-lr-s42-f0/config.json,2574,adbcc384f060856a9039cfcf28ff08bcb80c72f13a9d9140e170089e61ab9890
results/runs/lendingclub_v2/cdv1-pilot-003-lendingclub-v2-voting-k200-lr-s42-f0/data_access_log.json,111754,8203e7e8a20ba178f041219ca789330816968e213295dc4eb310a058dba4105e
results/runs/lendingclub_v2/cdv1-pilot-003-lendingclub-v2-voting-k200-lr-s42-f0/effective_model_config.json,1858,201701920a28b75ece65cb255db1b8f2763595a528d2f03385c624c81a8017e9
results/runs/lendingclub_v2/cdv1-pilot-003-lendingclub-v2-voting-k200-lr-s42-f0/fold_identity_manifest.json,1283,9044b99be5fa3b86559dd47310bc41339fa12db8b493ba36bb15b35aa3debbd0
results/runs/lendingclub_v2/cdv1-pilot-003-lendingclub-v2-voting-k200-lr-s42-f0/fold_selections.csv,12270,aee9524b22fbb0943735177de6b97a8dd10843cff82658bdbb830ca623c782fe
results/runs/lendingclub_v2/cdv1-pilot-003-lendingclub-v2-voting-k200-lr-s42-f0/incomplete/attempt_history/attempt_01_resource_usage.json,33657,20b2c555249f979ab9258d6340a3ee242a0b9c23e2cc1f794496d48a4cd4df00
results/runs/lendingclub_v2/cdv1-pilot-003-lendingclub-v2-voting-k200-lr-s42-f0/manifest.json,12401,d510687942a2e2824cd224de32440de3c0fbabe09d614cf58b44a92b528fa0cb
results/runs/lendingclub_v2/cdv1-pilot-003-lendingclub-v2-voting-k200-lr-s42-f0/pilot_validation.json,2726,1c3b980c887838e3c1f7d77a202a9378d410c7a4d5858c5d3551e21c1b780b3b
results/runs/lendingclub_v2/cdv1-pilot-003-lendingclub-v2-voting-k200-lr-s42-f0/prediction_metadata.json,2052,ca11abef7603651bf11af1c16754f2cafe7e4662b9c86c056a4740a098f04759
results/runs/lendingclub_v2/cdv1-pilot-003-lendingclub-v2-voting-k200-lr-s42-f0/predictions_dev.csv,22308629,b89a8df8b62b07d911b84832f3833d910fd2bba0c4669db660c03477c73c7b67
results/runs/lendingclub_v2/cdv1-pilot-003-lendingclub-v2-voting-k200-lr-s42-f0/preflight.json,5323,6a996783ddeeb0a56c8e709ce61aa1313b69b25cd867bcd29b4be8c60de0532d
results/runs/lendingclub_v2/cdv1-pilot-003-lendingclub-v2-voting-k200-lr-s42-f0/resource_usage.json,355553,4d699d43ee0d55be7df8c30820325aff0c385bbe6ba447b05e3be63506b3247c
results/runs/lendingclub_v2/cdv1-pilot-003-lendingclub-v2-voting-k200-lr-s42-f0/rfe_selection_trace.csv,12136,b9a8d501b8169792493904ea4f20bf7a0dcccd49c85bb6e0e5ea97cf4a600df6
results/runs/lendingclub_v2/cdv1-pilot-003-lendingclub-v2-voting-k200-lr-s42-f0/run.log,900,a948f176c028f87041e11022488637a59e6362d21ab4a6a0b910d833eef1e113
results/runs/lendingclub_v2/cdv1-pilot-003-lendingclub-v2-voting-k200-lr-s42-f0/run_manifest.json,12401,d510687942a2e2824cd224de32440de3c0fbabe09d614cf58b44a92b528fa0cb
results/runs/lendingclub_v2/cdv1-pilot-003-lendingclub-v2-voting-k200-lr-s42-f0/selected_features.csv,1120,9bd6344b43b0dd53e847c804403bb3ddce827e8d5b6bea06922b8715168b9afc
results/runs/lendingclub_v2/cdv1-pilot-003-lendingclub-v2-voting-k200-lr-s42-f0/selection_artifact_manifest.json,5201,f41b8698fde76f72bd6a8df8e1b865877db80ed1a32004508d83981a6d60b179
results/runs/lendingclub_v2/cdv1-pilot-003-lendingclub-v2-voting-k200-lr-s42-f0/stage_timings.csv,445,42b482f91319259ed4f580ae4645219e2cfd7d0e6b2e99c9ad2eacaa968e9132
results/runs/lendingclub_v2/cdv1-pilot-003-lendingclub-v2-voting-k200-lr-s42-f0/voter_rankings.csv,940532,f272e5e3b557ebf9ab44df069ed44777cc955490efb39b8b2ede8f8c8d9a6dcf
results/runs/lendingclub_v2/cdv1-pilot-004-lendingclub-v2-voting-k200-catboost-s42-f0/_SUCCESS,27,1880ab0d440d58af68303e90f111d78b643fcf82539aa6dbc47c41852bc78196
results/runs/lendingclub_v2/cdv1-pilot-004-lendingclub-v2-voting-k200-catboost-s42-f0/aggregate_ranking.csv,121549,fb66c0ce0c5e15d567d5676a183fab2657c72a1600358e3cd6f3fad53bb2ccd8
results/runs/lendingclub_v2/cdv1-pilot-004-lendingclub-v2-voting-k200-catboost-s42-f0/candidate_features.csv,9951,e7b84bbe598581ef1b10b1666228487ebaade96a79a6e5923f6c91437ad10488
results/runs/lendingclub_v2/cdv1-pilot-004-lendingclub-v2-voting-k200-catboost-s42-f0/candidate_projection_manifest.json,147974,764ca6dd2490cafdebb362bde673c2a538dd02fccad583493d5d630270bebb3b
results/runs/lendingclub_v2/cdv1-pilot-004-lendingclub-v2-voting-k200-catboost-s42-f0/checkpoint.json,21440,71b8a669dbcefa14c86f0e653c0921cb656a274d5352c98e9c219cfb64ed2b32
results/runs/lendingclub_v2/cdv1-pilot-004-lendingclub-v2-voting-k200-catboost-s42-f0/config.json,2592,e25ce70fe2e3222b9e733e4c0714ea020274dd6af7a52c18304139acf55e400e
results/runs/lendingclub_v2/cdv1-pilot-004-lendingclub-v2-voting-k200-catboost-s42-f0/data_access_log.json,111754,8203e7e8a20ba178f041219ca789330816968e213295dc4eb310a058dba4105e
results/runs/lendingclub_v2/cdv1-pilot-004-lendingclub-v2-voting-k200-catboost-s42-f0/effective_model_config.json,2559,7667f5c92bd0afa917f899a8b5816152a29b6b642a8780dd5ef1a94640b3ddc2
results/runs/lendingclub_v2/cdv1-pilot-004-lendingclub-v2-voting-k200-catboost-s42-f0/fold_identity_manifest.json,1283,9044b99be5fa3b86559dd47310bc41339fa12db8b493ba36bb15b35aa3debbd0
results/runs/lendingclub_v2/cdv1-pilot-004-lendingclub-v2-voting-k200-catboost-s42-f0/fold_selections.csv,12230,c19ebafaca51efba8d76bfd1ebccb9402db026af314f447017491593ec2e0313
results/runs/lendingclub_v2/cdv1-pilot-004-lendingclub-v2-voting-k200-catboost-s42-f0/manifest.json,12249,48e5de9bb67e791b5588dc83a402a6d671c410e93fb24de6ca116dc95090a8f6
results/runs/lendingclub_v2/cdv1-pilot-004-lendingclub-v2-voting-k200-catboost-s42-f0/pilot_validation.json,2744,998cbf1827af15d01f3b442a07d28b8c64e5de92e94710ac68c1466df233d7e1
results/runs/lendingclub_v2/cdv1-pilot-004-lendingclub-v2-voting-k200-catboost-s42-f0/prediction_metadata.json,2070,94afc0e57dc47fe86d4d0684d91432ea373c9c1e10df0fd39fedff5220f12fcc
results/runs/lendingclub_v2/cdv1-pilot-004-lendingclub-v2-voting-k200-catboost-s42-f0/predictions_dev.csv,23687169,3f84ea5cd169ae28f313b634bf1db158a4441ccdbcc8c74a49c2ba15ecc843e6
results/runs/lendingclub_v2/cdv1-pilot-004-lendingclub-v2-voting-k200-catboost-s42-f0/preflight.json,5335,64b5d6c168b6a9eaa5315d3ad01d798a0d065362354c81bc86e29834c6a7d70d
results/runs/lendingclub_v2/cdv1-pilot-004-lendingclub-v2-voting-k200-catboost-s42-f0/resource_usage.json,375843,8ccaff66102d65f4b902989a620bfc66b82af0587615b3a80b726930116ecab2
results/runs/lendingclub_v2/cdv1-pilot-004-lendingclub-v2-voting-k200-catboost-s42-f0/rfe_selection_trace.csv,12096,b17b725f84d6aa7bd31ccfe9efe442cd96169f4c6e98f59725402e36995761df
results/runs/lendingclub_v2/cdv1-pilot-004-lendingclub-v2-voting-k200-catboost-s42-f0/run.log,774,9039f9cfbba50a5fe07a6a6a8d8b9da0d138525328d08683c9ec87ab76a00c46
results/runs/lendingclub_v2/cdv1-pilot-004-lendingclub-v2-voting-k200-catboost-s42-f0/run_manifest.json,12249,48e5de9bb67e791b5588dc83a402a6d671c410e93fb24de6ca116dc95090a8f6
results/runs/lendingclub_v2/cdv1-pilot-004-lendingclub-v2-voting-k200-catboost-s42-f0/selected_features.csv,2419,affd406de2e5acf2e305f195585eb108a50244bae12c228eb516d8b29264b40d
results/runs/lendingclub_v2/cdv1-pilot-004-lendingclub-v2-voting-k200-catboost-s42-f0/selection_artifact_manifest.json,5243,e838c71e46d4185bfcb468d27d3186a2f967fafa33ca141bec99426dea914f8e
results/runs/lendingclub_v2/cdv1-pilot-004-lendingclub-v2-voting-k200-catboost-s42-f0/stage_timings.csv,443,c9b7cff965099a80147afbd61138c287218f845909fa0efc2205f717a6225496
results/runs/lendingclub_v2/cdv1-pilot-004-lendingclub-v2-voting-k200-catboost-s42-f0/voter_rankings.csv,940532,f272e5e3b557ebf9ab44df069ed44777cc955490efb39b8b2ede8f8c8d9a6dcf
