source_table_family,relational_depth,feature_name,description,observed_dtype,logical_type,intended_aggregation,decision_time_availability,action,reason,deterministic_output_prefix
base,base,case_id,Stable case identifier.,int64,identifier,group_key_only,structural_identifier_not_predictor,exclude,stable row/join identifier; predictor use forbidden,
base,base,date_decision,Chronological split-control field.,string,split_control,none,split_control_only,exclude,chronological split/control field; predictor use forbidden,
base,base,MONTH,Chronological split-control field.,int64,split_control,none,split_control_only,exclude,chronological split/control field; predictor use forbidden,
base,base,WEEK_NUM,Chronological split-control field.,int64,split_control,none,split_control_only,exclude,chronological split/control field; predictor use forbidden,
base,base,target,Binary competition response variable.,int64,target,none,outcome,exclude,binary response variable,
applprev,1,case_id,Stable case identifier.,int64,identifier,group_key_only,structural_identifier_not_predictor,exclude,stable row/join identifier; predictor use forbidden,
applprev,1,actualdpd_943P,Days Past Due (DPD) of previous contract (actual).,double,numeric,count_non_missing|missing_count|min|max|mean|sum|sample_variance|first_by_num_group1|last_by_num_group1,decision_time_application_or_historical_snapshot,include,officially documented application/prior-history snapshot; no post-outcome meaning identified,d1__applprev__actualdpd_943P
applprev,1,annuity_853A,Monthly annuity for previous applications.,double,numeric,count_non_missing|missing_count|min|max|mean|sum|sample_variance|first_by_num_group1|last_by_num_group1,decision_time_application_or_historical_snapshot,include,officially documented application/prior-history snapshot; no post-outcome meaning identified,d1__applprev__annuity_853A
applprev,1,approvaldate_319D,Approval Date of Previous Application,string,date,parse_date_then_signed_days_from_date_decision;count_non_missing|missing_count|min|max|mean|sample_variance|first_by_num_group1|last_by_num_group1,decision_time_application_or_historical_snapshot,include,officially documented application/prior-history snapshot; no post-outcome meaning identified,d1__applprev__approvaldate_319D
applprev,1,byoccupationinc_3656910L,Applicant's income from previous applications.,double,numeric,count_non_missing|missing_count|min|max|mean|sum|sample_variance|first_by_num_group1|last_by_num_group1,decision_time_application_or_historical_snapshot,include,officially documented application/prior-history snapshot; no post-outcome meaning identified,d1__applprev__byoccupationinc_3656910L
applprev,1,cancelreason_3545846M,Application cancellation reason.,string,categorical,count_non_missing|missing_count|nunique|lexical_mode|first_by_num_group1|last_by_num_group1,decision_time_application_or_historical_snapshot,include,officially documented application/prior-history snapshot; no post-outcome meaning identified,d1__applprev__cancelreason_3545846M
applprev,1,childnum_21L,Number of children in the previous application.,double,numeric,count_non_missing|missing_count|min|max|mean|sum|sample_variance|first_by_num_group1|last_by_num_group1,decision_time_application_or_historical_snapshot,include,officially documented application/prior-history snapshot; no post-outcome meaning identified,d1__applprev__childnum_21L
applprev,1,creationdate_885D,Date when previous application was created.,string,date,parse_date_then_signed_days_from_date_decision;count_non_missing|missing_count|min|max|mean|sample_variance|first_by_num_group1|last_by_num_group1,decision_time_application_or_historical_snapshot,include,officially documented application/prior-history snapshot; no post-outcome meaning identified,d1__applprev__creationdate_885D
applprev,1,credacc_actualbalance_314A,Actual balance on credit account.,double,numeric,count_non_missing|missing_count|min|max|mean|sum|sample_variance|first_by_num_group1|last_by_num_group1,decision_time_application_or_historical_snapshot,include,officially documented application/prior-history snapshot; no post-outcome meaning identified,d1__applprev__credacc_actualbalance_314A
applprev,1,credacc_credlmt_575A,Credit card credit limit provided for previous applications.,double,numeric,count_non_missing|missing_count|min|max|mean|sum|sample_variance|first_by_num_group1|last_by_num_group1,decision_time_application_or_historical_snapshot,include,officially documented application/prior-history snapshot; no post-outcome meaning identified,d1__applprev__credacc_credlmt_575A
applprev,1,credacc_maxhisbal_375A,Maximal historical balance of previous credit account,double,numeric,count_non_missing|missing_count|min|max|mean|sum|sample_variance|first_by_num_group1|last_by_num_group1,decision_time_application_or_historical_snapshot,include,officially documented application/prior-history snapshot; no post-outcome meaning identified,d1__applprev__credacc_maxhisbal_375A
applprev,1,credacc_minhisbal_90A,Minimum historical balance of previous credit accounts.,double,numeric,count_non_missing|missing_count|min|max|mean|sum|sample_variance|first_by_num_group1|last_by_num_group1,decision_time_application_or_historical_snapshot,include,officially documented application/prior-history snapshot; no post-outcome meaning identified,d1__applprev__credacc_minhisbal_90A
applprev,1,credacc_status_367L,Account status of previous credit applications.,string,categorical,count_non_missing|missing_count|nunique|lexical_mode|first_by_num_group1|last_by_num_group1,decision_time_application_or_historical_snapshot,include,officially documented application/prior-history snapshot; no post-outcome meaning identified,d1__applprev__credacc_status_367L
applprev,1,credacc_transactions_402L,Number of transactions made with the previous credit account of the applicant.,double,numeric,count_non_missing|missing_count|min|max|mean|sum|sample_variance|first_by_num_group1|last_by_num_group1,decision_time_application_or_historical_snapshot,include,officially documented application/prior-history snapshot; no post-outcome meaning identified,d1__applprev__credacc_transactions_402L
applprev,1,credamount_590A,Loan amount or card limit of previous applications.,double,numeric,count_non_missing|missing_count|min|max|mean|sum|sample_variance|first_by_num_group1|last_by_num_group1,decision_time_application_or_historical_snapshot,include,officially documented application/prior-history snapshot; no post-outcome meaning identified,d1__applprev__credamount_590A
applprev,1,credtype_587L,Credit type of previous application.,string,categorical,count_non_missing|missing_count|nunique|lexical_mode|first_by_num_group1|last_by_num_group1,decision_time_application_or_historical_snapshot,include,officially documented application/prior-history snapshot; no post-outcome meaning identified,d1__applprev__credtype_587L
applprev,1,currdebt_94A,Previous application's current debt.,double,numeric,count_non_missing|missing_count|min|max|mean|sum|sample_variance|first_by_num_group1|last_by_num_group1,decision_time_application_or_historical_snapshot,include,officially documented application/prior-history snapshot; no post-outcome meaning identified,d1__applprev__currdebt_94A
applprev,1,dateactivated_425D,Contract activation date of the applicant's previous application.,string,date,parse_date_then_signed_days_from_date_decision;count_non_missing|missing_count|min|max|mean|sample_variance|first_by_num_group1|last_by_num_group1,decision_time_application_or_historical_snapshot,include,officially documented application/prior-history snapshot; no post-outcome meaning identified,d1__applprev__dateactivated_425D
applprev,1,district_544M,District of the address used in the previous loan application.,string,categorical,count_non_missing|missing_count|nunique|lexical_mode|first_by_num_group1|last_by_num_group1,decision_time_application_or_historical_snapshot,include,officially documented application/prior-history snapshot; no post-outcome meaning identified,d1__applprev__district_544M
applprev,1,downpmt_134A,Previous application downpayment amount.,double,numeric,count_non_missing|missing_count|min|max|mean|sum|sample_variance|first_by_num_group1|last_by_num_group1,decision_time_application_or_historical_snapshot,include,officially documented application/prior-history snapshot; no post-outcome meaning identified,d1__applprev__downpmt_134A
applprev,1,dtlastpmt_581D,Date of last payment made by the applicant.,string,date,parse_date_then_signed_days_from_date_decision;count_non_missing|missing_count|min|max|mean|sample_variance|first_by_num_group1|last_by_num_group1,decision_time_application_or_historical_snapshot,include,officially documented application/prior-history snapshot; no post-outcome meaning identified,d1__applprev__dtlastpmt_581D
applprev,1,dtlastpmtallstes_3545839D,Date of the applicant's last payment.,string,date,parse_date_then_signed_days_from_date_decision;count_non_missing|missing_count|min|max|mean|sample_variance|first_by_num_group1|last_by_num_group1,decision_time_application_or_historical_snapshot,include,officially documented application/prior-history snapshot; no post-outcome meaning identified,d1__applprev__dtlastpmtallstes_3545839D
applprev,1,education_1138M,Applicant's education level from their previous application.,string,categorical,count_non_missing|missing_count|nunique|lexical_mode|first_by_num_group1|last_by_num_group1,decision_time_application_or_historical_snapshot,include,officially documented application/prior-history snapshot; no post-outcome meaning identified,d1__applprev__education_1138M
applprev,1,employedfrom_700D,Employment start date from the previous application.,string,date,parse_date_then_signed_days_from_date_decision;count_non_missing|missing_count|min|max|mean|sample_variance|first_by_num_group1|last_by_num_group1,decision_time_application_or_historical_snapshot,include,officially documented application/prior-history snapshot; no post-outcome meaning identified,d1__applprev__employedfrom_700D
applprev,1,familystate_726L,Family State in previous application of applicant.,string,categorical,count_non_missing|missing_count|nunique|lexical_mode|first_by_num_group1|last_by_num_group1,decision_time_application_or_historical_snapshot,include,officially documented application/prior-history snapshot; no post-outcome meaning identified,d1__applprev__familystate_726L
applprev,1,firstnonzeroinstldate_307D,Date of first instalment in the previous application.,string,date,parse_date_then_signed_days_from_date_decision;count_non_missing|missing_count|min|max|mean|sample_variance|first_by_num_group1|last_by_num_group1,decision_time_application_or_historical_snapshot,include,officially documented application/prior-history snapshot; no post-outcome meaning identified,d1__applprev__firstnonzeroinstldate_307D
applprev,1,inittransactioncode_279L,Type of the initial transaction made in the previous application of the client.,string,categorical,count_non_missing|missing_count|nunique|lexical_mode|first_by_num_group1|last_by_num_group1,decision_time_application_or_historical_snapshot,include,officially documented application/prior-history snapshot; no post-outcome meaning identified,d1__applprev__inittransactioncode_279L
applprev,1,isbidproduct_390L,Flag for determining if the product is a cross-sell in previous applications.,bool,boolean,count_non_missing|missing_count|false_count|true_count|mean|first_by_num_group1|last_by_num_group1|any|all,decision_time_application_or_historical_snapshot,include,officially documented application/prior-history snapshot; no post-outcome meaning identified,d1__applprev__isbidproduct_390L
applprev,1,isdebitcard_527L,Previous application flag indicating if product being applied for is a debit card.,bool,boolean,count_non_missing|missing_count|false_count|true_count|mean|first_by_num_group1|last_by_num_group1|any|all,decision_time_application_or_historical_snapshot,include,officially documented application/prior-history snapshot; no post-outcome meaning identified,d1__applprev__isdebitcard_527L
applprev,1,mainoccupationinc_437A,Client's main income amount in their previous application.,double,numeric,count_non_missing|missing_count|min|max|mean|sum|sample_variance|first_by_num_group1|last_by_num_group1,decision_time_application_or_historical_snapshot,include,officially documented application/prior-history snapshot; no post-outcome meaning identified,d1__applprev__mainoccupationinc_437A
applprev,1,maxdpdtolerance_577P,Maximum DPD with tolerance (on previous application/s).,double,numeric,count_non_missing|missing_count|min|max|mean|sum|sample_variance|first_by_num_group1|last_by_num_group1,decision_time_application_or_historical_snapshot,include,officially documented application/prior-history snapshot; no post-outcome meaning identified,d1__applprev__maxdpdtolerance_577P
applprev,1,num_group1,Relational row-order/group identifier.,int64,order_identifier,stable_sort_key_only_not_aggregated_as_measurement,relational_order_identifier_not_predictor,exclude,row/group order identifier; used only for deterministic ordering,
applprev,1,outstandingdebt_522A,Amount of outstanding debt on the client's previous application.,double,numeric,count_non_missing|missing_count|min|max|mean|sum|sample_variance|first_by_num_group1|last_by_num_group1,decision_time_application_or_historical_snapshot,include,officially documented application/prior-history snapshot; no post-outcome meaning identified,d1__applprev__outstandingdebt_522A
applprev,1,pmtnum_8L,Number of payments made for the previous application.,double,numeric,count_non_missing|missing_count|min|max|mean|sum|sample_variance|first_by_num_group1|last_by_num_group1,decision_time_application_or_historical_snapshot,include,officially documented application/prior-history snapshot; no post-outcome meaning identified,d1__applprev__pmtnum_8L
applprev,1,postype_4733339M,Type of point of sale.,string,categorical,count_non_missing|missing_count|nunique|lexical_mode|first_by_num_group1|last_by_num_group1,decision_time_application_or_historical_snapshot,include,officially documented application/prior-history snapshot; no post-outcome meaning identified,d1__applprev__postype_4733339M
applprev,1,profession_152M,Profession of the client during their previous loan application.,string,categorical,count_non_missing|missing_count|nunique|lexical_mode|first_by_num_group1|last_by_num_group1,decision_time_application_or_historical_snapshot,include,officially documented application/prior-history snapshot; no post-outcome meaning identified,d1__applprev__profession_152M
applprev,1,rejectreason_755M,Reason for previous application rejection.,string,categorical,count_non_missing|missing_count|nunique|lexical_mode|first_by_num_group1|last_by_num_group1,decision_time_application_or_historical_snapshot,include,officially documented application/prior-history snapshot; no post-outcome meaning identified,d1__applprev__rejectreason_755M
applprev,1,rejectreasonclient_4145042M,Reason for rejection of the client's previous application.,string,categorical,count_non_missing|missing_count|nunique|lexical_mode|first_by_num_group1|last_by_num_group1,decision_time_application_or_historical_snapshot,include,officially documented application/prior-history snapshot; no post-outcome meaning identified,d1__applprev__rejectreasonclient_4145042M
applprev,1,revolvingaccount_394A,Revolving account that was present in the applicant's previous application.,double,numeric,count_non_missing|missing_count|min|max|mean|sum|sample_variance|first_by_num_group1|last_by_num_group1,decision_time_application_or_historical_snapshot,include,officially documented application/prior-history snapshot; no post-outcome meaning identified,d1__applprev__revolvingaccount_394A
applprev,1,status_219L,Previous application status.,string,categorical,count_non_missing|missing_count|nunique|lexical_mode|first_by_num_group1|last_by_num_group1,decision_time_application_or_historical_snapshot,include,officially documented application/prior-history snapshot; no post-outcome meaning identified,d1__applprev__status_219L
applprev,1,tenor_203L,Number of instalments in the previous application.,double,numeric,count_non_missing|missing_count|min|max|mean|sum|sample_variance|first_by_num_group1|last_by_num_group1,decision_time_application_or_historical_snapshot,include,officially documented application/prior-history snapshot; no post-outcome meaning identified,d1__applprev__tenor_203L
credit_bureau_a,1,case_id,Stable case identifier.,int64,identifier,group_key_only,structural_identifier_not_predictor,exclude,stable row/join identifier; predictor use forbidden,
credit_bureau_a,1,annualeffectiverate_199L,Interest rate of the closed contracts.,double,numeric,count_non_missing|missing_count|min|max|mean|sum|sample_variance|first_by_num_group1|last_by_num_group1,decision_time_application_or_historical_snapshot,include,officially documented application/prior-history snapshot; no post-outcome meaning identified,d1__credit_bureau_a__annualeffectiverate_199L
credit_bureau_a,1,annualeffectiverate_63L,Interest rate for the active contracts.,double,numeric,count_non_missing|missing_count|min|max|mean|sum|sample_variance|first_by_num_group1|last_by_num_group1,decision_time_application_or_historical_snapshot,include,officially documented application/prior-history snapshot; no post-outcome meaning identified,d1__credit_bureau_a__annualeffectiverate_63L
credit_bureau_a,1,classificationofcontr_13M,Classificiation of the active contract.,string,categorical,count_non_missing|missing_count|nunique|lexical_mode|first_by_num_group1|last_by_num_group1,decision_time_application_or_historical_snapshot,include,officially documented application/prior-history snapshot; no post-outcome meaning identified,d1__credit_bureau_a__classificationofcontr_13M
credit_bureau_a,1,classificationofcontr_400M,Classificiation of the closed contract.,string,categorical,count_non_missing|missing_count|nunique|lexical_mode|first_by_num_group1|last_by_num_group1,decision_time_application_or_historical_snapshot,include,officially documented application/prior-history snapshot; no post-outcome meaning identified,d1__credit_bureau_a__classificationofcontr_400M
credit_bureau_a,1,contractst_545M,Contract status.,string,categorical,count_non_missing|missing_count|nunique|lexical_mode|first_by_num_group1|last_by_num_group1,decision_time_application_or_historical_snapshot,include,officially documented application/prior-history snapshot; no post-outcome meaning identified,d1__credit_bureau_a__contractst_545M
credit_bureau_a,1,contractst_964M,Contract status of terminated credit contract.,string,categorical,count_non_missing|missing_count|nunique|lexical_mode|first_by_num_group1|last_by_num_group1,decision_time_application_or_historical_snapshot,include,officially documented application/prior-history snapshot; no post-outcome meaning identified,d1__credit_bureau_a__contractst_964M
credit_bureau_a,1,contractsum_5085717L,Sum of other contract values.,double,numeric,count_non_missing|missing_count|min|max|mean|sum|sample_variance|first_by_num_group1|last_by_num_group1,decision_time_application_or_historical_snapshot,include,officially documented application/prior-history snapshot; no post-outcome meaning identified,d1__credit_bureau_a__contractsum_5085717L
credit_bureau_a,1,credlmt_230A,Credit limit of the closed credit contracts from credit bureau.,double,numeric,count_non_missing|missing_count|min|max|mean|sum|sample_variance|first_by_num_group1|last_by_num_group1,decision_time_application_or_historical_snapshot,include,officially documented application/prior-history snapshot; no post-outcome meaning identified,d1__credit_bureau_a__credlmt_230A
credit_bureau_a,1,credlmt_935A,Credit limit for active loan.,double,numeric,count_non_missing|missing_count|min|max|mean|sum|sample_variance|first_by_num_group1|last_by_num_group1,decision_time_application_or_historical_snapshot,include,officially documented application/prior-history snapshot; no post-outcome meaning identified,d1__credit_bureau_a__credlmt_935A
credit_bureau_a,1,dateofcredend_289D,End date of an active credit contract.,string,date,parse_date_then_signed_days_from_date_decision;count_non_missing|missing_count|min|max|mean|sample_variance|first_by_num_group1|last_by_num_group1,decision_time_application_or_historical_snapshot,include,officially documented application/prior-history snapshot; no post-outcome meaning identified,d1__credit_bureau_a__dateofcredend_289D
credit_bureau_a,1,dateofcredend_353D,End date of a closed credit contract.,string,date,parse_date_then_signed_days_from_date_decision;count_non_missing|missing_count|min|max|mean|sample_variance|first_by_num_group1|last_by_num_group1,decision_time_application_or_historical_snapshot,include,officially documented application/prior-history snapshot; no post-outcome meaning identified,d1__credit_bureau_a__dateofcredend_353D
credit_bureau_a,1,dateofcredstart_181D,Date when the credit contract was closed.,string,date,parse_date_then_signed_days_from_date_decision;count_non_missing|missing_count|min|max|mean|sample_variance|first_by_num_group1|last_by_num_group1,decision_time_application_or_historical_snapshot,include,officially documented application/prior-history snapshot; no post-outcome meaning identified,d1__credit_bureau_a__dateofcredstart_181D
credit_bureau_a,1,dateofcredstart_739D,Start date of a closed credit contract.,string,date,parse_date_then_signed_days_from_date_decision;count_non_missing|missing_count|min|max|mean|sample_variance|first_by_num_group1|last_by_num_group1,decision_time_application_or_historical_snapshot,include,officially documented application/prior-history snapshot; no post-outcome meaning identified,d1__credit_bureau_a__dateofcredstart_739D
credit_bureau_a,1,dateofrealrepmt_138D,Date of credit's closure (contract termination date).,string,date,parse_date_then_signed_days_from_date_decision;count_non_missing|missing_count|min|max|mean|sample_variance|first_by_num_group1|last_by_num_group1,decision_time_application_or_historical_snapshot,include,officially documented application/prior-history snapshot; no post-outcome meaning identified,d1__credit_bureau_a__dateofrealrepmt_138D
credit_bureau_a,1,debtoutstand_525A,Outstanding amount of existing contract.,double,numeric,count_non_missing|missing_count|min|max|mean|sum|sample_variance|first_by_num_group1|last_by_num_group1,decision_time_application_or_historical_snapshot,include,officially documented application/prior-history snapshot; no post-outcome meaning identified,d1__credit_bureau_a__debtoutstand_525A
credit_bureau_a,1,debtoverdue_47A,Amount that is currently past due on a client's existing credit contract.,double,numeric,count_non_missing|missing_count|min|max|mean|sum|sample_variance|first_by_num_group1|last_by_num_group1,decision_time_application_or_historical_snapshot,include,officially documented application/prior-history snapshot; no post-outcome meaning identified,d1__credit_bureau_a__debtoverdue_47A
credit_bureau_a,1,description_351M,Categorization of clients by credit bureau.,string,categorical,count_non_missing|missing_count|nunique|lexical_mode|first_by_num_group1|last_by_num_group1,decision_time_application_or_historical_snapshot,include,officially documented application/prior-history snapshot; no post-outcome meaning identified,d1__credit_bureau_a__description_351M
credit_bureau_a,1,dpdmax_139P,Maximal days past due for active contract.,double,numeric,count_non_missing|missing_count|min|max|mean|sum|sample_variance|first_by_num_group1|last_by_num_group1,decision_time_application_or_historical_snapshot,include,officially documented application/prior-history snapshot; no post-outcome meaning identified,d1__credit_bureau_a__dpdmax_139P
credit_bureau_a,1,dpdmax_757P,Maximum days past due for a closed contract.,double,numeric,count_non_missing|missing_count|min|max|mean|sum|sample_variance|first_by_num_group1|last_by_num_group1,decision_time_application_or_historical_snapshot,include,officially documented application/prior-history snapshot; no post-outcome meaning identified,d1__credit_bureau_a__dpdmax_757P
credit_bureau_a,1,dpdmaxdatemonth_442T,Max DPD occurrence month for terminated contracts from credit bureau data.,double,numeric,count_non_missing|missing_count|min|max|mean|sum|sample_variance|first_by_num_group1|last_by_num_group1,decision_time_application_or_historical_snapshot,include,officially documented application/prior-history snapshot; no post-outcome meaning identified,d1__credit_bureau_a__dpdmaxdatemonth_442T
credit_bureau_a,1,dpdmaxdatemonth_89T,Month when maximum days past due occurred on the active contract with the credit bureau.,double,numeric,count_non_missing|missing_count|min|max|mean|sum|sample_variance|first_by_num_group1|last_by_num_group1,decision_time_application_or_historical_snapshot,include,officially documented application/prior-history snapshot; no post-outcome meaning identified,d1__credit_bureau_a__dpdmaxdatemonth_89T
credit_bureau_a,1,dpdmaxdateyear_596T,Year when maximum Days Past Due (DPD) occurred for the active contract.,double,numeric,count_non_missing|missing_count|min|max|mean|sum|sample_variance|first_by_num_group1|last_by_num_group1,decision_time_application_or_historical_snapshot,include,officially documented application/prior-history snapshot; no post-outcome meaning identified,d1__credit_bureau_a__dpdmaxdateyear_596T
credit_bureau_a,1,dpdmaxdateyear_896T,Year of maximum Days Past Due of closed contract obtained from Credit Bureau.,double,numeric,count_non_missing|missing_count|min|max|mean|sum|sample_variance|first_by_num_group1|last_by_num_group1,decision_time_application_or_historical_snapshot,include,officially documented application/prior-history snapshot; no post-outcome meaning identified,d1__credit_bureau_a__dpdmaxdateyear_896T
credit_bureau_a,1,financialinstitution_382M,Name of financial institution that is linked to a closed contract.,string,categorical,count_non_missing|missing_count|nunique|lexical_mode|first_by_num_group1|last_by_num_group1,decision_time_application_or_historical_snapshot,include,officially documented application/prior-history snapshot; no post-outcome meaning identified,d1__credit_bureau_a__financialinstitution_382M
credit_bureau_a,1,financialinstitution_591M,Financial institution name of the active contract.,string,categorical,count_non_missing|missing_count|nunique|lexical_mode|first_by_num_group1|last_by_num_group1,decision_time_application_or_historical_snapshot,include,officially documented application/prior-history snapshot; no post-outcome meaning identified,d1__credit_bureau_a__financialinstitution_591M
credit_bureau_a,1,instlamount_768A,Instalment amount for the active contract in credit bureau.,double,numeric,count_non_missing|missing_count|min|max|mean|sum|sample_variance|first_by_num_group1|last_by_num_group1,decision_time_application_or_historical_snapshot,include,officially documented application/prior-history snapshot; no post-outcome meaning identified,d1__credit_bureau_a__instlamount_768A
credit_bureau_a,1,instlamount_852A,Instalment amount for closed contract.,double,numeric,count_non_missing|missing_count|min|max|mean|sum|sample_variance|first_by_num_group1|last_by_num_group1,decision_time_application_or_historical_snapshot,include,officially documented application/prior-history snapshot; no post-outcome meaning identified,d1__credit_bureau_a__instlamount_852A
credit_bureau_a,1,interestrate_508L,Interest rate for a closed contract in the credit bureau.,double,numeric,count_non_missing|missing_count|min|max|mean|sum|sample_variance|first_by_num_group1|last_by_num_group1,decision_time_application_or_historical_snapshot,include,officially documented application/prior-history snapshot; no post-outcome meaning identified,d1__credit_bureau_a__interestrate_508L
credit_bureau_a,1,lastupdate_1112D,Date of last update for an active contract from credit bureau.,string,date,parse_date_then_signed_days_from_date_decision;count_non_missing|missing_count|min|max|mean|sample_variance|first_by_num_group1|last_by_num_group1,decision_time_application_or_historical_snapshot,include,officially documented application/prior-history snapshot; no post-outcome meaning identified,d1__credit_bureau_a__lastupdate_1112D
credit_bureau_a,1,lastupdate_388D,Date of last update for a closed contract in the credit bureau.,string,date,parse_date_then_signed_days_from_date_decision;count_non_missing|missing_count|min|max|mean|sample_variance|first_by_num_group1|last_by_num_group1,decision_time_application_or_historical_snapshot,include,officially documented application/prior-history snapshot; no post-outcome meaning identified,d1__credit_bureau_a__lastupdate_388D
credit_bureau_a,1,monthlyinstlamount_332A,Monthly instalment amount for active contract.,double,numeric,count_non_missing|missing_count|min|max|mean|sum|sample_variance|first_by_num_group1|last_by_num_group1,decision_time_application_or_historical_snapshot,include,officially documented application/prior-history snapshot; no post-outcome meaning identified,d1__credit_bureau_a__monthlyinstlamount_332A
credit_bureau_a,1,monthlyinstlamount_674A,Monthly amount of instalment payment on a closed contract.,double,numeric,count_non_missing|missing_count|min|max|mean|sum|sample_variance|first_by_num_group1|last_by_num_group1,decision_time_application_or_historical_snapshot,include,officially documented application/prior-history snapshot; no post-outcome meaning identified,d1__credit_bureau_a__monthlyinstlamount_674A
credit_bureau_a,1,nominalrate_281L,Interest rate of the active contract.,double,numeric,count_non_missing|missing_count|min|max|mean|sum|sample_variance|first_by_num_group1|last_by_num_group1,decision_time_application_or_historical_snapshot,include,officially documented application/prior-history snapshot; no post-outcome meaning identified,d1__credit_bureau_a__nominalrate_281L
credit_bureau_a,1,nominalrate_498L,Interest rate for closed contract.,double,numeric,count_non_missing|missing_count|min|max|mean|sum|sample_variance|first_by_num_group1|last_by_num_group1,decision_time_application_or_historical_snapshot,include,officially documented application/prior-history snapshot; no post-outcome meaning identified,d1__credit_bureau_a__nominalrate_498L
credit_bureau_a,1,num_group1,Relational row-order/group identifier.,int64,order_identifier,stable_sort_key_only_not_aggregated_as_measurement,relational_order_identifier_not_predictor,exclude,row/group order identifier; used only for deterministic ordering,
credit_bureau_a,1,numberofcontrsvalue_258L,Number of active contracts in credit bureau.,double,numeric,count_non_missing|missing_count|min|max|mean|sum|sample_variance|first_by_num_group1|last_by_num_group1,decision_time_application_or_historical_snapshot,include,officially documented application/prior-history snapshot; no post-outcome meaning identified,d1__credit_bureau_a__numberofcontrsvalue_258L
credit_bureau_a,1,numberofcontrsvalue_358L,Number of closed credit contracts.,double,numeric,count_non_missing|missing_count|min|max|mean|sum|sample_variance|first_by_num_group1|last_by_num_group1,decision_time_application_or_historical_snapshot,include,officially documented application/prior-history snapshot; no post-outcome meaning identified,d1__credit_bureau_a__numberofcontrsvalue_358L
credit_bureau_a,1,numberofinstls_229L,Number of instalments on closed contract.,double,numeric,count_non_missing|missing_count|min|max|mean|sum|sample_variance|first_by_num_group1|last_by_num_group1,decision_time_application_or_historical_snapshot,include,officially documented application/prior-history snapshot; no post-outcome meaning identified,d1__credit_bureau_a__numberofinstls_229L
credit_bureau_a,1,numberofinstls_320L,Number of instalments of the active contract.,double,numeric,count_non_missing|missing_count|min|max|mean|sum|sample_variance|first_by_num_group1|last_by_num_group1,decision_time_application_or_historical_snapshot,include,officially documented application/prior-history snapshot; no post-outcome meaning identified,d1__credit_bureau_a__numberofinstls_320L
credit_bureau_a,1,numberofoutstandinstls_520L,Number of outstanding instalment for closed contract.,double,numeric,count_non_missing|missing_count|min|max|mean|sum|sample_variance|first_by_num_group1|last_by_num_group1,decision_time_application_or_historical_snapshot,include,officially documented application/prior-history snapshot; no post-outcome meaning identified,d1__credit_bureau_a__numberofoutstandinstls_520L
credit_bureau_a,1,numberofoutstandinstls_59L,Number of outstanding instalments for the active contracts.,double,numeric,count_non_missing|missing_count|min|max|mean|sum|sample_variance|first_by_num_group1|last_by_num_group1,decision_time_application_or_historical_snapshot,include,officially documented application/prior-history snapshot; no post-outcome meaning identified,d1__credit_bureau_a__numberofoutstandinstls_59L
credit_bureau_a,1,numberofoverdueinstlmax_1039L,Number of outstanding instalments for active contracts.,double,numeric,count_non_missing|missing_count|min|max|mean|sum|sample_variance|first_by_num_group1|last_by_num_group1,decision_time_application_or_historical_snapshot,include,officially documented application/prior-history snapshot; no post-outcome meaning identified,d1__credit_bureau_a__numberofoverdueinstlmax_1039L
credit_bureau_a,1,numberofoverdueinstlmax_1151L,Maximum number of past due installments for a closed contract.,double,numeric,count_non_missing|missing_count|min|max|mean|sum|sample_variance|first_by_num_group1|last_by_num_group1,decision_time_application_or_historical_snapshot,include,officially documented application/prior-history snapshot; no post-outcome meaning identified,d1__credit_bureau_a__numberofoverdueinstlmax_1151L
credit_bureau_a,1,numberofoverdueinstlmaxdat_148D,Date of maximum number of past due instalments for the closed contract.,string,date,parse_date_then_signed_days_from_date_decision;count_non_missing|missing_count|min|max|mean|sample_variance|first_by_num_group1|last_by_num_group1,decision_time_application_or_historical_snapshot,include,officially documented application/prior-history snapshot; no post-outcome meaning identified,d1__credit_bureau_a__numberofoverdueinstlmaxdat_148D
credit_bureau_a,1,numberofoverdueinstlmaxdat_641D,Date of maximum number of past due instalments for the active contract.,string,date,parse_date_then_signed_days_from_date_decision;count_non_missing|missing_count|min|max|mean|sample_variance|first_by_num_group1|last_by_num_group1,decision_time_application_or_historical_snapshot,include,officially documented application/prior-history snapshot; no post-outcome meaning identified,d1__credit_bureau_a__numberofoverdueinstlmaxdat_641D
credit_bureau_a,1,numberofoverdueinstls_725L,Maximum number of past due instalments for an active contract.,double,numeric,count_non_missing|missing_count|min|max|mean|sum|sample_variance|first_by_num_group1|last_by_num_group1,decision_time_application_or_historical_snapshot,include,officially documented application/prior-history snapshot; no post-outcome meaning identified,d1__credit_bureau_a__numberofoverdueinstls_725L
credit_bureau_a,1,numberofoverdueinstls_834L,Number of past due instalments for a closed contract.,double,numeric,count_non_missing|missing_count|min|max|mean|sum|sample_variance|first_by_num_group1|last_by_num_group1,decision_time_application_or_historical_snapshot,include,officially documented application/prior-history snapshot; no post-outcome meaning identified,d1__credit_bureau_a__numberofoverdueinstls_834L
credit_bureau_a,1,outstandingamount_354A,Outstanding amount for closed credit contract in credit bureau.,double,numeric,count_non_missing|missing_count|min|max|mean|sum|sample_variance|first_by_num_group1|last_by_num_group1,decision_time_application_or_historical_snapshot,include,officially documented application/prior-history snapshot; no post-outcome meaning identified,d1__credit_bureau_a__outstandingamount_354A
credit_bureau_a,1,outstandingamount_362A,Active contract's outstanding amount.,double,numeric,count_non_missing|missing_count|min|max|mean|sum|sample_variance|first_by_num_group1|last_by_num_group1,decision_time_application_or_historical_snapshot,include,officially documented application/prior-history snapshot; no post-outcome meaning identified,d1__credit_bureau_a__outstandingamount_362A
credit_bureau_a,1,overdueamount_31A,Past due amount for a closed contract.,double,numeric,count_non_missing|missing_count|min|max|mean|sum|sample_variance|first_by_num_group1|last_by_num_group1,decision_time_application_or_historical_snapshot,include,officially documented application/prior-history snapshot; no post-outcome meaning identified,d1__credit_bureau_a__overdueamount_31A
credit_bureau_a,1,overdueamount_659A,Past due amount for active contract.,double,numeric,count_non_missing|missing_count|min|max|mean|sum|sample_variance|first_by_num_group1|last_by_num_group1,decision_time_application_or_historical_snapshot,include,officially documented application/prior-history snapshot; no post-outcome meaning identified,d1__credit_bureau_a__overdueamount_659A
credit_bureau_a,1,overdueamountmax2_14A,Maximal past due amount for an active contract.,double,numeric,count_non_missing|missing_count|min|max|mean|sum|sample_variance|first_by_num_group1|last_by_num_group1,decision_time_application_or_historical_snapshot,include,officially documented application/prior-history snapshot; no post-outcome meaning identified,d1__credit_bureau_a__overdueamountmax2_14A
credit_bureau_a,1,overdueamountmax2_398A,Maximal overdue amount for a closed contract.,double,numeric,count_non_missing|missing_count|min|max|mean|sum|sample_variance|first_by_num_group1|last_by_num_group1,decision_time_application_or_historical_snapshot,include,officially documented application/prior-history snapshot; no post-outcome meaning identified,d1__credit_bureau_a__overdueamountmax2_398A
credit_bureau_a,1,overdueamountmax2date_1002D,Date of maximal past due amount for a closed contract,string,date,parse_date_then_signed_days_from_date_decision;count_non_missing|missing_count|min|max|mean|sample_variance|first_by_num_group1|last_by_num_group1,decision_time_application_or_historical_snapshot,include,officially documented application/prior-history snapshot; no post-outcome meaning identified,d1__credit_bureau_a__overdueamountmax2date_1002D
credit_bureau_a,1,overdueamountmax2date_1142D,Date of maximal past due amount for an active contract.,string,date,parse_date_then_signed_days_from_date_decision;count_non_missing|missing_count|min|max|mean|sample_variance|first_by_num_group1|last_by_num_group1,decision_time_application_or_historical_snapshot,include,officially documented application/prior-history snapshot; no post-outcome meaning identified,d1__credit_bureau_a__overdueamountmax2date_1142D
credit_bureau_a,1,overdueamountmax_155A,Maximal past due amount for active contract.,double,numeric,count_non_missing|missing_count|min|max|mean|sum|sample_variance|first_by_num_group1|last_by_num_group1,decision_time_application_or_historical_snapshot,include,officially documented application/prior-history snapshot; no post-outcome meaning identified,d1__credit_bureau_a__overdueamountmax_155A
credit_bureau_a,1,overdueamountmax_35A,Maximal past due amount for a closed contract.,double,numeric,count_non_missing|missing_count|min|max|mean|sum|sample_variance|first_by_num_group1|last_by_num_group1,decision_time_application_or_historical_snapshot,include,officially documented application/prior-history snapshot; no post-outcome meaning identified,d1__credit_bureau_a__overdueamountmax_35A
credit_bureau_a,1,overdueamountmaxdatemonth_284T,Month when the maximum past due amount occurred for a closed contract.,double,numeric,count_non_missing|missing_count|min|max|mean|sum|sample_variance|first_by_num_group1|last_by_num_group1,decision_time_application_or_historical_snapshot,include,officially documented application/prior-history snapshot; no post-outcome meaning identified,d1__credit_bureau_a__overdueamountmaxdatemonth_284T
credit_bureau_a,1,overdueamountmaxdatemonth_365T,Month when maximum past due amount occurred for an active contract.,double,numeric,count_non_missing|missing_count|min|max|mean|sum|sample_variance|first_by_num_group1|last_by_num_group1,decision_time_application_or_historical_snapshot,include,officially documented application/prior-history snapshot; no post-outcome meaning identified,d1__credit_bureau_a__overdueamountmaxdatemonth_365T
credit_bureau_a,1,overdueamountmaxdateyear_2T,Year when the maximum past due amount occurred for active contracts.,double,numeric,count_non_missing|missing_count|min|max|mean|sum|sample_variance|first_by_num_group1|last_by_num_group1,decision_time_application_or_historical_snapshot,include,officially documented application/prior-history snapshot; no post-outcome meaning identified,d1__credit_bureau_a__overdueamountmaxdateyear_2T
credit_bureau_a,1,overdueamountmaxdateyear_994T,Year when maximum past due amount occurred for closed contract.,double,numeric,count_non_missing|missing_count|min|max|mean|sum|sample_variance|first_by_num_group1|last_by_num_group1,decision_time_application_or_historical_snapshot,include,officially documented application/prior-history snapshot; no post-outcome meaning identified,d1__credit_bureau_a__overdueamountmaxdateyear_994T
credit_bureau_a,1,periodicityofpmts_1102L,Frequency of instalments for a closed contract.,double,numeric,count_non_missing|missing_count|min|max|mean|sum|sample_variance|first_by_num_group1|last_by_num_group1,decision_time_application_or_historical_snapshot,include,officially documented application/prior-history snapshot; no post-outcome meaning identified,d1__credit_bureau_a__periodicityofpmts_1102L
credit_bureau_a,1,periodicityofpmts_837L,Frequency of instalments for an active contract.,double,numeric,count_non_missing|missing_count|min|max|mean|sum|sample_variance|first_by_num_group1|last_by_num_group1,decision_time_application_or_historical_snapshot,include,officially documented application/prior-history snapshot; no post-outcome meaning identified,d1__credit_bureau_a__periodicityofpmts_837L
credit_bureau_a,1,prolongationcount_1120L,Count of prolongations on terminated contract according to credit bureau.,double,numeric,count_non_missing|missing_count|min|max|mean|sum|sample_variance|first_by_num_group1|last_by_num_group1,decision_time_application_or_historical_snapshot,include,officially documented application/prior-history snapshot; no post-outcome meaning identified,d1__credit_bureau_a__prolongationcount_1120L
credit_bureau_a,1,prolongationcount_599L,Count of active contract prolongations.,double,numeric,count_non_missing|missing_count|min|max|mean|sum|sample_variance|first_by_num_group1|last_by_num_group1,decision_time_application_or_historical_snapshot,include,officially documented application/prior-history snapshot; no post-outcome meaning identified,d1__credit_bureau_a__prolongationcount_599L
credit_bureau_a,1,purposeofcred_426M,Purpose of credit for active contract.,string,categorical,count_non_missing|missing_count|nunique|lexical_mode|first_by_num_group1|last_by_num_group1,decision_time_application_or_historical_snapshot,include,officially documented application/prior-history snapshot; no post-outcome meaning identified,d1__credit_bureau_a__purposeofcred_426M
credit_bureau_a,1,purposeofcred_874M,Purpose of credit on a closed contract.,string,categorical,count_non_missing|missing_count|nunique|lexical_mode|first_by_num_group1|last_by_num_group1,decision_time_application_or_historical_snapshot,include,officially documented application/prior-history snapshot; no post-outcome meaning identified,d1__credit_bureau_a__purposeofcred_874M
credit_bureau_a,1,refreshdate_3813885D,Date when the credit bureau's public sources have been last updated.,string,date,parse_date_then_signed_days_from_date_decision;count_non_missing|missing_count|min|max|mean|sample_variance|first_by_num_group1|last_by_num_group1,decision_time_application_or_historical_snapshot,include,officially documented application/prior-history snapshot; no post-outcome meaning identified,d1__credit_bureau_a__refreshdate_3813885D
credit_bureau_a,1,residualamount_488A,Residual amount of a closed contract.,double,numeric,count_non_missing|missing_count|min|max|mean|sum|sample_variance|first_by_num_group1|last_by_num_group1,decision_time_application_or_historical_snapshot,include,officially documented application/prior-history snapshot; no post-outcome meaning identified,d1__credit_bureau_a__residualamount_488A
credit_bureau_a,1,residualamount_856A,Residual amount for the active contract.,double,numeric,count_non_missing|missing_count|min|max|mean|sum|sample_variance|first_by_num_group1|last_by_num_group1,decision_time_application_or_historical_snapshot,include,officially documented application/prior-history snapshot; no post-outcome meaning identified,d1__credit_bureau_a__residualamount_856A
credit_bureau_a,1,subjectrole_182M,Subject role in active credit contract.,string,categorical,count_non_missing|missing_count|nunique|lexical_mode|first_by_num_group1|last_by_num_group1,decision_time_application_or_historical_snapshot,include,officially documented application/prior-history snapshot; no post-outcome meaning identified,d1__credit_bureau_a__subjectrole_182M
credit_bureau_a,1,subjectrole_93M,Subject role in closed credit contract.,string,categorical,count_non_missing|missing_count|nunique|lexical_mode|first_by_num_group1|last_by_num_group1,decision_time_application_or_historical_snapshot,include,officially documented application/prior-history snapshot; no post-outcome meaning identified,d1__credit_bureau_a__subjectrole_93M
credit_bureau_a,1,totalamount_6A,Total amount of closed contracts.,double,numeric,count_non_missing|missing_count|min|max|mean|sum|sample_variance|first_by_num_group1|last_by_num_group1,decision_time_application_or_historical_snapshot,include,officially documented application/prior-history snapshot; no post-outcome meaning identified,d1__credit_bureau_a__totalamount_6A
credit_bureau_a,1,totalamount_996A,Total amount of active contracts in the credit bureau.,double,numeric,count_non_missing|missing_count|min|max|mean|sum|sample_variance|first_by_num_group1|last_by_num_group1,decision_time_application_or_historical_snapshot,include,officially documented application/prior-history snapshot; no post-outcome meaning identified,d1__credit_bureau_a__totalamount_996A
credit_bureau_a,1,totaldebtoverduevalue_178A,Total amount of past due debt on active contracts.,double,numeric,count_non_missing|missing_count|min|max|mean|sum|sample_variance|first_by_num_group1|last_by_num_group1,decision_time_application_or_historical_snapshot,include,officially documented application/prior-history snapshot; no post-outcome meaning identified,d1__credit_bureau_a__totaldebtoverduevalue_178A
credit_bureau_a,1,totaldebtoverduevalue_718A,Total overdue debt amount for closed credit contracts.,double,numeric,count_non_missing|missing_count|min|max|mean|sum|sample_variance|first_by_num_group1|last_by_num_group1,decision_time_application_or_historical_snapshot,include,officially documented application/prior-history snapshot; no post-outcome meaning identified,d1__credit_bureau_a__totaldebtoverduevalue_718A
credit_bureau_a,1,totaloutstanddebtvalue_39A,Total outstanding debt for active contracts in the credit bureau.,double,numeric,count_non_missing|missing_count|min|max|mean|sum|sample_variance|first_by_num_group1|last_by_num_group1,decision_time_application_or_historical_snapshot,include,officially documented application/prior-history snapshot; no post-outcome meaning identified,d1__credit_bureau_a__totaloutstanddebtvalue_39A
credit_bureau_a,1,totaloutstanddebtvalue_668A,Total outstanding debt for the closed contracts in the credit bureau.,double,numeric,count_non_missing|missing_count|min|max|mean|sum|sample_variance|first_by_num_group1|last_by_num_group1,decision_time_application_or_historical_snapshot,include,officially documented application/prior-history snapshot; no post-outcome meaning identified,d1__credit_bureau_a__totaloutstanddebtvalue_668A
credit_bureau_b,1,case_id,Stable case identifier.,int64,identifier,group_key_only,structural_identifier_not_predictor,exclude,stable row/join identifier; predictor use forbidden,
credit_bureau_b,1,amount_1115A,Credit amount of the active contract provided by the credit bureau.,double,numeric,count_non_missing|missing_count|min|max|mean|sum|sample_variance|first_by_num_group1|last_by_num_group1,decision_time_application_or_historical_snapshot,include,officially documented application/prior-history snapshot; no post-outcome meaning identified,d1__credit_bureau_b__amount_1115A
credit_bureau_b,1,classificationofcontr_1114M,Classificiation of the active contract.,string,categorical,count_non_missing|missing_count|nunique|lexical_mode|first_by_num_group1|last_by_num_group1,decision_time_application_or_historical_snapshot,include,officially documented application/prior-history snapshot; no post-outcome meaning identified,d1__credit_bureau_b__classificationofcontr_1114M
credit_bureau_b,1,contractdate_551D,Contract date of the active contract,string,date,parse_date_then_signed_days_from_date_decision;count_non_missing|missing_count|min|max|mean|sample_variance|first_by_num_group1|last_by_num_group1,decision_time_application_or_historical_snapshot,include,officially documented application/prior-history snapshot; no post-outcome meaning identified,d1__credit_bureau_b__contractdate_551D
credit_bureau_b,1,contractmaturitydate_151D,End date of active contract.,string,date,parse_date_then_signed_days_from_date_decision;count_non_missing|missing_count|min|max|mean|sample_variance|first_by_num_group1|last_by_num_group1,decision_time_application_or_historical_snapshot,include,officially documented application/prior-history snapshot; no post-outcome meaning identified,d1__credit_bureau_b__contractmaturitydate_151D
credit_bureau_b,1,contractst_516M,Contract status.,string,categorical,count_non_missing|missing_count|nunique|lexical_mode|first_by_num_group1|last_by_num_group1,decision_time_application_or_historical_snapshot,include,officially documented application/prior-history snapshot; no post-outcome meaning identified,d1__credit_bureau_b__contractst_516M
credit_bureau_b,1,contracttype_653M,Contract Type,string,categorical,count_non_missing|missing_count|nunique|lexical_mode|first_by_num_group1|last_by_num_group1,decision_time_application_or_historical_snapshot,include,officially documented application/prior-history snapshot; no post-outcome meaning identified,d1__credit_bureau_b__contracttype_653M
credit_bureau_b,1,credlmt_1052A,Credit limit of an active loan.,double,numeric,count_non_missing|missing_count|min|max|mean|sum|sample_variance|first_by_num_group1|last_by_num_group1,decision_time_application_or_historical_snapshot,include,officially documented application/prior-history snapshot; no post-outcome meaning identified,d1__credit_bureau_b__credlmt_1052A
credit_bureau_b,1,credlmt_228A,Credit limit for closed loans.,double,numeric,count_non_missing|missing_count|min|max|mean|sum|sample_variance|first_by_num_group1|last_by_num_group1,decision_time_application_or_historical_snapshot,include,officially documented application/prior-history snapshot; no post-outcome meaning identified,d1__credit_bureau_b__credlmt_228A
credit_bureau_b,1,credlmt_3940954A,Credit limit for active loan.,double,numeric,count_non_missing|missing_count|min|max|mean|sum|sample_variance|first_by_num_group1|last_by_num_group1,decision_time_application_or_historical_snapshot,include,officially documented application/prior-history snapshot; no post-outcome meaning identified,d1__credit_bureau_b__credlmt_3940954A
credit_bureau_b,1,credor_3940957M,Creditor's name,string,categorical,count_non_missing|missing_count|nunique|lexical_mode|first_by_num_group1|last_by_num_group1,decision_time_application_or_historical_snapshot,include,officially documented application/prior-history snapshot; no post-outcome meaning identified,d1__credit_bureau_b__credor_3940957M
credit_bureau_b,1,credquantity_1099L,Number of credits in credit bureau,double,numeric,count_non_missing|missing_count|min|max|mean|sum|sample_variance|first_by_num_group1|last_by_num_group1,decision_time_application_or_historical_snapshot,include,officially documented application/prior-history snapshot; no post-outcome meaning identified,d1__credit_bureau_b__credquantity_1099L
credit_bureau_b,1,credquantity_984L,Number of closed credits in credit bureau.,double,numeric,count_non_missing|missing_count|min|max|mean|sum|sample_variance|first_by_num_group1|last_by_num_group1,decision_time_application_or_historical_snapshot,include,officially documented application/prior-history snapshot; no post-outcome meaning identified,d1__credit_bureau_b__credquantity_984L
credit_bureau_b,1,debtpastduevalue_732A,Amount of unpaid debt for existing contracts.,double,numeric,count_non_missing|missing_count|min|max|mean|sum|sample_variance|first_by_num_group1|last_by_num_group1,decision_time_application_or_historical_snapshot,include,officially documented application/prior-history snapshot; no post-outcome meaning identified,d1__credit_bureau_b__debtpastduevalue_732A
credit_bureau_b,1,debtvalue_227A,Outstanding amount for existing debt contracts.,double,numeric,count_non_missing|missing_count|min|max|mean|sum|sample_variance|first_by_num_group1|last_by_num_group1,decision_time_application_or_historical_snapshot,include,officially documented application/prior-history snapshot; no post-outcome meaning identified,d1__credit_bureau_b__debtvalue_227A
credit_bureau_b,1,dpd_550P,The number of days past due for active loans where a guarantee has been provided.,double,numeric,count_non_missing|missing_count|min|max|mean|sum|sample_variance|first_by_num_group1|last_by_num_group1,decision_time_application_or_historical_snapshot,include,officially documented application/prior-history snapshot; no post-outcome meaning identified,d1__credit_bureau_b__dpd_550P
credit_bureau_b,1,dpd_733P,Days past due (DPD) for guaranteed loans that were terminated according to credit bureau data.,double,numeric,count_non_missing|missing_count|min|max|mean|sum|sample_variance|first_by_num_group1|last_by_num_group1,decision_time_application_or_historical_snapshot,include,officially documented application/prior-history snapshot; no post-outcome meaning identified,d1__credit_bureau_b__dpd_733P
credit_bureau_b,1,dpdmax_851P,Maximal past due days for active contracts in the credit bureau.,double,numeric,count_non_missing|missing_count|min|max|mean|sum|sample_variance|first_by_num_group1|last_by_num_group1,decision_time_application_or_historical_snapshot,include,officially documented application/prior-history snapshot; no post-outcome meaning identified,d1__credit_bureau_b__dpdmax_851P
credit_bureau_b,1,dpdmaxdatemonth_804T,Month when the maximum Day Past Due (DPD) occurred for active contracts on credit bureau's records.,double,numeric,count_non_missing|missing_count|min|max|mean|sum|sample_variance|first_by_num_group1|last_by_num_group1,decision_time_application_or_historical_snapshot,include,officially documented application/prior-history snapshot; no post-outcome meaning identified,d1__credit_bureau_b__dpdmaxdatemonth_804T
credit_bureau_b,1,dpdmaxdateyear_742T,Year of the maximum Days Past Due (DPD) on an active credit contract in the credit bureau.,double,numeric,count_non_missing|missing_count|min|max|mean|sum|sample_variance|first_by_num_group1|last_by_num_group1,decision_time_application_or_historical_snapshot,include,officially documented application/prior-history snapshot; no post-outcome meaning identified,d1__credit_bureau_b__dpdmaxdateyear_742T
credit_bureau_b,1,installmentamount_644A,Instalment amount of a closed and secured credit contract.,double,numeric,count_non_missing|missing_count|min|max|mean|sum|sample_variance|first_by_num_group1|last_by_num_group1,decision_time_application_or_historical_snapshot,include,officially documented application/prior-history snapshot; no post-outcome meaning identified,d1__credit_bureau_b__installmentamount_644A
credit_bureau_b,1,installmentamount_833A,Instalment amount for a secured and active contract in credit bureau.,double,numeric,count_non_missing|missing_count|min|max|mean|sum|sample_variance|first_by_num_group1|last_by_num_group1,decision_time_application_or_historical_snapshot,include,officially documented application/prior-history snapshot; no post-outcome meaning identified,d1__credit_bureau_b__installmentamount_833A
credit_bureau_b,1,instlamount_892A,Instalment amount for active credit contract.,double,numeric,count_non_missing|missing_count|min|max|mean|sum|sample_variance|first_by_num_group1|last_by_num_group1,decision_time_application_or_historical_snapshot,include,officially documented application/prior-history snapshot; no post-outcome meaning identified,d1__credit_bureau_b__instlamount_892A
credit_bureau_b,1,interesteffectiverate_369L,Interest rate on active contract.,double,numeric,count_non_missing|missing_count|min|max|mean|sum|sample_variance|first_by_num_group1|last_by_num_group1,decision_time_application_or_historical_snapshot,include,officially documented application/prior-history snapshot; no post-outcome meaning identified,d1__credit_bureau_b__interesteffectiverate_369L
credit_bureau_b,1,interestrateyearly_538L,Annual interest rate for existing contract obtained from credit bureau.,double,numeric,count_non_missing|missing_count|min|max|mean|sum|sample_variance|first_by_num_group1|last_by_num_group1,decision_time_application_or_historical_snapshot,include,officially documented application/prior-history snapshot; no post-outcome meaning identified,d1__credit_bureau_b__interestrateyearly_538L
credit_bureau_b,1,lastupdate_260D,Last update date for the active contracts.,string,date,parse_date_then_signed_days_from_date_decision;count_non_missing|missing_count|min|max|mean|sample_variance|first_by_num_group1|last_by_num_group1,decision_time_application_or_historical_snapshot,include,officially documented application/prior-history snapshot; no post-outcome meaning identified,d1__credit_bureau_b__lastupdate_260D
credit_bureau_b,1,maxdebtpduevalodued_3940955A,Days past due at the time of the maximum debt.,double,numeric,count_non_missing|missing_count|min|max|mean|sum|sample_variance|first_by_num_group1|last_by_num_group1,decision_time_application_or_historical_snapshot,include,officially documented application/prior-history snapshot; no post-outcome meaning identified,d1__credit_bureau_b__maxdebtpduevalodued_3940955A
credit_bureau_b,1,num_group1,Relational row-order/group identifier.,int64,order_identifier,stable_sort_key_only_not_aggregated_as_measurement,relational_order_identifier_not_predictor,exclude,row/group order identifier; used only for deterministic ordering,
credit_bureau_b,1,numberofinstls_810L,Number of instalments for the active contract.,double,numeric,count_non_missing|missing_count|min|max|mean|sum|sample_variance|first_by_num_group1|last_by_num_group1,decision_time_application_or_historical_snapshot,include,officially documented application/prior-history snapshot; no post-outcome meaning identified,d1__credit_bureau_b__numberofinstls_810L
credit_bureau_b,1,overdueamountmax_950A,Maximal past due amount for active contract.,double,numeric,count_non_missing|missing_count|min|max|mean|sum|sample_variance|first_by_num_group1|last_by_num_group1,decision_time_application_or_historical_snapshot,include,officially documented application/prior-history snapshot; no post-outcome meaning identified,d1__credit_bureau_b__overdueamountmax_950A
credit_bureau_b,1,overdueamountmaxdatemonth_494T,Month when the maximum past due amount was recorded for an active contract with the credit bureau.,double,numeric,count_non_missing|missing_count|min|max|mean|sum|sample_variance|first_by_num_group1|last_by_num_group1,decision_time_application_or_historical_snapshot,include,officially documented application/prior-history snapshot; no post-outcome meaning identified,d1__credit_bureau_b__overdueamountmaxdatemonth_494T
credit_bureau_b,1,overdueamountmaxdateyear_432T,Year when max past due amount occurred for active contract.,double,numeric,count_non_missing|missing_count|min|max|mean|sum|sample_variance|first_by_num_group1|last_by_num_group1,decision_time_application_or_historical_snapshot,include,officially documented application/prior-history snapshot; no post-outcome meaning identified,d1__credit_bureau_b__overdueamountmaxdateyear_432T
credit_bureau_b,1,periodicityofpmts_997L,Frequency of instalments for active credit contracts.,string,categorical,count_non_missing|missing_count|nunique|lexical_mode|first_by_num_group1|last_by_num_group1,decision_time_application_or_historical_snapshot,include,officially documented application/prior-history snapshot; no post-outcome meaning identified,d1__credit_bureau_b__periodicityofpmts_997L
credit_bureau_b,1,periodicityofpmts_997M,Frequency of instalments for active credit contracts.,string,categorical,count_non_missing|missing_count|nunique|lexical_mode|first_by_num_group1|last_by_num_group1,decision_time_application_or_historical_snapshot,include,officially documented application/prior-history snapshot; no post-outcome meaning identified,d1__credit_bureau_b__periodicityofpmts_997M
credit_bureau_b,1,pmtdaysoverdue_1135P,Number of days past due for existing contracts in the credit bureau.,double,numeric,count_non_missing|missing_count|min|max|mean|sum|sample_variance|first_by_num_group1|last_by_num_group1,decision_time_application_or_historical_snapshot,include,officially documented application/prior-history snapshot; no post-outcome meaning identified,d1__credit_bureau_b__pmtdaysoverdue_1135P
credit_bureau_b,1,pmtmethod_731M,Instalment payment method for existing contract in credit bureau.,string,categorical,count_non_missing|missing_count|nunique|lexical_mode|first_by_num_group1|last_by_num_group1,decision_time_application_or_historical_snapshot,include,officially documented application/prior-history snapshot; no post-outcome meaning identified,d1__credit_bureau_b__pmtmethod_731M
credit_bureau_b,1,pmtnumpending_403L,Number of pending payments for active contract.,double,numeric,count_non_missing|missing_count|min|max|mean|sum|sample_variance|first_by_num_group1|last_by_num_group1,decision_time_application_or_historical_snapshot,include,officially documented application/prior-history snapshot; no post-outcome meaning identified,d1__credit_bureau_b__pmtnumpending_403L
credit_bureau_b,1,purposeofcred_722M,Purpose of credit for active contracts.,string,categorical,count_non_missing|missing_count|nunique|lexical_mode|first_by_num_group1|last_by_num_group1,decision_time_application_or_historical_snapshot,include,officially documented application/prior-history snapshot; no post-outcome meaning identified,d1__credit_bureau_b__purposeofcred_722M
credit_bureau_b,1,residualamount_1093A,Residual amount of closed guarantee contract.,double,numeric,count_non_missing|missing_count|min|max|mean|sum|sample_variance|first_by_num_group1|last_by_num_group1,decision_time_application_or_historical_snapshot,include,officially documented application/prior-history snapshot; no post-outcome meaning identified,d1__credit_bureau_b__residualamount_1093A
credit_bureau_b,1,residualamount_127A,Residual amount of active guarantee contract.,double,numeric,count_non_missing|missing_count|min|max|mean|sum|sample_variance|first_by_num_group1|last_by_num_group1,decision_time_application_or_historical_snapshot,include,officially documented application/prior-history snapshot; no post-outcome meaning identified,d1__credit_bureau_b__residualamount_127A
credit_bureau_b,1,residualamount_3940956A,Residual amount for the active contract.,double,numeric,count_non_missing|missing_count|min|max|mean|sum|sample_variance|first_by_num_group1|last_by_num_group1,decision_time_application_or_historical_snapshot,include,officially documented application/prior-history snapshot; no post-outcome meaning identified,d1__credit_bureau_b__residualamount_3940956A
credit_bureau_b,1,subjectrole_326M,Subject role in active credit contract.,string,categorical,count_non_missing|missing_count|nunique|lexical_mode|first_by_num_group1|last_by_num_group1,decision_time_application_or_historical_snapshot,include,officially documented application/prior-history snapshot; no post-outcome meaning identified,d1__credit_bureau_b__subjectrole_326M
credit_bureau_b,1,subjectrole_43M,Subject role in closed credit contract.,string,categorical,count_non_missing|missing_count|nunique|lexical_mode|first_by_num_group1|last_by_num_group1,decision_time_application_or_historical_snapshot,include,officially documented application/prior-history snapshot; no post-outcome meaning identified,d1__credit_bureau_b__subjectrole_43M
credit_bureau_b,1,totalamount_503A,Total amount of active secured credit for a client.,double,numeric,count_non_missing|missing_count|min|max|mean|sum|sample_variance|first_by_num_group1|last_by_num_group1,decision_time_application_or_historical_snapshot,include,officially documented application/prior-history snapshot; no post-outcome meaning identified,d1__credit_bureau_b__totalamount_503A
credit_bureau_b,1,totalamount_881A,Total amount of secured credit from closed contracts.,double,numeric,count_non_missing|missing_count|min|max|mean|sum|sample_variance|first_by_num_group1|last_by_num_group1,decision_time_application_or_historical_snapshot,include,officially documented application/prior-history snapshot; no post-outcome meaning identified,d1__credit_bureau_b__totalamount_881A
debitcard,1,case_id,Stable case identifier.,int64,identifier,group_key_only,structural_identifier_not_predictor,exclude,stable row/join identifier; predictor use forbidden,
debitcard,1,last180dayaveragebalance_704A,Average balance on debit card in the last 180 days.,double,numeric,count_non_missing|missing_count|min|max|mean|sum|sample_variance|first_by_num_group1|last_by_num_group1,decision_time_application_or_historical_snapshot,include,officially documented application/prior-history snapshot; no post-outcome meaning identified,d1__debitcard__last180dayaveragebalance_704A
debitcard,1,last180dayturnover_1134A,Debit card's turnover within the last 180 days.,double,numeric,count_non_missing|missing_count|min|max|mean|sum|sample_variance|first_by_num_group1|last_by_num_group1,decision_time_application_or_historical_snapshot,include,officially documented application/prior-history snapshot; no post-outcome meaning identified,d1__debitcard__last180dayturnover_1134A
debitcard,1,last30dayturnover_651A,Debit card turnover for the last 30 days.,double,numeric,count_non_missing|missing_count|min|max|mean|sum|sample_variance|first_by_num_group1|last_by_num_group1,decision_time_application_or_historical_snapshot,include,officially documented application/prior-history snapshot; no post-outcome meaning identified,d1__debitcard__last30dayturnover_651A
debitcard,1,num_group1,Relational row-order/group identifier.,int64,order_identifier,stable_sort_key_only_not_aggregated_as_measurement,relational_order_identifier_not_predictor,exclude,row/group order identifier; used only for deterministic ordering,
debitcard,1,openingdate_857D,Debit card opening date.,string,date,parse_date_then_signed_days_from_date_decision;count_non_missing|missing_count|min|max|mean|sample_variance|first_by_num_group1|last_by_num_group1,decision_time_application_or_historical_snapshot,include,officially documented application/prior-history snapshot; no post-outcome meaning identified,d1__debitcard__openingdate_857D
deposit,1,case_id,Stable case identifier.,int64,identifier,group_key_only,structural_identifier_not_predictor,exclude,stable row/join identifier; predictor use forbidden,
deposit,1,amount_416A,Deposit amount.,double,numeric,count_non_missing|missing_count|min|max|mean|sum|sample_variance|first_by_num_group1|last_by_num_group1,decision_time_application_or_historical_snapshot,include,officially documented application/prior-history snapshot; no post-outcome meaning identified,d1__deposit__amount_416A
deposit,1,contractenddate_991D,End date of deposit contract.,string,date,parse_date_then_signed_days_from_date_decision;count_non_missing|missing_count|min|max|mean|sample_variance|first_by_num_group1|last_by_num_group1,decision_time_application_or_historical_snapshot,include,officially documented application/prior-history snapshot; no post-outcome meaning identified,d1__deposit__contractenddate_991D
deposit,1,num_group1,Relational row-order/group identifier.,int64,order_identifier,stable_sort_key_only_not_aggregated_as_measurement,relational_order_identifier_not_predictor,exclude,row/group order identifier; used only for deterministic ordering,
deposit,1,openingdate_313D,Deposit account opening date.,string,date,parse_date_then_signed_days_from_date_decision;count_non_missing|missing_count|min|max|mean|sample_variance|first_by_num_group1|last_by_num_group1,decision_time_application_or_historical_snapshot,include,officially documented application/prior-history snapshot; no post-outcome meaning identified,d1__deposit__openingdate_313D
other,1,case_id,Stable case identifier.,int64,identifier,group_key_only,structural_identifier_not_predictor,exclude,stable row/join identifier; predictor use forbidden,
other,1,amtdebitincoming_4809443A,Incoming debit card transactions amount.,double,numeric,count_non_missing|missing_count|min|max|mean|sum|sample_variance|first_by_num_group1|last_by_num_group1,decision_time_application_or_historical_snapshot,include,officially documented application/prior-history snapshot; no post-outcome meaning identified,d1__other__amtdebitincoming_4809443A
other,1,amtdebitoutgoing_4809440A,Outgoing debit card transactions amount.,double,numeric,count_non_missing|missing_count|min|max|mean|sum|sample_variance|first_by_num_group1|last_by_num_group1,decision_time_application_or_historical_snapshot,include,officially documented application/prior-history snapshot; no post-outcome meaning identified,d1__other__amtdebitoutgoing_4809440A
other,1,amtdepositbalance_4809441A,Deposit balance of client.,double,numeric,count_non_missing|missing_count|min|max|mean|sum|sample_variance|first_by_num_group1|last_by_num_group1,decision_time_application_or_historical_snapshot,include,officially documented application/prior-history snapshot; no post-outcome meaning identified,d1__other__amtdepositbalance_4809441A
other,1,amtdepositincoming_4809444A,Amount of incoming deposits to client's account.,double,numeric,count_non_missing|missing_count|min|max|mean|sum|sample_variance|first_by_num_group1|last_by_num_group1,decision_time_application_or_historical_snapshot,include,officially documented application/prior-history snapshot; no post-outcome meaning identified,d1__other__amtdepositincoming_4809444A
other,1,amtdepositoutgoing_4809442A,Amount of outgoing deposits from client's account.,double,numeric,count_non_missing|missing_count|min|max|mean|sum|sample_variance|first_by_num_group1|last_by_num_group1,decision_time_application_or_historical_snapshot,include,officially documented application/prior-history snapshot; no post-outcome meaning identified,d1__other__amtdepositoutgoing_4809442A
other,1,num_group1,Relational row-order/group identifier.,int64,order_identifier,stable_sort_key_only_not_aggregated_as_measurement,relational_order_identifier_not_predictor,exclude,row/group order identifier; used only for deterministic ordering,
person,1,case_id,Stable case identifier.,int64,identifier,group_key_only,structural_identifier_not_predictor,exclude,stable row/join identifier; predictor use forbidden,
person,1,birth_259D,Date of birth of the person.,string,date,parse_date_then_signed_days_from_date_decision;count_non_missing|missing_count|min|max|mean|sample_variance|first_by_num_group1|last_by_num_group1,decision_time_application_or_historical_snapshot,include,officially documented application/prior-history snapshot; no post-outcome meaning identified,d1__person__birth_259D
person,1,birthdate_87D,Birth date of the person.,string,date,parse_date_then_signed_days_from_date_decision;count_non_missing|missing_count|min|max|mean|sample_variance|first_by_num_group1|last_by_num_group1,decision_time_application_or_historical_snapshot,include,officially documented application/prior-history snapshot; no post-outcome meaning identified,d1__person__birthdate_87D
person,1,childnum_185L,Number of children of the applicant.,double,numeric,count_non_missing|missing_count|min|max|mean|sum|sample_variance|first_by_num_group1|last_by_num_group1,decision_time_application_or_historical_snapshot,include,officially documented application/prior-history snapshot; no post-outcome meaning identified,d1__person__childnum_185L
person,1,contaddr_district_15M,Zip code of a contact person's address.,string,categorical,count_non_missing|missing_count|nunique|lexical_mode|first_by_num_group1|last_by_num_group1,decision_time_application_or_historical_snapshot,include,officially documented application/prior-history snapshot; no post-outcome meaning identified,d1__person__contaddr_district_15M
person,1,contaddr_matchlist_1032L,Indicates whether the contact address is found in a code list.,bool,boolean,count_non_missing|missing_count|false_count|true_count|mean|first_by_num_group1|last_by_num_group1|any|all,decision_time_application_or_historical_snapshot,include,officially documented application/prior-history snapshot; no post-outcome meaning identified,d1__person__contaddr_matchlist_1032L
person,1,contaddr_smempladdr_334L,Indicates whether the contact address is the same as the employment address.,bool,boolean,count_non_missing|missing_count|false_count|true_count|mean|first_by_num_group1|last_by_num_group1|any|all,decision_time_application_or_historical_snapshot,include,officially documented application/prior-history snapshot; no post-outcome meaning identified,d1__person__contaddr_smempladdr_334L
person,1,contaddr_zipcode_807M,Zip code of contact address.,string,categorical,count_non_missing|missing_count|nunique|lexical_mode|first_by_num_group1|last_by_num_group1,decision_time_application_or_historical_snapshot,include,officially documented application/prior-history snapshot; no post-outcome meaning identified,d1__person__contaddr_zipcode_807M
person,1,education_927M,Education level of the person.,string,categorical,count_non_missing|missing_count|nunique|lexical_mode|first_by_num_group1|last_by_num_group1,decision_time_application_or_historical_snapshot,include,officially documented application/prior-history snapshot; no post-outcome meaning identified,d1__person__education_927M
person,1,empl_employedfrom_271D,Start date of employment.,string,date,parse_date_then_signed_days_from_date_decision;count_non_missing|missing_count|min|max|mean|sample_variance|first_by_num_group1|last_by_num_group1,decision_time_application_or_historical_snapshot,include,officially documented application/prior-history snapshot; no post-outcome meaning identified,d1__person__empl_employedfrom_271D
person,1,empl_employedtotal_800L,Employment length of a person.,string,categorical,count_non_missing|missing_count|nunique|lexical_mode|first_by_num_group1|last_by_num_group1,decision_time_application_or_historical_snapshot,include,officially documented application/prior-history snapshot; no post-outcome meaning identified,d1__person__empl_employedtotal_800L
person,1,empl_industry_691L,Employment Industry of the person.,string,categorical,count_non_missing|missing_count|nunique|lexical_mode|first_by_num_group1|last_by_num_group1,decision_time_application_or_historical_snapshot,include,officially documented application/prior-history snapshot; no post-outcome meaning identified,d1__person__empl_industry_691L
person,1,empladdr_district_926M,District where the employer's address is located.,string,categorical,count_non_missing|missing_count|nunique|lexical_mode|first_by_num_group1|last_by_num_group1,decision_time_application_or_historical_snapshot,include,officially documented application/prior-history snapshot; no post-outcome meaning identified,d1__person__empladdr_district_926M
person,1,empladdr_zipcode_114M,Zipcode of employer's address.,string,categorical,count_non_missing|missing_count|nunique|lexical_mode|first_by_num_group1|last_by_num_group1,decision_time_application_or_historical_snapshot,include,officially documented application/prior-history snapshot; no post-outcome meaning identified,d1__person__empladdr_zipcode_114M
person,1,familystate_447L,Family state of the person.,string,categorical,count_non_missing|missing_count|nunique|lexical_mode|first_by_num_group1|last_by_num_group1,decision_time_application_or_historical_snapshot,include,officially documented application/prior-history snapshot; no post-outcome meaning identified,d1__person__familystate_447L
person,1,gender_992L,Gender of a person.,string,categorical,count_non_missing|missing_count|nunique|lexical_mode|first_by_num_group1|last_by_num_group1,decision_time_application_or_historical_snapshot,include,officially documented application/prior-history snapshot; no post-outcome meaning identified,d1__person__gender_992L
person,1,housetype_905L,House type of the person.,string,categorical,count_non_missing|missing_count|nunique|lexical_mode|first_by_num_group1|last_by_num_group1,decision_time_application_or_historical_snapshot,include,officially documented application/prior-history snapshot; no post-outcome meaning identified,d1__person__housetype_905L
person,1,housingtype_772L,Type of housing of the person.,string,categorical,count_non_missing|missing_count|nunique|lexical_mode|first_by_num_group1|last_by_num_group1,decision_time_application_or_historical_snapshot,include,officially documented application/prior-history snapshot; no post-outcome meaning identified,d1__person__housingtype_772L
person,1,incometype_1044T,Type of income of the person,string,categorical,count_non_missing|missing_count|nunique|lexical_mode|first_by_num_group1|last_by_num_group1,decision_time_application_or_historical_snapshot,include,officially documented application/prior-history snapshot; no post-outcome meaning identified,d1__person__incometype_1044T
person,1,isreference_387L,Flag indicating whether the person is a reference contact.,bool,boolean,count_non_missing|missing_count|false_count|true_count|mean|first_by_num_group1|last_by_num_group1|any|all,decision_time_application_or_historical_snapshot,include,officially documented application/prior-history snapshot; no post-outcome meaning identified,d1__person__isreference_387L
person,1,language1_981M,The primary language of the person.,string,categorical,count_non_missing|missing_count|nunique|lexical_mode|first_by_num_group1|last_by_num_group1,decision_time_application_or_historical_snapshot,include,officially documented application/prior-history snapshot; no post-outcome meaning identified,d1__person__language1_981M
person,1,mainoccupationinc_384A,Amount of the main income of the client.,double,numeric,count_non_missing|missing_count|min|max|mean|sum|sample_variance|first_by_num_group1|last_by_num_group1,decision_time_application_or_historical_snapshot,include,officially documented application/prior-history snapshot; no post-outcome meaning identified,d1__person__mainoccupationinc_384A
person,1,maritalst_703L,Marital status of the client.,string,categorical,count_non_missing|missing_count|nunique|lexical_mode|first_by_num_group1|last_by_num_group1,decision_time_application_or_historical_snapshot,include,officially documented application/prior-history snapshot; no post-outcome meaning identified,d1__person__maritalst_703L
person,1,num_group1,Relational row-order/group identifier.,int64,order_identifier,stable_sort_key_only_not_aggregated_as_measurement,relational_order_identifier_not_predictor,exclude,row/group order identifier; used only for deterministic ordering,
person,1,personindex_1023L,Order of the person specified on the application form.,double,numeric,count_non_missing|missing_count|min|max|mean|sum|sample_variance|first_by_num_group1|last_by_num_group1,decision_time_application_or_historical_snapshot,include,officially documented application/prior-history snapshot; no post-outcome meaning identified,d1__person__personindex_1023L
person,1,persontype_1072L,Person type.,double,numeric,count_non_missing|missing_count|min|max|mean|sum|sample_variance|first_by_num_group1|last_by_num_group1,decision_time_application_or_historical_snapshot,include,officially documented application/prior-history snapshot; no post-outcome meaning identified,d1__person__persontype_1072L
person,1,persontype_792L,Person type.,double,numeric,count_non_missing|missing_count|min|max|mean|sum|sample_variance|first_by_num_group1|last_by_num_group1,decision_time_application_or_historical_snapshot,include,officially documented application/prior-history snapshot; no post-outcome meaning identified,d1__person__persontype_792L
person,1,registaddr_district_1083M,District of person's registered address.,string,categorical,count_non_missing|missing_count|nunique|lexical_mode|first_by_num_group1|last_by_num_group1,decision_time_application_or_historical_snapshot,include,officially documented application/prior-history snapshot; no post-outcome meaning identified,d1__person__registaddr_district_1083M
person,1,registaddr_zipcode_184M,Registered address's zip code of a person.,string,categorical,count_non_missing|missing_count|nunique|lexical_mode|first_by_num_group1|last_by_num_group1,decision_time_application_or_historical_snapshot,include,officially documented application/prior-history snapshot; no post-outcome meaning identified,d1__person__registaddr_zipcode_184M
person,1,relationshiptoclient_415T,Relationship to the client.,string,categorical,count_non_missing|missing_count|nunique|lexical_mode|first_by_num_group1|last_by_num_group1,decision_time_application_or_historical_snapshot,include,officially documented application/prior-history snapshot; no post-outcome meaning identified,d1__person__relationshiptoclient_415T
person,1,relationshiptoclient_642T,Relationship to the client.,string,categorical,count_non_missing|missing_count|nunique|lexical_mode|first_by_num_group1|last_by_num_group1,decision_time_application_or_historical_snapshot,include,officially documented application/prior-history snapshot; no post-outcome meaning identified,d1__person__relationshiptoclient_642T
person,1,remitter_829L,Flag indicating whether the client is a remitter.,bool,boolean,count_non_missing|missing_count|false_count|true_count|mean|first_by_num_group1|last_by_num_group1|any|all,decision_time_application_or_historical_snapshot,include,officially documented application/prior-history snapshot; no post-outcome meaning identified,d1__person__remitter_829L
person,1,role_1084L,Type of contact role.,string,categorical,count_non_missing|missing_count|nunique|lexical_mode|first_by_num_group1|last_by_num_group1,decision_time_application_or_historical_snapshot,include,officially documented application/prior-history snapshot; no post-outcome meaning identified,d1__person__role_1084L
person,1,role_993L,Person's role.,string,categorical,count_non_missing|missing_count|nunique|lexical_mode|first_by_num_group1|last_by_num_group1,decision_time_application_or_historical_snapshot,include,officially documented application/prior-history snapshot; no post-outcome meaning identified,d1__person__role_993L
person,1,safeguarantyflag_411L,Flag indicating if client is using a flexible product with additional safeguard garanty.,bool,boolean,count_non_missing|missing_count|false_count|true_count|mean|first_by_num_group1|last_by_num_group1|any|all,decision_time_application_or_historical_snapshot,include,officially documented application/prior-history snapshot; no post-outcome meaning identified,d1__person__safeguarantyflag_411L
person,1,sex_738L,Gender of the client.,string,categorical,count_non_missing|missing_count|nunique|lexical_mode|first_by_num_group1|last_by_num_group1,decision_time_application_or_historical_snapshot,include,officially documented application/prior-history snapshot; no post-outcome meaning identified,d1__person__sex_738L
person,1,type_25L,Contact type of a person.,string,categorical,count_non_missing|missing_count|nunique|lexical_mode|first_by_num_group1|last_by_num_group1,decision_time_application_or_historical_snapshot,include,officially documented application/prior-history snapshot; no post-outcome meaning identified,d1__person__type_25L
static,0,case_id,Stable case identifier.,int64,identifier,group_key_only,structural_identifier_not_predictor,exclude,stable row/join identifier; predictor use forbidden,
static,0,actualdpdtolerance_344P,DPD of client with tolerance.,double,numeric,identity_after_family_prefix,decision_time_application_or_historical_snapshot,include,officially documented application/prior-history snapshot; no post-outcome meaning identified,d0__static__actualdpdtolerance_344P
static,0,amtinstpaidbefduel24m_4187115A,Number of instalments paid before due date in the last 24 months.,double,numeric,identity_after_family_prefix,decision_time_application_or_historical_snapshot,include,officially documented application/prior-history snapshot; no post-outcome meaning identified,d0__static__amtinstpaidbefduel24m_4187115A
static,0,annuity_780A,Monthly annuity amount.,double,numeric,identity_after_family_prefix,decision_time_application_or_historical_snapshot,include,officially documented application/prior-history snapshot; no post-outcome meaning identified,d0__static__annuity_780A
static,0,annuitynextmonth_57A,Next month's amount of annuity.,double,numeric,identity_after_family_prefix,decision_time_application_or_historical_snapshot,include,officially documented application/prior-history snapshot; no post-outcome meaning identified,d0__static__annuitynextmonth_57A
static,0,applicationcnt_361L,Number of applications associated with the same email address as the client.,double,numeric,identity_after_family_prefix,decision_time_application_or_historical_snapshot,include,officially documented application/prior-history snapshot; no post-outcome meaning identified,d0__static__applicationcnt_361L
static,0,applications30d_658L,Number of applications made by the client in the last 30 days.,double,numeric,identity_after_family_prefix,decision_time_application_or_historical_snapshot,include,officially documented application/prior-history snapshot; no post-outcome meaning identified,d0__static__applications30d_658L
static,0,applicationscnt_1086L,Number of applications associated with the same phone number.,double,numeric,identity_after_family_prefix,decision_time_application_or_historical_snapshot,include,officially documented application/prior-history snapshot; no post-outcome meaning identified,d0__static__applicationscnt_1086L
static,0,applicationscnt_464L,Number of applications made in the last 30 days by other clients with the same employer as the applicant.,double,numeric,identity_after_family_prefix,decision_time_application_or_historical_snapshot,include,officially documented application/prior-history snapshot; no post-outcome meaning identified,d0__static__applicationscnt_464L
static,0,applicationscnt_629L,Number of applications with the same employer in the last 7 days.,double,numeric,identity_after_family_prefix,decision_time_application_or_historical_snapshot,include,officially documented application/prior-history snapshot; no post-outcome meaning identified,d0__static__applicationscnt_629L
static,0,applicationscnt_867L,Number of applications associated with the same mobile phone.,double,numeric,identity_after_family_prefix,decision_time_application_or_historical_snapshot,include,officially documented application/prior-history snapshot; no post-outcome meaning identified,d0__static__applicationscnt_867L
static,0,avgdbddpdlast24m_3658932P,Average days past or before due of payment during the last 24 months.,double,numeric,identity_after_family_prefix,decision_time_application_or_historical_snapshot,include,officially documented application/prior-history snapshot; no post-outcome meaning identified,d0__static__avgdbddpdlast24m_3658932P
static,0,avgdbddpdlast3m_4187120P,Average days past or before due of payment during the last 3 months.,double,numeric,identity_after_family_prefix,decision_time_application_or_historical_snapshot,include,officially documented application/prior-history snapshot; no post-outcome meaning identified,d0__static__avgdbddpdlast3m_4187120P
static,0,avgdbdtollast24m_4525197P,Average days of payment before due date within the last 24 months (with tolerance).,double,numeric,identity_after_family_prefix,decision_time_application_or_historical_snapshot,include,officially documented application/prior-history snapshot; no post-outcome meaning identified,d0__static__avgdbdtollast24m_4525197P
static,0,avgdpdtolclosure24_3658938P,"Average DPD (days past due) with tolerance within the past 24 months from the maximum closure date, assuming that the contract is finished. If the contract is ongoing, the calculation is based on the current date.",double,numeric,identity_after_family_prefix,decision_time_application_or_historical_snapshot,include,officially documented application/prior-history snapshot; no post-outcome meaning identified,d0__static__avgdpdtolclosure24_3658938P
static,0,avginstallast24m_3658937A,Average instalments paid by the client over the past 24 months.,double,numeric,identity_after_family_prefix,decision_time_application_or_historical_snapshot,include,officially documented application/prior-history snapshot; no post-outcome meaning identified,d0__static__avginstallast24m_3658937A
static,0,avglnamtstart24m_4525187A,Average loan amount in the last 24 months.,double,numeric,identity_after_family_prefix,decision_time_application_or_historical_snapshot,include,officially documented application/prior-history snapshot; no post-outcome meaning identified,d0__static__avglnamtstart24m_4525187A
static,0,avgmaxdpdlast9m_3716943P,Average Days Past Due (DPD) of the client in last 9 months.,double,numeric,identity_after_family_prefix,decision_time_application_or_historical_snapshot,include,officially documented application/prior-history snapshot; no post-outcome meaning identified,d0__static__avgmaxdpdlast9m_3716943P
static,0,avgoutstandbalancel6m_4187114A,Average outstanding balance of applicant for the last 6 months.,double,numeric,identity_after_family_prefix,decision_time_application_or_historical_snapshot,include,officially documented application/prior-history snapshot; no post-outcome meaning identified,d0__static__avgoutstandbalancel6m_4187114A
static,0,avgpmtlast12m_4525200A,Average of payments made by the client in the last 12 months.,double,numeric,identity_after_family_prefix,decision_time_application_or_historical_snapshot,include,officially documented application/prior-history snapshot; no post-outcome meaning identified,d0__static__avgpmtlast12m_4525200A
static,0,bankacctype_710L,Type of applicant's bank account.,string,categorical,identity_after_family_prefix,decision_time_application_or_historical_snapshot,include,officially documented application/prior-history snapshot; no post-outcome meaning identified,d0__static__bankacctype_710L
static,0,cardtype_51L,Type of credit card.,string,categorical,identity_after_family_prefix,decision_time_application_or_historical_snapshot,include,officially documented application/prior-history snapshot; no post-outcome meaning identified,d0__static__cardtype_51L
static,0,clientscnt12m_3712952L,Number of clients that have used the same mobile phone as the applicant in the past 12 months.,double,numeric,identity_after_family_prefix,decision_time_application_or_historical_snapshot,include,officially documented application/prior-history snapshot; no post-outcome meaning identified,d0__static__clientscnt12m_3712952L
static,0,clientscnt3m_3712950L,Number of clients who have the same mobile phone number in the last 3 months.,double,numeric,identity_after_family_prefix,decision_time_application_or_historical_snapshot,include,officially documented application/prior-history snapshot; no post-outcome meaning identified,d0__static__clientscnt3m_3712950L
static,0,clientscnt6m_3712949L,Total number of clients who have used the same mobile number in the last 6 months.,double,numeric,identity_after_family_prefix,decision_time_application_or_historical_snapshot,include,officially documented application/prior-history snapshot; no post-outcome meaning identified,d0__static__clientscnt6m_3712949L
static,0,clientscnt_100L,Number of applications with matching employer's phone and client's.,double,numeric,identity_after_family_prefix,decision_time_application_or_historical_snapshot,include,officially documented application/prior-history snapshot; no post-outcome meaning identified,d0__static__clientscnt_100L
static,0,clientscnt_1022L,Number of clients sharing the same mobile phone.,double,numeric,identity_after_family_prefix,decision_time_application_or_historical_snapshot,include,officially documented application/prior-history snapshot; no post-outcome meaning identified,d0__static__clientscnt_1022L
static,0,clientscnt_1071L,Number of applications where the alternative phone number matches that of the client.,double,numeric,identity_after_family_prefix,decision_time_application_or_historical_snapshot,include,officially documented application/prior-history snapshot; no post-outcome meaning identified,d0__static__clientscnt_1071L
static,0,clientscnt_1130L,Number of applications where client's phone number matches the alternative phone contact.,double,numeric,identity_after_family_prefix,decision_time_application_or_historical_snapshot,include,officially documented application/prior-history snapshot; no post-outcome meaning identified,d0__static__clientscnt_1130L
static,0,clientscnt_136L,Number of applications associated with same email address as client's email.,double,numeric,identity_after_family_prefix,decision_time_application_or_historical_snapshot,include,officially documented application/prior-history snapshot; no post-outcome meaning identified,d0__static__clientscnt_136L
static,0,clientscnt_157L,Number of clients whose employer has the same phone number as the client.,double,numeric,identity_after_family_prefix,decision_time_application_or_historical_snapshot,include,officially documented application/prior-history snapshot; no post-outcome meaning identified,d0__static__clientscnt_157L
static,0,clientscnt_257L,Number of clients that share an alternative phone number with the applicant.,double,numeric,identity_after_family_prefix,decision_time_application_or_historical_snapshot,include,officially documented application/prior-history snapshot; no post-outcome meaning identified,d0__static__clientscnt_257L
static,0,clientscnt_304L,Number of clients with the same phone number.,double,numeric,identity_after_family_prefix,decision_time_application_or_historical_snapshot,include,officially documented application/prior-history snapshot; no post-outcome meaning identified,d0__static__clientscnt_304L
static,0,clientscnt_360L,Number of clients that have the same alternative phone number and employer's phone number.,double,numeric,identity_after_family_prefix,decision_time_application_or_historical_snapshot,include,officially documented application/prior-history snapshot; no post-outcome meaning identified,d0__static__clientscnt_360L
static,0,clientscnt_493L,Number of clients with matching phone numbers for both the employer and the client.,double,numeric,identity_after_family_prefix,decision_time_application_or_historical_snapshot,include,officially documented application/prior-history snapshot; no post-outcome meaning identified,d0__static__clientscnt_493L
static,0,clientscnt_533L,Number of clients with same client's and alternative's phone number,double,numeric,identity_after_family_prefix,decision_time_application_or_historical_snapshot,include,officially documented application/prior-history snapshot; no post-outcome meaning identified,d0__static__clientscnt_533L
static,0,clientscnt_887L,Number of clients sharing the same employer's phone number.,double,numeric,identity_after_family_prefix,decision_time_application_or_historical_snapshot,include,officially documented application/prior-history snapshot; no post-outcome meaning identified,d0__static__clientscnt_887L
static,0,clientscnt_946L,Number of clients with matching mobile and employer's number.,double,numeric,identity_after_family_prefix,decision_time_application_or_historical_snapshot,include,officially documented application/prior-history snapshot; no post-outcome meaning identified,d0__static__clientscnt_946L
static,0,cntincpaycont9m_3716944L,Number of incoming payments in the past 9 months.,double,numeric,identity_after_family_prefix,decision_time_application_or_historical_snapshot,include,officially documented application/prior-history snapshot; no post-outcome meaning identified,d0__static__cntincpaycont9m_3716944L
static,0,cntpmts24_3658933L,Number of months with any incoming payment in last 24 months.,double,numeric,identity_after_family_prefix,decision_time_application_or_historical_snapshot,include,officially documented application/prior-history snapshot; no post-outcome meaning identified,d0__static__cntpmts24_3658933L
static,0,commnoinclast6m_3546845L,Number of communications indicating low income in the last six months.,double,numeric,identity_after_family_prefix,decision_time_application_or_historical_snapshot,include,officially documented application/prior-history snapshot; no post-outcome meaning identified,d0__static__commnoinclast6m_3546845L
static,0,credamount_770A,Loan amount or credit card limit.,double,numeric,identity_after_family_prefix,decision_time_application_or_historical_snapshot,include,officially documented application/prior-history snapshot; no post-outcome meaning identified,d0__static__credamount_770A
static,0,credtype_322L,Type of credit.,string,categorical,identity_after_family_prefix,decision_time_application_or_historical_snapshot,include,officially documented application/prior-history snapshot; no post-outcome meaning identified,d0__static__credtype_322L
static,0,currdebt_22A,Current debt amount of the client.,double,numeric,identity_after_family_prefix,decision_time_application_or_historical_snapshot,include,officially documented application/prior-history snapshot; no post-outcome meaning identified,d0__static__currdebt_22A
static,0,currdebtcredtyperange_828A,Current amount of debt of the applicant.,double,numeric,identity_after_family_prefix,decision_time_application_or_historical_snapshot,include,officially documented application/prior-history snapshot; no post-outcome meaning identified,d0__static__currdebtcredtyperange_828A
static,0,datefirstoffer_1144D,Date of first customer relationship management (CRM) offer.,string,date,signed_days_relative_to_base_date_decision,decision_time_application_or_historical_snapshot,include,officially documented application/prior-history snapshot; no post-outcome meaning identified,d0__static__datefirstoffer_1144D
static,0,datelastinstal40dpd_247D,Date of last instalment that was more than 40 days past due (DPD).,string,date,signed_days_relative_to_base_date_decision,decision_time_application_or_historical_snapshot,include,officially documented application/prior-history snapshot; no post-outcome meaning identified,d0__static__datelastinstal40dpd_247D
static,0,datelastunpaid_3546854D,Date of the last unpaid instalment.,string,date,signed_days_relative_to_base_date_decision,decision_time_application_or_historical_snapshot,include,officially documented application/prior-history snapshot; no post-outcome meaning identified,d0__static__datelastunpaid_3546854D
static,0,daysoverduetolerancedd_3976961L,Number of days that past after the due date (with tolerance).,double,numeric,identity_after_family_prefix,decision_time_application_or_historical_snapshot,include,officially documented application/prior-history snapshot; no post-outcome meaning identified,d0__static__daysoverduetolerancedd_3976961L
static,0,deferredmnthsnum_166L,Number of deferred months.,double,numeric,identity_after_family_prefix,decision_time_application_or_historical_snapshot,include,officially documented application/prior-history snapshot; no post-outcome meaning identified,d0__static__deferredmnthsnum_166L
static,0,disbursedcredamount_1113A,Disbursed credit amount after consolidation.,double,numeric,identity_after_family_prefix,decision_time_application_or_historical_snapshot,include,officially documented application/prior-history snapshot; no post-outcome meaning identified,d0__static__disbursedcredamount_1113A
static,0,disbursementtype_67L,Type of disbursement.,string,categorical,identity_after_family_prefix,decision_time_application_or_historical_snapshot,include,officially documented application/prior-history snapshot; no post-outcome meaning identified,d0__static__disbursementtype_67L
static,0,downpmt_116A,Amount of downpayment.,double,numeric,identity_after_family_prefix,decision_time_application_or_historical_snapshot,include,officially documented application/prior-history snapshot; no post-outcome meaning identified,d0__static__downpmt_116A
static,0,dtlastpmtallstes_4499206D,Date of last payment made by the applicant.,string,date,signed_days_relative_to_base_date_decision,decision_time_application_or_historical_snapshot,include,officially documented application/prior-history snapshot; no post-outcome meaning identified,d0__static__dtlastpmtallstes_4499206D
static,0,eir_270L,Interest rate.,double,numeric,identity_after_family_prefix,decision_time_application_or_historical_snapshot,include,officially documented application/prior-history snapshot; no post-outcome meaning identified,d0__static__eir_270L
static,0,equalitydataagreement_891L,"Flag indicating sudden changes in client's social-demographic data (e.g. education, family status, housing type).",bool,boolean,identity_after_family_prefix,decision_time_application_or_historical_snapshot,include,officially documented application/prior-history snapshot; no post-outcome meaning identified,d0__static__equalitydataagreement_891L
static,0,equalityempfrom_62L,Flag indicating a sudden change in the client's length of employment.,bool,boolean,identity_after_family_prefix,decision_time_application_or_historical_snapshot,include,officially documented application/prior-history snapshot; no post-outcome meaning identified,d0__static__equalityempfrom_62L
static,0,firstclxcampaign_1125D,Date of the client's first campaign.,string,date,signed_days_relative_to_base_date_decision,decision_time_application_or_historical_snapshot,include,officially documented application/prior-history snapshot; no post-outcome meaning identified,d0__static__firstclxcampaign_1125D
static,0,firstdatedue_489D,Date of the first due date.,string,date,signed_days_relative_to_base_date_decision,decision_time_application_or_historical_snapshot,include,officially documented application/prior-history snapshot; no post-outcome meaning identified,d0__static__firstdatedue_489D
static,0,homephncnt_628L,Number of distinct home phones on client's application.,double,numeric,identity_after_family_prefix,decision_time_application_or_historical_snapshot,include,officially documented application/prior-history snapshot; no post-outcome meaning identified,d0__static__homephncnt_628L
static,0,inittransactionamount_650A,Initial transaction amount of the credit application.,double,numeric,identity_after_family_prefix,decision_time_application_or_historical_snapshot,include,officially documented application/prior-history snapshot; no post-outcome meaning identified,d0__static__inittransactionamount_650A
static,0,inittransactioncode_186L,Transaction type of the initial credit transaction.,string,categorical,identity_after_family_prefix,decision_time_application_or_historical_snapshot,include,officially documented application/prior-history snapshot; no post-outcome meaning identified,d0__static__inittransactioncode_186L
static,0,interestrate_311L,The interest rate of the active credit contract.,double,numeric,identity_after_family_prefix,decision_time_application_or_historical_snapshot,include,officially documented application/prior-history snapshot; no post-outcome meaning identified,d0__static__interestrate_311L
static,0,interestrategrace_34L,Interest rate during the grace period.,double,numeric,identity_after_family_prefix,decision_time_application_or_historical_snapshot,include,officially documented application/prior-history snapshot; no post-outcome meaning identified,d0__static__interestrategrace_34L
static,0,isbidproduct_1095L,Flag indicating if the product is a cross-sell.,bool,boolean,identity_after_family_prefix,decision_time_application_or_historical_snapshot,include,officially documented application/prior-history snapshot; no post-outcome meaning identified,d0__static__isbidproduct_1095L
static,0,isbidproductrequest_292L,Flag indicating if the product is a cross-sell.,bool,boolean,identity_after_family_prefix,decision_time_application_or_historical_snapshot,include,officially documented application/prior-history snapshot; no post-outcome meaning identified,d0__static__isbidproductrequest_292L
static,0,isdebitcard_729L,Flag indicating if the product is a debit card.,bool,boolean,identity_after_family_prefix,decision_time_application_or_historical_snapshot,include,officially documented application/prior-history snapshot; no post-outcome meaning identified,d0__static__isdebitcard_729L
static,0,lastactivateddate_801D,Contract activation date for previous applications.,string,date,signed_days_relative_to_base_date_decision,decision_time_application_or_historical_snapshot,include,officially documented application/prior-history snapshot; no post-outcome meaning identified,d0__static__lastactivateddate_801D
static,0,lastapplicationdate_877D,Date of previous customer's application.,string,date,signed_days_relative_to_base_date_decision,decision_time_application_or_historical_snapshot,include,officially documented application/prior-history snapshot; no post-outcome meaning identified,d0__static__lastapplicationdate_877D
static,0,lastapprcommoditycat_1041M,Commodity category of the last loan applications made by the applicant.,string,categorical,identity_after_family_prefix,decision_time_application_or_historical_snapshot,include,officially documented application/prior-history snapshot; no post-outcome meaning identified,d0__static__lastapprcommoditycat_1041M
static,0,lastapprcommoditytypec_5251766M,Commodity type of the last application.,string,categorical,identity_after_family_prefix,decision_time_application_or_historical_snapshot,include,officially documented application/prior-history snapshot; no post-outcome meaning identified,d0__static__lastapprcommoditytypec_5251766M
static,0,lastapprcredamount_781A,Credit amount from the client's last application.,double,numeric,identity_after_family_prefix,decision_time_application_or_historical_snapshot,include,officially documented application/prior-history snapshot; no post-outcome meaning identified,d0__static__lastapprcredamount_781A
static,0,lastapprdate_640D,Date of approval on client's most recent previous application.,string,date,signed_days_relative_to_base_date_decision,decision_time_application_or_historical_snapshot,include,officially documented application/prior-history snapshot; no post-outcome meaning identified,d0__static__lastapprdate_640D
static,0,lastcancelreason_561M,Cancellation reason of the last application.,string,categorical,identity_after_family_prefix,decision_time_application_or_historical_snapshot,include,officially documented application/prior-history snapshot; no post-outcome meaning identified,d0__static__lastcancelreason_561M
static,0,lastdelinqdate_224D,Date of the last delinquency occurrence.,string,date,signed_days_relative_to_base_date_decision,decision_time_application_or_historical_snapshot,include,officially documented application/prior-history snapshot; no post-outcome meaning identified,d0__static__lastdelinqdate_224D
static,0,lastdependentsnum_448L,Number of dependents in the client's last loan application.,double,numeric,identity_after_family_prefix,decision_time_application_or_historical_snapshot,include,officially documented application/prior-history snapshot; no post-outcome meaning identified,d0__static__lastdependentsnum_448L
static,0,lastotherinc_902A,Amount of other income reported by the client in their last application.,double,numeric,identity_after_family_prefix,decision_time_application_or_historical_snapshot,include,officially documented application/prior-history snapshot; no post-outcome meaning identified,d0__static__lastotherinc_902A
static,0,lastotherlnsexpense_631A,Monthly expenses on other loans from the last application.,double,numeric,identity_after_family_prefix,decision_time_application_or_historical_snapshot,include,officially documented application/prior-history snapshot; no post-outcome meaning identified,d0__static__lastotherlnsexpense_631A
static,0,lastrejectcommoditycat_161M,Category of commodity in the applicant's last rejected application.,string,categorical,identity_after_family_prefix,decision_time_application_or_historical_snapshot,include,officially documented application/prior-history snapshot; no post-outcome meaning identified,d0__static__lastrejectcommoditycat_161M
static,0,lastrejectcommodtypec_5251769M,Commodity type of the last rejected application.,string,categorical,identity_after_family_prefix,decision_time_application_or_historical_snapshot,include,officially documented application/prior-history snapshot; no post-outcome meaning identified,d0__static__lastrejectcommodtypec_5251769M
static,0,lastrejectcredamount_222A,Credit amount on last rejected application.,double,numeric,identity_after_family_prefix,decision_time_application_or_historical_snapshot,include,officially documented application/prior-history snapshot; no post-outcome meaning identified,d0__static__lastrejectcredamount_222A
static,0,lastrejectdate_50D,Date of most recent rejected application by the applicant.,string,date,signed_days_relative_to_base_date_decision,decision_time_application_or_historical_snapshot,include,officially documented application/prior-history snapshot; no post-outcome meaning identified,d0__static__lastrejectdate_50D
static,0,lastrejectreason_759M,Reason for rejection on the most recent rejected application.,string,categorical,identity_after_family_prefix,decision_time_application_or_historical_snapshot,include,officially documented application/prior-history snapshot; no post-outcome meaning identified,d0__static__lastrejectreason_759M
static,0,lastrejectreasonclient_4145040M,Reason for the client's last loan rejection.,string,categorical,identity_after_family_prefix,decision_time_application_or_historical_snapshot,include,officially documented application/prior-history snapshot; no post-outcome meaning identified,d0__static__lastrejectreasonclient_4145040M
static,0,lastrepayingdate_696D,Date of the last payment made by the applicant.,string,date,signed_days_relative_to_base_date_decision,decision_time_application_or_historical_snapshot,include,officially documented application/prior-history snapshot; no post-outcome meaning identified,d0__static__lastrepayingdate_696D
static,0,lastst_736L,Status of the client's previous credit application.,string,categorical,identity_after_family_prefix,decision_time_application_or_historical_snapshot,include,officially documented application/prior-history snapshot; no post-outcome meaning identified,d0__static__lastst_736L
static,0,maininc_215A,Client's primary income amount.,double,numeric,identity_after_family_prefix,decision_time_application_or_historical_snapshot,include,officially documented application/prior-history snapshot; no post-outcome meaning identified,d0__static__maininc_215A
static,0,mastercontrelectronic_519L,Flag indicating the existence of the master contract for the client.,double,numeric,identity_after_family_prefix,decision_time_application_or_historical_snapshot,include,officially documented application/prior-history snapshot; no post-outcome meaning identified,d0__static__mastercontrelectronic_519L
static,0,mastercontrexist_109L,Flag indicating whether or not the applicant has an existing master contract.,double,numeric,identity_after_family_prefix,decision_time_application_or_historical_snapshot,include,officially documented application/prior-history snapshot; no post-outcome meaning identified,d0__static__mastercontrexist_109L
static,0,maxannuity_159A,Maximum annuity previously obtained by client.,double,numeric,identity_after_family_prefix,decision_time_application_or_historical_snapshot,include,officially documented application/prior-history snapshot; no post-outcome meaning identified,d0__static__maxannuity_159A
static,0,maxannuity_4075009A,Maximal annuity offered to the client in the current application.,double,numeric,identity_after_family_prefix,decision_time_application_or_historical_snapshot,include,officially documented application/prior-history snapshot; no post-outcome meaning identified,d0__static__maxannuity_4075009A
static,0,maxdbddpdlast1m_3658939P,Maximum number of days past due in the last month. A negative value indicates the number of days before the due date.,double,numeric,identity_after_family_prefix,decision_time_application_or_historical_snapshot,include,officially documented application/prior-history snapshot; no post-outcome meaning identified,d0__static__maxdbddpdlast1m_3658939P
static,0,maxdbddpdtollast12m_3658940P,Maximum number of days past due in last 12 months. A negative value implies days before due date.,double,numeric,identity_after_family_prefix,decision_time_application_or_historical_snapshot,include,officially documented application/prior-history snapshot; no post-outcome meaning identified,d0__static__maxdbddpdtollast12m_3658940P
static,0,maxdbddpdtollast6m_4187119P,Maximum number of days past due in last 6 months. This predictor takes the value as a negative number when it represents days before due date.,double,numeric,identity_after_family_prefix,decision_time_application_or_historical_snapshot,include,officially documented application/prior-history snapshot; no post-outcome meaning identified,d0__static__maxdbddpdtollast6m_4187119P
static,0,maxdebt4_972A,Maximal principal debt of the client in the history older than 4 months.,double,numeric,identity_after_family_prefix,decision_time_application_or_historical_snapshot,include,officially documented application/prior-history snapshot; no post-outcome meaning identified,d0__static__maxdebt4_972A
static,0,maxdpdfrom6mto36m_3546853P,Maximum Days Past Due (DPD) in the period ranging from 6 to 36 months.,double,numeric,identity_after_family_prefix,decision_time_application_or_historical_snapshot,include,officially documented application/prior-history snapshot; no post-outcome meaning identified,d0__static__maxdpdfrom6mto36m_3546853P
static,0,maxdpdinstldate_3546855D,Date of instalment on which client was most days past due.,string,date,signed_days_relative_to_base_date_decision,decision_time_application_or_historical_snapshot,include,officially documented application/prior-history snapshot; no post-outcome meaning identified,d0__static__maxdpdinstldate_3546855D
static,0,maxdpdinstlnum_3546846P,Instalment number of which client was most days past due.,double,numeric,identity_after_family_prefix,decision_time_application_or_historical_snapshot,include,officially documented application/prior-history snapshot; no post-outcome meaning identified,d0__static__maxdpdinstlnum_3546846P
static,0,maxdpdlast12m_727P,Maximum days past due in the past 12 months.,double,numeric,identity_after_family_prefix,decision_time_application_or_historical_snapshot,include,officially documented application/prior-history snapshot; no post-outcome meaning identified,d0__static__maxdpdlast12m_727P
static,0,maxdpdlast24m_143P,Maximal days past due in the last 24 months.,double,numeric,identity_after_family_prefix,decision_time_application_or_historical_snapshot,include,officially documented application/prior-history snapshot; no post-outcome meaning identified,d0__static__maxdpdlast24m_143P
static,0,maxdpdlast3m_392P,Maximum number of days past due in last 3 months.,double,numeric,identity_after_family_prefix,decision_time_application_or_historical_snapshot,include,officially documented application/prior-history snapshot; no post-outcome meaning identified,d0__static__maxdpdlast3m_392P
static,0,maxdpdlast6m_474P,Maximum days past due in the last 6 months.,double,numeric,identity_after_family_prefix,decision_time_application_or_historical_snapshot,include,officially documented application/prior-history snapshot; no post-outcome meaning identified,d0__static__maxdpdlast6m_474P
static,0,maxdpdlast9m_1059P,Maximum days past due in last 9 months.,double,numeric,identity_after_family_prefix,decision_time_application_or_historical_snapshot,include,officially documented application/prior-history snapshot; no post-outcome meaning identified,d0__static__maxdpdlast9m_1059P
static,0,maxdpdtolerance_374P,Maximum number of days past due (with tolerance).,double,numeric,identity_after_family_prefix,decision_time_application_or_historical_snapshot,include,officially documented application/prior-history snapshot; no post-outcome meaning identified,d0__static__maxdpdtolerance_374P
static,0,maxinstallast24m_3658928A,Maximum instalment in the last 24 months,double,numeric,identity_after_family_prefix,decision_time_application_or_historical_snapshot,include,officially documented application/prior-history snapshot; no post-outcome meaning identified,d0__static__maxinstallast24m_3658928A
static,0,maxlnamtstart6m_4525199A,Maximum loan amount started in the last 6 months.,double,numeric,identity_after_family_prefix,decision_time_application_or_historical_snapshot,include,officially documented application/prior-history snapshot; no post-outcome meaning identified,d0__static__maxlnamtstart6m_4525199A
static,0,maxoutstandbalancel12m_4187113A,Maximum outstanding balance in the last 12 months.,double,numeric,identity_after_family_prefix,decision_time_application_or_historical_snapshot,include,officially documented application/prior-history snapshot; no post-outcome meaning identified,d0__static__maxoutstandbalancel12m_4187113A
static,0,maxpmtlast3m_4525190A,Maximum payment made by the client in the last 3 months.,double,numeric,identity_after_family_prefix,decision_time_application_or_historical_snapshot,include,officially documented application/prior-history snapshot; no post-outcome meaning identified,d0__static__maxpmtlast3m_4525190A
static,0,mindbddpdlast24m_3658935P,Minimum days past due (or days before due) in last 24 months.,double,numeric,identity_after_family_prefix,decision_time_application_or_historical_snapshot,include,officially documented application/prior-history snapshot; no post-outcome meaning identified,d0__static__mindbddpdlast24m_3658935P
static,0,mindbdtollast24m_4525191P,Minimum days before due in last 24 months.,double,numeric,identity_after_family_prefix,decision_time_application_or_historical_snapshot,include,officially documented application/prior-history snapshot; no post-outcome meaning identified,d0__static__mindbdtollast24m_4525191P
static,0,mobilephncnt_593L,Number of persons with the same mobile phone number.,double,numeric,identity_after_family_prefix,decision_time_application_or_historical_snapshot,include,officially documented application/prior-history snapshot; no post-outcome meaning identified,d0__static__mobilephncnt_593L
static,0,monthsannuity_845L,Monthly annuity amount for the applicant.,double,numeric,identity_after_family_prefix,decision_time_application_or_historical_snapshot,include,officially documented application/prior-history snapshot; no post-outcome meaning identified,d0__static__monthsannuity_845L
static,0,numactivecreds_622L,Number of active credits.,double,numeric,identity_after_family_prefix,decision_time_application_or_historical_snapshot,include,officially documented application/prior-history snapshot; no post-outcome meaning identified,d0__static__numactivecreds_622L
static,0,numactivecredschannel_414L,Number of active credits.,double,numeric,identity_after_family_prefix,decision_time_application_or_historical_snapshot,include,officially documented application/prior-history snapshot; no post-outcome meaning identified,d0__static__numactivecredschannel_414L
static,0,numactiverelcontr_750L,Number of active revolving credits.,double,numeric,identity_after_family_prefix,decision_time_application_or_historical_snapshot,include,officially documented application/prior-history snapshot; no post-outcome meaning identified,d0__static__numactiverelcontr_750L
static,0,numcontrs3months_479L,Number of contracts in last 3 months.,double,numeric,identity_after_family_prefix,decision_time_application_or_historical_snapshot,include,officially documented application/prior-history snapshot; no post-outcome meaning identified,d0__static__numcontrs3months_479L
static,0,numincomingpmts_3546848L,Number of incoming payments.,double,numeric,identity_after_family_prefix,decision_time_application_or_historical_snapshot,include,officially documented application/prior-history snapshot; no post-outcome meaning identified,d0__static__numincomingpmts_3546848L
static,0,numinstlallpaidearly3d_817L,Number of instalments paid at least 3 days prior to their due date.,double,numeric,identity_after_family_prefix,decision_time_application_or_historical_snapshot,include,officially documented application/prior-history snapshot; no post-outcome meaning identified,d0__static__numinstlallpaidearly3d_817L
static,0,numinstls_657L,Number of instalments.,double,numeric,identity_after_family_prefix,decision_time_application_or_historical_snapshot,include,officially documented application/prior-history snapshot; no post-outcome meaning identified,d0__static__numinstls_657L
static,0,numinstlsallpaid_934L,Number of paid instalments.,double,numeric,identity_after_family_prefix,decision_time_application_or_historical_snapshot,include,officially documented application/prior-history snapshot; no post-outcome meaning identified,d0__static__numinstlsallpaid_934L
static,0,numinstlswithdpd10_728L,Number of instalments that were overdue for 10 or more days.,double,numeric,identity_after_family_prefix,decision_time_application_or_historical_snapshot,include,officially documented application/prior-history snapshot; no post-outcome meaning identified,d0__static__numinstlswithdpd10_728L
static,0,numinstlswithdpd5_4187116L,Number of instalments that were overdue by at least 5 days.,double,numeric,identity_after_family_prefix,decision_time_application_or_historical_snapshot,include,officially documented application/prior-history snapshot; no post-outcome meaning identified,d0__static__numinstlswithdpd5_4187116L
static,0,numinstlswithoutdpd_562L,Number of instalments that were not past due date.,double,numeric,identity_after_family_prefix,decision_time_application_or_historical_snapshot,include,officially documented application/prior-history snapshot; no post-outcome meaning identified,d0__static__numinstlswithoutdpd_562L
static,0,numinstmatpaidtearly2d_4499204L,Number of instalments that have been paid more than 2 days before their due date.,double,numeric,identity_after_family_prefix,decision_time_application_or_historical_snapshot,include,officially documented application/prior-history snapshot; no post-outcome meaning identified,d0__static__numinstmatpaidtearly2d_4499204L
static,0,numinstpaid_4499208L,Number of paid instalments.,double,numeric,identity_after_family_prefix,decision_time_application_or_historical_snapshot,include,officially documented application/prior-history snapshot; no post-outcome meaning identified,d0__static__numinstpaid_4499208L
static,0,numinstpaidearly3d_3546850L,Number of instalments paid more than three days before the due date.,double,numeric,identity_after_family_prefix,decision_time_application_or_historical_snapshot,include,officially documented application/prior-history snapshot; no post-outcome meaning identified,d0__static__numinstpaidearly3d_3546850L
static,0,numinstpaidearly3dest_4493216L,Number of instalments that have been paid more than 3 days in advance of the due date.,double,numeric,identity_after_family_prefix,decision_time_application_or_historical_snapshot,include,officially documented application/prior-history snapshot; no post-outcome meaning identified,d0__static__numinstpaidearly3dest_4493216L
static,0,numinstpaidearly5d_1087L,Number of instalments paid more than 5 days prior to the due date.,double,numeric,identity_after_family_prefix,decision_time_application_or_historical_snapshot,include,officially documented application/prior-history snapshot; no post-outcome meaning identified,d0__static__numinstpaidearly5d_1087L
static,0,numinstpaidearly5dest_4493211L,Number of instalments that were paid more than 5 days before the due date.,double,numeric,identity_after_family_prefix,decision_time_application_or_historical_snapshot,include,officially documented application/prior-history snapshot; no post-outcome meaning identified,d0__static__numinstpaidearly5dest_4493211L
static,0,numinstpaidearly5dobd_4499205L,Number of installments paid more than 5 days prior to the due date.,double,numeric,identity_after_family_prefix,decision_time_application_or_historical_snapshot,include,officially documented application/prior-history snapshot; no post-outcome meaning identified,d0__static__numinstpaidearly5dobd_4499205L
static,0,numinstpaidearly_338L,Number of installments paid prior to the due date.,double,numeric,identity_after_family_prefix,decision_time_application_or_historical_snapshot,include,officially documented application/prior-history snapshot; no post-outcome meaning identified,d0__static__numinstpaidearly_338L
static,0,numinstpaidearlyest_4493214L,Number of instalments paid before the due date.,double,numeric,identity_after_family_prefix,decision_time_application_or_historical_snapshot,include,officially documented application/prior-history snapshot; no post-outcome meaning identified,d0__static__numinstpaidearlyest_4493214L
static,0,numinstpaidlastcontr_4325080L,Number of paid installments from the client's last contract.,double,numeric,identity_after_family_prefix,decision_time_application_or_historical_snapshot,include,officially documented application/prior-history snapshot; no post-outcome meaning identified,d0__static__numinstpaidlastcontr_4325080L
static,0,numinstpaidlate1d_3546852L,Number of instalments paid more than 1 day past their due date.,double,numeric,identity_after_family_prefix,decision_time_application_or_historical_snapshot,include,officially documented application/prior-history snapshot; no post-outcome meaning identified,d0__static__numinstpaidlate1d_3546852L
static,0,numinstregularpaid_973L,Number of fully paid regular installments in the client's previous contracts.,double,numeric,identity_after_family_prefix,decision_time_application_or_historical_snapshot,include,officially documented application/prior-history snapshot; no post-outcome meaning identified,d0__static__numinstregularpaid_973L
static,0,numinstregularpaidest_4493210L,Number of fully paid regular installments on clients' previous contracts.,double,numeric,identity_after_family_prefix,decision_time_application_or_historical_snapshot,include,officially documented application/prior-history snapshot; no post-outcome meaning identified,d0__static__numinstregularpaidest_4493210L
static,0,numinsttopaygr_769L,Number of unpaid instalments.,double,numeric,identity_after_family_prefix,decision_time_application_or_historical_snapshot,include,officially documented application/prior-history snapshot; no post-outcome meaning identified,d0__static__numinsttopaygr_769L
static,0,numinsttopaygrest_4493213L,Number of unpaid instalments.,double,numeric,identity_after_family_prefix,decision_time_application_or_historical_snapshot,include,officially documented application/prior-history snapshot; no post-outcome meaning identified,d0__static__numinsttopaygrest_4493213L
static,0,numinstunpaidmax_3546851L,Maximum number of unpaid instalments.,double,numeric,identity_after_family_prefix,decision_time_application_or_historical_snapshot,include,officially documented application/prior-history snapshot; no post-outcome meaning identified,d0__static__numinstunpaidmax_3546851L
static,0,numinstunpaidmaxest_4493212L,Maximum number of unpaid instalments.,double,numeric,identity_after_family_prefix,decision_time_application_or_historical_snapshot,include,officially documented application/prior-history snapshot; no post-outcome meaning identified,d0__static__numinstunpaidmaxest_4493212L
static,0,numnotactivated_1143L,Number of non-activated credits.,double,numeric,identity_after_family_prefix,decision_time_application_or_historical_snapshot,include,officially documented application/prior-history snapshot; no post-outcome meaning identified,d0__static__numnotactivated_1143L
static,0,numpmtchanneldd_318L,Number of previous loan contracts for the applicant that had direct debit as payment channel.,double,numeric,identity_after_family_prefix,decision_time_application_or_historical_snapshot,include,officially documented application/prior-history snapshot; no post-outcome meaning identified,d0__static__numpmtchanneldd_318L
static,0,numrejects9m_859L,Number of credit applications that were rejected in the last 9 months.,double,numeric,identity_after_family_prefix,decision_time_application_or_historical_snapshot,include,officially documented application/prior-history snapshot; no post-outcome meaning identified,d0__static__numrejects9m_859L
static,0,opencred_647L,Number of active loans from the previous application.,bool,boolean,identity_after_family_prefix,decision_time_application_or_historical_snapshot,include,officially documented application/prior-history snapshot; no post-outcome meaning identified,d0__static__opencred_647L
static,0,paytype1st_925L,Type of first payment of the client.,string,categorical,identity_after_family_prefix,decision_time_application_or_historical_snapshot,include,officially documented application/prior-history snapshot; no post-outcome meaning identified,d0__static__paytype1st_925L
static,0,paytype_783L,Type of payment.,string,categorical,identity_after_family_prefix,decision_time_application_or_historical_snapshot,include,officially documented application/prior-history snapshot; no post-outcome meaning identified,d0__static__paytype_783L
static,0,payvacationpostpone_4187118D,Date of last payment holiday instalment.,string,date,signed_days_relative_to_base_date_decision,decision_time_application_or_historical_snapshot,include,officially documented application/prior-history snapshot; no post-outcome meaning identified,d0__static__payvacationpostpone_4187118D
static,0,pctinstlsallpaidearl3d_427L,Percentage of installments paid at least 3 days prior to the due date.,double,numeric,identity_after_family_prefix,decision_time_application_or_historical_snapshot,include,officially documented application/prior-history snapshot; no post-outcome meaning identified,d0__static__pctinstlsallpaidearl3d_427L
static,0,pctinstlsallpaidlat10d_839L,Percentage of installments that were paid 10 or more days after the due date.,double,numeric,identity_after_family_prefix,decision_time_application_or_historical_snapshot,include,officially documented application/prior-history snapshot; no post-outcome meaning identified,d0__static__pctinstlsallpaidlat10d_839L
static,0,pctinstlsallpaidlate1d_3546856L,Percentage of installments that are paid 1 or more days after the due date.,double,numeric,identity_after_family_prefix,decision_time_application_or_historical_snapshot,include,officially documented application/prior-history snapshot; no post-outcome meaning identified,d0__static__pctinstlsallpaidlate1d_3546856L
static,0,pctinstlsallpaidlate4d_3546849L,Percentage of installments that were paid 4 or more days past their due date.,double,numeric,identity_after_family_prefix,decision_time_application_or_historical_snapshot,include,officially documented application/prior-history snapshot; no post-outcome meaning identified,d0__static__pctinstlsallpaidlate4d_3546849L
static,0,pctinstlsallpaidlate6d_3546844L,Percentage of installments that were paid 6 or more days past their due date.,double,numeric,identity_after_family_prefix,decision_time_application_or_historical_snapshot,include,officially documented application/prior-history snapshot; no post-outcome meaning identified,d0__static__pctinstlsallpaidlate6d_3546844L
static,0,pmtnum_254L,Total number of loan payments made by the client.,double,numeric,identity_after_family_prefix,decision_time_application_or_historical_snapshot,include,officially documented application/prior-history snapshot; no post-outcome meaning identified,d0__static__pmtnum_254L
static,0,posfpd10lastmonth_333P,Average FPD10 (Share of contracts with first installment past due more than 10 days) from point of sales that processed contract in the previous month.,double,numeric,identity_after_family_prefix,decision_time_application_or_historical_snapshot,include,officially documented application/prior-history snapshot; no post-outcome meaning identified,d0__static__posfpd10lastmonth_333P
static,0,posfpd30lastmonth_3976960P,Average FPD30 (Share of contracts with first installment past due more than 30 days) from point of sales that processed contract in the previous month.,double,numeric,identity_after_family_prefix,decision_time_application_or_historical_snapshot,include,officially documented application/prior-history snapshot; no post-outcome meaning identified,d0__static__posfpd30lastmonth_3976960P
static,0,posfstqpd30lastmonth_3976962P,"Average FSTPD30 (share of contracts with first, second, or third installment past due more than 30 days) from point of sale that processed contract in the last month.",double,numeric,identity_after_family_prefix,decision_time_application_or_historical_snapshot,include,officially documented application/prior-history snapshot; no post-outcome meaning identified,d0__static__posfstqpd30lastmonth_3976962P
static,0,previouscontdistrict_112M,Contact district of the client's previous approved application.,string,categorical,identity_after_family_prefix,decision_time_application_or_historical_snapshot,include,officially documented application/prior-history snapshot; no post-outcome meaning identified,d0__static__previouscontdistrict_112M
static,0,price_1097A,Credit price.,double,numeric,identity_after_family_prefix,decision_time_application_or_historical_snapshot,include,officially documented application/prior-history snapshot; no post-outcome meaning identified,d0__static__price_1097A
static,0,sellerplacecnt_915L,Number of sellerplaces where the same client's document was used.,double,numeric,identity_after_family_prefix,decision_time_application_or_historical_snapshot,include,officially documented application/prior-history snapshot; no post-outcome meaning identified,d0__static__sellerplacecnt_915L
static,0,sellerplacescnt_216L,Number of sellerplaces where the same client's mobile phone was used.,double,numeric,identity_after_family_prefix,decision_time_application_or_historical_snapshot,include,officially documented application/prior-history snapshot; no post-outcome meaning identified,d0__static__sellerplacescnt_216L
static,0,sumoutstandtotal_3546847A,Sum of total outstanding amount.,double,numeric,identity_after_family_prefix,decision_time_application_or_historical_snapshot,include,officially documented application/prior-history snapshot; no post-outcome meaning identified,d0__static__sumoutstandtotal_3546847A
static,0,sumoutstandtotalest_4493215A,Sum of total outstanding amount.,double,numeric,identity_after_family_prefix,decision_time_application_or_historical_snapshot,include,officially documented application/prior-history snapshot; no post-outcome meaning identified,d0__static__sumoutstandtotalest_4493215A
static,0,totaldebt_9A,Total amount of debt.,double,numeric,identity_after_family_prefix,decision_time_application_or_historical_snapshot,include,officially documented application/prior-history snapshot; no post-outcome meaning identified,d0__static__totaldebt_9A
static,0,totalsettled_863A,Sum of all payments made by the client.,double,numeric,identity_after_family_prefix,decision_time_application_or_historical_snapshot,include,officially documented application/prior-history snapshot; no post-outcome meaning identified,d0__static__totalsettled_863A
static,0,totinstallast1m_4525188A,Total amount of monthly instalments paid in the previous month.,double,numeric,identity_after_family_prefix,decision_time_application_or_historical_snapshot,include,officially documented application/prior-history snapshot; no post-outcome meaning identified,d0__static__totinstallast1m_4525188A
static,0,twobodfilling_608L,Type of application process.,string,categorical,identity_after_family_prefix,decision_time_application_or_historical_snapshot,include,officially documented application/prior-history snapshot; no post-outcome meaning identified,d0__static__twobodfilling_608L
static,0,typesuite_864L,Persons accompanying the client during the loan application process.,string,categorical,identity_after_family_prefix,decision_time_application_or_historical_snapshot,include,officially documented application/prior-history snapshot; no post-outcome meaning identified,d0__static__typesuite_864L
static,0,validfrom_1069D,Date since the client has an active campaign.,string,date,signed_days_relative_to_base_date_decision,decision_time_application_or_historical_snapshot,include,officially documented application/prior-history snapshot; no post-outcome meaning identified,d0__static__validfrom_1069D
static_cb,0,case_id,Stable case identifier.,int64,identifier,group_key_only,structural_identifier_not_predictor,exclude,stable row/join identifier; predictor use forbidden,
static_cb,0,assignmentdate_238D,Tax authority data - date of assignment.,string,date,signed_days_relative_to_base_date_decision,decision_time_application_or_historical_snapshot,include,officially documented application/prior-history snapshot; no post-outcome meaning identified,d0__static_cb__assignmentdate_238D
static_cb,0,assignmentdate_4527235D,Tax authority data - Date of assignment.,string,date,signed_days_relative_to_base_date_decision,decision_time_application_or_historical_snapshot,include,officially documented application/prior-history snapshot; no post-outcome meaning identified,d0__static_cb__assignmentdate_4527235D
static_cb,0,assignmentdate_4955616D,Tax authority assignment date.,string,date,signed_days_relative_to_base_date_decision,decision_time_application_or_historical_snapshot,include,officially documented application/prior-history snapshot; no post-outcome meaning identified,d0__static_cb__assignmentdate_4955616D
static_cb,0,birthdate_574D,Client's date of birth (credit bureau data).,string,date,signed_days_relative_to_base_date_decision,decision_time_application_or_historical_snapshot,include,officially documented application/prior-history snapshot; no post-outcome meaning identified,d0__static_cb__birthdate_574D
static_cb,0,contractssum_5085716L,Total sum of values of contracts retrieved from external credit bureau.,double,numeric,identity_after_family_prefix,decision_time_application_or_historical_snapshot,include,officially documented application/prior-history snapshot; no post-outcome meaning identified,d0__static_cb__contractssum_5085716L
static_cb,0,dateofbirth_337D,Client's date of birth.,string,date,signed_days_relative_to_base_date_decision,decision_time_application_or_historical_snapshot,include,officially documented application/prior-history snapshot; no post-outcome meaning identified,d0__static_cb__dateofbirth_337D
static_cb,0,dateofbirth_342D,Client's date of birth.,string,date,signed_days_relative_to_base_date_decision,decision_time_application_or_historical_snapshot,include,officially documented application/prior-history snapshot; no post-outcome meaning identified,d0__static_cb__dateofbirth_342D
static_cb,0,days120_123L,Number of credit bureau queries for the last 120 days.,double,numeric,identity_after_family_prefix,decision_time_application_or_historical_snapshot,include,officially documented application/prior-history snapshot; no post-outcome meaning identified,d0__static_cb__days120_123L
static_cb,0,days180_256L,Number of credit bureau queries for last 180 days.,double,numeric,identity_after_family_prefix,decision_time_application_or_historical_snapshot,include,officially documented application/prior-history snapshot; no post-outcome meaning identified,d0__static_cb__days180_256L
static_cb,0,days30_165L,Number of credit bureau queries for the last 30 days.,double,numeric,identity_after_family_prefix,decision_time_application_or_historical_snapshot,include,officially documented application/prior-history snapshot; no post-outcome meaning identified,d0__static_cb__days30_165L
static_cb,0,days360_512L,Number of Credit Bureau queries for last 360 days.,double,numeric,identity_after_family_prefix,decision_time_application_or_historical_snapshot,include,officially documented application/prior-history snapshot; no post-outcome meaning identified,d0__static_cb__days360_512L
static_cb,0,days90_310L,Number of credit bureau queries for the last 90 days.,double,numeric,identity_after_family_prefix,decision_time_application_or_historical_snapshot,include,officially documented application/prior-history snapshot; no post-outcome meaning identified,d0__static_cb__days90_310L
static_cb,0,description_5085714M,Categorization of clients by credit bureau.,string,categorical,identity_after_family_prefix,decision_time_application_or_historical_snapshot,include,officially documented application/prior-history snapshot; no post-outcome meaning identified,d0__static_cb__description_5085714M
static_cb,0,education_1103M,Level of education of the client provided by external source.,string,categorical,identity_after_family_prefix,decision_time_application_or_historical_snapshot,include,officially documented application/prior-history snapshot; no post-outcome meaning identified,d0__static_cb__education_1103M
static_cb,0,education_88M,Education level of the client.,string,categorical,identity_after_family_prefix,decision_time_application_or_historical_snapshot,include,officially documented application/prior-history snapshot; no post-outcome meaning identified,d0__static_cb__education_88M
static_cb,0,firstquarter_103L,Number of results obtained from credit bureau in the first quarter.,double,numeric,identity_after_family_prefix,decision_time_application_or_historical_snapshot,include,officially documented application/prior-history snapshot; no post-outcome meaning identified,d0__static_cb__firstquarter_103L
static_cb,0,for3years_128L,Number of rejected applications in the past 3 years.,double,numeric,identity_after_family_prefix,decision_time_application_or_historical_snapshot,include,officially documented application/prior-history snapshot; no post-outcome meaning identified,d0__static_cb__for3years_128L
static_cb,0,for3years_504L,Client's credit history data over the last three years.,double,numeric,identity_after_family_prefix,decision_time_application_or_historical_snapshot,include,officially documented application/prior-history snapshot; no post-outcome meaning identified,d0__static_cb__for3years_504L
static_cb,0,for3years_584L,Number of cancellations in the last 3 years.,double,numeric,identity_after_family_prefix,decision_time_application_or_historical_snapshot,include,officially documented application/prior-history snapshot; no post-outcome meaning identified,d0__static_cb__for3years_584L
static_cb,0,formonth_118L,Number of rejections in a month.,double,numeric,identity_after_family_prefix,decision_time_application_or_historical_snapshot,include,officially documented application/prior-history snapshot; no post-outcome meaning identified,d0__static_cb__formonth_118L
static_cb,0,formonth_206L,Number of cancelations in the previous month.,double,numeric,identity_after_family_prefix,decision_time_application_or_historical_snapshot,include,officially documented application/prior-history snapshot; no post-outcome meaning identified,d0__static_cb__formonth_206L
static_cb,0,formonth_535L,Credit history for the last month.,double,numeric,identity_after_family_prefix,decision_time_application_or_historical_snapshot,include,officially documented application/prior-history snapshot; no post-outcome meaning identified,d0__static_cb__formonth_535L
static_cb,0,forquarter_1017L,Number of cancellations recorded in the credit bureau in the last quarter.,double,numeric,identity_after_family_prefix,decision_time_application_or_historical_snapshot,include,officially documented application/prior-history snapshot; no post-outcome meaning identified,d0__static_cb__forquarter_1017L
static_cb,0,forquarter_462L,Number of credit applications that were rejected in the last quarter.,double,numeric,identity_after_family_prefix,decision_time_application_or_historical_snapshot,include,officially documented application/prior-history snapshot; no post-outcome meaning identified,d0__static_cb__forquarter_462L
static_cb,0,forquarter_634L,Credit history for the last quarter.,double,numeric,identity_after_family_prefix,decision_time_application_or_historical_snapshot,include,officially documented application/prior-history snapshot; no post-outcome meaning identified,d0__static_cb__forquarter_634L
static_cb,0,fortoday_1092L,Client's credit history for today.,double,numeric,identity_after_family_prefix,decision_time_application_or_historical_snapshot,include,officially documented application/prior-history snapshot; no post-outcome meaning identified,d0__static_cb__fortoday_1092L
static_cb,0,forweek_1077L,Number of cancelations in the last week.,double,numeric,identity_after_family_prefix,decision_time_application_or_historical_snapshot,include,officially documented application/prior-history snapshot; no post-outcome meaning identified,d0__static_cb__forweek_1077L
static_cb,0,forweek_528L,Credit history for the last week.,double,numeric,identity_after_family_prefix,decision_time_application_or_historical_snapshot,include,officially documented application/prior-history snapshot; no post-outcome meaning identified,d0__static_cb__forweek_528L
static_cb,0,forweek_601L,Number of rejected applications in the last week.,double,numeric,identity_after_family_prefix,decision_time_application_or_historical_snapshot,include,officially documented application/prior-history snapshot; no post-outcome meaning identified,d0__static_cb__forweek_601L
static_cb,0,foryear_618L,Number of application rejections in the previous year.,double,numeric,identity_after_family_prefix,decision_time_application_or_historical_snapshot,include,officially documented application/prior-history snapshot; no post-outcome meaning identified,d0__static_cb__foryear_618L
static_cb,0,foryear_818L,Number of cancelations that occurred in last year.,double,numeric,identity_after_family_prefix,decision_time_application_or_historical_snapshot,include,officially documented application/prior-history snapshot; no post-outcome meaning identified,d0__static_cb__foryear_818L
static_cb,0,foryear_850L,Credit history for the last year.,double,numeric,identity_after_family_prefix,decision_time_application_or_historical_snapshot,include,officially documented application/prior-history snapshot; no post-outcome meaning identified,d0__static_cb__foryear_850L
static_cb,0,fourthquarter_440L,Number of results in fourth quarter.,double,numeric,identity_after_family_prefix,decision_time_application_or_historical_snapshot,include,officially documented application/prior-history snapshot; no post-outcome meaning identified,d0__static_cb__fourthquarter_440L
static_cb,0,maritalst_385M,Marital status of the client.,string,categorical,identity_after_family_prefix,decision_time_application_or_historical_snapshot,include,officially documented application/prior-history snapshot; no post-outcome meaning identified,d0__static_cb__maritalst_385M
static_cb,0,maritalst_893M,Marital status of the client,string,categorical,identity_after_family_prefix,decision_time_application_or_historical_snapshot,include,officially documented application/prior-history snapshot; no post-outcome meaning identified,d0__static_cb__maritalst_893M
static_cb,0,numberofqueries_373L,Number of queries to credit bureau.,double,numeric,identity_after_family_prefix,decision_time_application_or_historical_snapshot,include,officially documented application/prior-history snapshot; no post-outcome meaning identified,d0__static_cb__numberofqueries_373L
static_cb,0,pmtaverage_3A,Average of tax deductions.,double,numeric,identity_after_family_prefix,decision_time_application_or_historical_snapshot,include,officially documented application/prior-history snapshot; no post-outcome meaning identified,d0__static_cb__pmtaverage_3A
static_cb,0,pmtaverage_4527227A,Average of tax deductions.,double,numeric,identity_after_family_prefix,decision_time_application_or_historical_snapshot,include,officially documented application/prior-history snapshot; no post-outcome meaning identified,d0__static_cb__pmtaverage_4527227A
static_cb,0,pmtaverage_4955615A,Average of tax deductions.,double,numeric,identity_after_family_prefix,decision_time_application_or_historical_snapshot,include,officially documented application/prior-history snapshot; no post-outcome meaning identified,d0__static_cb__pmtaverage_4955615A
static_cb,0,pmtcount_4527229L,Number of tax deductions.,double,numeric,identity_after_family_prefix,decision_time_application_or_historical_snapshot,include,officially documented application/prior-history snapshot; no post-outcome meaning identified,d0__static_cb__pmtcount_4527229L
static_cb,0,pmtcount_4955617L,Number of tax deductions.,double,numeric,identity_after_family_prefix,decision_time_application_or_historical_snapshot,include,officially documented application/prior-history snapshot; no post-outcome meaning identified,d0__static_cb__pmtcount_4955617L
static_cb,0,pmtcount_693L,Number of tax deductions.,double,numeric,identity_after_family_prefix,decision_time_application_or_historical_snapshot,include,officially documented application/prior-history snapshot; no post-outcome meaning identified,d0__static_cb__pmtcount_693L
static_cb,0,pmtscount_423L,Number of tax deduction payments.,double,numeric,identity_after_family_prefix,decision_time_application_or_historical_snapshot,include,officially documented application/prior-history snapshot; no post-outcome meaning identified,d0__static_cb__pmtscount_423L
static_cb,0,pmtssum_45A,Sum of tax deductions for the client.,double,numeric,identity_after_family_prefix,decision_time_application_or_historical_snapshot,include,officially documented application/prior-history snapshot; no post-outcome meaning identified,d0__static_cb__pmtssum_45A
static_cb,0,requesttype_4525192L,Tax authority request type.,string,categorical,identity_after_family_prefix,decision_time_application_or_historical_snapshot,include,officially documented application/prior-history snapshot; no post-outcome meaning identified,d0__static_cb__requesttype_4525192L
static_cb,0,responsedate_1012D,Tax authority's response date.,string,date,signed_days_relative_to_base_date_decision,decision_time_application_or_historical_snapshot,include,officially documented application/prior-history snapshot; no post-outcome meaning identified,d0__static_cb__responsedate_1012D
static_cb,0,responsedate_4527233D,Tax authority's response date.,string,date,signed_days_relative_to_base_date_decision,decision_time_application_or_historical_snapshot,include,officially documented application/prior-history snapshot; no post-outcome meaning identified,d0__static_cb__responsedate_4527233D
static_cb,0,responsedate_4917613D,Tax authority's response date.,string,date,signed_days_relative_to_base_date_decision,decision_time_application_or_historical_snapshot,include,officially documented application/prior-history snapshot; no post-outcome meaning identified,d0__static_cb__responsedate_4917613D
static_cb,0,riskassesment_302T,Estimated probability that the client will default on their credit obligation within the next year.,string,categorical,identity_after_family_prefix,decision_time_application_or_historical_snapshot,include,officially documented application/prior-history snapshot; no post-outcome meaning identified,d0__static_cb__riskassesment_302T
static_cb,0,riskassesment_940T,Estimate of client's creditworthiness.,double,numeric,identity_after_family_prefix,decision_time_application_or_historical_snapshot,include,officially documented application/prior-history snapshot; no post-outcome meaning identified,d0__static_cb__riskassesment_940T
static_cb,0,secondquarter_766L,Number of results in second quarter.,double,numeric,identity_after_family_prefix,decision_time_application_or_historical_snapshot,include,officially documented application/prior-history snapshot; no post-outcome meaning identified,d0__static_cb__secondquarter_766L
static_cb,0,thirdquarter_1082L,Number of results in third quarter.,double,numeric,identity_after_family_prefix,decision_time_application_or_historical_snapshot,include,officially documented application/prior-history snapshot; no post-outcome meaning identified,d0__static_cb__thirdquarter_1082L
tax_registry_a,1,case_id,Stable case identifier.,int64,identifier,group_key_only,structural_identifier_not_predictor,exclude,stable row/join identifier; predictor use forbidden,
tax_registry_a,1,amount_4527230A,Tax deductions amount tracked by the government registry.,double,numeric,count_non_missing|missing_count|min|max|mean|sum|sample_variance|first_by_num_group1|last_by_num_group1,decision_time_application_or_historical_snapshot,include,officially documented application/prior-history snapshot; no post-outcome meaning identified,d1__tax_registry_a__amount_4527230A
tax_registry_a,1,name_4527232M,Name of employer.,string,categorical,count_non_missing|missing_count|nunique|lexical_mode|first_by_num_group1|last_by_num_group1,decision_time_application_or_historical_snapshot,include,officially documented application/prior-history snapshot; no post-outcome meaning identified,d1__tax_registry_a__name_4527232M
tax_registry_a,1,num_group1,Relational row-order/group identifier.,int64,order_identifier,stable_sort_key_only_not_aggregated_as_measurement,relational_order_identifier_not_predictor,exclude,row/group order identifier; used only for deterministic ordering,
tax_registry_a,1,recorddate_4527225D,Date of tax deduction record.,string,date,parse_date_then_signed_days_from_date_decision;count_non_missing|missing_count|min|max|mean|sample_variance|first_by_num_group1|last_by_num_group1,decision_time_application_or_historical_snapshot,include,officially documented application/prior-history snapshot; no post-outcome meaning identified,d1__tax_registry_a__recorddate_4527225D
tax_registry_b,1,case_id,Stable case identifier.,int64,identifier,group_key_only,structural_identifier_not_predictor,exclude,stable row/join identifier; predictor use forbidden,
tax_registry_b,1,amount_4917619A,Tax deductions amount tracked by the government registry.,double,numeric,count_non_missing|missing_count|min|max|mean|sum|sample_variance|first_by_num_group1|last_by_num_group1,decision_time_application_or_historical_snapshot,include,officially documented application/prior-history snapshot; no post-outcome meaning identified,d1__tax_registry_b__amount_4917619A
tax_registry_b,1,deductiondate_4917603D,Tax deduction date.,string,date,parse_date_then_signed_days_from_date_decision;count_non_missing|missing_count|min|max|mean|sample_variance|first_by_num_group1|last_by_num_group1,decision_time_application_or_historical_snapshot,include,officially documented application/prior-history snapshot; no post-outcome meaning identified,d1__tax_registry_b__deductiondate_4917603D
tax_registry_b,1,name_4917606M,Name of employer.,string,categorical,count_non_missing|missing_count|nunique|lexical_mode|first_by_num_group1|last_by_num_group1,decision_time_application_or_historical_snapshot,include,officially documented application/prior-history snapshot; no post-outcome meaning identified,d1__tax_registry_b__name_4917606M
tax_registry_b,1,num_group1,Relational row-order/group identifier.,int64,order_identifier,stable_sort_key_only_not_aggregated_as_measurement,relational_order_identifier_not_predictor,exclude,row/group order identifier; used only for deterministic ordering,
tax_registry_c,1,case_id,Stable case identifier.,int64,identifier,group_key_only,structural_identifier_not_predictor,exclude,stable row/join identifier; predictor use forbidden,
tax_registry_c,1,employername_160M,Employer's name.,string,categorical,count_non_missing|missing_count|nunique|lexical_mode|first_by_num_group1|last_by_num_group1,decision_time_application_or_historical_snapshot,include,officially documented application/prior-history snapshot; no post-outcome meaning identified,d1__tax_registry_c__employername_160M
tax_registry_c,1,num_group1,Relational row-order/group identifier.,int64,order_identifier,stable_sort_key_only_not_aggregated_as_measurement,relational_order_identifier_not_predictor,exclude,row/group order identifier; used only for deterministic ordering,
tax_registry_c,1,pmtamount_36A,Tax deductions amount for credit bureau payments.,double,numeric,count_non_missing|missing_count|min|max|mean|sum|sample_variance|first_by_num_group1|last_by_num_group1,decision_time_application_or_historical_snapshot,include,officially documented application/prior-history snapshot; no post-outcome meaning identified,d1__tax_registry_c__pmtamount_36A
tax_registry_c,1,processingdate_168D,Date when the tax deduction is processed.,string,date,parse_date_then_signed_days_from_date_decision;count_non_missing|missing_count|min|max|mean|sample_variance|first_by_num_group1|last_by_num_group1,decision_time_application_or_historical_snapshot,include,officially documented application/prior-history snapshot; no post-outcome meaning identified,d1__tax_registry_c__processingdate_168D
