"scope","path","size_bytes","sha256"
"canonical_results","./results/README.md","1828","55f059c6dd175361a75c3987c4b6bbe55e90a9ff65103259577e35a8b54a78df"
"canonical_results","./results/run_index.csv","7698","15a6adbf90e13baa43f01c9a3c7873d035034f5bc2c8020bb9f6eb1f6b12c6fd"
"canonical_results","./results/run_index.csv.lock","1","6e340b9cffb37a989ca544e6bb780a2c78901d3fb33738768511a30617afa01d"
"canonical_results","./results/runs/homecredit/cdv1-001-homecredit-reference-rf-corr-mrmr-lr-s42/checkpoint.json","55739","cb28ff95481c5ed983c9318a3efafa5f69cb2d5e1d3456283e98cca9c618bb94"
"canonical_results","./results/runs/homecredit/cdv1-001-homecredit-reference-rf-corr-mrmr-lr-s42/config.json","1734","790afc83b30ad1cfd2b7d351060f79091fdebd41b8d932afd3b44f776e31c800"
"canonical_results","./results/runs/homecredit/cdv1-001-homecredit-reference-rf-corr-mrmr-lr-s42/data_access_dev.json","9866","6bc03e5485eccb76e15d3d57d7bf558073fdd9deec487afae9062d8ba74366d9"
"canonical_results","./results/runs/homecredit/cdv1-001-homecredit-reference-rf-corr-mrmr-lr-s42/features/feature_stability_metrics.csv","126","eaebe157c444f6bf196e5e15e52e1781f4168b522ca7f74f33d3af4650652b76"
"canonical_results","./results/runs/homecredit/cdv1-001-homecredit-reference-rf-corr-mrmr-lr-s42/features/fold_selected_features.csv","2612","7140c03e9ce233d1d719cc5fa4d03c3f877214eb1dca42c93537dae6d3591309"
"canonical_results","./results/runs/homecredit/cdv1-001-homecredit-reference-rf-corr-mrmr-lr-s42/folds/fold_1/aggregate_ranking.csv","35355","21af7fc4d0a545031ad4b0bafa32427e96ca1d1cf3d48f080e319f3ad906d084"
"canonical_results","./results/runs/homecredit/cdv1-001-homecredit-reference-rf-corr-mrmr-lr-s42/folds/fold_1/candidate_features.csv","489","aa76938316cc62844d64cdbf1a80dfdc48edb996996494543fab85f60b583ab9"
"canonical_results","./results/runs/homecredit/cdv1-001-homecredit-reference-rf-corr-mrmr-lr-s42/folds/fold_1/effective_model_config.json","1258","dd24f560824b4e7a61b926b8aa9bba257b319537d657448933ffe6d17d567eb5"
"canonical_results","./results/runs/homecredit/cdv1-001-homecredit-reference-rf-corr-mrmr-lr-s42/folds/fold_1/prediction_metadata.json","1958","b52dcd2631087b4fe473f9bd77b58d1a2bc4b500e21cfb9d00b7a15a2a21ecfd"
"canonical_results","./results/runs/homecredit/cdv1-001-homecredit-reference-rf-corr-mrmr-lr-s42/folds/fold_1/predictions_dev.csv","3087075","3565930ec5a880cb4bee283ab4b5e2c3c0c984ec438b8ce1f7531c43878cb6c3"
"canonical_results","./results/runs/homecredit/cdv1-001-homecredit-reference-rf-corr-mrmr-lr-s42/folds/fold_1/rfe_selection_trace.csv","598","0f05146f65d2988e1ef019c4fdb64c5aab03f039f5a6d25b1bbdfbf87bc6cbf9"
"canonical_results","./results/runs/homecredit/cdv1-001-homecredit-reference-rf-corr-mrmr-lr-s42/folds/fold_1/selected_features.csv","537","f0f74c16ffd12df7c9856a3de20e364cb79f76c59cdd76bee98d489998ebcea0"
"canonical_results","./results/runs/homecredit/cdv1-001-homecredit-reference-rf-corr-mrmr-lr-s42/folds/fold_1/voter_rankings.csv","71661","33e5d6679229cd8ed8efb65501ba5c734b40e0de63a27a3a8aa51e8897c683b0"
"canonical_results","./results/runs/homecredit/cdv1-001-homecredit-reference-rf-corr-mrmr-lr-s42/folds/fold_2/aggregate_ranking.csv","35539","4d6e2f088eb7974613109726cea485aa0a95eea8f9997b3f329e5afaade75c3c"
"canonical_results","./results/runs/homecredit/cdv1-001-homecredit-reference-rf-corr-mrmr-lr-s42/folds/fold_2/candidate_features.csv","509","1eb41a2d9729b8ffddcc000a5b5ddef07c7686afcb6943dc019b2bee18a0bb48"
"canonical_results","./results/runs/homecredit/cdv1-001-homecredit-reference-rf-corr-mrmr-lr-s42/folds/fold_2/effective_model_config.json","1258","dd24f560824b4e7a61b926b8aa9bba257b319537d657448933ffe6d17d567eb5"
"canonical_results","./results/runs/homecredit/cdv1-001-homecredit-reference-rf-corr-mrmr-lr-s42/folds/fold_2/prediction_metadata.json","1958","cb6241f2b964746e817c1c17f5ee29598a0006d32f8c698da5c58732802ffcc3"
"canonical_results","./results/runs/homecredit/cdv1-001-homecredit-reference-rf-corr-mrmr-lr-s42/folds/fold_2/predictions_dev.csv","3071599","006fa2175f2b06aab43107a2b012b8cd23935c02067512bb70b4f87ecd9fccf6"
"canonical_results","./results/runs/homecredit/cdv1-001-homecredit-reference-rf-corr-mrmr-lr-s42/folds/fold_2/rfe_selection_trace.csv","618","b875e39af0c8892a0310503c5b0368cb0c3641e0b70f3ffafc97849eaee78418"
"canonical_results","./results/runs/homecredit/cdv1-001-homecredit-reference-rf-corr-mrmr-lr-s42/folds/fold_2/selected_features.csv","557","f82eee30a61adf4390add1d9ab3b5a026d2f03a4323d4171b070e63e8100a529"
"canonical_results","./results/runs/homecredit/cdv1-001-homecredit-reference-rf-corr-mrmr-lr-s42/folds/fold_2/voter_rankings.csv","71845","ad0e9b1ffed4cc0d1fac0aaf0b61abfc36f8d844e4ee64691e52348217082e01"
"canonical_results","./results/runs/homecredit/cdv1-001-homecredit-reference-rf-corr-mrmr-lr-s42/folds/fold_3/aggregate_ranking.csv","35554","1ef7fc55f028e2c764bb2827f4150d6e846079a440f92d8d48c547b5322b80c9"
"canonical_results","./results/runs/homecredit/cdv1-001-homecredit-reference-rf-corr-mrmr-lr-s42/folds/fold_3/candidate_features.csv","497","2475fccd2b37ae7672a52c48608dd89cee7f2805eac7771b8dd1ed8a3e48e741"
"canonical_results","./results/runs/homecredit/cdv1-001-homecredit-reference-rf-corr-mrmr-lr-s42/folds/fold_3/effective_model_config.json","1258","dd24f560824b4e7a61b926b8aa9bba257b319537d657448933ffe6d17d567eb5"
"canonical_results","./results/runs/homecredit/cdv1-001-homecredit-reference-rf-corr-mrmr-lr-s42/folds/fold_3/prediction_metadata.json","1958","3fc02737b2aa519f6a0e7f22ae82b0d5e7b811fd5ef7c156441d607984347f79"
"canonical_results","./results/runs/homecredit/cdv1-001-homecredit-reference-rf-corr-mrmr-lr-s42/folds/fold_3/predictions_dev.csv","3027737","2bab6ab370e72abb827cc0bdacf8eeeb5216d103a1b9395ee18cb60692186e84"
"canonical_results","./results/runs/homecredit/cdv1-001-homecredit-reference-rf-corr-mrmr-lr-s42/folds/fold_3/rfe_selection_trace.csv","606","0df385af742653f0018957002f6b8dd66bff86bc2d591f7b7cfe37a3e767e492"
"canonical_results","./results/runs/homecredit/cdv1-001-homecredit-reference-rf-corr-mrmr-lr-s42/folds/fold_3/selected_features.csv","545","74750c3e6fbee1d8c0166eaa6cf061c485269216788c87899f0bae8a6f894408"
"canonical_results","./results/runs/homecredit/cdv1-001-homecredit-reference-rf-corr-mrmr-lr-s42/folds/fold_3/voter_rankings.csv","71860","bfbc324fb5755bf61b9f97ccea642b72ae26f63a94d6066a8caaacf1a38e3124"
"canonical_results","./results/runs/homecredit/cdv1-001-homecredit-reference-rf-corr-mrmr-lr-s42/folds/fold_4/aggregate_ranking.csv","35595","98b730d13f58449422c6dfb0a556adf242d35d10de367f9f57de83c50b3c518b"
"canonical_results","./results/runs/homecredit/cdv1-001-homecredit-reference-rf-corr-mrmr-lr-s42/folds/fold_4/candidate_features.csv","505","d06f066a2ce066c6732ef8fd6ac25ed24d81a0f1c78a3f7693e64f70b28faff9"
"canonical_results","./results/runs/homecredit/cdv1-001-homecredit-reference-rf-corr-mrmr-lr-s42/folds/fold_4/effective_model_config.json","1258","dd24f560824b4e7a61b926b8aa9bba257b319537d657448933ffe6d17d567eb5"
"canonical_results","./results/runs/homecredit/cdv1-001-homecredit-reference-rf-corr-mrmr-lr-s42/folds/fold_4/prediction_metadata.json","1958","df8769221283adf6aca4f07bf1033ced60c36c0cd0043d4a0546ca2cd359105d"
"canonical_results","./results/runs/homecredit/cdv1-001-homecredit-reference-rf-corr-mrmr-lr-s42/folds/fold_4/predictions_dev.csv","3069277","a8da5844f241686f0d0ecaa876a58bdd21cdd7759c3ecd0fe480a2d4d3fcc374"
"canonical_results","./results/runs/homecredit/cdv1-001-homecredit-reference-rf-corr-mrmr-lr-s42/folds/fold_4/rfe_selection_trace.csv","614","8191395e7ee2477e7aed03beb4f709580366ac8ed4306435884877a4e65db785"
"canonical_results","./results/runs/homecredit/cdv1-001-homecredit-reference-rf-corr-mrmr-lr-s42/folds/fold_4/selected_features.csv","553","952242d03c6259eef8dff5b189ca10023a090b563dbf6d674d8fe4e5037bdf9f"
"canonical_results","./results/runs/homecredit/cdv1-001-homecredit-reference-rf-corr-mrmr-lr-s42/folds/fold_4/voter_rankings.csv","71901","425e34658186268b18a23fdf55177b2deb635d346875eb6e82b5f3182623348b"
"canonical_results","./results/runs/homecredit/cdv1-001-homecredit-reference-rf-corr-mrmr-lr-s42/folds/fold_5/aggregate_ranking.csv","35559","df84e508c4537d32dbd110609049c67aa8b3f5dddb7a550776a6f76934a85579"
"canonical_results","./results/runs/homecredit/cdv1-001-homecredit-reference-rf-corr-mrmr-lr-s42/folds/fold_5/candidate_features.csv","500","b619cab19c3b7d6571f93258ecf031ff0a4344a5cd29843ff40bd06d7294b5ba"
"canonical_results","./results/runs/homecredit/cdv1-001-homecredit-reference-rf-corr-mrmr-lr-s42/folds/fold_5/effective_model_config.json","1258","dd24f560824b4e7a61b926b8aa9bba257b319537d657448933ffe6d17d567eb5"
"canonical_results","./results/runs/homecredit/cdv1-001-homecredit-reference-rf-corr-mrmr-lr-s42/folds/fold_5/prediction_metadata.json","1958","df66562f1bce6a7504c3782f61d4ca220a2fe739eea931e7267ff8d6822ba0d4"
"canonical_results","./results/runs/homecredit/cdv1-001-homecredit-reference-rf-corr-mrmr-lr-s42/folds/fold_5/predictions_dev.csv","3002199","71aa6efe11990edc261c5005deec9cb6ae0fb4ebb20ebd0e3d99b3037735df66"
"canonical_results","./results/runs/homecredit/cdv1-001-homecredit-reference-rf-corr-mrmr-lr-s42/folds/fold_5/rfe_selection_trace.csv","609","d61de6fe88b6ecd8cfa32564c41c2b23c3b4eec881b41421c98499d34c09e0aa"
"canonical_results","./results/runs/homecredit/cdv1-001-homecredit-reference-rf-corr-mrmr-lr-s42/folds/fold_5/selected_features.csv","548","6204303dd20154642395599630207df9db2550735421aa7bf05481a17fe25179"
"canonical_results","./results/runs/homecredit/cdv1-001-homecredit-reference-rf-corr-mrmr-lr-s42/folds/fold_5/voter_rankings.csv","71865","db455fd66b13b063615e0ef5406465d8c62b6108448f60355a04980ce5ca24da"
"canonical_results","./results/runs/homecredit/cdv1-001-homecredit-reference-rf-corr-mrmr-lr-s42/incomplete/attempt_history/attempt_01_resource_usage.json","1552","fd7a456b68906c1e492bac0c34496bed70e0fe9d4076983c53fe0cd0db04e76e"
"canonical_results","./results/runs/homecredit/cdv1-001-homecredit-reference-rf-corr-mrmr-lr-s42/manifest.json","9486","5fdaebb73d0aba97480b57d78141658015910513fced4d1db13f06516abcf5af"
"canonical_results","./results/runs/homecredit/cdv1-001-homecredit-reference-rf-corr-mrmr-lr-s42/preflight.json","4809","0ab71cce202b21c84a4e8ef0e4ad0ceda7aa293358ecdd85ebf680f93e041712"
"canonical_results","./results/runs/homecredit/cdv1-001-homecredit-reference-rf-corr-mrmr-lr-s42/resource_usage.json","747497","cb28096a23e5b52f5a6a2f599cc0a156a607944acddbb8a34b10e6d0098b2373"
"canonical_results","./results/runs/homecredit/cdv1-001-homecredit-reference-rf-corr-mrmr-lr-s42/results/dev_fold_metrics.csv","1496","29c865e93146dcdd0c5faefd86e9f04839731419194ed2108a0cc1adeb1aa1f8"
"canonical_results","./results/runs/homecredit/cdv1-001-homecredit-reference-rf-corr-mrmr-lr-s42/results/dev_prediction_metadata.json","2068","fb159b627516ed8074c10b8e00da5b53b71eb9e2d35cb21c4df5173636d40627"
"canonical_results","./results/runs/homecredit/cdv1-001-homecredit-reference-rf-corr-mrmr-lr-s42/results/dev_predictions.csv","15472547","9d1566dbf3c5665e30ac6c81e41cce1799135b9c526c0172bade05c93defa927"
"canonical_results","./results/runs/homecredit/cdv1-001-homecredit-reference-rf-corr-mrmr-lr-s42/run.log","3330","c69284bc649caf1960dcbd34738837f775757db9184b0f6e1a49cdedd84d8705"
"canonical_results","./results/runs/homecredit/cdv1-001-homecredit-reference-rf-corr-mrmr-lr-s42/run_manifest.json","9486","5fdaebb73d0aba97480b57d78141658015910513fced4d1db13f06516abcf5af"
"canonical_results","./results/runs/homecredit/cdv1-002-homecredit-voting-k100-lr-s42/checkpoint.json","59105","b34db5a3330a726070f829e22f9ba83bff8b4b0eb0818a0e4ae7bc6e9364f905"
"canonical_results","./results/runs/homecredit/cdv1-002-homecredit-voting-k100-lr-s42/config.json","1734","433595fbc52493485fd2f5323df3dbc77b536fb025056c5bdfe88fe9e9e3102d"
"canonical_results","./results/runs/homecredit/cdv1-002-homecredit-voting-k100-lr-s42/data_access_dev.json","9866","6bc03e5485eccb76e15d3d57d7bf558073fdd9deec487afae9062d8ba74366d9"
"canonical_results","./results/runs/homecredit/cdv1-002-homecredit-voting-k100-lr-s42/features/feature_stability_metrics.csv","113","67756f7ed8eb42b8f65be366a89ea0d0bea8a73dc284e29089efd6673db280c2"
"canonical_results","./results/runs/homecredit/cdv1-002-homecredit-voting-k100-lr-s42/features/fold_selected_features.csv","2726","6683e16f4f3f02bed2f2548065a68f5d384a57c8ad662c0fde55c01fe4937d59"
"canonical_results","./results/runs/homecredit/cdv1-002-homecredit-voting-k100-lr-s42/folds/fold_1/aggregate_ranking.csv","93519","58f0a5fff3ab765c89d47c9f567b9efe0921d44d20730ad9a136a59753e8c91e"
"canonical_results","./results/runs/homecredit/cdv1-002-homecredit-voting-k100-lr-s42/folds/fold_1/candidate_features.csv","2879","71d41af9cd36cda0bb035c8355a3784a34954d23ac6eb005d6fb5956abbf9f69"
"canonical_results","./results/runs/homecredit/cdv1-002-homecredit-voting-k100-lr-s42/folds/fold_1/effective_model_config.json","1568","43fb73f4227b6db7113faab6fad0392a6af6a9eeb68bca24b20f08d611540c52"
"canonical_results","./results/runs/homecredit/cdv1-002-homecredit-voting-k100-lr-s42/folds/fold_1/prediction_metadata.json","1938","4435bd7abdc7a187a5c675f66238b34e500b02d0dd9c912083f31f3a755822ed"
"canonical_results","./results/runs/homecredit/cdv1-002-homecredit-voting-k100-lr-s42/folds/fold_1/predictions_dev.csv","2936564","dd9c939794a5bee0cb30da883d3bf9483c3f98e6002ff4dcdcf6c4dd9ee6985c"
"canonical_results","./results/runs/homecredit/cdv1-002-homecredit-voting-k100-lr-s42/folds/fold_1/rfe_selection_trace.csv","3979","225f605aa27874858d118c893d8a9b11fe6bc0437c3ee0ec26085bd079c8cb44"
"canonical_results","./results/runs/homecredit/cdv1-002-homecredit-voting-k100-lr-s42/folds/fold_1/selected_features.csv","602","64325da0764b652c2e2af950a2e638dbc5b9659de2550c6930b7b70ecc06e036"
"canonical_results","./results/runs/homecredit/cdv1-002-homecredit-voting-k100-lr-s42/folds/fold_1/voter_rankings.csv","736095","5a9f575b6c57d45d77affae05be481c987a23b64d8e933b56787ae9ef7a1843d"
"canonical_results","./results/runs/homecredit/cdv1-002-homecredit-voting-k100-lr-s42/folds/fold_2/aggregate_ranking.csv","93461","b9f0eeb938bfa748c7301c93cf1fc2ccdd62624f095a21a3ccbfccf42b7e7f1d"
"canonical_results","./results/runs/homecredit/cdv1-002-homecredit-voting-k100-lr-s42/folds/fold_2/candidate_features.csv","2843","76a2eaf73b4c4fd44e183d42fa912375f3b67c62966f9225d1c3325a8ee018cc"
"canonical_results","./results/runs/homecredit/cdv1-002-homecredit-voting-k100-lr-s42/folds/fold_2/effective_model_config.json","1568","43fb73f4227b6db7113faab6fad0392a6af6a9eeb68bca24b20f08d611540c52"
"canonical_results","./results/runs/homecredit/cdv1-002-homecredit-voting-k100-lr-s42/folds/fold_2/prediction_metadata.json","1938","ab01b44f9a2851503b99b12e5e42274f4d2d78814ccffa58c78e1e8989a87c4e"
"canonical_results","./results/runs/homecredit/cdv1-002-homecredit-voting-k100-lr-s42/folds/fold_2/predictions_dev.csv","2922141","718572cda9ed7c21ec7d92ee2fb944d35401f28f32a059ff589db0330a448edd"
"canonical_results","./results/runs/homecredit/cdv1-002-homecredit-voting-k100-lr-s42/folds/fold_2/rfe_selection_trace.csv","3943","9b25cb302eaf170a2f53cbcc68b0e8a7255d686754a9fae0c3813e6b578ea8bd"
"canonical_results","./results/runs/homecredit/cdv1-002-homecredit-voting-k100-lr-s42/folds/fold_2/selected_features.csv","564","d66c5a9b4b0d441d18db1b6490a9913618d88921df7e8ba15a64858542a39280"
"canonical_results","./results/runs/homecredit/cdv1-002-homecredit-voting-k100-lr-s42/folds/fold_2/voter_rankings.csv","736279","a7517a010ff34fa99acf5ebd950543eb089e493cbe7d06cdb744e6447fb18763"
"canonical_results","./results/runs/homecredit/cdv1-002-homecredit-voting-k100-lr-s42/folds/fold_3/aggregate_ranking.csv","93396","ae643cd432958fc2d4cc21faba0faabc7848b3b83425ef513a04a77cb5f370b5"
"canonical_results","./results/runs/homecredit/cdv1-002-homecredit-voting-k100-lr-s42/folds/fold_3/candidate_features.csv","2841","d87a1cdd8076f3b56f7a1a9a82af468370d7bb2cd84dc2206f8d1423cdbe3a6d"
"canonical_results","./results/runs/homecredit/cdv1-002-homecredit-voting-k100-lr-s42/folds/fold_3/effective_model_config.json","1568","43fb73f4227b6db7113faab6fad0392a6af6a9eeb68bca24b20f08d611540c52"
"canonical_results","./results/runs/homecredit/cdv1-002-homecredit-voting-k100-lr-s42/folds/fold_3/prediction_metadata.json","1938","81322c10234d9aa6471f47c91d92cedc437b6732c02a9dfa84a1753f6a8a365b"
"canonical_results","./results/runs/homecredit/cdv1-002-homecredit-voting-k100-lr-s42/folds/fold_3/predictions_dev.csv","2880159","faeaa5f1c1b6735a86ac4e391aa143e0845f9ed8c1e724547f9027335927a9b1"
"canonical_results","./results/runs/homecredit/cdv1-002-homecredit-voting-k100-lr-s42/folds/fold_3/rfe_selection_trace.csv","3941","c644ed9aa8bac87b3548f528593993ee4d45d3b6aa20e54efbe74de18945bf65"
"canonical_results","./results/runs/homecredit/cdv1-002-homecredit-voting-k100-lr-s42/folds/fold_3/selected_features.csv","562","c21958c638bf996469ba5282c77f1586feb4e11212de4287a92333946608488c"
"canonical_results","./results/runs/homecredit/cdv1-002-homecredit-voting-k100-lr-s42/folds/fold_3/voter_rankings.csv","736294","2076d98046e292cc614007535aa73816f8e397019a3c2f3d502c5d0809825058"
"canonical_results","./results/runs/homecredit/cdv1-002-homecredit-voting-k100-lr-s42/folds/fold_4/aggregate_ranking.csv","93506","bc91e0691525bd7342050df4f0978bf95ca361032bb301925ba64e743054dda1"
"canonical_results","./results/runs/homecredit/cdv1-002-homecredit-voting-k100-lr-s42/folds/fold_4/candidate_features.csv","2859","b02ccca17316441dc559f17e9f8ac8488b41375437a6dc357f5e1a73a534bae6"
"canonical_results","./results/runs/homecredit/cdv1-002-homecredit-voting-k100-lr-s42/folds/fold_4/effective_model_config.json","1568","43fb73f4227b6db7113faab6fad0392a6af6a9eeb68bca24b20f08d611540c52"
"canonical_results","./results/runs/homecredit/cdv1-002-homecredit-voting-k100-lr-s42/folds/fold_4/prediction_metadata.json","1938","9c699857cae90684a31b78a6ea85ef87739985b4c70d95f61406214b94263d85"
"canonical_results","./results/runs/homecredit/cdv1-002-homecredit-voting-k100-lr-s42/folds/fold_4/predictions_dev.csv","2919488","86d4c96ca950dc414c917e95cf81fc69f534d55bc0f65b22ddcebdcbd193bb41"
"canonical_results","./results/runs/homecredit/cdv1-002-homecredit-voting-k100-lr-s42/folds/fold_4/rfe_selection_trace.csv","3959","7b6a6304a1eba7ba476f697b1205e57b7e386840374a8adb34aed008c2ce6aba"
"canonical_results","./results/runs/homecredit/cdv1-002-homecredit-voting-k100-lr-s42/folds/fold_4/selected_features.csv","575","d7232d6375909b537c3d7428d7f91eec0cfec1edd5cfd9e50ff5935d0432c09c"
"canonical_results","./results/runs/homecredit/cdv1-002-homecredit-voting-k100-lr-s42/folds/fold_4/voter_rankings.csv","736335","237d5b9289769249422a3f943451a72f5fed5a8d6f948dda6498b5a1b4322f73"
"canonical_results","./results/runs/homecredit/cdv1-002-homecredit-voting-k100-lr-s42/folds/fold_5/aggregate_ranking.csv","93484","f93e44678cb2b24c1df23544372edb5b7b62dd16ee9ef7dd200545b1d0895eb1"
"canonical_results","./results/runs/homecredit/cdv1-002-homecredit-voting-k100-lr-s42/folds/fold_5/candidate_features.csv","2838","94744e9c6c841c5402da14a2dbad94172ac7f47f50be70d9364175bae8f46878"
"canonical_results","./results/runs/homecredit/cdv1-002-homecredit-voting-k100-lr-s42/folds/fold_5/effective_model_config.json","1568","549c1e8e9d4009441ff2633ccea3e7573473553bd292fb3b01b7967d501c75cf"
"canonical_results","./results/runs/homecredit/cdv1-002-homecredit-voting-k100-lr-s42/folds/fold_5/prediction_metadata.json","1938","32a426cccffcbd9d852cf15ae2fb5a58a54cea1e849dc114ac563febe24202f6"
"canonical_results","./results/runs/homecredit/cdv1-002-homecredit-voting-k100-lr-s42/folds/fold_5/predictions_dev.csv","2855866","9797c1e887fac87df739e059e2e6ee8fb31faaee94049469e17c28cf8217b3b4"
"canonical_results","./results/runs/homecredit/cdv1-002-homecredit-voting-k100-lr-s42/folds/fold_5/rfe_selection_trace.csv","3938","657f90031fba99a6a33606200fd03629de4bbd667aead7f21145ad40ffea5dfa"
"canonical_results","./results/runs/homecredit/cdv1-002-homecredit-voting-k100-lr-s42/folds/fold_5/selected_features.csv","551","b84b3a80a4411c100c11121c6bd96076957208882752e7156e881646dcd59b58"
"canonical_results","./results/runs/homecredit/cdv1-002-homecredit-voting-k100-lr-s42/folds/fold_5/voter_rankings.csv","736299","7f18ce5f0a9ec2973abd8228f1e07e7f8fc671323467535623c24a7ce85d9f7f"
"canonical_results","./results/runs/homecredit/cdv1-002-homecredit-voting-k100-lr-s42/manifest.json","9319","33347f77bd6ff8714a8edaab3cce90ddd057e500af2bde3a397ea011c163b2e7"
"canonical_results","./results/runs/homecredit/cdv1-002-homecredit-voting-k100-lr-s42/preflight.json","4808","1e99308a69679af64d52003b4ec112eff20f407a279eccd242eeab3d5ab0c5e6"
"canonical_results","./results/runs/homecredit/cdv1-002-homecredit-voting-k100-lr-s42/resource_usage.json","2093571","f8b8322f42415fb4e135d88423d11a855d49ceb43f6d4b6a61b39b86df9faaa3"
"canonical_results","./results/runs/homecredit/cdv1-002-homecredit-voting-k100-lr-s42/results/dev_fold_metrics.csv","1500","be2bb2ce0e31fae10e0b2bc56deee5123c21e8d8d485b433decdc3d9abd07009"
"canonical_results","./results/runs/homecredit/cdv1-002-homecredit-voting-k100-lr-s42/results/dev_prediction_metadata.json","2048","f0d6b9f1f2737fa2e4f3fc6c8e1b444d80e5b6c2926d03ccbc982c3306b8312e"
"canonical_results","./results/runs/homecredit/cdv1-002-homecredit-voting-k100-lr-s42/results/dev_predictions.csv","14729088","4944809077fca72fd70386a7ce6faf5afbeab72650d847da5af7d6f3f3992a65"
"canonical_results","./results/runs/homecredit/cdv1-002-homecredit-voting-k100-lr-s42/run.log","5377","da4c1f6978514138bdd6d5ac999acb6842aedfe9d4465cb76ed3ac4715a86b60"
"canonical_results","./results/runs/homecredit/cdv1-002-homecredit-voting-k100-lr-s42/run_manifest.json","9319","33347f77bd6ff8714a8edaab3cce90ddd057e500af2bde3a397ea011c163b2e7"
"canonical_results","./results/runs/homecredit/cdv1-003-homecredit-voting-k200-lr-s42/checkpoint.json","59105","aa4a29440f8f5d7068974f62cd024f701214fc057ee48437df9ce3d98a969e7c"
"canonical_results","./results/runs/homecredit/cdv1-003-homecredit-voting-k200-lr-s42/config.json","1730","66e0a485f04ed999dc9cb72625d4efc9645f102a45b185af211eca51c769aebb"
"canonical_results","./results/runs/homecredit/cdv1-003-homecredit-voting-k200-lr-s42/data_access_dev.json","9866","6bc03e5485eccb76e15d3d57d7bf558073fdd9deec487afae9062d8ba74366d9"
"canonical_results","./results/runs/homecredit/cdv1-003-homecredit-voting-k200-lr-s42/features/feature_stability_metrics.csv","112","5d434179ad82fb9f7e9b4892fe7702c2235cf7fd9e294be53114bec5531e3d78"
"canonical_results","./results/runs/homecredit/cdv1-003-homecredit-voting-k200-lr-s42/features/fold_selected_features.csv","2633","767562722bf08a6af8e3c627f325ed6e13f9dda22b24355f473327c3bfbe2bd6"
"canonical_results","./results/runs/homecredit/cdv1-003-homecredit-voting-k200-lr-s42/folds/fold_1/aggregate_ranking.csv","93419","221387c1a1c9e71a3a4933e016884c33ef5af3ae40ecfb6dd31d5995f60553f7"
"canonical_results","./results/runs/homecredit/cdv1-003-homecredit-voting-k200-lr-s42/folds/fold_1/candidate_features.csv","5938","6612ca97ff305c70a16d5d17aca5eaa33a050eac7112b21c7d3b3d78e5a6ff30"
"canonical_results","./results/runs/homecredit/cdv1-003-homecredit-voting-k200-lr-s42/folds/fold_1/effective_model_config.json","1568","43fb73f4227b6db7113faab6fad0392a6af6a9eeb68bca24b20f08d611540c52"
"canonical_results","./results/runs/homecredit/cdv1-003-homecredit-voting-k200-lr-s42/folds/fold_1/prediction_metadata.json","1938","3c2bf0b9b990fd059ded37fc973d5146ad5a6612e7242883f53a64f3491e2d3c"
"canonical_results","./results/runs/homecredit/cdv1-003-homecredit-voting-k200-lr-s42/folds/fold_1/predictions_dev.csv","2936808","3b8a680b799763733b08cbe02c0676b0531a4666e79718d49388aebb88ec21d3"
"canonical_results","./results/runs/homecredit/cdv1-003-homecredit-voting-k200-lr-s42/folds/fold_1/rfe_selection_trace.csv","8238","e4848fd9ca091b3dc7556afd0aae0daad9dd7713ae9da804c0cb3a069dfb0f84"
"canonical_results","./results/runs/homecredit/cdv1-003-homecredit-voting-k200-lr-s42/folds/fold_1/selected_features.csv","569","807106c2814b61b79429ca909969256fe502606180b814ea37162a4b77390a6b"
"canonical_results","./results/runs/homecredit/cdv1-003-homecredit-voting-k200-lr-s42/folds/fold_1/voter_rankings.csv","736095","5a9f575b6c57d45d77affae05be481c987a23b64d8e933b56787ae9ef7a1843d"
"canonical_results","./results/runs/homecredit/cdv1-003-homecredit-voting-k200-lr-s42/folds/fold_2/aggregate_ranking.csv","93361","9d27b0341d73a480950d31f33d2262fbb65d33050a3b0551519d4f6b011e26cf"
"canonical_results","./results/runs/homecredit/cdv1-003-homecredit-voting-k200-lr-s42/folds/fold_2/candidate_features.csv","5888","fd0f5798fde2f2d3fd38cdffeb1718ab7c4a35f60728be7463b005e10f8b61b8"
"canonical_results","./results/runs/homecredit/cdv1-003-homecredit-voting-k200-lr-s42/folds/fold_2/effective_model_config.json","1568","43fb73f4227b6db7113faab6fad0392a6af6a9eeb68bca24b20f08d611540c52"
"canonical_results","./results/runs/homecredit/cdv1-003-homecredit-voting-k200-lr-s42/folds/fold_2/prediction_metadata.json","1938","2324c70e16dbb68cf81401af3e8436c73d7fac757d464dc8e3641987d5695225"
"canonical_results","./results/runs/homecredit/cdv1-003-homecredit-voting-k200-lr-s42/folds/fold_2/predictions_dev.csv","2922203","f1e4d11ae0485666d4ef23caec6d29d5986ea961444e5d226df4d768ee17621d"
"canonical_results","./results/runs/homecredit/cdv1-003-homecredit-voting-k200-lr-s42/folds/fold_2/rfe_selection_trace.csv","8188","b45e2541d02c4fb46295babb44d2921275b9090ec3382aadfdf557c9f1fb2a67"
"canonical_results","./results/runs/homecredit/cdv1-003-homecredit-voting-k200-lr-s42/folds/fold_2/selected_features.csv","549","1bf977e88f4abac96277ca83a0beb2ca2edc5ad9af0b8a5d97aaedccba0031ed"
"canonical_results","./results/runs/homecredit/cdv1-003-homecredit-voting-k200-lr-s42/folds/fold_2/voter_rankings.csv","736279","a7517a010ff34fa99acf5ebd950543eb089e493cbe7d06cdb744e6447fb18763"
"canonical_results","./results/runs/homecredit/cdv1-003-homecredit-voting-k200-lr-s42/folds/fold_3/aggregate_ranking.csv","93296","6e5c8f0fafb50c7b08999fc6144aa7673fcd470b4e8afc22f5304c3ebe700c47"
"canonical_results","./results/runs/homecredit/cdv1-003-homecredit-voting-k200-lr-s42/folds/fold_3/candidate_features.csv","5927","52ec4ca1e948cb71dedd4c81da84e927f30576725eb055b9167a8afbf9eaae5e"
"canonical_results","./results/runs/homecredit/cdv1-003-homecredit-voting-k200-lr-s42/folds/fold_3/effective_model_config.json","1568","43fb73f4227b6db7113faab6fad0392a6af6a9eeb68bca24b20f08d611540c52"
"canonical_results","./results/runs/homecredit/cdv1-003-homecredit-voting-k200-lr-s42/folds/fold_3/prediction_metadata.json","1938","87b74325310afad2af7505b38d24effaa869ba6763df84769b2165f3b3a6c73b"
"canonical_results","./results/runs/homecredit/cdv1-003-homecredit-voting-k200-lr-s42/folds/fold_3/predictions_dev.csv","2879998","928e2c51a48c52554b36af9877b7ceaffebcd3a738fbb8234848ff5874c41a41"
"canonical_results","./results/runs/homecredit/cdv1-003-homecredit-voting-k200-lr-s42/folds/fold_3/rfe_selection_trace.csv","8227","7d8f0cb98a822dc973f32177dc1f07898a9c92dfffbef4b2cfa56b0c857411c2"
"canonical_results","./results/runs/homecredit/cdv1-003-homecredit-voting-k200-lr-s42/folds/fold_3/selected_features.csv","552","c9c2ff66092161fe7b0da87d3931fc6ab4564e07a1b7539ba73ee6a79c1ca295"
"canonical_results","./results/runs/homecredit/cdv1-003-homecredit-voting-k200-lr-s42/folds/fold_3/voter_rankings.csv","736294","2076d98046e292cc614007535aa73816f8e397019a3c2f3d502c5d0809825058"
"canonical_results","./results/runs/homecredit/cdv1-003-homecredit-voting-k200-lr-s42/folds/fold_4/aggregate_ranking.csv","93406","77dc1901588ce56743f78dcaf7c1eed32fe2ef7b1ec9967474779f1957f9df30"
"canonical_results","./results/runs/homecredit/cdv1-003-homecredit-voting-k200-lr-s42/folds/fold_4/candidate_features.csv","5910","9b5925d7f6d8861928c6c9ca25cfbd3ba50fd7beb9270973ba98e09f50ec8891"
"canonical_results","./results/runs/homecredit/cdv1-003-homecredit-voting-k200-lr-s42/folds/fold_4/effective_model_config.json","1568","43fb73f4227b6db7113faab6fad0392a6af6a9eeb68bca24b20f08d611540c52"
"canonical_results","./results/runs/homecredit/cdv1-003-homecredit-voting-k200-lr-s42/folds/fold_4/prediction_metadata.json","1938","4aa1d3cc892e38d1f1b4ffb177e7e5c94384f0dde5fe0bed088cf212cce448a7"
"canonical_results","./results/runs/homecredit/cdv1-003-homecredit-voting-k200-lr-s42/folds/fold_4/predictions_dev.csv","2919495","6f28b9ff5fdff27a50a808827dcdf39e7365224989020df36dba379e030628c1"
"canonical_results","./results/runs/homecredit/cdv1-003-homecredit-voting-k200-lr-s42/folds/fold_4/rfe_selection_trace.csv","8210","648aebd355ea20f3f555f8423e34057bb2bb5b97708c54f95babfcb10ebdc413"
"canonical_results","./results/runs/homecredit/cdv1-003-homecredit-voting-k200-lr-s42/folds/fold_4/selected_features.csv","556","1b9cf358fd12c5be2591f664595169f9e3a6f56572a88b5528d232941b08aca6"
"canonical_results","./results/runs/homecredit/cdv1-003-homecredit-voting-k200-lr-s42/folds/fold_4/voter_rankings.csv","736335","237d5b9289769249422a3f943451a72f5fed5a8d6f948dda6498b5a1b4322f73"
"canonical_results","./results/runs/homecredit/cdv1-003-homecredit-voting-k200-lr-s42/folds/fold_5/aggregate_ranking.csv","93384","f924af63119e1217888457403d487069ca48f1d2f5f9be2a9d48174630946105"
"canonical_results","./results/runs/homecredit/cdv1-003-homecredit-voting-k200-lr-s42/folds/fold_5/candidate_features.csv","5960","32cca4c30f94654a27ad00584fd980acc7c7b6d76fa3c1fb0267c73e6c0411b0"
"canonical_results","./results/runs/homecredit/cdv1-003-homecredit-voting-k200-lr-s42/folds/fold_5/effective_model_config.json","1568","549c1e8e9d4009441ff2633ccea3e7573473553bd292fb3b01b7967d501c75cf"
"canonical_results","./results/runs/homecredit/cdv1-003-homecredit-voting-k200-lr-s42/folds/fold_5/prediction_metadata.json","1938","8a1b7be244de88026d83ca93948126eb4287c0587cf506dc842c2eb396abf126"
"canonical_results","./results/runs/homecredit/cdv1-003-homecredit-voting-k200-lr-s42/folds/fold_5/predictions_dev.csv","2855747","adfe158cc358de21569ad0190604ae715282e84a416a6bddced55e8f388874e0"
"canonical_results","./results/runs/homecredit/cdv1-003-homecredit-voting-k200-lr-s42/folds/fold_5/rfe_selection_trace.csv","8260","092bb5d52d89dc7d213876f06a350edafcc4735248e65876f47a86c38bb9f52a"
"canonical_results","./results/runs/homecredit/cdv1-003-homecredit-voting-k200-lr-s42/folds/fold_5/selected_features.csv","535","ada805cbc354e775c018da5b34a0736a0743de38a142be953fd5687a76bf4edb"
"canonical_results","./results/runs/homecredit/cdv1-003-homecredit-voting-k200-lr-s42/folds/fold_5/voter_rankings.csv","736299","7f18ce5f0a9ec2973abd8228f1e07e7f8fc671323467535623c24a7ce85d9f7f"
"canonical_results","./results/runs/homecredit/cdv1-003-homecredit-voting-k200-lr-s42/manifest.json","9315","0deddc543b32c8e305f82bef9e3f69640bcd4282ffd51af09371630a023fe8ed"
"canonical_results","./results/runs/homecredit/cdv1-003-homecredit-voting-k200-lr-s42/preflight.json","4805","04a6532e566f22cdaa2215c08477015d4e67e9d463855dc1af678763c0830340"
"canonical_results","./results/runs/homecredit/cdv1-003-homecredit-voting-k200-lr-s42/resource_usage.json","1961498","47f8c7a7716b0b75eb3e95c4a0496d5bed024078a0900aef7762bc7fa36b3a24"
"canonical_results","./results/runs/homecredit/cdv1-003-homecredit-voting-k200-lr-s42/results/dev_fold_metrics.csv","1493","b8d3dc76f251f8b1049f3dd88cd436cec012344680c8496633a9094460d04028"
"canonical_results","./results/runs/homecredit/cdv1-003-homecredit-voting-k200-lr-s42/results/dev_prediction_metadata.json","2048","d39f5d950f9bf1647c32e60e330d376f1ef8588fc3712b2edc69ee5028489247"
"canonical_results","./results/runs/homecredit/cdv1-003-homecredit-voting-k200-lr-s42/results/dev_predictions.csv","14728950","1d9abfcea99efe2ba566b0ed909e6da5952eb281151fb7c70eeb046e7513a372"
"canonical_results","./results/runs/homecredit/cdv1-003-homecredit-voting-k200-lr-s42/run.log","5377","928852fcfa0299dd35a236e52ab274825fbcefa6d3c340bab5e6047eba959999"
"canonical_results","./results/runs/homecredit/cdv1-003-homecredit-voting-k200-lr-s42/run_manifest.json","9315","0deddc543b32c8e305f82bef9e3f69640bcd4282ffd51af09371630a023fe8ed"
"canonical_results","./results/runs/homecredit/cdv1-004-homecredit-voting-k300-lr-s42/checkpoint.json","59110","ca10ee9bce3a5d4906fb4281d353f7c7cb53e1634d9414cf4ad43b07a654c4db"
"canonical_results","./results/runs/homecredit/cdv1-004-homecredit-voting-k300-lr-s42/config.json","1734","0ed577062a9b67e915200ad0c6768a1a32c8ec81c77b744107edac323cdddc35"
"canonical_results","./results/runs/homecredit/cdv1-004-homecredit-voting-k300-lr-s42/data_access_dev.json","9866","6bc03e5485eccb76e15d3d57d7bf558073fdd9deec487afae9062d8ba74366d9"
"canonical_results","./results/runs/homecredit/cdv1-004-homecredit-voting-k300-lr-s42/features/feature_stability_metrics.csv","127","b3644c53b4162bdef5b15b56a38e742a7338750a3bee7c13071f0660b7c7f596"
"canonical_results","./results/runs/homecredit/cdv1-004-homecredit-voting-k300-lr-s42/features/fold_selected_features.csv","2641","65669b821910865e1d7fbc1747c30535b5b587f21e73d4c2943890b2eb021fb3"
"canonical_results","./results/runs/homecredit/cdv1-004-homecredit-voting-k300-lr-s42/folds/fold_1/aggregate_ranking.csv","93319","0d8661587e17ed91e6e55fd1bdae42b03f8472053ea17da9a4aca2df59b09f62"
"canonical_results","./results/runs/homecredit/cdv1-004-homecredit-voting-k300-lr-s42/folds/fold_1/candidate_features.csv","8950","4f2ca6c70fbf792d7ddb125c8086cb28c911a1d935d77bb4a533c4c202b51eaa"
"canonical_results","./results/runs/homecredit/cdv1-004-homecredit-voting-k300-lr-s42/folds/fold_1/effective_model_config.json","1568","43fb73f4227b6db7113faab6fad0392a6af6a9eeb68bca24b20f08d611540c52"
"canonical_results","./results/runs/homecredit/cdv1-004-homecredit-voting-k300-lr-s42/folds/fold_1/prediction_metadata.json","1938","368070c597620fe145e8b2185daf3b923373536bbee49e60d9c5a106395cd6e3"
"canonical_results","./results/runs/homecredit/cdv1-004-homecredit-voting-k300-lr-s42/folds/fold_1/predictions_dev.csv","2936795","63eaf02ee1cd6859e4ca8ba39d9cbebd9c4cabb09e97d4a9de337deac3af45bb"
"canonical_results","./results/runs/homecredit/cdv1-004-homecredit-voting-k300-lr-s42/folds/fold_1/rfe_selection_trace.csv","12450","f709b4a3d8492710ca2e50103a71073f255ed056e0f90ccd4708857c748ac6ff"
"canonical_results","./results/runs/homecredit/cdv1-004-homecredit-voting-k300-lr-s42/folds/fold_1/selected_features.csv","569","02f173e32349c9edba5732848a250bcfba356b18adc62d29ed04fc5ab8bec18d"
"canonical_results","./results/runs/homecredit/cdv1-004-homecredit-voting-k300-lr-s42/folds/fold_1/voter_rankings.csv","736095","5a9f575b6c57d45d77affae05be481c987a23b64d8e933b56787ae9ef7a1843d"
"canonical_results","./results/runs/homecredit/cdv1-004-homecredit-voting-k300-lr-s42/folds/fold_2/aggregate_ranking.csv","93261","f67ae3e65b5bc595e33f9ab31a47085d0e90e34a1d4cc3964524b0a8d2a57042"
"canonical_results","./results/runs/homecredit/cdv1-004-homecredit-voting-k300-lr-s42/folds/fold_2/candidate_features.csv","8946","86ef818e54d43df6cb444c9031bdac3739304e475f82337f8277ca5dff04d466"
"canonical_results","./results/runs/homecredit/cdv1-004-homecredit-voting-k300-lr-s42/folds/fold_2/effective_model_config.json","1568","43fb73f4227b6db7113faab6fad0392a6af6a9eeb68bca24b20f08d611540c52"
"canonical_results","./results/runs/homecredit/cdv1-004-homecredit-voting-k300-lr-s42/folds/fold_2/prediction_metadata.json","1938","768fc1866bd847d64dd11a11ca2598cd403e074d2806d7a765fe2dea69a63cf9"
"canonical_results","./results/runs/homecredit/cdv1-004-homecredit-voting-k300-lr-s42/folds/fold_2/predictions_dev.csv","2922176","7071bb6b7155e86b3fae8841b9d3d6b85b010ae6df58456b050b2af328d3d26f"
"canonical_results","./results/runs/homecredit/cdv1-004-homecredit-voting-k300-lr-s42/folds/fold_2/rfe_selection_trace.csv","12446","bc166107c65446372e039d476fe69e9057f54ab30b7994751320c2fd41ad5d52"
"canonical_results","./results/runs/homecredit/cdv1-004-homecredit-voting-k300-lr-s42/folds/fold_2/selected_features.csv","538","72eb837d81b6e99226f3c56337fde6d26699cbba9d41cb96f992fc8051dd1486"
"canonical_results","./results/runs/homecredit/cdv1-004-homecredit-voting-k300-lr-s42/folds/fold_2/voter_rankings.csv","736279","a7517a010ff34fa99acf5ebd950543eb089e493cbe7d06cdb744e6447fb18763"
"canonical_results","./results/runs/homecredit/cdv1-004-homecredit-voting-k300-lr-s42/folds/fold_3/aggregate_ranking.csv","93196","971231a30e3f9b360b864c8e362354312d30e93b1542df16b56932efa6788913"
"canonical_results","./results/runs/homecredit/cdv1-004-homecredit-voting-k300-lr-s42/folds/fold_3/candidate_features.csv","8940","269cb4208578326902baf648448e67f8c9fa0efe6b92e21f5da5fca086a3ca80"
"canonical_results","./results/runs/homecredit/cdv1-004-homecredit-voting-k300-lr-s42/folds/fold_3/effective_model_config.json","1568","43fb73f4227b6db7113faab6fad0392a6af6a9eeb68bca24b20f08d611540c52"
"canonical_results","./results/runs/homecredit/cdv1-004-homecredit-voting-k300-lr-s42/folds/fold_3/prediction_metadata.json","1938","8839325bc0304c97c41ee49bdf9be182971813e036231513fcca416e2ab480ba"
"canonical_results","./results/runs/homecredit/cdv1-004-homecredit-voting-k300-lr-s42/folds/fold_3/predictions_dev.csv","2880137","8404005bef319c09c98fc092d0bc369087e36b479d17efc1e77793d2aebb8bf8"
"canonical_results","./results/runs/homecredit/cdv1-004-homecredit-voting-k300-lr-s42/folds/fold_3/rfe_selection_trace.csv","12440","45bb00269f30e64a702e989ba339b9d7130944bf99d5ab82ac4406e5c6721293"
"canonical_results","./results/runs/homecredit/cdv1-004-homecredit-voting-k300-lr-s42/folds/fold_3/selected_features.csv","556","8bf13e750da48bbec509a41c269f80cf56257b6f741b7aae10192c1bbaafe39d"
"canonical_results","./results/runs/homecredit/cdv1-004-homecredit-voting-k300-lr-s42/folds/fold_3/voter_rankings.csv","736294","2076d98046e292cc614007535aa73816f8e397019a3c2f3d502c5d0809825058"
"canonical_results","./results/runs/homecredit/cdv1-004-homecredit-voting-k300-lr-s42/folds/fold_4/aggregate_ranking.csv","93306","465673db0fb2df7c2c9579f4fb398163fc793a0b1ab62b7a15886707f9614e73"
"canonical_results","./results/runs/homecredit/cdv1-004-homecredit-voting-k300-lr-s42/folds/fold_4/candidate_features.csv","8996","170e4abcbc753da6e561eb8fe36c77ebb273c821cdaf7201008358c118911552"
"canonical_results","./results/runs/homecredit/cdv1-004-homecredit-voting-k300-lr-s42/folds/fold_4/effective_model_config.json","1568","43fb73f4227b6db7113faab6fad0392a6af6a9eeb68bca24b20f08d611540c52"
"canonical_results","./results/runs/homecredit/cdv1-004-homecredit-voting-k300-lr-s42/folds/fold_4/prediction_metadata.json","1938","32fe4325a7523e0ddcd3d7cc04d9458ff86bbff91815ff1b4b5bf4881645839f"
"canonical_results","./results/runs/homecredit/cdv1-004-homecredit-voting-k300-lr-s42/folds/fold_4/predictions_dev.csv","2919474","20ae3ebb6e0662faa47b1b2c43df965efaf68156ba9e91459ed99c4417afb546"
"canonical_results","./results/runs/homecredit/cdv1-004-homecredit-voting-k300-lr-s42/folds/fold_4/rfe_selection_trace.csv","12496","943814ae73143a6a8acfe514746f74950d65ef8744476eaeb05ff0df122793cd"
"canonical_results","./results/runs/homecredit/cdv1-004-homecredit-voting-k300-lr-s42/folds/fold_4/selected_features.csv","563","a67ec0dbbc5e813dd48523c19a0b98eb59e04ecd943d61f27f209b85f0b6e309"
"canonical_results","./results/runs/homecredit/cdv1-004-homecredit-voting-k300-lr-s42/folds/fold_4/voter_rankings.csv","736335","237d5b9289769249422a3f943451a72f5fed5a8d6f948dda6498b5a1b4322f73"
"canonical_results","./results/runs/homecredit/cdv1-004-homecredit-voting-k300-lr-s42/folds/fold_5/aggregate_ranking.csv","93284","8bff91df0d0913d0966c017c0aeb736a5ddf4fe8a0bdd950f76d4036e6b10615"
"canonical_results","./results/runs/homecredit/cdv1-004-homecredit-voting-k300-lr-s42/folds/fold_5/candidate_features.csv","9001","6993848737073ff7f0b13322c556e7db87c0d4ff26a36b31c1229890177fcc5f"
"canonical_results","./results/runs/homecredit/cdv1-004-homecredit-voting-k300-lr-s42/folds/fold_5/effective_model_config.json","1568","43fb73f4227b6db7113faab6fad0392a6af6a9eeb68bca24b20f08d611540c52"
"canonical_results","./results/runs/homecredit/cdv1-004-homecredit-voting-k300-lr-s42/folds/fold_5/prediction_metadata.json","1938","49799b09dfb7669e32789fe757223c2c95cac6b56f4be94976346f5f11d3e5ee"
"canonical_results","./results/runs/homecredit/cdv1-004-homecredit-voting-k300-lr-s42/folds/fold_5/predictions_dev.csv","2855761","b35dfa6a1061ce7a6e0557bc99b766df8486682caf3a3bd1997199ebf7bf200a"
"canonical_results","./results/runs/homecredit/cdv1-004-homecredit-voting-k300-lr-s42/folds/fold_5/rfe_selection_trace.csv","12501","bd0091a3c6081eb91ff5f0571a685f7fcc6577b6061bd5d7c7906781e219cc56"
"canonical_results","./results/runs/homecredit/cdv1-004-homecredit-voting-k300-lr-s42/folds/fold_5/selected_features.csv","543","dc6a63c074505e4564579de67bca77c3972f0df234a5ed587d0dbcb85b5e729a"
"canonical_results","./results/runs/homecredit/cdv1-004-homecredit-voting-k300-lr-s42/folds/fold_5/voter_rankings.csv","736299","7f18ce5f0a9ec2973abd8228f1e07e7f8fc671323467535623c24a7ce85d9f7f"
"canonical_results","./results/runs/homecredit/cdv1-004-homecredit-voting-k300-lr-s42/manifest.json","9319","0dd4ae9409880a582c709cddc14adeabccf82ee78397d671cf0ca89af8fd65b8"
"canonical_results","./results/runs/homecredit/cdv1-004-homecredit-voting-k300-lr-s42/preflight.json","4809","f9a88d14447969ae37cf70deef6c7e63c065c2e9f72941dd4afcc2b3460aa63a"
"canonical_results","./results/runs/homecredit/cdv1-004-homecredit-voting-k300-lr-s42/resource_usage.json","2082938","f233f7731dc0b9f12f41b3c06688ad07f6d32e6aa21aef567ed6c3fae2808325"
"canonical_results","./results/runs/homecredit/cdv1-004-homecredit-voting-k300-lr-s42/results/dev_fold_metrics.csv","1500","34af37b26202d8f4ceb537d9f49bf76e42233fdeb5514b7669dc9c03703cc001"
"canonical_results","./results/runs/homecredit/cdv1-004-homecredit-voting-k300-lr-s42/results/dev_prediction_metadata.json","2048","24bc937eb95f57309efd1055155c1f34166350aa40b1a8acea8a9dc991a41410"
"canonical_results","./results/runs/homecredit/cdv1-004-homecredit-voting-k300-lr-s42/results/dev_predictions.csv","14728959","26a5770dd45bb7b0fb4590c3b4393b2f2b2a56bb6297287d8f5b74671fae503f"
"canonical_results","./results/runs/homecredit/cdv1-004-homecredit-voting-k300-lr-s42/run.log","5377","cc1a0bb81261ac621cef230b320dbc8a0f6ad8aaf14a4489db0b3cfdd83ff652"
"canonical_results","./results/runs/homecredit/cdv1-004-homecredit-voting-k300-lr-s42/run_manifest.json","9319","0dd4ae9409880a582c709cddc14adeabccf82ee78397d671cf0ca89af8fd65b8"
"canonical_results","./results/runs/homecredit/cdv1-005-homecredit-reference-rf-corr-mrmr-catboost-s42/checkpoint.json","54620","723e962c1034388908caa165fec184d2b5f7673b2c39d021bd4c8780d58f2d57"
"canonical_results","./results/runs/homecredit/cdv1-005-homecredit-reference-rf-corr-mrmr-catboost-s42/config.json","1758","52ce8e07590bdbe4ab53de16462b7ca76358a4a56ad1661e6d8fe8ce3a6a9d6f"
"canonical_results","./results/runs/homecredit/cdv1-005-homecredit-reference-rf-corr-mrmr-catboost-s42/data_access_dev.json","9866","6bc03e5485eccb76e15d3d57d7bf558073fdd9deec487afae9062d8ba74366d9"
"canonical_results","./results/runs/homecredit/cdv1-005-homecredit-reference-rf-corr-mrmr-catboost-s42/features/feature_stability_metrics.csv","126","61f4bc0f79ae254f98206931054ef77c8b5ea4ac4af60dca4258ad567166a9e8"
"canonical_results","./results/runs/homecredit/cdv1-005-homecredit-reference-rf-corr-mrmr-catboost-s42/features/fold_selected_features.csv","5608","1ec8075905bc911e0b72d7acb8487f08860463864d7cf21d62b57dd0804eabe1"
"canonical_results","./results/runs/homecredit/cdv1-005-homecredit-reference-rf-corr-mrmr-catboost-s42/folds/fold_1/aggregate_ranking.csv","35435","8e5e9b6323e8592f5bc646936986e30a2ea868fd327062f1ea39b2ccfcb1ecfa"
"canonical_results","./results/runs/homecredit/cdv1-005-homecredit-reference-rf-corr-mrmr-catboost-s42/folds/fold_1/candidate_features.csv","1049","c6609cbfc37753961e7f1fb696e1485264f95f48422633cb14fe5c39336ab698"
"canonical_results","./results/runs/homecredit/cdv1-005-homecredit-reference-rf-corr-mrmr-catboost-s42/folds/fold_1/effective_model_config.json","1958","60eef649e17656ae974c984165cf25317082560565be14878ecfd007fad858bb"
"canonical_results","./results/runs/homecredit/cdv1-005-homecredit-reference-rf-corr-mrmr-catboost-s42/folds/fold_1/prediction_metadata.json","1976","3930971a757d02d30b0e5d3a733c9d678aa94744c71fac2894638c7ccdee5f7c"
"canonical_results","./results/runs/homecredit/cdv1-005-homecredit-reference-rf-corr-mrmr-catboost-s42/folds/fold_1/predictions_dev.csv","3292690","b3eeee787dc9bdba2d9b29486372cca7b222642b0928852c9f9e7f428af2e52f"
"canonical_results","./results/runs/homecredit/cdv1-005-homecredit-reference-rf-corr-mrmr-catboost-s42/folds/fold_1/rfe_selection_trace.csv","1258","5aeb69fb737ed5d98a5e3eadf4a8b2d566015503410220c0fe46baa48706077a"
"canonical_results","./results/runs/homecredit/cdv1-005-homecredit-reference-rf-corr-mrmr-catboost-s42/folds/fold_1/selected_features.csv","1137","87fec82122bb0ca7f52c0f1e06bf54a0e7a4b8815d7759ce04c4cfb5ccfb0c45"
"canonical_results","./results/runs/homecredit/cdv1-005-homecredit-reference-rf-corr-mrmr-catboost-s42/folds/fold_1/voter_rankings.csv","71967","912e53a482408bd6c7fcd4432abcfdb3e716321975361c3d419adba7dc67d3f0"
"canonical_results","./results/runs/homecredit/cdv1-005-homecredit-reference-rf-corr-mrmr-catboost-s42/folds/fold_2/aggregate_ranking.csv","35619","461526614d1b3724810d387315952187b9d0c8788f3ff5181530f636c24e2f53"
"canonical_results","./results/runs/homecredit/cdv1-005-homecredit-reference-rf-corr-mrmr-catboost-s42/folds/fold_2/candidate_features.csv","1063","8ec5f59cc0ce785edbf223a99e9029905d5d07650531daf7954c066e9406476f"
"canonical_results","./results/runs/homecredit/cdv1-005-homecredit-reference-rf-corr-mrmr-catboost-s42/folds/fold_2/effective_model_config.json","1958","60eef649e17656ae974c984165cf25317082560565be14878ecfd007fad858bb"
"canonical_results","./results/runs/homecredit/cdv1-005-homecredit-reference-rf-corr-mrmr-catboost-s42/folds/fold_2/prediction_metadata.json","1976","14d2853d3023ca5f6e1302a62b2f5794f12859261c1f0fe54cdf4ea61f27b077"
"canonical_results","./results/runs/homecredit/cdv1-005-homecredit-reference-rf-corr-mrmr-catboost-s42/folds/fold_2/predictions_dev.csv","3275455","48c0c10636229979ba657d2a8eb5ddf77eacebf52a250a4442c65b3fc0eaf391"
"canonical_results","./results/runs/homecredit/cdv1-005-homecredit-reference-rf-corr-mrmr-catboost-s42/folds/fold_2/rfe_selection_trace.csv","1272","dfa6dbabea1ea47bbd8edac86588695fca549ef5bee79b922b425eb70a2f28a4"
"canonical_results","./results/runs/homecredit/cdv1-005-homecredit-reference-rf-corr-mrmr-catboost-s42/folds/fold_2/selected_features.csv","1151","ede616323f692deca3a6be37b38b3a28b731b0adf802343c0bc7147b0bc7a07b"
"canonical_results","./results/runs/homecredit/cdv1-005-homecredit-reference-rf-corr-mrmr-catboost-s42/folds/fold_2/voter_rankings.csv","72151","839da5f470981a3ee65a7e7432d3f24fecacb4ed46c2a8b0e58a2d34e228c6e4"
"canonical_results","./results/runs/homecredit/cdv1-005-homecredit-reference-rf-corr-mrmr-catboost-s42/folds/fold_3/aggregate_ranking.csv","35634","ec667589a82cd335fd526e457857c4ae68ea7a3169905b04b24c5c2970aaf199"
"canonical_results","./results/runs/homecredit/cdv1-005-homecredit-reference-rf-corr-mrmr-catboost-s42/folds/fold_3/candidate_features.csv","1051","704d92dee3da530d76743077a1d94a2a01ce833e72280ee3734523b425e9fa61"
"canonical_results","./results/runs/homecredit/cdv1-005-homecredit-reference-rf-corr-mrmr-catboost-s42/folds/fold_3/effective_model_config.json","1958","60eef649e17656ae974c984165cf25317082560565be14878ecfd007fad858bb"
"canonical_results","./results/runs/homecredit/cdv1-005-homecredit-reference-rf-corr-mrmr-catboost-s42/folds/fold_3/prediction_metadata.json","1976","b68c70268e5e345ca4d6aa2e37870821a67a01dcd458146b99906143ce73b5cc"
"canonical_results","./results/runs/homecredit/cdv1-005-homecredit-reference-rf-corr-mrmr-catboost-s42/folds/fold_3/predictions_dev.csv","3228104","7fe0e3c95386495ef77918539fe54747ac5560c0cbaa1b3a726e636c954e47c5"
"canonical_results","./results/runs/homecredit/cdv1-005-homecredit-reference-rf-corr-mrmr-catboost-s42/folds/fold_3/rfe_selection_trace.csv","1260","f21fde5a1940ec133fb2c9136e87a89b6c150b1147c872dabe387e07e48df4c2"
"canonical_results","./results/runs/homecredit/cdv1-005-homecredit-reference-rf-corr-mrmr-catboost-s42/folds/fold_3/selected_features.csv","1139","ca4a12ed8636e36427d0f11f744a83ee004dccf224507e64814a6c9ed5408c30"
"canonical_results","./results/runs/homecredit/cdv1-005-homecredit-reference-rf-corr-mrmr-catboost-s42/folds/fold_3/voter_rankings.csv","72166","03d91f349d045fdc5de0d983ef91c67b1b9725a257f58c836b64dc57a0761a5f"
"canonical_results","./results/runs/homecredit/cdv1-005-homecredit-reference-rf-corr-mrmr-catboost-s42/folds/fold_4/aggregate_ranking.csv","35675","1fd17298c6376f247e0531b3eaaae4fb0f19627845262750a86551dff6777cee"
"canonical_results","./results/runs/homecredit/cdv1-005-homecredit-reference-rf-corr-mrmr-catboost-s42/folds/fold_4/candidate_features.csv","1067","ad8f18c24b9b9e5b52e33e9b36d79f7a9f4ee63ef957a0f4d40ada52a9649825"
"canonical_results","./results/runs/homecredit/cdv1-005-homecredit-reference-rf-corr-mrmr-catboost-s42/folds/fold_4/effective_model_config.json","1958","60eef649e17656ae974c984165cf25317082560565be14878ecfd007fad858bb"
"canonical_results","./results/runs/homecredit/cdv1-005-homecredit-reference-rf-corr-mrmr-catboost-s42/folds/fold_4/prediction_metadata.json","1976","eded84b4a24cbef6e32e5af5e742b717bb4d97d9474fc916900efc84f797578c"
"canonical_results","./results/runs/homecredit/cdv1-005-homecredit-reference-rf-corr-mrmr-catboost-s42/folds/fold_4/predictions_dev.csv","3271642","a1ec4e4d78a344c1fddc4bf6db477d86e618dddb4adf9f062c481e4c96c4e4fc"
"canonical_results","./results/runs/homecredit/cdv1-005-homecredit-reference-rf-corr-mrmr-catboost-s42/folds/fold_4/rfe_selection_trace.csv","1276","2d8a82f89c2c647d34d7edb711c9b96a330afd84fd6c59a097c5c07cbc39ae41"
"canonical_results","./results/runs/homecredit/cdv1-005-homecredit-reference-rf-corr-mrmr-catboost-s42/folds/fold_4/selected_features.csv","1155","032bc17069c435bc875e8c58e51e4077689f3f61ee3dd338627a008c283cd7a4"
"canonical_results","./results/runs/homecredit/cdv1-005-homecredit-reference-rf-corr-mrmr-catboost-s42/folds/fold_4/voter_rankings.csv","72207","f503e1a4a99ab672fdc49229e744ae731f1d88ffacbb7add9d2201e892ed760d"
"canonical_results","./results/runs/homecredit/cdv1-005-homecredit-reference-rf-corr-mrmr-catboost-s42/folds/fold_5/aggregate_ranking.csv","35639","81a70de56105c47c807d09fd72a458bd89dcdd2eac4d5d0e1c74be19d0d431d2"
"canonical_results","./results/runs/homecredit/cdv1-005-homecredit-reference-rf-corr-mrmr-catboost-s42/folds/fold_5/candidate_features.csv","1066","d659f94566e8680dd987643fb2615ab1dd8a639973ff6324157dd99dd03f5e94"
"canonical_results","./results/runs/homecredit/cdv1-005-homecredit-reference-rf-corr-mrmr-catboost-s42/folds/fold_5/effective_model_config.json","1958","60eef649e17656ae974c984165cf25317082560565be14878ecfd007fad858bb"
"canonical_results","./results/runs/homecredit/cdv1-005-homecredit-reference-rf-corr-mrmr-catboost-s42/folds/fold_5/prediction_metadata.json","1976","9e73801fc3476ff2ef000f81e5921626b95dc8fc3a777225d4d366c3df948dcd"
"canonical_results","./results/runs/homecredit/cdv1-005-homecredit-reference-rf-corr-mrmr-catboost-s42/folds/fold_5/predictions_dev.csv","3200233","77961fc8fc32623374b47ba11d3de3009405ec9c050d2f58819fcc0357cb2334"
"canonical_results","./results/runs/homecredit/cdv1-005-homecredit-reference-rf-corr-mrmr-catboost-s42/folds/fold_5/rfe_selection_trace.csv","1275","f3c3f7dbc53fcbcf9f421198c0bc3b34360793a60a51020e10385e48f9c65554"
"canonical_results","./results/runs/homecredit/cdv1-005-homecredit-reference-rf-corr-mrmr-catboost-s42/folds/fold_5/selected_features.csv","1154","d3293284b71ce88f78fddd3591f6bb7182064485c03ed1eac71ce7c159e299e8"
"canonical_results","./results/runs/homecredit/cdv1-005-homecredit-reference-rf-corr-mrmr-catboost-s42/folds/fold_5/voter_rankings.csv","72171","9fc85a34a3c748f4dffd993b80c66e6552fb455d19041352a5a2e05ad09c7bf3"
"canonical_results","./results/runs/homecredit/cdv1-005-homecredit-reference-rf-corr-mrmr-catboost-s42/manifest.json","9398","03dfec39b67129c1cbb9683841bf07071e5ef57d1d4c2cf110c185a5558abe5f"
"canonical_results","./results/runs/homecredit/cdv1-005-homecredit-reference-rf-corr-mrmr-catboost-s42/preflight.json","4806","cce77e7f0dbfd030880fb768f1461199e45ff6434dd1a4843f21bbf1a22879b0"
"canonical_results","./results/runs/homecredit/cdv1-005-homecredit-reference-rf-corr-mrmr-catboost-s42/resource_usage.json","761672","7c37990231c14d4a699136f16345fae58fb93f5c3f4fad06cfce62562fed5872"
"canonical_results","./results/runs/homecredit/cdv1-005-homecredit-reference-rf-corr-mrmr-catboost-s42/results/dev_fold_metrics.csv","1505","ac7d851be5f478446cc26cef184b00f625a577520ed320043b102de116a75485"
"canonical_results","./results/runs/homecredit/cdv1-005-homecredit-reference-rf-corr-mrmr-catboost-s42/results/dev_prediction_metadata.json","2086","526369cd3061a4f0d609f76b88585aae8aa4f2721da51145f6b602a410713a32"
"canonical_results","./results/runs/homecredit/cdv1-005-homecredit-reference-rf-corr-mrmr-catboost-s42/results/dev_predictions.csv","16464615","240ca63a289e1fc4d587f7f02e343721135b59defd2f90b612d76ee8f35a68f0"
"canonical_results","./results/runs/homecredit/cdv1-005-homecredit-reference-rf-corr-mrmr-catboost-s42/run.log","3330","835cae1c61cb8323b4b7a68836249c38d476934df1ddd83f05a6ba10085a0396"
"canonical_results","./results/runs/homecredit/cdv1-005-homecredit-reference-rf-corr-mrmr-catboost-s42/run_manifest.json","9398","03dfec39b67129c1cbb9683841bf07071e5ef57d1d4c2cf110c185a5558abe5f"
"canonical_results","./results/runs/homecredit/cdv1-006-homecredit-voting-k100-catboost-s42/checkpoint.json","59140","c30448b447ee9a71a0efa4923323028e84b928958036a0cbd675f39e913ccc02"
"canonical_results","./results/runs/homecredit/cdv1-006-homecredit-voting-k100-catboost-s42/config.json","1758","f323de42a8d76a67bb2d6f40f78b5bcaee2cc279a695e22ed40735dc88f577f8"
"canonical_results","./results/runs/homecredit/cdv1-006-homecredit-voting-k100-catboost-s42/data_access_dev.json","9866","6bc03e5485eccb76e15d3d57d7bf558073fdd9deec487afae9062d8ba74366d9"
"canonical_results","./results/runs/homecredit/cdv1-006-homecredit-voting-k100-catboost-s42/features/feature_stability_metrics.csv","128","7f47f30fc89805746da2f0adfe6fd1d0a950bcaaab67775a6414742f952d3b66"
"canonical_results","./results/runs/homecredit/cdv1-006-homecredit-voting-k100-catboost-s42/features/fold_selected_features.csv","5738","d533ed899ec14b61483b97612cb8e1fe46df9ae259eead12ae164c9a61d9b571"
"canonical_results","./results/runs/homecredit/cdv1-006-homecredit-voting-k100-catboost-s42/folds/fold_1/aggregate_ranking.csv","93519","58f0a5fff3ab765c89d47c9f567b9efe0921d44d20730ad9a136a59753e8c91e"
"canonical_results","./results/runs/homecredit/cdv1-006-homecredit-voting-k100-catboost-s42/folds/fold_1/candidate_features.csv","2879","71d41af9cd36cda0bb035c8355a3784a34954d23ac6eb005d6fb5956abbf9f69"
"canonical_results","./results/runs/homecredit/cdv1-006-homecredit-voting-k100-catboost-s42/folds/fold_1/effective_model_config.json","2268","a5497c38be87784d907ac3b563defb495fe3ed60b3befaa80a3315db7d904c01"
"canonical_results","./results/runs/homecredit/cdv1-006-homecredit-voting-k100-catboost-s42/folds/fold_1/prediction_metadata.json","1956","8af09075336d87c95e7eee8e776fd54ac40d383b1d5201835b1ac90f3b7aa956"
"canonical_results","./results/runs/homecredit/cdv1-006-homecredit-voting-k100-catboost-s42/folds/fold_1/predictions_dev.csv","3141930","c4f2877d9c44b10c80a03fc979ad3a5a209307680acba5fd158fa02035569411"
"canonical_results","./results/runs/homecredit/cdv1-006-homecredit-voting-k100-catboost-s42/folds/fold_1/rfe_selection_trace.csv","3959","a61ad7e4c85d5357fed575cc044af448d11ab153dc821443abeabbaeff3a0820"
"canonical_results","./results/runs/homecredit/cdv1-006-homecredit-voting-k100-catboost-s42/folds/fold_1/selected_features.csv","1202","2812cbdc8727cdb7f20c9bb69bad1083d6c5945790d561395fbc7a2413422cab"
"canonical_results","./results/runs/homecredit/cdv1-006-homecredit-voting-k100-catboost-s42/folds/fold_1/voter_rankings.csv","736095","5a9f575b6c57d45d77affae05be481c987a23b64d8e933b56787ae9ef7a1843d"
"canonical_results","./results/runs/homecredit/cdv1-006-homecredit-voting-k100-catboost-s42/folds/fold_2/aggregate_ranking.csv","93461","b9f0eeb938bfa748c7301c93cf1fc2ccdd62624f095a21a3ccbfccf42b7e7f1d"
"canonical_results","./results/runs/homecredit/cdv1-006-homecredit-voting-k100-catboost-s42/folds/fold_2/candidate_features.csv","2843","76a2eaf73b4c4fd44e183d42fa912375f3b67c62966f9225d1c3325a8ee018cc"
"canonical_results","./results/runs/homecredit/cdv1-006-homecredit-voting-k100-catboost-s42/folds/fold_2/effective_model_config.json","2268","8804aafc3c5980f8e1c52dc6bd9f1bfc5e90c06864a03b836f2c5c9db497ae37"
"canonical_results","./results/runs/homecredit/cdv1-006-homecredit-voting-k100-catboost-s42/folds/fold_2/prediction_metadata.json","1956","5be9f90cacdf57dc5bcbeada1e0dcc3828076629a1bcbd0fc7cb56adbaebce25"
"canonical_results","./results/runs/homecredit/cdv1-006-homecredit-voting-k100-catboost-s42/folds/fold_2/predictions_dev.csv","3125817","f6e0a774527ceab2af21a1c0dbd09dcb83d01833330de6ad144158aaa5a77c50"
"canonical_results","./results/runs/homecredit/cdv1-006-homecredit-voting-k100-catboost-s42/folds/fold_2/rfe_selection_trace.csv","3923","cf5abbcda692eba5bdbcd9caac1af2509dae95991b42a9622a676335ba3b5312"
"canonical_results","./results/runs/homecredit/cdv1-006-homecredit-voting-k100-catboost-s42/folds/fold_2/selected_features.csv","1180","81c44a18df068c1320c29fd0cc31de06eba7656395839899ae357c434c835e54"
"canonical_results","./results/runs/homecredit/cdv1-006-homecredit-voting-k100-catboost-s42/folds/fold_2/voter_rankings.csv","736279","a7517a010ff34fa99acf5ebd950543eb089e493cbe7d06cdb744e6447fb18763"
"canonical_results","./results/runs/homecredit/cdv1-006-homecredit-voting-k100-catboost-s42/folds/fold_3/aggregate_ranking.csv","93396","ae643cd432958fc2d4cc21faba0faabc7848b3b83425ef513a04a77cb5f370b5"
"canonical_results","./results/runs/homecredit/cdv1-006-homecredit-voting-k100-catboost-s42/folds/fold_3/candidate_features.csv","2841","d87a1cdd8076f3b56f7a1a9a82af468370d7bb2cd84dc2206f8d1423cdbe3a6d"
"canonical_results","./results/runs/homecredit/cdv1-006-homecredit-voting-k100-catboost-s42/folds/fold_3/effective_model_config.json","2268","2f7817760e10fd7c68a08d9ca52dc603e34b622394b94601d674169b48264eb0"
"canonical_results","./results/runs/homecredit/cdv1-006-homecredit-voting-k100-catboost-s42/folds/fold_3/prediction_metadata.json","1956","66cb0bb68b7af43fb523904ee325cea305a87fbff95e25ec3676aa00719cdbee"
"canonical_results","./results/runs/homecredit/cdv1-006-homecredit-voting-k100-catboost-s42/folds/fold_3/predictions_dev.csv","3081067","79bd6d4c5b8bed067d4a7f51affb326149f413a40f8d594b35bbb8dc62ec06e8"
"canonical_results","./results/runs/homecredit/cdv1-006-homecredit-voting-k100-catboost-s42/folds/fold_3/rfe_selection_trace.csv","3921","360e4ee80aecc3b32915ae992eff719ec1a0b91c51dd408614d0f9956b1cc3a2"
"canonical_results","./results/runs/homecredit/cdv1-006-homecredit-voting-k100-catboost-s42/folds/fold_3/selected_features.csv","1185","c18a68577854e3475963349858969e2201da914fed056fa2539c6b9c9bc6eac7"
"canonical_results","./results/runs/homecredit/cdv1-006-homecredit-voting-k100-catboost-s42/folds/fold_3/voter_rankings.csv","736294","2076d98046e292cc614007535aa73816f8e397019a3c2f3d502c5d0809825058"
"canonical_results","./results/runs/homecredit/cdv1-006-homecredit-voting-k100-catboost-s42/folds/fold_4/aggregate_ranking.csv","93506","bc91e0691525bd7342050df4f0978bf95ca361032bb301925ba64e743054dda1"
"canonical_results","./results/runs/homecredit/cdv1-006-homecredit-voting-k100-catboost-s42/folds/fold_4/candidate_features.csv","2859","b02ccca17316441dc559f17e9f8ac8488b41375437a6dc357f5e1a73a534bae6"
"canonical_results","./results/runs/homecredit/cdv1-006-homecredit-voting-k100-catboost-s42/folds/fold_4/effective_model_config.json","2268","2f7817760e10fd7c68a08d9ca52dc603e34b622394b94601d674169b48264eb0"
"canonical_results","./results/runs/homecredit/cdv1-006-homecredit-voting-k100-catboost-s42/folds/fold_4/prediction_metadata.json","1956","8222189b78b1a796c6ca9600f86d1bfd20b0eb85768b3fbc0658daf13523c2b5"
"canonical_results","./results/runs/homecredit/cdv1-006-homecredit-voting-k100-catboost-s42/folds/fold_4/predictions_dev.csv","3122586","bb0f02fedaf17a70f406906ffe235a91e5e1897c7c9e0a0ce153e64e48044978"
"canonical_results","./results/runs/homecredit/cdv1-006-homecredit-voting-k100-catboost-s42/folds/fold_4/rfe_selection_trace.csv","3939","4d09dcdaace089d0203f9bb0baf31551f283d6ddb94a04ffe7e99294c0f2dfe0"
"canonical_results","./results/runs/homecredit/cdv1-006-homecredit-voting-k100-catboost-s42/folds/fold_4/selected_features.csv","1165","06b3d6988484995fe75d5aa42d4dc6273d84171a0910f811876d587ebd2ca3d6"
"canonical_results","./results/runs/homecredit/cdv1-006-homecredit-voting-k100-catboost-s42/folds/fold_4/voter_rankings.csv","736335","237d5b9289769249422a3f943451a72f5fed5a8d6f948dda6498b5a1b4322f73"
"canonical_results","./results/runs/homecredit/cdv1-006-homecredit-voting-k100-catboost-s42/folds/fold_5/aggregate_ranking.csv","93484","f93e44678cb2b24c1df23544372edb5b7b62dd16ee9ef7dd200545b1d0895eb1"
"canonical_results","./results/runs/homecredit/cdv1-006-homecredit-voting-k100-catboost-s42/folds/fold_5/candidate_features.csv","2838","94744e9c6c841c5402da14a2dbad94172ac7f47f50be70d9364175bae8f46878"
"canonical_results","./results/runs/homecredit/cdv1-006-homecredit-voting-k100-catboost-s42/folds/fold_5/effective_model_config.json","2268","414abab04a4428468a32fa53d042de4fd94fb361d31896a8a797a87fb50daff3"
"canonical_results","./results/runs/homecredit/cdv1-006-homecredit-voting-k100-catboost-s42/folds/fold_5/prediction_metadata.json","1956","5162cadcdd5b42b85e00ffda7c13f292ce465ec7d75fd4177e5ce006ce21a877"
"canonical_results","./results/runs/homecredit/cdv1-006-homecredit-voting-k100-catboost-s42/folds/fold_5/predictions_dev.csv","3054317","20c1cfc565787f34ad8fed76013ec33e183a5c36d6b2be93b38d3d0f84457695"
"canonical_results","./results/runs/homecredit/cdv1-006-homecredit-voting-k100-catboost-s42/folds/fold_5/rfe_selection_trace.csv","3918","f0594653475b31a83e62b9a8f4e62d6895383a7a1ec2841981d67f10713ffc89"
"canonical_results","./results/runs/homecredit/cdv1-006-homecredit-voting-k100-catboost-s42/folds/fold_5/selected_features.csv","1134","6883244b2c454ebd57263d6d19c8c9f622a130d9a060db708611e27555723894"
"canonical_results","./results/runs/homecredit/cdv1-006-homecredit-voting-k100-catboost-s42/folds/fold_5/voter_rankings.csv","736299","7f18ce5f0a9ec2973abd8228f1e07e7f8fc671323467535623c24a7ce85d9f7f"
"canonical_results","./results/runs/homecredit/cdv1-006-homecredit-voting-k100-catboost-s42/manifest.json","9367","8a79d3504a94bf9ec112e55ab2f4a16029d6abb9deaa3ee81612e1d3fe3c825b"
"canonical_results","./results/runs/homecredit/cdv1-006-homecredit-voting-k100-catboost-s42/preflight.json","4809","09e8b8f319bb29cab9f9e17c3493f351aa996de66f026900a052c8de801cb4a3"
"canonical_results","./results/runs/homecredit/cdv1-006-homecredit-voting-k100-catboost-s42/resource_usage.json","1544604","033c6d2a8d0ce14b5d6d611a5384d07d9d6e7ec8867c9815f6760695f032fed5"
"canonical_results","./results/runs/homecredit/cdv1-006-homecredit-voting-k100-catboost-s42/results/dev_fold_metrics.csv","1500","ac4eb3fd45047f4bdef81a7b70f49cff33ea109c2624a92a9b3cee27a8c664ec"
"canonical_results","./results/runs/homecredit/cdv1-006-homecredit-voting-k100-catboost-s42/results/dev_prediction_metadata.json","2066","34c86072fe559274ce4013614c1fafdc8f0269deaa7192b5b66cfa096a4fe205"
"canonical_results","./results/runs/homecredit/cdv1-006-homecredit-voting-k100-catboost-s42/results/dev_predictions.csv","15720886","069bb0fc1964f6a6670055d8c76bfbe48478a6947363948a58505972dbe12609"
"canonical_results","./results/runs/homecredit/cdv1-006-homecredit-voting-k100-catboost-s42/run.log","5377","795d1c89bc059b53d96dd0a6e45b51e975b0231def543e99385242eee1b18833"
"canonical_results","./results/runs/homecredit/cdv1-006-homecredit-voting-k100-catboost-s42/run_manifest.json","9367","8a79d3504a94bf9ec112e55ab2f4a16029d6abb9deaa3ee81612e1d3fe3c825b"
"canonical_results","./results/runs/homecredit/cdv1-007-homecredit-voting-k200-catboost-s42/checkpoint.json","59140","c4383b51cc7752a41282e1991ae08357bfeec2a5faa8f93a466d5e7d3b054d4b"
"canonical_results","./results/runs/homecredit/cdv1-007-homecredit-voting-k200-catboost-s42/config.json","1754","3fca6e7f0eaed607765785efc74a47a5465d1629e31d2265b6a6869b16416a22"
"canonical_results","./results/runs/homecredit/cdv1-007-homecredit-voting-k200-catboost-s42/data_access_dev.json","9866","6bc03e5485eccb76e15d3d57d7bf558073fdd9deec487afae9062d8ba74366d9"
"canonical_results","./results/runs/homecredit/cdv1-007-homecredit-voting-k200-catboost-s42/features/feature_stability_metrics.csv","128","a68e979fb804acbf9871be6c45d0a88446e3be35c9dd7508174b8d33689add35"
"canonical_results","./results/runs/homecredit/cdv1-007-homecredit-voting-k200-catboost-s42/features/fold_selected_features.csv","5548","6e8ef98545d864b60fcb8b69cedfb744cc2fef4b47a9804fe0f02d2fdc9bf426"
"canonical_results","./results/runs/homecredit/cdv1-007-homecredit-voting-k200-catboost-s42/folds/fold_1/aggregate_ranking.csv","93419","221387c1a1c9e71a3a4933e016884c33ef5af3ae40ecfb6dd31d5995f60553f7"
"canonical_results","./results/runs/homecredit/cdv1-007-homecredit-voting-k200-catboost-s42/folds/fold_1/candidate_features.csv","5938","6612ca97ff305c70a16d5d17aca5eaa33a050eac7112b21c7d3b3d78e5a6ff30"
"canonical_results","./results/runs/homecredit/cdv1-007-homecredit-voting-k200-catboost-s42/folds/fold_1/effective_model_config.json","2268","f539f14d4f09858b8512191cbc4aec243890a763bfb660df869fd4e16dd560ff"
"canonical_results","./results/runs/homecredit/cdv1-007-homecredit-voting-k200-catboost-s42/folds/fold_1/prediction_metadata.json","1956","c0d53448b249323f012107ef2c0063b91d14c482aa0e56c3d9a1f5245c5681ac"
"canonical_results","./results/runs/homecredit/cdv1-007-homecredit-voting-k200-catboost-s42/folds/fold_1/predictions_dev.csv","3142771","09c721544bc6a34ea502568062e917b217a7f8603704a2156e606f86e288d69a"
"canonical_results","./results/runs/homecredit/cdv1-007-homecredit-voting-k200-catboost-s42/folds/fold_1/rfe_selection_trace.csv","8198","23001f2ff2e3f3670e2f868f006c7edf93d15127922704a8330581aa6a2f64aa"
"canonical_results","./results/runs/homecredit/cdv1-007-homecredit-voting-k200-catboost-s42/folds/fold_1/selected_features.csv","1144","715f69ec4c2608c71719195217b3010f54c38f42d96957d10212927c177f63ad"
"canonical_results","./results/runs/homecredit/cdv1-007-homecredit-voting-k200-catboost-s42/folds/fold_1/voter_rankings.csv","736095","5a9f575b6c57d45d77affae05be481c987a23b64d8e933b56787ae9ef7a1843d"
"canonical_results","./results/runs/homecredit/cdv1-007-homecredit-voting-k200-catboost-s42/folds/fold_2/aggregate_ranking.csv","93361","9d27b0341d73a480950d31f33d2262fbb65d33050a3b0551519d4f6b011e26cf"
"canonical_results","./results/runs/homecredit/cdv1-007-homecredit-voting-k200-catboost-s42/folds/fold_2/candidate_features.csv","5888","fd0f5798fde2f2d3fd38cdffeb1718ab7c4a35f60728be7463b005e10f8b61b8"
"canonical_results","./results/runs/homecredit/cdv1-007-homecredit-voting-k200-catboost-s42/folds/fold_2/effective_model_config.json","2268","2f7817760e10fd7c68a08d9ca52dc603e34b622394b94601d674169b48264eb0"
"canonical_results","./results/runs/homecredit/cdv1-007-homecredit-voting-k200-catboost-s42/folds/fold_2/prediction_metadata.json","1956","a4956503688ebea33a8095b92a1e64ce54bbc9f01324774ef8e6135908ffc706"
"canonical_results","./results/runs/homecredit/cdv1-007-homecredit-voting-k200-catboost-s42/folds/fold_2/predictions_dev.csv","3126643","612368f001f0adedefa116531d13ade6ece5ab38268e217920b4b83c2c9d94dd"
"canonical_results","./results/runs/homecredit/cdv1-007-homecredit-voting-k200-catboost-s42/folds/fold_2/rfe_selection_trace.csv","8148","d7bc6be58c2b679a25a5d8e0c339937194b43ebf34db6548bdb04f1541a9e484"
"canonical_results","./results/runs/homecredit/cdv1-007-homecredit-voting-k200-catboost-s42/folds/fold_2/selected_features.csv","1127","f7832effa37030d25d208cf71433e7fceae6487dd0fa39835d5d554c1881428d"
"canonical_results","./results/runs/homecredit/cdv1-007-homecredit-voting-k200-catboost-s42/folds/fold_2/voter_rankings.csv","736279","a7517a010ff34fa99acf5ebd950543eb089e493cbe7d06cdb744e6447fb18763"
"canonical_results","./results/runs/homecredit/cdv1-007-homecredit-voting-k200-catboost-s42/folds/fold_3/aggregate_ranking.csv","93296","6e5c8f0fafb50c7b08999fc6144aa7673fcd470b4e8afc22f5304c3ebe700c47"
"canonical_results","./results/runs/homecredit/cdv1-007-homecredit-voting-k200-catboost-s42/folds/fold_3/candidate_features.csv","5927","52ec4ca1e948cb71dedd4c81da84e927f30576725eb055b9167a8afbf9eaae5e"
"canonical_results","./results/runs/homecredit/cdv1-007-homecredit-voting-k200-catboost-s42/folds/fold_3/effective_model_config.json","2268","2f7817760e10fd7c68a08d9ca52dc603e34b622394b94601d674169b48264eb0"
"canonical_results","./results/runs/homecredit/cdv1-007-homecredit-voting-k200-catboost-s42/folds/fold_3/prediction_metadata.json","1956","ef2b54cecdc973f52b39c9dbf21d7db54467275089780652973b1541fe1f44a9"
"canonical_results","./results/runs/homecredit/cdv1-007-homecredit-voting-k200-catboost-s42/folds/fold_3/predictions_dev.csv","3081234","d5ad34fb36d84421a6241c955fc7af0e4a6ffddf80b203e7aa75c2321f0bed04"
"canonical_results","./results/runs/homecredit/cdv1-007-homecredit-voting-k200-catboost-s42/folds/fold_3/rfe_selection_trace.csv","8187","e0a9e82b2a0cc272f33a2173480f43b3889120b80f33f14813692220bb2a176e"
"canonical_results","./results/runs/homecredit/cdv1-007-homecredit-voting-k200-catboost-s42/folds/fold_3/selected_features.csv","1128","afce7aa606b403201cdd69213af2b6d2e8a8439af4238d61fbbab4585cf985b2"
"canonical_results","./results/runs/homecredit/cdv1-007-homecredit-voting-k200-catboost-s42/folds/fold_3/voter_rankings.csv","736294","2076d98046e292cc614007535aa73816f8e397019a3c2f3d502c5d0809825058"
"canonical_results","./results/runs/homecredit/cdv1-007-homecredit-voting-k200-catboost-s42/folds/fold_4/aggregate_ranking.csv","93406","77dc1901588ce56743f78dcaf7c1eed32fe2ef7b1ec9967474779f1957f9df30"
"canonical_results","./results/runs/homecredit/cdv1-007-homecredit-voting-k200-catboost-s42/folds/fold_4/candidate_features.csv","5910","9b5925d7f6d8861928c6c9ca25cfbd3ba50fd7beb9270973ba98e09f50ec8891"
"canonical_results","./results/runs/homecredit/cdv1-007-homecredit-voting-k200-catboost-s42/folds/fold_4/effective_model_config.json","2268","2f7817760e10fd7c68a08d9ca52dc603e34b622394b94601d674169b48264eb0"
"canonical_results","./results/runs/homecredit/cdv1-007-homecredit-voting-k200-catboost-s42/folds/fold_4/prediction_metadata.json","1956","e083c3c9f0cb5246e7b93d6ba67673926945935b2c4c240ed7fab48b8e2aad69"
"canonical_results","./results/runs/homecredit/cdv1-007-homecredit-voting-k200-catboost-s42/folds/fold_4/predictions_dev.csv","3122840","2afc339f99fa010e57d0399e399593e7229e337e62682f334ffa760ebfe6775c"
"canonical_results","./results/runs/homecredit/cdv1-007-homecredit-voting-k200-catboost-s42/folds/fold_4/rfe_selection_trace.csv","8170","bbacfde1ac33d99019a569889318e63ff74207f63fa153eaf83320b7aa418f1b"
"canonical_results","./results/runs/homecredit/cdv1-007-homecredit-voting-k200-catboost-s42/folds/fold_4/selected_features.csv","1156","5811d235d0935971761e70d19ed2f131087e5145df6369cedea62d729c15a108"
"canonical_results","./results/runs/homecredit/cdv1-007-homecredit-voting-k200-catboost-s42/folds/fold_4/voter_rankings.csv","736335","237d5b9289769249422a3f943451a72f5fed5a8d6f948dda6498b5a1b4322f73"
"canonical_results","./results/runs/homecredit/cdv1-007-homecredit-voting-k200-catboost-s42/folds/fold_5/aggregate_ranking.csv","93384","f924af63119e1217888457403d487069ca48f1d2f5f9be2a9d48174630946105"
"canonical_results","./results/runs/homecredit/cdv1-007-homecredit-voting-k200-catboost-s42/folds/fold_5/candidate_features.csv","5960","32cca4c30f94654a27ad00584fd980acc7c7b6d76fa3c1fb0267c73e6c0411b0"
"canonical_results","./results/runs/homecredit/cdv1-007-homecredit-voting-k200-catboost-s42/folds/fold_5/effective_model_config.json","2268","261838d19ae3f62858a8864cd7c9091ab515a8ed2dcf0149ecff4d91ee044b98"
"canonical_results","./results/runs/homecredit/cdv1-007-homecredit-voting-k200-catboost-s42/folds/fold_5/prediction_metadata.json","1956","8145ac8f3c1f953d61898a6f2e56734b8c1e87c44f483d7e1447c6f24bf9b2a8"
"canonical_results","./results/runs/homecredit/cdv1-007-homecredit-voting-k200-catboost-s42/folds/fold_5/predictions_dev.csv","3054364","36026b27fa02e1120eb94fa14f9ed072dfa2960fff4c302fb65782534e61a628"
"canonical_results","./results/runs/homecredit/cdv1-007-homecredit-voting-k200-catboost-s42/folds/fold_5/rfe_selection_trace.csv","8220","c656e86aad0a9dffd205423599493dc145d76dc7bb2520d0c1dacad2974c5526"
"canonical_results","./results/runs/homecredit/cdv1-007-homecredit-voting-k200-catboost-s42/folds/fold_5/selected_features.csv","1121","3768b478a025a1a29dcfbf4129770bc05544aba8edd577ed0c70b4d33f180e2e"
"canonical_results","./results/runs/homecredit/cdv1-007-homecredit-voting-k200-catboost-s42/folds/fold_5/voter_rankings.csv","736299","7f18ce5f0a9ec2973abd8228f1e07e7f8fc671323467535623c24a7ce85d9f7f"
"canonical_results","./results/runs/homecredit/cdv1-007-homecredit-voting-k200-catboost-s42/manifest.json","9363","e94a666e1105aad2ec015bde2de5e172d04537882b643b22db555a51083b88ce"
"canonical_results","./results/runs/homecredit/cdv1-007-homecredit-voting-k200-catboost-s42/preflight.json","4809","0973ee6c86a1e540fe8532203865a4f2266aff73d221bee3043bbf8aa8ae7bf7"
"canonical_results","./results/runs/homecredit/cdv1-007-homecredit-voting-k200-catboost-s42/resource_usage.json","1779881","52a9b0cbb4dcb185a559ee52fc99d3f43d51b26140fedac8946583715603b4bf"
"canonical_results","./results/runs/homecredit/cdv1-007-homecredit-voting-k200-catboost-s42/results/dev_fold_metrics.csv","1502","96995a9f4bb32788e0ca05dd50f5b69f5656e647cca97851f21a711fd5c3afa1"
"canonical_results","./results/runs/homecredit/cdv1-007-homecredit-voting-k200-catboost-s42/results/dev_prediction_metadata.json","2066","cf254f2f1f2a3809093cb89294f86ada2db0b3b289734b9ff6ec8c6b074163fb"
"canonical_results","./results/runs/homecredit/cdv1-007-homecredit-voting-k200-catboost-s42/results/dev_predictions.csv","15720953","9f1219e351ae85fab55bafacfffd8fb0757b0447493aed300977fa7c3dd80cbe"
"canonical_results","./results/runs/homecredit/cdv1-007-homecredit-voting-k200-catboost-s42/run.log","5377","4d8a6de5f16cbe89acafadbeefdfc018e4ef4de14907c3a8002cae67113794c8"
"canonical_results","./results/runs/homecredit/cdv1-007-homecredit-voting-k200-catboost-s42/run_manifest.json","9363","e94a666e1105aad2ec015bde2de5e172d04537882b643b22db555a51083b88ce"
"canonical_results","./results/runs/homecredit/cdv1-008-homecredit-voting-k300-catboost-s42/checkpoint.json","59145","506e3e4e786eb5a781d3181af2cb4eeeca2816044348d1264ba473c8b61947b4"
"canonical_results","./results/runs/homecredit/cdv1-008-homecredit-voting-k300-catboost-s42/config.json","1758","de26c601765ec70b338b1a0f0e86fb88b986be00cb8874462361cbb3d056afbd"
"canonical_results","./results/runs/homecredit/cdv1-008-homecredit-voting-k300-catboost-s42/data_access_dev.json","9866","6bc03e5485eccb76e15d3d57d7bf558073fdd9deec487afae9062d8ba74366d9"
"canonical_results","./results/runs/homecredit/cdv1-008-homecredit-voting-k300-catboost-s42/features/feature_stability_metrics.csv","127","6450417feae6c14ca8f18e84d75682db91701a15b978a372414c86160f855b66"
"canonical_results","./results/runs/homecredit/cdv1-008-homecredit-voting-k300-catboost-s42/features/fold_selected_features.csv","5533","8d3039a44d2f1215edc3e0a62eca1d9e2083d160ab5b9be7b8643a87b4e44a3a"
"canonical_results","./results/runs/homecredit/cdv1-008-homecredit-voting-k300-catboost-s42/folds/fold_1/aggregate_ranking.csv","93319","0d8661587e17ed91e6e55fd1bdae42b03f8472053ea17da9a4aca2df59b09f62"
"canonical_results","./results/runs/homecredit/cdv1-008-homecredit-voting-k300-catboost-s42/folds/fold_1/candidate_features.csv","8950","4f2ca6c70fbf792d7ddb125c8086cb28c911a1d935d77bb4a533c4c202b51eaa"
"canonical_results","./results/runs/homecredit/cdv1-008-homecredit-voting-k300-catboost-s42/folds/fold_1/effective_model_config.json","2268","f539f14d4f09858b8512191cbc4aec243890a763bfb660df869fd4e16dd560ff"
"canonical_results","./results/runs/homecredit/cdv1-008-homecredit-voting-k300-catboost-s42/folds/fold_1/prediction_metadata.json","1956","ed73cdba3b7afda710932450d699a97fed8310a655fd1b82f4d4b4bf9a79370e"
"canonical_results","./results/runs/homecredit/cdv1-008-homecredit-voting-k300-catboost-s42/folds/fold_1/predictions_dev.csv","3142729","bd8510ae6f272c1e1e0cdc8bb816a201ea61741e4a37c609e2b1a2ee2257c659"
"canonical_results","./results/runs/homecredit/cdv1-008-homecredit-voting-k300-catboost-s42/folds/fold_1/rfe_selection_trace.csv","12410","8d95d45ad0303d803e1d0dba471249559751857d3df27ac5179ea1c0c60113d5"
"canonical_results","./results/runs/homecredit/cdv1-008-homecredit-voting-k300-catboost-s42/folds/fold_1/selected_features.csv","1133","ff5cd2af1d0b9911aa4491ada3f48cb3c13f0f60bfcae76f3f4fcfd0c6586a96"
"canonical_results","./results/runs/homecredit/cdv1-008-homecredit-voting-k300-catboost-s42/folds/fold_1/voter_rankings.csv","736095","5a9f575b6c57d45d77affae05be481c987a23b64d8e933b56787ae9ef7a1843d"
"canonical_results","./results/runs/homecredit/cdv1-008-homecredit-voting-k300-catboost-s42/folds/fold_2/aggregate_ranking.csv","93261","f67ae3e65b5bc595e33f9ab31a47085d0e90e34a1d4cc3964524b0a8d2a57042"
"canonical_results","./results/runs/homecredit/cdv1-008-homecredit-voting-k300-catboost-s42/folds/fold_2/candidate_features.csv","8946","86ef818e54d43df6cb444c9031bdac3739304e475f82337f8277ca5dff04d466"
"canonical_results","./results/runs/homecredit/cdv1-008-homecredit-voting-k300-catboost-s42/folds/fold_2/effective_model_config.json","2268","2f7817760e10fd7c68a08d9ca52dc603e34b622394b94601d674169b48264eb0"
"canonical_results","./results/runs/homecredit/cdv1-008-homecredit-voting-k300-catboost-s42/folds/fold_2/prediction_metadata.json","1956","e128cece7428aff0819ed1cf16405cac3273c676f36164a60402c9384a68e1e2"
"canonical_results","./results/runs/homecredit/cdv1-008-homecredit-voting-k300-catboost-s42/folds/fold_2/predictions_dev.csv","3125942","5408ec9416a91c6a7e276f64a6df35cad5c8e7b5a60e4060e2e678b09eb01307"
"canonical_results","./results/runs/homecredit/cdv1-008-homecredit-voting-k300-catboost-s42/folds/fold_2/rfe_selection_trace.csv","12406","e64fc2f0931db0659cf9fd3ba8f503abe9a5c99f84e29e08cd2d0146ae41c2f1"
"canonical_results","./results/runs/homecredit/cdv1-008-homecredit-voting-k300-catboost-s42/folds/fold_2/selected_features.csv","1124","71aaa86d96fa06935f6fc5095a814b1ab4da7341781affef66274698f175da62"
"canonical_results","./results/runs/homecredit/cdv1-008-homecredit-voting-k300-catboost-s42/folds/fold_2/voter_rankings.csv","736279","a7517a010ff34fa99acf5ebd950543eb089e493cbe7d06cdb744e6447fb18763"
"canonical_results","./results/runs/homecredit/cdv1-008-homecredit-voting-k300-catboost-s42/folds/fold_3/aggregate_ranking.csv","93196","971231a30e3f9b360b864c8e362354312d30e93b1542df16b56932efa6788913"
"canonical_results","./results/runs/homecredit/cdv1-008-homecredit-voting-k300-catboost-s42/folds/fold_3/candidate_features.csv","8940","269cb4208578326902baf648448e67f8c9fa0efe6b92e21f5da5fca086a3ca80"
"canonical_results","./results/runs/homecredit/cdv1-008-homecredit-voting-k300-catboost-s42/folds/fold_3/effective_model_config.json","2268","2f7817760e10fd7c68a08d9ca52dc603e34b622394b94601d674169b48264eb0"
"canonical_results","./results/runs/homecredit/cdv1-008-homecredit-voting-k300-catboost-s42/folds/fold_3/prediction_metadata.json","1956","d27d7571295f480722b8405c01118607ec4bb01de4168f004360a644992b2549"
"canonical_results","./results/runs/homecredit/cdv1-008-homecredit-voting-k300-catboost-s42/folds/fold_3/predictions_dev.csv","3081283","30650480ab70ca8f949a52d2d4a66ffbe559cf17ed9b0c34b0c8499179a6a13f"
"canonical_results","./results/runs/homecredit/cdv1-008-homecredit-voting-k300-catboost-s42/folds/fold_3/rfe_selection_trace.csv","12400","225efbf4aacae4dd2ed973ccafa7a737299a6c2ebf595ce1afc0311ace5534f5"
"canonical_results","./results/runs/homecredit/cdv1-008-homecredit-voting-k300-catboost-s42/folds/fold_3/selected_features.csv","1129","1f84c07bfdce30f6acb5f8a0015915d7e551e9b3e5487beec5facba931c91d45"
"canonical_results","./results/runs/homecredit/cdv1-008-homecredit-voting-k300-catboost-s42/folds/fold_3/voter_rankings.csv","736294","2076d98046e292cc614007535aa73816f8e397019a3c2f3d502c5d0809825058"
"canonical_results","./results/runs/homecredit/cdv1-008-homecredit-voting-k300-catboost-s42/folds/fold_4/aggregate_ranking.csv","93306","465673db0fb2df7c2c9579f4fb398163fc793a0b1ab62b7a15886707f9614e73"
"canonical_results","./results/runs/homecredit/cdv1-008-homecredit-voting-k300-catboost-s42/folds/fold_4/candidate_features.csv","8996","170e4abcbc753da6e561eb8fe36c77ebb273c821cdaf7201008358c118911552"
"canonical_results","./results/runs/homecredit/cdv1-008-homecredit-voting-k300-catboost-s42/folds/fold_4/effective_model_config.json","2268","2f7817760e10fd7c68a08d9ca52dc603e34b622394b94601d674169b48264eb0"
"canonical_results","./results/runs/homecredit/cdv1-008-homecredit-voting-k300-catboost-s42/folds/fold_4/prediction_metadata.json","1956","8213a3a996b4cd25b25b848eecec2f04acd33a0853b24681458484f270ad1f39"
"canonical_results","./results/runs/homecredit/cdv1-008-homecredit-voting-k300-catboost-s42/folds/fold_4/predictions_dev.csv","3122930","7fc4e3890edce99f761a4065312679f4a4ab806225f6c2767855707fb641b1f6"
"canonical_results","./results/runs/homecredit/cdv1-008-homecredit-voting-k300-catboost-s42/folds/fold_4/rfe_selection_trace.csv","12456","e21de23f9f536ac51bbebea6a91137f811f161749692e6cc3cfd6f9bb555505c"
"canonical_results","./results/runs/homecredit/cdv1-008-homecredit-voting-k300-catboost-s42/folds/fold_4/selected_features.csv","1145","416f4926d7663600bce670d227b1fca5a46c7c514416da7e7c767a6eddefb697"
"canonical_results","./results/runs/homecredit/cdv1-008-homecredit-voting-k300-catboost-s42/folds/fold_4/voter_rankings.csv","736335","237d5b9289769249422a3f943451a72f5fed5a8d6f948dda6498b5a1b4322f73"
"canonical_results","./results/runs/homecredit/cdv1-008-homecredit-voting-k300-catboost-s42/folds/fold_5/aggregate_ranking.csv","93284","8bff91df0d0913d0966c017c0aeb736a5ddf4fe8a0bdd950f76d4036e6b10615"
"canonical_results","./results/runs/homecredit/cdv1-008-homecredit-voting-k300-catboost-s42/folds/fold_5/candidate_features.csv","9001","6993848737073ff7f0b13322c556e7db87c0d4ff26a36b31c1229890177fcc5f"
"canonical_results","./results/runs/homecredit/cdv1-008-homecredit-voting-k300-catboost-s42/folds/fold_5/effective_model_config.json","2268","414abab04a4428468a32fa53d042de4fd94fb361d31896a8a797a87fb50daff3"
"canonical_results","./results/runs/homecredit/cdv1-008-homecredit-voting-k300-catboost-s42/folds/fold_5/prediction_metadata.json","1956","ed039883844114a66b5bbe52e0b1222ac59245538c2b78949722f10f604072ca"
"canonical_results","./results/runs/homecredit/cdv1-008-homecredit-voting-k300-catboost-s42/folds/fold_5/predictions_dev.csv","3054347","4129c1dc0adf872f52c5cc44bfa6b3c9f8273dadf568178eb0ec443d685c1b9c"
"canonical_results","./results/runs/homecredit/cdv1-008-homecredit-voting-k300-catboost-s42/folds/fold_5/rfe_selection_trace.csv","12461","4b4f4bb5bd760a0bcd6576915eb73382c03c9ea3fb672a737608ea6b29f1768c"
"canonical_results","./results/runs/homecredit/cdv1-008-homecredit-voting-k300-catboost-s42/folds/fold_5/selected_features.csv","1130","d8b3db600a66469188071c1d82b937c2b7758fbe1c23acba1f605e525e9fcbcb"
"canonical_results","./results/runs/homecredit/cdv1-008-homecredit-voting-k300-catboost-s42/folds/fold_5/voter_rankings.csv","736299","7f18ce5f0a9ec2973abd8228f1e07e7f8fc671323467535623c24a7ce85d9f7f"
"canonical_results","./results/runs/homecredit/cdv1-008-homecredit-voting-k300-catboost-s42/manifest.json","9367","726e6f6d7e7a7520ae69c79cc9d6691b2a0d36e74133dba2bc7348cb2c51fc92"
"canonical_results","./results/runs/homecredit/cdv1-008-homecredit-voting-k300-catboost-s42/preflight.json","4807","976c934a3dcfe8a10af0a55980ae53addfeb759a04e9d9e44ca6fe8df0ce7359"
"canonical_results","./results/runs/homecredit/cdv1-008-homecredit-voting-k300-catboost-s42/resource_usage.json","2128918","75d65a2777676e97a96a077f38adbcd77aee0acaed74fbae92660fc04fba9a5c"
"canonical_results","./results/runs/homecredit/cdv1-008-homecredit-voting-k300-catboost-s42/results/dev_fold_metrics.csv","1505","7dd3fa7daee6bd33160b053c0eced722331ebd079cef3b0c4f0f3bbbfc572808"
"canonical_results","./results/runs/homecredit/cdv1-008-homecredit-voting-k300-catboost-s42/results/dev_prediction_metadata.json","2066","ba2456b6d17317e361eb094364e22a901ca8540e4cf872459f625cde39e96f4f"
"canonical_results","./results/runs/homecredit/cdv1-008-homecredit-voting-k300-catboost-s42/results/dev_predictions.csv","15721010","ff919aefaea4bd100385af54ddc148558d98f9a6958521154b9b6797af8ee350"
"canonical_results","./results/runs/homecredit/cdv1-008-homecredit-voting-k300-catboost-s42/run.log","5377","f528b8510c473ba7666769ba865d482f7a191074fcb47a65a3cce71a1e1145f5"
"canonical_results","./results/runs/homecredit/cdv1-008-homecredit-voting-k300-catboost-s42/run_manifest.json","9367","726e6f6d7e7a7520ae69c79cc9d6691b2a0d36e74133dba2bc7348cb2c51fc92"
"canonical_results","./results/runs/homecredit/cdv1-pilot-001-homecredit-voting-k200-lr-s42-f0/_SUCCESS","27","0459ea0bf8c7873957d39b26d88f39fec8dc19050b2b860f07eaf9d61ce3314d"
"canonical_results","./results/runs/homecredit/cdv1-pilot-001-homecredit-voting-k200-lr-s42-f0/aggregate_ranking.csv","93419","221387c1a1c9e71a3a4933e016884c33ef5af3ae40ecfb6dd31d5995f60553f7"
"canonical_results","./results/runs/homecredit/cdv1-pilot-001-homecredit-voting-k200-lr-s42-f0/candidate_features.csv","9376","3629940f3207b3f631be106c5e715606c24b5732987d64a776b5fea8ee986404"
"canonical_results","./results/runs/homecredit/cdv1-pilot-001-homecredit-voting-k200-lr-s42-f0/candidate_projection_manifest.json","104612","a6c77537be6145939f719968b6370cd2cf762aaa8c82fdbf01ab0be93bf45f01"
"canonical_results","./results/runs/homecredit/cdv1-pilot-001-homecredit-voting-k200-lr-s42-f0/checkpoint.json","25086","6dd903b7fa9c16ffe2b9c230c549cb2a56b38f9527a43573c7fb12650843bb97"
"canonical_results","./results/runs/homecredit/cdv1-pilot-001-homecredit-voting-k200-lr-s42-f0/config.json","2566","6587ad9ff2da46d0756a36c4649d3c8d243573563579e34dced586825999719b"
"canonical_results","./results/runs/homecredit/cdv1-pilot-001-homecredit-voting-k200-lr-s42-f0/data_access_log.json","35629","2b1b47da0e94b3a56fd0ce929a5cfc6f930d8da9c7b5ed31641321f21430f745"
"canonical_results","./results/runs/homecredit/cdv1-pilot-001-homecredit-voting-k200-lr-s42-f0/effective_model_config.json","1861","0f464070dca643ac15470656d45541570d89d0c1871c54b7a6b481ffb0999738"
"canonical_results","./results/runs/homecredit/cdv1-pilot-001-homecredit-voting-k200-lr-s42-f0/fold_identity_manifest.json","1270","f8b2b70ffb501d092cf64bbf613b44da542c3ad6213e326246bea2ac168f2286"
"canonical_results","./results/runs/homecredit/cdv1-pilot-001-homecredit-voting-k200-lr-s42-f0/fold_selections.csv","11695","8c91866da5ec37d62423b32428ab8bd79ba6e687c62a4d4491815be5eb1dcbb1"
"canonical_results","./results/runs/homecredit/cdv1-pilot-001-homecredit-voting-k200-lr-s42-f0/incomplete/attempt_history/attempt_01_resource_usage.json","2013","5ac29dd9b5ca262612e7acbc7c29f51c9b2c01f3b9254d2ca4467d388c482f98"
"canonical_results","./results/runs/homecredit/cdv1-pilot-001-homecredit-voting-k200-lr-s42-f0/incomplete/attempt_history/attempt_02_resource_usage.json","4396","a9a6d2c0d9998a047d3b12fc951035ed01c95fd1e5fa94d6ec68d49fe72c5928"
"canonical_results","./results/runs/homecredit/cdv1-pilot-001-homecredit-voting-k200-lr-s42-f0/incomplete/attempt_history/attempt_03_resource_usage.json","162297","9d00b3214433c55341dcc0e3f161f65565982591d687b05ce5ba578782a91c7e"
"canonical_results","./results/runs/homecredit/cdv1-pilot-001-homecredit-voting-k200-lr-s42-f0/manifest.json","13411","f59d6b3cce8c18e62b0fbbb4ec306cb4fe94df374cd5c5076661b9cccf140d86"
"canonical_results","./results/runs/homecredit/cdv1-pilot-001-homecredit-voting-k200-lr-s42-f0/pilot_validation.json","2743","a74d2adda4c8f15fbe075ec2fbc93d936282a2ceade47b3f2b5a472c9069cbb0"
"canonical_results","./results/runs/homecredit/cdv1-pilot-001-homecredit-voting-k200-lr-s42-f0/prediction_metadata.json","2031","f8b1a3341875734dcc87c83c0983d116ff480fb17021ed62cf634a61a3ec72e8"
"canonical_results","./results/runs/homecredit/cdv1-pilot-001-homecredit-voting-k200-lr-s42-f0/predictions_dev.csv","3087288","0a94158fe5101472c163679c3f1bb05ee482149c35a8f55fbc4461de16612da6"
"canonical_results","./results/runs/homecredit/cdv1-pilot-001-homecredit-voting-k200-lr-s42-f0/preflight.json","5314","8b67f2ae15082ab8207170acb7fb1448514c48c7be54d4aba51965f4e15f8957"
"canonical_results","./results/runs/homecredit/cdv1-pilot-001-homecredit-voting-k200-lr-s42-f0/resource_usage.json","56393","252fe48fd824a814d7f49be87d3656773c05167fd53c50e9dfb20134affe8b18"
"canonical_results","./results/runs/homecredit/cdv1-pilot-001-homecredit-voting-k200-lr-s42-f0/rfe_selection_trace.csv","11561","2a4fe0610bd919384f7430278d01476e5c10c14f9132f69277506f1f89f66238"
"canonical_results","./results/runs/homecredit/cdv1-pilot-001-homecredit-voting-k200-lr-s42-f0/run.log","1567","d9b9361acb0ea2eaf8ea7ac5e145620cbac482ead16a24057f71f4b86ece6908"
"canonical_results","./results/runs/homecredit/cdv1-pilot-001-homecredit-voting-k200-lr-s42-f0/run_manifest.json","13411","f59d6b3cce8c18e62b0fbbb4ec306cb4fe94df374cd5c5076661b9cccf140d86"
"canonical_results","./results/runs/homecredit/cdv1-pilot-001-homecredit-voting-k200-lr-s42-f0/selected_features.csv","1021","f24b15e6570cd49808bd8644110506415bf5344eb243ce313759d01be05ea6db"
"canonical_results","./results/runs/homecredit/cdv1-pilot-001-homecredit-voting-k200-lr-s42-f0/selection_artifact_manifest.json","5144","3ae13c618a9335aeac89359dcab9446bfe2dd2b215053d5ff2b36976ae892cd4"
"canonical_results","./results/runs/homecredit/cdv1-pilot-001-homecredit-voting-k200-lr-s42-f0/stage_timings.csv","237","ea1ec12a5fc94bfdf6286c3aa402ae9dea109768768007d5b0e056d1eda737f6"
"canonical_results","./results/runs/homecredit/cdv1-pilot-001-homecredit-voting-k200-lr-s42-f0/voter_rankings.csv","736095","5a9f575b6c57d45d77affae05be481c987a23b64d8e933b56787ae9ef7a1843d"
"canonical_results","./results/runs/homecredit/cdv1-pilot-002-homecredit-voting-k200-catboost-s42-f0/_SUCCESS","27","caa499c413f5413b80576ca10a0a73a88168042b113e5d6974786047b501f978"
"canonical_results","./results/runs/homecredit/cdv1-pilot-002-homecredit-voting-k200-catboost-s42-f0/aggregate_ranking.csv","93419","221387c1a1c9e71a3a4933e016884c33ef5af3ae40ecfb6dd31d5995f60553f7"
"canonical_results","./results/runs/homecredit/cdv1-pilot-002-homecredit-voting-k200-catboost-s42-f0/candidate_features.csv","9376","3629940f3207b3f631be106c5e715606c24b5732987d64a776b5fea8ee986404"
"canonical_results","./results/runs/homecredit/cdv1-pilot-002-homecredit-voting-k200-catboost-s42-f0/candidate_projection_manifest.json","105227","d724892a11af3fb3d8b5ea678b81df70b32dfff39c8aff2a68bf0212cec57131"
"canonical_results","./results/runs/homecredit/cdv1-pilot-002-homecredit-voting-k200-catboost-s42-f0/checkpoint.json","21415","973c02be5ece83a2364d69cd920fa4d5b431059d291106c1b036a48e101ce2e3"
"canonical_results","./results/runs/homecredit/cdv1-pilot-002-homecredit-voting-k200-catboost-s42-f0/config.json","2584","412411225f4b8e812fc84365d73ac2beebe85a7e112dd8bbf24bad6ac521cb34"
"canonical_results","./results/runs/homecredit/cdv1-pilot-002-homecredit-voting-k200-catboost-s42-f0/data_access_log.json","35629","2b1b47da0e94b3a56fd0ce929a5cfc6f930d8da9c7b5ed31641321f21430f745"
"canonical_results","./results/runs/homecredit/cdv1-pilot-002-homecredit-voting-k200-catboost-s42-f0/effective_model_config.json","2521","1893a5b238e0d95ac1e6b3c797d1b62707505d7b0d1be853c1125bb7799a31a0"
"canonical_results","./results/runs/homecredit/cdv1-pilot-002-homecredit-voting-k200-catboost-s42-f0/fold_identity_manifest.json","1270","f8b2b70ffb501d092cf64bbf613b44da542c3ad6213e326246bea2ac168f2286"
"canonical_results","./results/runs/homecredit/cdv1-pilot-002-homecredit-voting-k200-catboost-s42-f0/fold_selections.csv","11655","86d211d923535a824cb5ad8c0005863ac70e4d80875d3260d6e688509bd25e88"
"canonical_results","./results/runs/homecredit/cdv1-pilot-002-homecredit-voting-k200-catboost-s42-f0/manifest.json","13223","daf7a49b2645a84639cedf6b6f2442dde311bc424bb3f258effdf54806c45a6a"
"canonical_results","./results/runs/homecredit/cdv1-pilot-002-homecredit-voting-k200-catboost-s42-f0/pilot_validation.json","2721","79e2949fbc1bdc25778a5b457cc84eb34af9d1259d796b4b9c9123c266abb99b"
"canonical_results","./results/runs/homecredit/cdv1-pilot-002-homecredit-voting-k200-catboost-s42-f0/prediction_metadata.json","2049","e4bf4bf5055fc33c2f692e8b3d7c0f7e4b8142b6d19e1387b96fc5dcad340061"
"canonical_results","./results/runs/homecredit/cdv1-pilot-002-homecredit-voting-k200-catboost-s42-f0/predictions_dev.csv","3293251","920dee6f0c35454696c6e8378320b2f92426d626a6a8188466c26bfe08f2f790"
"canonical_results","./results/runs/homecredit/cdv1-pilot-002-homecredit-voting-k200-catboost-s42-f0/preflight.json","5327","93b05c169d6f2dedc3473b3adf928d037024808cdd6adbf2f7d1d610454fd0cf"
"canonical_results","./results/runs/homecredit/cdv1-pilot-002-homecredit-voting-k200-catboost-s42-f0/resource_usage.json","163346","a44ad54ad4b89312ca0088bb5790da0056346a72df453d604e3502e8043c97a0"
"canonical_results","./results/runs/homecredit/cdv1-pilot-002-homecredit-voting-k200-catboost-s42-f0/rfe_selection_trace.csv","11521","89f0a713ed91190400d998f1426c1597abace30ebf8a0a84e7983d3c6820181d"
"canonical_results","./results/runs/homecredit/cdv1-pilot-002-homecredit-voting-k200-catboost-s42-f0/run.log","983","d1a04634684374d585ff3a4ceea94005bdbea28b830cf9bfdd95c200b5191eb2"
"canonical_results","./results/runs/homecredit/cdv1-pilot-002-homecredit-voting-k200-catboost-s42-f0/run_manifest.json","13223","daf7a49b2645a84639cedf6b6f2442dde311bc424bb3f258effdf54806c45a6a"
"canonical_results","./results/runs/homecredit/cdv1-pilot-002-homecredit-voting-k200-catboost-s42-f0/selected_features.csv","2240","769064fda073d5ef5360e5098395696f1f20df16d65301d9bd42f1a0579aa92b"
"canonical_results","./results/runs/homecredit/cdv1-pilot-002-homecredit-voting-k200-catboost-s42-f0/selection_artifact_manifest.json","5186","f830dd6327a25f5772fd3fb80bfe5ad2bb279c6dfd864571ce4abf5c67da68b1"
"canonical_results","./results/runs/homecredit/cdv1-pilot-002-homecredit-voting-k200-catboost-s42-f0/stage_timings.csv","448","07e0f9eded8a1005cce72a016637382923a5148ff63f081ff87727de2e6a7ef5"
"canonical_results","./results/runs/homecredit/cdv1-pilot-002-homecredit-voting-k200-catboost-s42-f0/voter_rankings.csv","736095","5a9f575b6c57d45d77affae05be481c987a23b64d8e933b56787ae9ef7a1843d"
"canonical_results","./results/runs/lendingclub_v2/cdv1-009-lendingclub-v2-reference-rf-corr-mrmr-lr-s42/checkpoint.json","54604","3eff70b0b68358b47419c81dce3607dafb4f7ba1fb9732762863fa2a381d5fe1"
"canonical_results","./results/runs/lendingclub_v2/cdv1-009-lendingclub-v2-reference-rf-corr-mrmr-lr-s42/config.json","1746","f22347d0fd399aac94b29c667c19e5489e7cecd5d497e54364d225232dcb3dfb"
"canonical_results","./results/runs/lendingclub_v2/cdv1-009-lendingclub-v2-reference-rf-corr-mrmr-lr-s42/data_access_dev.json","27710","69bbf24496308093d1f8332fb4eb84a11a3e2cc4d1213f6cca409d3f28850485"
"canonical_results","./results/runs/lendingclub_v2/cdv1-009-lendingclub-v2-reference-rf-corr-mrmr-lr-s42/features/feature_stability_metrics.csv","126","88e2515148b2eff2ef87fe1e7c32d8b764b5e6a5e9466ae14fda487e6aca0578"
"canonical_results","./results/runs/lendingclub_v2/cdv1-009-lendingclub-v2-reference-rf-corr-mrmr-lr-s42/features/fold_selected_features.csv","2669","8828936303ad703190483453ac37a413b1b4301c34bbf4cac0c02731e962ce34"
"canonical_results","./results/runs/lendingclub_v2/cdv1-009-lendingclub-v2-reference-rf-corr-mrmr-lr-s42/folds/fold_1/aggregate_ranking.csv","43831","7e9c430cfada1a121f93b602e5d2685c264b53259b996ef0f9dab00a6e73a07e"
"canonical_results","./results/runs/lendingclub_v2/cdv1-009-lendingclub-v2-reference-rf-corr-mrmr-lr-s42/folds/fold_1/candidate_features.csv","545","b8cd4af050eaa745f2091e3ffad54f460d6907743015de369b4fc93b4a4fd187"
"canonical_results","./results/runs/lendingclub_v2/cdv1-009-lendingclub-v2-reference-rf-corr-mrmr-lr-s42/folds/fold_1/effective_model_config.json","1295","68b25c0291faf3f6e2ac13a92c3d89f8d136d43bedd079d5e208bcb5a2ba092e"
"canonical_results","./results/runs/lendingclub_v2/cdv1-009-lendingclub-v2-reference-rf-corr-mrmr-lr-s42/folds/fold_1/prediction_metadata.json","1979","54f206da005a4f00d3746b7a7c749ad40c85c291cf2953d9347ec8156099b0ee"
"canonical_results","./results/runs/lendingclub_v2/cdv1-009-lendingclub-v2-reference-rf-corr-mrmr-lr-s42/folds/fold_1/predictions_dev.csv","22308513","8b479bce550572efe96c3c9ed1e272b8f38758dc6392e0a74243a89881871978"
"canonical_results","./results/runs/lendingclub_v2/cdv1-009-lendingclub-v2-reference-rf-corr-mrmr-lr-s42/folds/fold_1/rfe_selection_trace.csv","654","e10b12b4fd32b717e5272ba5a8e2f840593c6ccdb9ece9040ef848d4c8e6c0d1"
"canonical_results","./results/runs/lendingclub_v2/cdv1-009-lendingclub-v2-reference-rf-corr-mrmr-lr-s42/folds/fold_1/selected_features.csv","593","aa5c89bcc5c6dea238898c5604ca31b5a1a08f1cac06b3227acec586bfd27596"
"canonical_results","./results/runs/lendingclub_v2/cdv1-009-lendingclub-v2-reference-rf-corr-mrmr-lr-s42/folds/fold_1/voter_rankings.csv","90351","3835fd2f76ba59a969765d084939c20ac737eadfc1b0ddc0f51c8f3f0de58ebd"
"canonical_results","./results/runs/lendingclub_v2/cdv1-009-lendingclub-v2-reference-rf-corr-mrmr-lr-s42/folds/fold_2/aggregate_ranking.csv","43606","fa1555197cb3d657d628bda4468292a68621d38a2557a1eb70146e6c8a5e6e77"
"canonical_results","./results/runs/lendingclub_v2/cdv1-009-lendingclub-v2-reference-rf-corr-mrmr-lr-s42/folds/fold_2/candidate_features.csv","521","efd6bc1a338a8360d392cd7d10b1c19e582343beeb4d4d642c02df4439227bba"
"canonical_results","./results/runs/lendingclub_v2/cdv1-009-lendingclub-v2-reference-rf-corr-mrmr-lr-s42/folds/fold_2/effective_model_config.json","1295","912329fcb2f9a540f66dcd7b8007357faa078699bfc51024210116d699f7d9d1"
"canonical_results","./results/runs/lendingclub_v2/cdv1-009-lendingclub-v2-reference-rf-corr-mrmr-lr-s42/folds/fold_2/prediction_metadata.json","1976","095f868c40c762be87aabad4595bb93cac5ad2495c8818444b55b8fce1344113"
"canonical_results","./results/runs/lendingclub_v2/cdv1-009-lendingclub-v2-reference-rf-corr-mrmr-lr-s42/folds/fold_2/predictions_dev.csv","16810202","b08f2660c3eb7edba6226f20137413bf15aac2776983e5ed0d109013735628e4"
"canonical_results","./results/runs/lendingclub_v2/cdv1-009-lendingclub-v2-reference-rf-corr-mrmr-lr-s42/folds/fold_2/rfe_selection_trace.csv","630","286a15de8038418eb06db2293a88d1026fe59b5d6f39c3ec0b5644c474a435bc"
"canonical_results","./results/runs/lendingclub_v2/cdv1-009-lendingclub-v2-reference-rf-corr-mrmr-lr-s42/folds/fold_2/selected_features.csv","569","39123e79ad430e201588c55754ac1e42cb1ea8928b8328012d1526fd50b02238"
"canonical_results","./results/runs/lendingclub_v2/cdv1-009-lendingclub-v2-reference-rf-corr-mrmr-lr-s42/folds/fold_2/voter_rankings.csv","90126","427273399a813f14804878d5da63a664ca46e4064bb079a967e8fee8795faa9a"
"canonical_results","./results/runs/lendingclub_v2/cdv1-009-lendingclub-v2-reference-rf-corr-mrmr-lr-s42/folds/fold_3/aggregate_ranking.csv","43515","2a48c4f6e0b4e3b3ce58b717c7077734d4c0f0e59d984bb35a10e3fcbe307ab0"
"canonical_results","./results/runs/lendingclub_v2/cdv1-009-lendingclub-v2-reference-rf-corr-mrmr-lr-s42/folds/fold_3/candidate_features.csv","488","0a057e307b0b147606398491ae46f85a80eb2dbbba44d21e0551b02549e5a5d7"
"canonical_results","./results/runs/lendingclub_v2/cdv1-009-lendingclub-v2-reference-rf-corr-mrmr-lr-s42/folds/fold_3/effective_model_config.json","1295","4b13771030b69feb5a681e45574e6305365d59c5632e7fa978a0894cbcc818e2"
"canonical_results","./results/runs/lendingclub_v2/cdv1-009-lendingclub-v2-reference-rf-corr-mrmr-lr-s42/folds/fold_3/prediction_metadata.json","1979","75b826ac47f74a99ad2b2009493d06d155a8635ad74a416b8e6cb40ea98518b6"
"canonical_results","./results/runs/lendingclub_v2/cdv1-009-lendingclub-v2-reference-rf-corr-mrmr-lr-s42/folds/fold_3/predictions_dev.csv","24806836","e1239c380cc1a70e9b803776ce00b48d6408e5b16698180e1db24950d00284b9"
"canonical_results","./results/runs/lendingclub_v2/cdv1-009-lendingclub-v2-reference-rf-corr-mrmr-lr-s42/folds/fold_3/rfe_selection_trace.csv","597","36bbce42354303fcc3fd6bd5a1f266ea25858a6939ebd8b67a86b579261105f4"
"canonical_results","./results/runs/lendingclub_v2/cdv1-009-lendingclub-v2-reference-rf-corr-mrmr-lr-s42/folds/fold_3/selected_features.csv","536","af67949b2fd6cee29fd42167a30ab776b1cd7fdb78e74d44f0c53eab29eca428"
"canonical_results","./results/runs/lendingclub_v2/cdv1-009-lendingclub-v2-reference-rf-corr-mrmr-lr-s42/folds/fold_3/voter_rankings.csv","90035","0d2ed65464d0a7a9573be4306ababbcd9697b77c58beb607ccd93871515b4c16"
"canonical_results","./results/runs/lendingclub_v2/cdv1-009-lendingclub-v2-reference-rf-corr-mrmr-lr-s42/folds/fold_4/aggregate_ranking.csv","43231","81d8fe42777eebcfcd5988eacbf54e8c9ab16f3bb244b0254a875a3723a694ab"
"canonical_results","./results/runs/lendingclub_v2/cdv1-009-lendingclub-v2-reference-rf-corr-mrmr-lr-s42/folds/fold_4/candidate_features.csv","512","7036fb19f8be47b5872b9c97f3e66f33bfd46ebcc5dd6cdf004ffc07f1dc53c0"
"canonical_results","./results/runs/lendingclub_v2/cdv1-009-lendingclub-v2-reference-rf-corr-mrmr-lr-s42/folds/fold_4/effective_model_config.json","1295","4b13771030b69feb5a681e45574e6305365d59c5632e7fa978a0894cbcc818e2"
"canonical_results","./results/runs/lendingclub_v2/cdv1-009-lendingclub-v2-reference-rf-corr-mrmr-lr-s42/folds/fold_4/prediction_metadata.json","1976","0fc6d8eae21446fc11aaef127412b9e7392385f1999049ecad75eb34c3169f98"
"canonical_results","./results/runs/lendingclub_v2/cdv1-009-lendingclub-v2-reference-rf-corr-mrmr-lr-s42/folds/fold_4/predictions_dev.csv","19480069","143d0119142c564efd8bd4164bb32c327f2fe96a6afdf9381ce7bd575c36094d"
"canonical_results","./results/runs/lendingclub_v2/cdv1-009-lendingclub-v2-reference-rf-corr-mrmr-lr-s42/folds/fold_4/rfe_selection_trace.csv","621","679d269cf582f34350b60119d0e2da8d7547fc2f07adca89cc7fa0c5028050ae"
"canonical_results","./results/runs/lendingclub_v2/cdv1-009-lendingclub-v2-reference-rf-corr-mrmr-lr-s42/folds/fold_4/selected_features.csv","560","3d16624f7326d3b3a0ab707ca336c14a6d0febe3863816b09e5c5045e46fa0c0"
"canonical_results","./results/runs/lendingclub_v2/cdv1-009-lendingclub-v2-reference-rf-corr-mrmr-lr-s42/folds/fold_4/voter_rankings.csv","89751","c7d051059f281e6f9833c7ef453afbec474073e72aa52d6bfb3e2ee81662f275"
"canonical_results","./results/runs/lendingclub_v2/cdv1-009-lendingclub-v2-reference-rf-corr-mrmr-lr-s42/folds/fold_5/aggregate_ranking.csv","43245","5389ec3df6cff41e8ef0103b92db423ec414cdf81ba6e7bb04af542246171637"
"canonical_results","./results/runs/lendingclub_v2/cdv1-009-lendingclub-v2-reference-rf-corr-mrmr-lr-s42/folds/fold_5/candidate_features.csv","491","7e6021b87eb005078badf44037d168c1f8cf914d058ee5ab92f31e975b697835"
"canonical_results","./results/runs/lendingclub_v2/cdv1-009-lendingclub-v2-reference-rf-corr-mrmr-lr-s42/folds/fold_5/effective_model_config.json","1295","4b13771030b69feb5a681e45574e6305365d59c5632e7fa978a0894cbcc818e2"
"canonical_results","./results/runs/lendingclub_v2/cdv1-009-lendingclub-v2-reference-rf-corr-mrmr-lr-s42/folds/fold_5/prediction_metadata.json","1976","caac1999f040ba6096508428ab835a539702c7324dbb9e1836a86057f550e52f"
"canonical_results","./results/runs/lendingclub_v2/cdv1-009-lendingclub-v2-reference-rf-corr-mrmr-lr-s42/folds/fold_5/predictions_dev.csv","14028160","f86b8717401600e3d5db792d7db80b30bc7106734834a22d4108ee1af8ceed18"
"canonical_results","./results/runs/lendingclub_v2/cdv1-009-lendingclub-v2-reference-rf-corr-mrmr-lr-s42/folds/fold_5/rfe_selection_trace.csv","600","aa15047ea4776d389cd5968169f5cb02b1ef80dc00304afadd84ca059f10affb"
"canonical_results","./results/runs/lendingclub_v2/cdv1-009-lendingclub-v2-reference-rf-corr-mrmr-lr-s42/folds/fold_5/selected_features.csv","539","f165e580846af2681843b98f10a393519d9784c7ebaa8863d8e7a5719c14ae7d"
"canonical_results","./results/runs/lendingclub_v2/cdv1-009-lendingclub-v2-reference-rf-corr-mrmr-lr-s42/folds/fold_5/voter_rankings.csv","89765","21bdd739801fe6d9371ae75325d31dab61a5d5af0fa81861be0d70408e150a49"
"canonical_results","./results/runs/lendingclub_v2/cdv1-009-lendingclub-v2-reference-rf-corr-mrmr-lr-s42/manifest.json","8375","bbde2a472b66f1192439049a50eed0571c3eee8b1ed1e75ee1acf6b41e32f4bc"
"canonical_results","./results/runs/lendingclub_v2/cdv1-009-lendingclub-v2-reference-rf-corr-mrmr-lr-s42/preflight.json","4809","a36a73a1e664dc69436e25b58567bc19a5937fc8929f371240b8f4cb2807a232"
"canonical_results","./results/runs/lendingclub_v2/cdv1-009-lendingclub-v2-reference-rf-corr-mrmr-lr-s42/resource_usage.json","642603","24657ba51f01e277dbd2a46137a00a452c09fd7b0d87edf88eff84688a797781"
"canonical_results","./results/runs/lendingclub_v2/cdv1-009-lendingclub-v2-reference-rf-corr-mrmr-lr-s42/results/dev_fold_metrics.csv","1519","a061c630cbf107f34c499fa2a56f1ae420109b3e355ced27fba61a58bd411921"
"canonical_results","./results/runs/lendingclub_v2/cdv1-009-lendingclub-v2-reference-rf-corr-mrmr-lr-s42/results/dev_prediction_metadata.json","2088","1f3ce0619ad2f859b99d867f0827aa2c14a9358e2313337980da43a6e280cb1e"
"canonical_results","./results/runs/lendingclub_v2/cdv1-009-lendingclub-v2-reference-rf-corr-mrmr-lr-s42/results/dev_predictions.csv","98764262","0d092874a37e38d71ef880042862189d9eb14f094b9cb6529b4e73ccbba40dae"
"canonical_results","./results/runs/lendingclub_v2/cdv1-009-lendingclub-v2-reference-rf-corr-mrmr-lr-s42/run.log","1190","7d8ce693f1bca1632482f9b8a29f6eed8a094ab5aaa6c3a7d1cad41c2889c530"
"canonical_results","./results/runs/lendingclub_v2/cdv1-009-lendingclub-v2-reference-rf-corr-mrmr-lr-s42/run_manifest.json","8375","bbde2a472b66f1192439049a50eed0571c3eee8b1ed1e75ee1acf6b41e32f4bc"
"canonical_results","./results/runs/lendingclub_v2/cdv1-010-lendingclub-v2-voting-k100-lr-s42/checkpoint.json","59140","01a22b31d72bbb71434aa57c810abe20a060ce358601c3ecc9006434d08c02f4"
"canonical_results","./results/runs/lendingclub_v2/cdv1-010-lendingclub-v2-voting-k100-lr-s42/config.json","1747","4bd706e64dffb895cbb100336f28ae363f0160034766e8da1c51887f0eeee5b7"
"canonical_results","./results/runs/lendingclub_v2/cdv1-010-lendingclub-v2-voting-k100-lr-s42/data_access_dev.json","27710","69bbf24496308093d1f8332fb4eb84a11a3e2cc4d1213f6cca409d3f28850485"
"canonical_results","./results/runs/lendingclub_v2/cdv1-010-lendingclub-v2-voting-k100-lr-s42/features/feature_stability_metrics.csv","128","b64fa7ae49b104209d8fbdd9d3e9923b6c8dc13f966e58b2aea88cfe6ac4f72b"
"canonical_results","./results/runs/lendingclub_v2/cdv1-010-lendingclub-v2-voting-k100-lr-s42/features/fold_selected_features.csv","2818","e49ecf39c882f1889500cb41084a911be8b0336e92fa75b04f3d429726c34ba8"
"canonical_results","./results/runs/lendingclub_v2/cdv1-010-lendingclub-v2-voting-k100-lr-s42/folds/fold_1/aggregate_ranking.csv","121649","01dca1127a8ecb3157a06603cb199b8183bf3ef796cf0729de1cf063b5a05e03"
"canonical_results","./results/runs/lendingclub_v2/cdv1-010-lendingclub-v2-voting-k100-lr-s42/folds/fold_1/candidate_features.csv","2802","6e3c70c4fdb8e4e5f21417dbcafe45abb5f5f4fd0f950962e381a56c8545c786"
"canonical_results","./results/runs/lendingclub_v2/cdv1-010-lendingclub-v2-voting-k100-lr-s42/folds/fold_1/effective_model_config.json","1605","b8bf299971e9a8e6f9c3ba9960b0e981cad3f829dd344b5ef6a071b109a00e7f"
"canonical_results","./results/runs/lendingclub_v2/cdv1-010-lendingclub-v2-voting-k100-lr-s42/folds/fold_1/prediction_metadata.json","1959","0cef3a457d383d27bb16232b2148e021a4cbffc190a17a8564180a2006e65539"
"canonical_results","./results/runs/lendingclub_v2/cdv1-010-lendingclub-v2-voting-k100-lr-s42/folds/fold_1/predictions_dev.csv","21280346","0c3bebc52880ab3773c44dee27385967f82e3dfe860c34f3d12dfee30d1eaed0"
"canonical_results","./results/runs/lendingclub_v2/cdv1-010-lendingclub-v2-voting-k100-lr-s42/folds/fold_1/rfe_selection_trace.csv","3902","3e93ba5b4a5bde9d6031b636ee94379a769b990c7c17ab0a6691dcd2b9cee7d8"
"canonical_results","./results/runs/lendingclub_v2/cdv1-010-lendingclub-v2-voting-k100-lr-s42/folds/fold_1/selected_features.csv","616","68bdcd5d0aa3379a5f31ebcc11086c2a1b279201bcdacefb0fad33e93a0f0376"
"canonical_results","./results/runs/lendingclub_v2/cdv1-010-lendingclub-v2-voting-k100-lr-s42/folds/fold_1/voter_rankings.csv","940532","f272e5e3b557ebf9ab44df069ed44777cc955490efb39b8b2ede8f8c8d9a6dcf"
"canonical_results","./results/runs/lendingclub_v2/cdv1-010-lendingclub-v2-voting-k100-lr-s42/folds/fold_2/aggregate_ranking.csv","121639","077cd9734de5900ac8412e4ce6177af5d6b3b67db1c572507ee5153390021ad2"
"canonical_results","./results/runs/lendingclub_v2/cdv1-010-lendingclub-v2-voting-k100-lr-s42/folds/fold_2/candidate_features.csv","2728","3a16a3923361f1663028895b2b5cc3246d8775485f325887debe1c1dbda83312"
"canonical_results","./results/runs/lendingclub_v2/cdv1-010-lendingclub-v2-voting-k100-lr-s42/folds/fold_2/effective_model_config.json","1605","3061913cdbc559ca5d9f3e038c5c9baa667b20afc08ec2c6e2d9a2f402836545"
"canonical_results","./results/runs/lendingclub_v2/cdv1-010-lendingclub-v2-voting-k100-lr-s42/folds/fold_2/prediction_metadata.json","1956","6d6a620f67c13fc45234d2d44d37985ba7a89528260c8dd123c542671aa28094"
"canonical_results","./results/runs/lendingclub_v2/cdv1-010-lendingclub-v2-voting-k100-lr-s42/folds/fold_2/predictions_dev.csv","16035210","53677c68530409dfac2ebdb0c143deecd5f5b34fd10d0059c7cb9279b3657a25"
"canonical_results","./results/runs/lendingclub_v2/cdv1-010-lendingclub-v2-voting-k100-lr-s42/folds/fold_2/rfe_selection_trace.csv","3828","3356bff8c70bc1b38e334dd7b24c3c30e00c7e2ea17e1f81a36f29012723ddb4"
"canonical_results","./results/runs/lendingclub_v2/cdv1-010-lendingclub-v2-voting-k100-lr-s42/folds/fold_2/selected_features.csv","607","2fb85bc2df6a9d7b52a1ed6146eb150999280b3201f7c2b85c1c164f95050505"
"canonical_results","./results/runs/lendingclub_v2/cdv1-010-lendingclub-v2-voting-k100-lr-s42/folds/fold_2/voter_rankings.csv","940307","b700eb64935f42f7d6ed295c9bb18ef43b670d15796c85db9a77a2c29472f7a0"
"canonical_results","./results/runs/lendingclub_v2/cdv1-010-lendingclub-v2-voting-k100-lr-s42/folds/fold_3/aggregate_ranking.csv","121632","8e4258fa16e10dc31964e652ae1e0bb14400143451d29c8fd6b05368eed9c520"
"canonical_results","./results/runs/lendingclub_v2/cdv1-010-lendingclub-v2-voting-k100-lr-s42/folds/fold_3/candidate_features.csv","2653","5b0d3241d10c266779ee0763fd63b08d7e5c4862392bcf2c1c711fa613a33087"
"canonical_results","./results/runs/lendingclub_v2/cdv1-010-lendingclub-v2-voting-k100-lr-s42/folds/fold_3/effective_model_config.json","1605","3061913cdbc559ca5d9f3e038c5c9baa667b20afc08ec2c6e2d9a2f402836545"
"canonical_results","./results/runs/lendingclub_v2/cdv1-010-lendingclub-v2-voting-k100-lr-s42/folds/fold_3/prediction_metadata.json","1959","c05adfa5a659e2c62109eed6189ff00bf6e750f274799df075833d95dfd1f4d2"
"canonical_results","./results/runs/lendingclub_v2/cdv1-010-lendingclub-v2-voting-k100-lr-s42/folds/fold_3/predictions_dev.csv","23665163","4039fefa96e53be0e0744b980b2bb1b8b376d17da447684875dfc9402fea049c"
"canonical_results","./results/runs/lendingclub_v2/cdv1-010-lendingclub-v2-voting-k100-lr-s42/folds/fold_3/rfe_selection_trace.csv","3753","80768a9868bd2a66785f6143e3207399f46a472818a123ffd3b9069c4aa9869b"
"canonical_results","./results/runs/lendingclub_v2/cdv1-010-lendingclub-v2-voting-k100-lr-s42/folds/fold_3/selected_features.csv","564","5326d53aaaf5fea62f185038256cd5ed1ed885c7ba54ab6fccf5a2c0ad9de817"
"canonical_results","./results/runs/lendingclub_v2/cdv1-010-lendingclub-v2-voting-k100-lr-s42/folds/fold_3/voter_rankings.csv","940216","f98fd2cffcb84670d6b1006e29983463b35f72d5223196f938a1318b10aa3cbc"
"canonical_results","./results/runs/lendingclub_v2/cdv1-010-lendingclub-v2-voting-k100-lr-s42/folds/fold_4/aggregate_ranking.csv","121662","961b60315200334e133b331e5a03eab7fdc281232226b3101432eddf3b3cd719"
"canonical_results","./results/runs/lendingclub_v2/cdv1-010-lendingclub-v2-voting-k100-lr-s42/folds/fold_4/candidate_features.csv","2639","ce9d77bd080ae53068ba5b36be0e4b28751517f1b045a0442e26fd6bdb3eb894"
"canonical_results","./results/runs/lendingclub_v2/cdv1-010-lendingclub-v2-voting-k100-lr-s42/folds/fold_4/effective_model_config.json","1605","9f3ffed776796951812f48d3b72a0432ba4b364fcbca972d70cfb4b953797553"
"canonical_results","./results/runs/lendingclub_v2/cdv1-010-lendingclub-v2-voting-k100-lr-s42/folds/fold_4/prediction_metadata.json","1956","88cd44d17bc0bca385639f4c913bd585b2e2796c319971d3f522f8b7c9c36e0e"
"canonical_results","./results/runs/lendingclub_v2/cdv1-010-lendingclub-v2-voting-k100-lr-s42/folds/fold_4/predictions_dev.csv","18582655","b8f9fddbcc8dd46c432bd482db9aa89998839ba213d07ec9fecd183adb077912"
"canonical_results","./results/runs/lendingclub_v2/cdv1-010-lendingclub-v2-voting-k100-lr-s42/folds/fold_4/rfe_selection_trace.csv","3739","8b57983079a7c8a9591023e85ab03d2633ca559098d40034708bb4cde1ea6641"
"canonical_results","./results/runs/lendingclub_v2/cdv1-010-lendingclub-v2-voting-k100-lr-s42/folds/fold_4/selected_features.csv","561","6def8935d6f5b4e4f502d3740df8ffe17dec0ba2dd4c90bd1e079b9fe73dba70"
"canonical_results","./results/runs/lendingclub_v2/cdv1-010-lendingclub-v2-voting-k100-lr-s42/folds/fold_4/voter_rankings.csv","939932","9beae4ad00f65fb4961cbfe529c545e10b57e5e0dc6754943f8dab111039be48"
"canonical_results","./results/runs/lendingclub_v2/cdv1-010-lendingclub-v2-voting-k100-lr-s42/folds/fold_5/aggregate_ranking.csv","121632","a11500f8692594b9edb8e90fbff6bdc55c7806cb219902c7e56386c4cdd7ed58"
"canonical_results","./results/runs/lendingclub_v2/cdv1-010-lendingclub-v2-voting-k100-lr-s42/folds/fold_5/candidate_features.csv","2623","82f57d11cecb3323b784ba18d72695ee647c6e133092402faf901978d3d6ee0a"
"canonical_results","./results/runs/lendingclub_v2/cdv1-010-lendingclub-v2-voting-k100-lr-s42/folds/fold_5/effective_model_config.json","1605","9f3ffed776796951812f48d3b72a0432ba4b364fcbca972d70cfb4b953797553"
"canonical_results","./results/runs/lendingclub_v2/cdv1-010-lendingclub-v2-voting-k100-lr-s42/folds/fold_5/prediction_metadata.json","1956","fe9052cd73e1f7b9c132ebefaabd7bf599230b5a2953d0aaa66377f9e9318a85"
"canonical_results","./results/runs/lendingclub_v2/cdv1-010-lendingclub-v2-voting-k100-lr-s42/folds/fold_5/predictions_dev.csv","13381681","7433da3d333b15320234c27ae0fc5f9b3c7f104450fc8873d5dccffa03ca082e"
"canonical_results","./results/runs/lendingclub_v2/cdv1-010-lendingclub-v2-voting-k100-lr-s42/folds/fold_5/rfe_selection_trace.csv","3723","8c01672ba2e01e0cc9c4b27f2dcb74db7b1b9f751adb74a60ecda05c848bf6bd"
"canonical_results","./results/runs/lendingclub_v2/cdv1-010-lendingclub-v2-voting-k100-lr-s42/folds/fold_5/selected_features.csv","598","7a324ecbb90fc32d8b1ad65df28bb05b7698be9b1d9af10d67ddb31ed3647b03"
"canonical_results","./results/runs/lendingclub_v2/cdv1-010-lendingclub-v2-voting-k100-lr-s42/folds/fold_5/voter_rankings.csv","939946","fa7868c3a98b2404a9ca4736ac267a75365d1c7f56d532d4e17a51f3bba672c7"
"canonical_results","./results/runs/lendingclub_v2/cdv1-010-lendingclub-v2-voting-k100-lr-s42/manifest.json","8346","c3b711dfd6c2ae1d4f5967fc9abc1c8031382e4c9b3c2498dad07aa32cb3aa95"
"canonical_results","./results/runs/lendingclub_v2/cdv1-010-lendingclub-v2-voting-k100-lr-s42/preflight.json","4809","7c52e1aca145f0201fbc64b8624d5ec95dc2c323486002ae72a9330f5dfc2570"
"canonical_results","./results/runs/lendingclub_v2/cdv1-010-lendingclub-v2-voting-k100-lr-s42/resource_usage.json","4883019","78d4b3f40573ee420f8ba35ef6420488e01c503e697afc61ed48a05b7813a240"
"canonical_results","./results/runs/lendingclub_v2/cdv1-010-lendingclub-v2-voting-k100-lr-s42/results/dev_fold_metrics.csv","1511","bacbaa2a3278e16ef447e4e4378a867f6799538bd98be5524fd666e1ef98b70c"
"canonical_results","./results/runs/lendingclub_v2/cdv1-010-lendingclub-v2-voting-k100-lr-s42/results/dev_prediction_metadata.json","2068","8e9ff4b4e7d70404410b067406c7dc1e6f6519b20aeb70640a838511f6507b3f"
"canonical_results","./results/runs/lendingclub_v2/cdv1-010-lendingclub-v2-voting-k100-lr-s42/results/dev_predictions.csv","94271735","ef118c05023eb4a3e57d3f0ba7c8715c3cfe09815e95624c5113948bd2cb8289"
"canonical_results","./results/runs/lendingclub_v2/cdv1-010-lendingclub-v2-voting-k100-lr-s42/run.log","3240","585283cc991564c430752828281a7ff14af75a12a8058e5371cb0e477a653ebc"
"canonical_results","./results/runs/lendingclub_v2/cdv1-010-lendingclub-v2-voting-k100-lr-s42/run_manifest.json","8346","c3b711dfd6c2ae1d4f5967fc9abc1c8031382e4c9b3c2498dad07aa32cb3aa95"
"canonical_results","./results/runs/lendingclub_v2/cdv1-011-lendingclub-v2-voting-k200-lr-s42/checkpoint.json","25219","1e3972e357736f5b48453fad9a204795ff8857b1d636c4a673277eae4fae1309"
"canonical_results","./results/runs/lendingclub_v2/cdv1-011-lendingclub-v2-voting-k200-lr-s42/config.json","1743","4a53623ddd3ee00b58f1c8135133bef2b5d186a5030d692345b9d9ef6b90ed82"
"canonical_results","./results/runs/lendingclub_v2/cdv1-011-lendingclub-v2-voting-k200-lr-s42/data_access_dev.json","27710","69bbf24496308093d1f8332fb4eb84a11a3e2cc4d1213f6cca409d3f28850485"
"canonical_results","./results/runs/lendingclub_v2/cdv1-011-lendingclub-v2-voting-k200-lr-s42/folds/fold_1/aggregate_ranking.csv","121549","fb66c0ce0c5e15d567d5676a183fab2657c72a1600358e3cd6f3fad53bb2ccd8"
"canonical_results","./results/runs/lendingclub_v2/cdv1-011-lendingclub-v2-voting-k200-lr-s42/folds/fold_1/candidate_features.csv","5713","0cf7e644a6ac5e24885811b323cd7ad35c26a724f4cf5383d3c8314a25868cad"
"canonical_results","./results/runs/lendingclub_v2/cdv1-011-lendingclub-v2-voting-k200-lr-s42/folds/fold_1/effective_model_config.json","1605","cf6409718f00fb822ba6ca9bf5cc648304fe40ca4b8433bff6258c36ec03418b"
"canonical_results","./results/runs/lendingclub_v2/cdv1-011-lendingclub-v2-voting-k200-lr-s42/folds/fold_1/prediction_metadata.json","1959","3ebef5b751b82fe72845c0bf0c7ecb2a6df3c5b61f6dd15cc5f41c384ea26532"
"canonical_results","./results/runs/lendingclub_v2/cdv1-011-lendingclub-v2-voting-k200-lr-s42/folds/fold_1/predictions_dev.csv","21280226","7ddd474e0e95c3d2e839ee1ba48ee267a4b765112d4f38a317d3cd51a109b908"
"canonical_results","./results/runs/lendingclub_v2/cdv1-011-lendingclub-v2-voting-k200-lr-s42/folds/fold_1/rfe_selection_trace.csv","8013","eba7f0fb48ac13bea5ee7847dac041740c31dbafcac8badce35f8d38af82c049"
"canonical_results","./results/runs/lendingclub_v2/cdv1-011-lendingclub-v2-voting-k200-lr-s42/folds/fold_1/selected_features.csv","590","2ea7b07bff86f9a47531dae158fb453ede15eed01b86a997ed5d0d6c1d683584"
"canonical_results","./results/runs/lendingclub_v2/cdv1-011-lendingclub-v2-voting-k200-lr-s42/folds/fold_1/voter_rankings.csv","940532","f272e5e3b557ebf9ab44df069ed44777cc955490efb39b8b2ede8f8c8d9a6dcf"
"canonical_results","./results/runs/lendingclub_v2/cdv1-011-lendingclub-v2-voting-k200-lr-s42/folds/fold_2/aggregate_ranking.csv","121539","395110ed1247a601e012513694e1b7228a5aaca051ddacac9946041910a8a08d"
"canonical_results","./results/runs/lendingclub_v2/cdv1-011-lendingclub-v2-voting-k200-lr-s42/folds/fold_2/candidate_features.csv","5685","63887bd293aea89d1139d65225e417c590b1ef605144c44fe0230518366f7e8b"
"canonical_results","./results/runs/lendingclub_v2/cdv1-011-lendingclub-v2-voting-k200-lr-s42/folds/fold_2/effective_model_config.json","1606","5a539e1f9298a962b18a4bed1ed9ee3e7b53aaf7f96cd42b697f9524d14c11ff"
"canonical_results","./results/runs/lendingclub_v2/cdv1-011-lendingclub-v2-voting-k200-lr-s42/folds/fold_2/prediction_metadata.json","1956","d8948564d4bc7d739381df8a11b6b7f1e3c9d0dc713567a8099ea540bcf64444"
"canonical_results","./results/runs/lendingclub_v2/cdv1-011-lendingclub-v2-voting-k200-lr-s42/folds/fold_2/predictions_dev.csv","16035801","fdf344c6d4dc13f9332f95ce50e5ef4fef2f254c639e7e7ce2565cea08c4ea19"
"canonical_results","./results/runs/lendingclub_v2/cdv1-011-lendingclub-v2-voting-k200-lr-s42/folds/fold_2/rfe_selection_trace.csv","7985","2c0bf52eb9ab5cc544d9f0399018a2742e25576a5b31431b87d6f5117d74632d"
"canonical_results","./results/runs/lendingclub_v2/cdv1-011-lendingclub-v2-voting-k200-lr-s42/folds/fold_2/selected_features.csv","579","92800598c7745ac65d09afb33d792087f1b205fee5250d6dd5ffe32132fff831"
"canonical_results","./results/runs/lendingclub_v2/cdv1-011-lendingclub-v2-voting-k200-lr-s42/folds/fold_2/voter_rankings.csv","940307","b700eb64935f42f7d6ed295c9bb18ef43b670d15796c85db9a77a2c29472f7a0"
"canonical_results","./results/runs/lendingclub_v2/cdv1-011-lendingclub-v2-voting-k200-lr-s42/manifest.json","7690","a1c780b0e390ce49ab3054ac4f49a5412e90f216ec3d21b77c0e64f4c7d43186"
"canonical_results","./results/runs/lendingclub_v2/cdv1-011-lendingclub-v2-voting-k200-lr-s42/preflight.json","4809","73ea5bfe44174d02c807b76bd711e6bb101b9e457ac247b4b49d5fb38a6e53a0"
"canonical_results","./results/runs/lendingclub_v2/cdv1-011-lendingclub-v2-voting-k200-lr-s42/resource_usage.json","2100925","857a81b96b3873e68f1b0675f853825a4e8c90266c9cff001540dda901460592"
"canonical_results","./results/runs/lendingclub_v2/cdv1-011-lendingclub-v2-voting-k200-lr-s42/run.log","1637","245989895dff8df26f773c0832d7c72566e40a005a2d6128df659b2844f7ba18"
"canonical_results","./results/runs/lendingclub_v2/cdv1-011-lendingclub-v2-voting-k200-lr-s42/run_manifest.json","7690","a1c780b0e390ce49ab3054ac4f49a5412e90f216ec3d21b77c0e64f4c7d43186"
"canonical_results","./results/runs/lendingclub_v2/cdv1-pilot-003-lendingclub-v2-voting-k200-lr-s42-f0/_SUCCESS","27","57466ede618862593c1225ab8e7290408603de8f4d51922577484df8d1cf7174"
"canonical_results","./results/runs/lendingclub_v2/cdv1-pilot-003-lendingclub-v2-voting-k200-lr-s42-f0/aggregate_ranking.csv","121549","fb66c0ce0c5e15d567d5676a183fab2657c72a1600358e3cd6f3fad53bb2ccd8"
"canonical_results","./results/runs/lendingclub_v2/cdv1-pilot-003-lendingclub-v2-voting-k200-lr-s42-f0/candidate_features.csv","9951","e7b84bbe598581ef1b10b1666228487ebaade96a79a6e5923f6c91437ad10488"
"canonical_results","./results/runs/lendingclub_v2/cdv1-pilot-003-lendingclub-v2-voting-k200-lr-s42-f0/candidate_projection_manifest.json","147356","3c096a83eebea673de446a4b16a8b8b90c857e809794b4066b6f7f5fc09a10d2"
"canonical_results","./results/runs/lendingclub_v2/cdv1-pilot-003-lendingclub-v2-voting-k200-lr-s42-f0/checkpoint.json","22624","3b2c0ebe42d2f5eb50ef1001b8f5500392cb0d89ca5f815b84c79ebe0a6ce61d"
"canonical_results","./results/runs/lendingclub_v2/cdv1-pilot-003-lendingclub-v2-voting-k200-lr-s42-f0/config.json","2574","adbcc384f060856a9039cfcf28ff08bcb80c72f13a9d9140e170089e61ab9890"
"canonical_results","./results/runs/lendingclub_v2/cdv1-pilot-003-lendingclub-v2-voting-k200-lr-s42-f0/data_access_log.json","111754","8203e7e8a20ba178f041219ca789330816968e213295dc4eb310a058dba4105e"
"canonical_results","./results/runs/lendingclub_v2/cdv1-pilot-003-lendingclub-v2-voting-k200-lr-s42-f0/effective_model_config.json","1858","201701920a28b75ece65cb255db1b8f2763595a528d2f03385c624c81a8017e9"
"canonical_results","./results/runs/lendingclub_v2/cdv1-pilot-003-lendingclub-v2-voting-k200-lr-s42-f0/fold_identity_manifest.json","1283","9044b99be5fa3b86559dd47310bc41339fa12db8b493ba36bb15b35aa3debbd0"
"canonical_results","./results/runs/lendingclub_v2/cdv1-pilot-003-lendingclub-v2-voting-k200-lr-s42-f0/fold_selections.csv","12270","aee9524b22fbb0943735177de6b97a8dd10843cff82658bdbb830ca623c782fe"
"canonical_results","./results/runs/lendingclub_v2/cdv1-pilot-003-lendingclub-v2-voting-k200-lr-s42-f0/incomplete/attempt_history/attempt_01_resource_usage.json","33657","20b2c555249f979ab9258d6340a3ee242a0b9c23e2cc1f794496d48a4cd4df00"
"canonical_results","./results/runs/lendingclub_v2/cdv1-pilot-003-lendingclub-v2-voting-k200-lr-s42-f0/manifest.json","12401","d510687942a2e2824cd224de32440de3c0fbabe09d614cf58b44a92b528fa0cb"
"canonical_results","./results/runs/lendingclub_v2/cdv1-pilot-003-lendingclub-v2-voting-k200-lr-s42-f0/pilot_validation.json","2726","1c3b980c887838e3c1f7d77a202a9378d410c7a4d5858c5d3551e21c1b780b3b"
"canonical_results","./results/runs/lendingclub_v2/cdv1-pilot-003-lendingclub-v2-voting-k200-lr-s42-f0/prediction_metadata.json","2052","ca11abef7603651bf11af1c16754f2cafe7e4662b9c86c056a4740a098f04759"
"canonical_results","./results/runs/lendingclub_v2/cdv1-pilot-003-lendingclub-v2-voting-k200-lr-s42-f0/predictions_dev.csv","22308629","b89a8df8b62b07d911b84832f3833d910fd2bba0c4669db660c03477c73c7b67"
"canonical_results","./results/runs/lendingclub_v2/cdv1-pilot-003-lendingclub-v2-voting-k200-lr-s42-f0/preflight.json","5323","6a996783ddeeb0a56c8e709ce61aa1313b69b25cd867bcd29b4be8c60de0532d"
"canonical_results","./results/runs/lendingclub_v2/cdv1-pilot-003-lendingclub-v2-voting-k200-lr-s42-f0/resource_usage.json","355553","4d699d43ee0d55be7df8c30820325aff0c385bbe6ba447b05e3be63506b3247c"
"canonical_results","./results/runs/lendingclub_v2/cdv1-pilot-003-lendingclub-v2-voting-k200-lr-s42-f0/rfe_selection_trace.csv","12136","b9a8d501b8169792493904ea4f20bf7a0dcccd49c85bb6e0e5ea97cf4a600df6"
"canonical_results","./results/runs/lendingclub_v2/cdv1-pilot-003-lendingclub-v2-voting-k200-lr-s42-f0/run.log","900","a948f176c028f87041e11022488637a59e6362d21ab4a6a0b910d833eef1e113"
"canonical_results","./results/runs/lendingclub_v2/cdv1-pilot-003-lendingclub-v2-voting-k200-lr-s42-f0/run_manifest.json","12401","d510687942a2e2824cd224de32440de3c0fbabe09d614cf58b44a92b528fa0cb"
"canonical_results","./results/runs/lendingclub_v2/cdv1-pilot-003-lendingclub-v2-voting-k200-lr-s42-f0/selected_features.csv","1120","9bd6344b43b0dd53e847c804403bb3ddce827e8d5b6bea06922b8715168b9afc"
"canonical_results","./results/runs/lendingclub_v2/cdv1-pilot-003-lendingclub-v2-voting-k200-lr-s42-f0/selection_artifact_manifest.json","5201","f41b8698fde76f72bd6a8df8e1b865877db80ed1a32004508d83981a6d60b179"
"canonical_results","./results/runs/lendingclub_v2/cdv1-pilot-003-lendingclub-v2-voting-k200-lr-s42-f0/stage_timings.csv","445","42b482f91319259ed4f580ae4645219e2cfd7d0e6b2e99c9ad2eacaa968e9132"
"canonical_results","./results/runs/lendingclub_v2/cdv1-pilot-003-lendingclub-v2-voting-k200-lr-s42-f0/voter_rankings.csv","940532","f272e5e3b557ebf9ab44df069ed44777cc955490efb39b8b2ede8f8c8d9a6dcf"
"canonical_results","./results/runs/lendingclub_v2/cdv1-pilot-004-lendingclub-v2-voting-k200-catboost-s42-f0/_SUCCESS","27","1880ab0d440d58af68303e90f111d78b643fcf82539aa6dbc47c41852bc78196"
"canonical_results","./results/runs/lendingclub_v2/cdv1-pilot-004-lendingclub-v2-voting-k200-catboost-s42-f0/aggregate_ranking.csv","121549","fb66c0ce0c5e15d567d5676a183fab2657c72a1600358e3cd6f3fad53bb2ccd8"
"canonical_results","./results/runs/lendingclub_v2/cdv1-pilot-004-lendingclub-v2-voting-k200-catboost-s42-f0/candidate_features.csv","9951","e7b84bbe598581ef1b10b1666228487ebaade96a79a6e5923f6c91437ad10488"
"canonical_results","./results/runs/lendingclub_v2/cdv1-pilot-004-lendingclub-v2-voting-k200-catboost-s42-f0/candidate_projection_manifest.json","147974","764ca6dd2490cafdebb362bde673c2a538dd02fccad583493d5d630270bebb3b"
"canonical_results","./results/runs/lendingclub_v2/cdv1-pilot-004-lendingclub-v2-voting-k200-catboost-s42-f0/checkpoint.json","21440","71b8a669dbcefa14c86f0e653c0921cb656a274d5352c98e9c219cfb64ed2b32"
"canonical_results","./results/runs/lendingclub_v2/cdv1-pilot-004-lendingclub-v2-voting-k200-catboost-s42-f0/config.json","2592","e25ce70fe2e3222b9e733e4c0714ea020274dd6af7a52c18304139acf55e400e"
"canonical_results","./results/runs/lendingclub_v2/cdv1-pilot-004-lendingclub-v2-voting-k200-catboost-s42-f0/data_access_log.json","111754","8203e7e8a20ba178f041219ca789330816968e213295dc4eb310a058dba4105e"
"canonical_results","./results/runs/lendingclub_v2/cdv1-pilot-004-lendingclub-v2-voting-k200-catboost-s42-f0/effective_model_config.json","2559","7667f5c92bd0afa917f899a8b5816152a29b6b642a8780dd5ef1a94640b3ddc2"
"canonical_results","./results/runs/lendingclub_v2/cdv1-pilot-004-lendingclub-v2-voting-k200-catboost-s42-f0/fold_identity_manifest.json","1283","9044b99be5fa3b86559dd47310bc41339fa12db8b493ba36bb15b35aa3debbd0"
"canonical_results","./results/runs/lendingclub_v2/cdv1-pilot-004-lendingclub-v2-voting-k200-catboost-s42-f0/fold_selections.csv","12230","c19ebafaca51efba8d76bfd1ebccb9402db026af314f447017491593ec2e0313"
"canonical_results","./results/runs/lendingclub_v2/cdv1-pilot-004-lendingclub-v2-voting-k200-catboost-s42-f0/manifest.json","12249","48e5de9bb67e791b5588dc83a402a6d671c410e93fb24de6ca116dc95090a8f6"
"canonical_results","./results/runs/lendingclub_v2/cdv1-pilot-004-lendingclub-v2-voting-k200-catboost-s42-f0/pilot_validation.json","2744","998cbf1827af15d01f3b442a07d28b8c64e5de92e94710ac68c1466df233d7e1"
"canonical_results","./results/runs/lendingclub_v2/cdv1-pilot-004-lendingclub-v2-voting-k200-catboost-s42-f0/prediction_metadata.json","2070","94afc0e57dc47fe86d4d0684d91432ea373c9c1e10df0fd39fedff5220f12fcc"
"canonical_results","./results/runs/lendingclub_v2/cdv1-pilot-004-lendingclub-v2-voting-k200-catboost-s42-f0/predictions_dev.csv","23687169","3f84ea5cd169ae28f313b634bf1db158a4441ccdbcc8c74a49c2ba15ecc843e6"
"canonical_results","./results/runs/lendingclub_v2/cdv1-pilot-004-lendingclub-v2-voting-k200-catboost-s42-f0/preflight.json","5335","64b5d6c168b6a9eaa5315d3ad01d798a0d065362354c81bc86e29834c6a7d70d"
"canonical_results","./results/runs/lendingclub_v2/cdv1-pilot-004-lendingclub-v2-voting-k200-catboost-s42-f0/resource_usage.json","375843","8ccaff66102d65f4b902989a620bfc66b82af0587615b3a80b726930116ecab2"
"canonical_results","./results/runs/lendingclub_v2/cdv1-pilot-004-lendingclub-v2-voting-k200-catboost-s42-f0/rfe_selection_trace.csv","12096","b17b725f84d6aa7bd31ccfe9efe442cd96169f4c6e98f59725402e36995761df"
"canonical_results","./results/runs/lendingclub_v2/cdv1-pilot-004-lendingclub-v2-voting-k200-catboost-s42-f0/run.log","774","9039f9cfbba50a5fe07a6a6a8d8b9da0d138525328d08683c9ec87ab76a00c46"
"canonical_results","./results/runs/lendingclub_v2/cdv1-pilot-004-lendingclub-v2-voting-k200-catboost-s42-f0/run_manifest.json","12249","48e5de9bb67e791b5588dc83a402a6d671c410e93fb24de6ca116dc95090a8f6"
"canonical_results","./results/runs/lendingclub_v2/cdv1-pilot-004-lendingclub-v2-voting-k200-catboost-s42-f0/selected_features.csv","2419","affd406de2e5acf2e305f195585eb108a50244bae12c228eb516d8b29264b40d"
"canonical_results","./results/runs/lendingclub_v2/cdv1-pilot-004-lendingclub-v2-voting-k200-catboost-s42-f0/selection_artifact_manifest.json","5243","e838c71e46d4185bfcb468d27d3186a2f967fafa33ca141bec99426dea914f8e"
"canonical_results","./results/runs/lendingclub_v2/cdv1-pilot-004-lendingclub-v2-voting-k200-catboost-s42-f0/stage_timings.csv","443","c9b7cff965099a80147afbd61138c287218f845909fa0efc2205f717a6225496"
"canonical_results","./results/runs/lendingclub_v2/cdv1-pilot-004-lendingclub-v2-voting-k200-catboost-s42-f0/voter_rankings.csv","940532","f272e5e3b557ebf9ab44df069ed44777cc955490efb39b8b2ede8f8c8d9a6dcf"
"capacity_evidence","./cleanup/audits/lendingclub_memory_refinement_capacity_gate/artifact_manifest.json","4814","e67f8c8e5151c8fddea5d429cddbf51f693eadaa0d00236b5771a575d14dafac"
"capacity_evidence","./cleanup/audits/lendingclub_memory_refinement_capacity_gate/baseline_state.json","6086","5e811987d8400505c62330ca762f0647660f9465d17a06425a53eff7267e0341"
"capacity_evidence","./cleanup/audits/lendingclub_memory_refinement_capacity_gate/before_memory_ownership_map.csv","4727","2fee49bec996f3ef035993fe56b8852a3d3476d7815fb6657a724574c101c1aa"
"capacity_evidence","./cleanup/audits/lendingclub_memory_refinement_capacity_gate/capacity_execution/README.md","998","0d06a66bf4fccaf1b7aa87a4ad9f12e9d9bde9d0843f4e4a9ac8e9efaa40d809"
"capacity_evidence","./cleanup/audits/lendingclub_memory_refinement_capacity_gate/capacity_execution/run_index.csv","2608","f2e5a2746e740421ad21f801155649a77598c33adbe4e9d5faa335642729e09b"
"capacity_evidence","./cleanup/audits/lendingclub_memory_refinement_capacity_gate/capacity_execution/run_index.csv.lock","1","6e340b9cffb37a989ca544e6bb780a2c78901d3fb33738768511a30617afa01d"
"capacity_evidence","./cleanup/audits/lendingclub_memory_refinement_capacity_gate/capacity_execution/runs/lendingclub_v2/cdv1-capacity-001-lendingclub-v2-largest-fold-voting-k300-s42/_SUCCESS","27","bb5a0cb2f7368459b91f87a4a6df457c33781781886f5878ccbb106ff93df3e3"
"capacity_evidence","./cleanup/audits/lendingclub_memory_refinement_capacity_gate/capacity_execution/runs/lendingclub_v2/cdv1-capacity-001-lendingclub-v2-largest-fold-voting-k300-s42/aggregate_ranking.csv","121432","7588d07d2bdd4a175a87cf88cb79772ca399ce0761a165549dbbbe64c09f50f1"
"capacity_evidence","./cleanup/audits/lendingclub_memory_refinement_capacity_gate/capacity_execution/runs/lendingclub_v2/cdv1-capacity-001-lendingclub-v2-largest-fold-voting-k300-s42/branches/catboost/effective_model_config.json","2689","bbbc650bf1fa000536a88e789e6477d8996f8a0bbdfe341ffdae4ac9e81e2f45"
"capacity_evidence","./cleanup/audits/lendingclub_memory_refinement_capacity_gate/capacity_execution/runs/lendingclub_v2/cdv1-capacity-001-lendingclub-v2-largest-fold-voting-k300-s42/branches/catboost/prediction_metadata.json","2151","9f3e46492137fc22327d377e31c7e5e74997a5813b328a80abff05ae866d5603"
"capacity_evidence","./cleanup/audits/lendingclub_memory_refinement_capacity_gate/capacity_execution/runs/lendingclub_v2/cdv1-capacity-001-lendingclub-v2-largest-fold-voting-k300-s42/branches/catboost/predictions_dev.csv","16188890","b0c4d99b2d523ff09bc863d485563c7b2c24bdc33e47fc54c1678f78a1c7efbb"
"capacity_evidence","./cleanup/audits/lendingclub_memory_refinement_capacity_gate/capacity_execution/runs/lendingclub_v2/cdv1-capacity-001-lendingclub-v2-largest-fold-voting-k300-s42/branches/catboost/rfe_selection_trace.csv","33440","71602793c89a38c3c6966491c36a47f4f6e5f11807e01efdcfa195ab09f428c6"
"capacity_evidence","./cleanup/audits/lendingclub_memory_refinement_capacity_gate/capacity_execution/runs/lendingclub_v2/cdv1-capacity-001-lendingclub-v2-largest-fold-voting-k300-s42/branches/catboost/selected_features.csv","4055","e54cfa3218ca6988b013ee7698ca141b1efa8067e0eef0abe9caec02837655cf"
"capacity_evidence","./cleanup/audits/lendingclub_memory_refinement_capacity_gate/capacity_execution/runs/lendingclub_v2/cdv1-capacity-001-lendingclub-v2-largest-fold-voting-k300-s42/branches/lr/effective_model_config.json","1989","83595d96d263b3bd83ae23e5b9cef40100c285824a0310f57a2a78b9d6545576"
"capacity_evidence","./cleanup/audits/lendingclub_memory_refinement_capacity_gate/capacity_execution/runs/lendingclub_v2/cdv1-capacity-001-lendingclub-v2-largest-fold-voting-k300-s42/branches/lr/prediction_metadata.json","2139","3329524470c0d68409e3d0f106bd93a268a9a30aa911ea47ed8fb23495babc49"
"capacity_evidence","./cleanup/audits/lendingclub_memory_refinement_capacity_gate/capacity_execution/runs/lendingclub_v2/cdv1-capacity-001-lendingclub-v2-largest-fold-voting-k300-s42/branches/lr/predictions_dev.csv","15754963","6c7d6a03a9ccd5837f95a97f056e7803809fedb6dfff9090e7e2ff8ce7a3bd51"
"capacity_evidence","./cleanup/audits/lendingclub_memory_refinement_capacity_gate/capacity_execution/runs/lendingclub_v2/cdv1-capacity-001-lendingclub-v2-largest-fold-voting-k300-s42/branches/lr/rfe_selection_trace.csv","31680","d4d59a043c8cd8e7afc011d827ef95bcaf2dbc37ebce46bd718a1040c0c753c2"
"capacity_evidence","./cleanup/audits/lendingclub_memory_refinement_capacity_gate/capacity_execution/runs/lendingclub_v2/cdv1-capacity-001-lendingclub-v2-largest-fold-voting-k300-s42/branches/lr/selected_features.csv","1913","c3022e827a9567031e752d4710adaa1505ded8292a86a789d5267e4cfb093a45"
"capacity_evidence","./cleanup/audits/lendingclub_memory_refinement_capacity_gate/capacity_execution/runs/lendingclub_v2/cdv1-capacity-001-lendingclub-v2-largest-fold-voting-k300-s42/candidate_features.csv","15000","217e2d3c6e42e443c8513a79dc8f54a4092565fb3a7227b3b04c8e139f9e19f5"
"capacity_evidence","./cleanup/audits/lendingclub_memory_refinement_capacity_gate/capacity_execution/runs/lendingclub_v2/cdv1-capacity-001-lendingclub-v2-largest-fold-voting-k300-s42/capacity_validation.json","878","12060c7744dbd5322f15f9d2a5d752139fe7939dbb64d233ba6fdc8291429bcc"
"capacity_evidence","./cleanup/audits/lendingclub_memory_refinement_capacity_gate/capacity_execution/runs/lendingclub_v2/cdv1-capacity-001-lendingclub-v2-largest-fold-voting-k300-s42/checkpoint.json","26177","487a8c98b24f9a6a154ed5ed54ad4ef1bd58b950b0744e084a25651e662f3f78"
"capacity_evidence","./cleanup/audits/lendingclub_memory_refinement_capacity_gate/capacity_execution/runs/lendingclub_v2/cdv1-capacity-001-lendingclub-v2-largest-fold-voting-k300-s42/config.json","2681","e1ba079ac308a87705d27edd68be5ad01e4615bd27225b49f611b29663bb7291"
"capacity_evidence","./cleanup/audits/lendingclub_memory_refinement_capacity_gate/capacity_execution/runs/lendingclub_v2/cdv1-capacity-001-lendingclub-v2-largest-fold-voting-k300-s42/data_access_log.json","111938","b21a462d3da00da7a19615a80fc4fc0f66e1525a133faddd95952dc29053e23a"
"capacity_evidence","./cleanup/audits/lendingclub_memory_refinement_capacity_gate/capacity_execution/runs/lendingclub_v2/cdv1-capacity-001-lendingclub-v2-largest-fold-voting-k300-s42/dtype_manifest.json","29497","a9c7f0ae00fd6539c8cfe44aee119fd7f36d4592f5a36dececa4d713524e5ae3"
"capacity_evidence","./cleanup/audits/lendingclub_memory_refinement_capacity_gate/capacity_execution/runs/lendingclub_v2/cdv1-capacity-001-lendingclub-v2-largest-fold-voting-k300-s42/fold_identity_manifest.json","1470","b892f07f0c3a2902a91eb1fbe72f191e0c80dd365f50e3a366dbc201083f3c72"
"capacity_evidence","./cleanup/audits/lendingclub_memory_refinement_capacity_gate/capacity_execution/runs/lendingclub_v2/cdv1-capacity-001-lendingclub-v2-largest-fold-voting-k300-s42/manifest.json","14145","0140ad1487fa6261e540e0c68a50d28bd853322982719dfdc38c9199709075b4"
"capacity_evidence","./cleanup/audits/lendingclub_memory_refinement_capacity_gate/capacity_execution/runs/lendingclub_v2/cdv1-capacity-001-lendingclub-v2-largest-fold-voting-k300-s42/memory_ownership_trace.csv","2466","9c4adc096c4c0e7e6091f4a739f49db8092b6823a405d842d0b8a8a68a010011"
"capacity_evidence","./cleanup/audits/lendingclub_memory_refinement_capacity_gate/capacity_execution/runs/lendingclub_v2/cdv1-capacity-001-lendingclub-v2-largest-fold-voting-k300-s42/preflight.json","7406","6a8e5097950341a87aea4dd26ecf7554b37efbcf263564bd6c460a3761f6c2e1"
"capacity_evidence","./cleanup/audits/lendingclub_memory_refinement_capacity_gate/capacity_execution/runs/lendingclub_v2/cdv1-capacity-001-lendingclub-v2-largest-fold-voting-k300-s42/resource_usage.json","3583610","1d54c1603d548bf2ea7b8c2202f31840991d9297a3160e409aaeb5a7380c7d3a"
"capacity_evidence","./cleanup/audits/lendingclub_memory_refinement_capacity_gate/capacity_execution/runs/lendingclub_v2/cdv1-capacity-001-lendingclub-v2-largest-fold-voting-k300-s42/run.log","846","142e3c618bb068c7c39f02d3adf0245203cdcb48c17c8f9c44b0659d3b1473ac"
"capacity_evidence","./cleanup/audits/lendingclub_memory_refinement_capacity_gate/capacity_execution/runs/lendingclub_v2/cdv1-capacity-001-lendingclub-v2-largest-fold-voting-k300-s42/run_manifest.json","14145","0140ad1487fa6261e540e0c68a50d28bd853322982719dfdc38c9199709075b4"
"capacity_evidence","./cleanup/audits/lendingclub_memory_refinement_capacity_gate/capacity_execution/runs/lendingclub_v2/cdv1-capacity-001-lendingclub-v2-largest-fold-voting-k300-s42/stage_timings.csv","529","1854be523bcd11860f363eb09fc34a76de815aedc1c3ee98717237a9cf875e82"
"capacity_evidence","./cleanup/audits/lendingclub_memory_refinement_capacity_gate/capacity_execution/runs/lendingclub_v2/cdv1-capacity-001-lendingclub-v2-largest-fold-voting-k300-s42/voter_rankings.csv","939946","fa7868c3a98b2404a9ca4736ac267a75365d1c7f56d532d4e17a51f3bba672c7"
"capacity_evidence","./cleanup/audits/lendingclub_memory_refinement_capacity_gate/capacity_execution/runs/lendingclub_v2/cdv1-capacity-002-lendingclub-v2-full-dev-voting-k300-s42/_SUCCESS","27","672df30eec4dc58c72b95e08e1f78e131eb2a0d7e733aeca114d4d00ad2e3ced"
"capacity_evidence","./cleanup/audits/lendingclub_memory_refinement_capacity_gate/capacity_execution/runs/lendingclub_v2/cdv1-capacity-002-lendingclub-v2-full-dev-voting-k300-s42/aggregate_ranking.csv","121440","1c4611f5669236670a814514d17d809123d05cf8446fa9cbb62b50440bee1097"
"capacity_evidence","./cleanup/audits/lendingclub_memory_refinement_capacity_gate/capacity_execution/runs/lendingclub_v2/cdv1-capacity-002-lendingclub-v2-full-dev-voting-k300-s42/branches/catboost/effective_model_config.json","2758","3d35f6b812bcbdd2dc124f2671f4641a2babc3faa434e18c102a14a7ce1be14d"
"capacity_evidence","./cleanup/audits/lendingclub_memory_refinement_capacity_gate/capacity_execution/runs/lendingclub_v2/cdv1-capacity-002-lendingclub-v2-full-dev-voting-k300-s42/branches/catboost/rfe_selection_trace.csv","32334","be33b215194e40b5371a3155ecbd1a0440542251701e9a49018a69a76218f679"
"capacity_evidence","./cleanup/audits/lendingclub_memory_refinement_capacity_gate/capacity_execution/runs/lendingclub_v2/cdv1-capacity-002-lendingclub-v2-full-dev-voting-k300-s42/branches/catboost/selected_features.csv","3871","bfc39cf912b4f2c7accaf06bf59052a5739ef8ff15ccfa37f0ad8005d76e72c6"
"capacity_evidence","./cleanup/audits/lendingclub_memory_refinement_capacity_gate/capacity_execution/runs/lendingclub_v2/cdv1-capacity-002-lendingclub-v2-full-dev-voting-k300-s42/branches/lr/effective_model_config.json","2057","f52403bf28064e67c9912cac33c672e2ba2fa22348d9b74e32f71ec9b9324663"
"capacity_evidence","./cleanup/audits/lendingclub_memory_refinement_capacity_gate/capacity_execution/runs/lendingclub_v2/cdv1-capacity-002-lendingclub-v2-full-dev-voting-k300-s42/branches/lr/rfe_selection_trace.csv","30574","edeeb370b08b189bb20d41553f533317dae138efbb93e29914801ab7f2c5b394"
"capacity_evidence","./cleanup/audits/lendingclub_memory_refinement_capacity_gate/capacity_execution/runs/lendingclub_v2/cdv1-capacity-002-lendingclub-v2-full-dev-voting-k300-s42/branches/lr/selected_features.csv","1826","c2e76ce074950efd9bf56744067afa3aad58f30f0474503c64b5058ce4894f98"
"capacity_evidence","./cleanup/audits/lendingclub_memory_refinement_capacity_gate/capacity_execution/runs/lendingclub_v2/cdv1-capacity-002-lendingclub-v2-full-dev-voting-k300-s42/candidate_features.csv","15094","ce357d6b069f842b44183fb82d9e135600c5567629c21b27e90be09a38a54bc5"
"capacity_evidence","./cleanup/audits/lendingclub_memory_refinement_capacity_gate/capacity_execution/runs/lendingclub_v2/cdv1-capacity-002-lendingclub-v2-full-dev-voting-k300-s42/capacity_validation.json","877","e19942cc6ddf7b7c9e68abdccbb193157ba489c0a010d870c6b1a223dc2245f9"
"capacity_evidence","./cleanup/audits/lendingclub_memory_refinement_capacity_gate/capacity_execution/runs/lendingclub_v2/cdv1-capacity-002-lendingclub-v2-full-dev-voting-k300-s42/checkpoint.json","21336","3b4e65e634e319600dcc8e0f5680c6edc6a0481d88c35160f3909f0bfacaab4d"
"capacity_evidence","./cleanup/audits/lendingclub_memory_refinement_capacity_gate/capacity_execution/runs/lendingclub_v2/cdv1-capacity-002-lendingclub-v2-full-dev-voting-k300-s42/config.json","2684","84fdf53a27e3e1873181f4237a9a9e8625259634eb163c380f4cbb0966044546"
"capacity_evidence","./cleanup/audits/lendingclub_memory_refinement_capacity_gate/capacity_execution/runs/lendingclub_v2/cdv1-capacity-002-lendingclub-v2-full-dev-voting-k300-s42/data_access_log.json","111934","23b298e4691621ce470f3f357b76b7e98181da247149139df985ca8a606f165f"
"capacity_evidence","./cleanup/audits/lendingclub_memory_refinement_capacity_gate/capacity_execution/runs/lendingclub_v2/cdv1-capacity-002-lendingclub-v2-full-dev-voting-k300-s42/dtype_manifest.json","29497","a9c7f0ae00fd6539c8cfe44aee119fd7f36d4592f5a36dececa4d713524e5ae3"
"capacity_evidence","./cleanup/audits/lendingclub_memory_refinement_capacity_gate/capacity_execution/runs/lendingclub_v2/cdv1-capacity-002-lendingclub-v2-full-dev-voting-k300-s42/fold_identity_manifest.json","1336","71e09ef3e4e48d434122ecb75fc2c1061341c34f7905311015e787fc78222fa2"
"capacity_evidence","./cleanup/audits/lendingclub_memory_refinement_capacity_gate/capacity_execution/runs/lendingclub_v2/cdv1-capacity-002-lendingclub-v2-full-dev-voting-k300-s42/manifest.json","13075","9173ed880fb623536f6789ffe4da02d39ed7c4e02b02709f805d3cccc3b7ec89"
"capacity_evidence","./cleanup/audits/lendingclub_memory_refinement_capacity_gate/capacity_execution/runs/lendingclub_v2/cdv1-capacity-002-lendingclub-v2-full-dev-voting-k300-s42/memory_ownership_trace.csv","2326","1f5017402cfcb80f10b552b2d9128288ed613fce1c1b65a1136a1ebdee4219f2"
"capacity_evidence","./cleanup/audits/lendingclub_memory_refinement_capacity_gate/capacity_execution/runs/lendingclub_v2/cdv1-capacity-002-lendingclub-v2-full-dev-voting-k300-s42/preflight.json","7393","2f864251abdd3fcf318a55571c72a294fa9ba12da80ef432c35b8e3d1f1788fa"
"capacity_evidence","./cleanup/audits/lendingclub_memory_refinement_capacity_gate/capacity_execution/runs/lendingclub_v2/cdv1-capacity-002-lendingclub-v2-full-dev-voting-k300-s42/resource_usage.json","4610707","00684a9b6378d344c09beb69c944a2154379e81c3525304154f0f4dbb8ac65b2"
"capacity_evidence","./cleanup/audits/lendingclub_memory_refinement_capacity_gate/capacity_execution/runs/lendingclub_v2/cdv1-capacity-002-lendingclub-v2-full-dev-voting-k300-s42/run.log","846","07a3608db31bffcc63fbf1def984c592a72f66d46535d9904fb88766f8e68c52"
"capacity_evidence","./cleanup/audits/lendingclub_memory_refinement_capacity_gate/capacity_execution/runs/lendingclub_v2/cdv1-capacity-002-lendingclub-v2-full-dev-voting-k300-s42/run_manifest.json","13075","9173ed880fb623536f6789ffe4da02d39ed7c4e02b02709f805d3cccc3b7ec89"
"capacity_evidence","./cleanup/audits/lendingclub_memory_refinement_capacity_gate/capacity_execution/runs/lendingclub_v2/cdv1-capacity-002-lendingclub-v2-full-dev-voting-k300-s42/stage_timings.csv","521","d92932f79249b8abd3e7b585a2e0356b2c86f550d610d59a4bf823e41835b92a"
"capacity_evidence","./cleanup/audits/lendingclub_memory_refinement_capacity_gate/capacity_execution/runs/lendingclub_v2/cdv1-capacity-002-lendingclub-v2-full-dev-voting-k300-s42/voter_rankings.csv","929105","c8a30cba32908ac822a448a746613596bda6f26531f342c4292a30cb19dc5df8"
"capacity_evidence","./cleanup/audits/lendingclub_memory_refinement_capacity_gate/capacity_execution/runs/lendingclub_v2/cdv1-equivalence-001-lendingclub-v2-first-fold-voting-k200-s42/_SUCCESS","27","4caecd12f6cc1f01bb67b4c6eb9457b23834aa9ebeaf817c4df87e871bcf5e37"
"capacity_evidence","./cleanup/audits/lendingclub_memory_refinement_capacity_gate/capacity_execution/runs/lendingclub_v2/cdv1-equivalence-001-lendingclub-v2-first-fold-voting-k200-s42/aggregate_ranking.csv","121549","fb66c0ce0c5e15d567d5676a183fab2657c72a1600358e3cd6f3fad53bb2ccd8"
"capacity_evidence","./cleanup/audits/lendingclub_memory_refinement_capacity_gate/capacity_execution/runs/lendingclub_v2/cdv1-equivalence-001-lendingclub-v2-first-fold-voting-k200-s42/branches/catboost/effective_model_config.json","2689","8b3160fb7da4fb931fb8ce7692b0e251a4f83471ef1ae3a72b944791c3103dfe"
"capacity_evidence","./cleanup/audits/lendingclub_memory_refinement_capacity_gate/capacity_execution/runs/lendingclub_v2/cdv1-equivalence-001-lendingclub-v2-first-fold-voting-k200-s42/branches/catboost/prediction_metadata.json","2156","4350c11a11c12652c6aef221d64b9b9b42694e4053d612f841257368b04f02b3"
"capacity_evidence","./cleanup/audits/lendingclub_memory_refinement_capacity_gate/capacity_execution/runs/lendingclub_v2/cdv1-equivalence-001-lendingclub-v2-first-fold-voting-k200-s42/branches/catboost/predictions_dev.csv","25858242","f0b488bc2f5075e8cf3705ec80be394a1cedc1dbf257d77216f5e7e915e6f369"
"capacity_evidence","./cleanup/audits/lendingclub_memory_refinement_capacity_gate/capacity_execution/runs/lendingclub_v2/cdv1-equivalence-001-lendingclub-v2-first-fold-voting-k200-s42/branches/catboost/rfe_selection_trace.csv","22391","e1aa747ef4af300529bad00848f97b9bbc80a954feca203d637e620423ec6f3c"
"capacity_evidence","./cleanup/audits/lendingclub_memory_refinement_capacity_gate/capacity_execution/runs/lendingclub_v2/cdv1-equivalence-001-lendingclub-v2-first-fold-voting-k200-s42/branches/catboost/selected_features.csv","4120","9486410c043cfe22fb51404ec89a09f6c6cf404fc2ad3bac97cca049d5aeb0cd"
"capacity_evidence","./cleanup/audits/lendingclub_memory_refinement_capacity_gate/capacity_execution/runs/lendingclub_v2/cdv1-equivalence-001-lendingclub-v2-first-fold-voting-k200-s42/branches/lr/effective_model_config.json","1988","ace4e12f8ba92ff43f82d93c39da33fc3d41d10ddc42b66e928abdf65ea0af03"
"capacity_evidence","./cleanup/audits/lendingclub_memory_refinement_capacity_gate/capacity_execution/runs/lendingclub_v2/cdv1-equivalence-001-lendingclub-v2-first-fold-voting-k200-s42/branches/lr/prediction_metadata.json","2144","9e415c753ba495846b7fdd29c0423c0bc96417e94204eee978332a8960d3a327"
"capacity_evidence","./cleanup/audits/lendingclub_memory_refinement_capacity_gate/capacity_execution/runs/lendingclub_v2/cdv1-equivalence-001-lendingclub-v2-first-fold-voting-k200-s42/branches/lr/predictions_dev.csv","25165304","2c145863753de89e092e19c32ea247380e864f6bcf5255eae515135aee642de3"
"capacity_evidence","./cleanup/audits/lendingclub_memory_refinement_capacity_gate/capacity_execution/runs/lendingclub_v2/cdv1-equivalence-001-lendingclub-v2-first-fold-voting-k200-s42/branches/lr/rfe_selection_trace.csv","21231","e372fbc20051e15ceefe6384bc1ba948ab4624efe003abcaf775241fdee3b40b"
"capacity_evidence","./cleanup/audits/lendingclub_memory_refinement_capacity_gate/capacity_execution/runs/lendingclub_v2/cdv1-equivalence-001-lendingclub-v2-first-fold-voting-k200-s42/branches/lr/selected_features.csv","1962","a6ecea147c7239b9f7308591fd31723fefee61a606e5895dd6059191d6514814"
"capacity_evidence","./cleanup/audits/lendingclub_memory_refinement_capacity_gate/capacity_execution/runs/lendingclub_v2/cdv1-equivalence-001-lendingclub-v2-first-fold-voting-k200-s42/candidate_features.csv","9951","e7b84bbe598581ef1b10b1666228487ebaade96a79a6e5923f6c91437ad10488"
"capacity_evidence","./cleanup/audits/lendingclub_memory_refinement_capacity_gate/capacity_execution/runs/lendingclub_v2/cdv1-equivalence-001-lendingclub-v2-first-fold-voting-k200-s42/capacity_validation.json","878","0ade4d9d4b2c1d3a016f18f203f7cf7952239a27402de7c48186ee40fb9dc6d6"
"capacity_evidence","./cleanup/audits/lendingclub_memory_refinement_capacity_gate/capacity_execution/runs/lendingclub_v2/cdv1-equivalence-001-lendingclub-v2-first-fold-voting-k200-s42/checkpoint.json","28492","1bf5ee769842ef4f9ae3c69474e7064fe6d413115c91c5442e68d8e673bd1d3a"
"capacity_evidence","./cleanup/audits/lendingclub_memory_refinement_capacity_gate/capacity_execution/runs/lendingclub_v2/cdv1-equivalence-001-lendingclub-v2-first-fold-voting-k200-s42/config.json","2682","cfb5a7f7fb14947c0f37e7cdabaa36ffc8938e58a181e87b078d639ca347eeae"
"capacity_evidence","./cleanup/audits/lendingclub_memory_refinement_capacity_gate/capacity_execution/runs/lendingclub_v2/cdv1-equivalence-001-lendingclub-v2-first-fold-voting-k200-s42/data_access_log.json","111877","f8003170f6043c67a4450651fcf39e13b4ace26a4eedd0b8b1d4ff5cba610565"
"capacity_evidence","./cleanup/audits/lendingclub_memory_refinement_capacity_gate/capacity_execution/runs/lendingclub_v2/cdv1-equivalence-001-lendingclub-v2-first-fold-voting-k200-s42/dtype_manifest.json","29497","80b8ebe569bf8f99bf63e0d8def6c30d35500eb9e9ccb33e7d33f1c72ea2760a"
"capacity_evidence","./cleanup/audits/lendingclub_memory_refinement_capacity_gate/capacity_execution/runs/lendingclub_v2/cdv1-equivalence-001-lendingclub-v2-first-fold-voting-k200-s42/fold_identity_manifest.json","1471","f847585038ae7b92310a486e3397e95a69836327e4e3ebb89b705a8c7615ad1b"
"capacity_evidence","./cleanup/audits/lendingclub_memory_refinement_capacity_gate/capacity_execution/runs/lendingclub_v2/cdv1-equivalence-001-lendingclub-v2-first-fold-voting-k200-s42/incomplete/attempt_history/attempt_01_resource_usage.json","284732","adb3a3e63d3d0fec9676e3e5a5aeb7d94bb9ae57cd5906e654463184c0392ea2"
"capacity_evidence","./cleanup/audits/lendingclub_memory_refinement_capacity_gate/capacity_execution/runs/lendingclub_v2/cdv1-equivalence-001-lendingclub-v2-first-fold-voting-k200-s42/incomplete/attempt_history/attempt_02_resource_usage.json","12500","9e4858cc99446eb41d5d1ab195f900f7b964f0ca05e116fa1f62483d6eda8e30"
"capacity_evidence","./cleanup/audits/lendingclub_memory_refinement_capacity_gate/capacity_execution/runs/lendingclub_v2/cdv1-equivalence-001-lendingclub-v2-first-fold-voting-k200-s42/manifest.json","14299","6c3816438aa6349b73e24a27d4ad3ebce852ef728a8d54966081f87f4d5ec5c4"
"capacity_evidence","./cleanup/audits/lendingclub_memory_refinement_capacity_gate/capacity_execution/runs/lendingclub_v2/cdv1-equivalence-001-lendingclub-v2-first-fold-voting-k200-s42/memory_ownership_trace.csv","1946","c8f611aa0a86727aa2f0d6bc33a1a097a14691404122f5909c0523c38bc127cc"
"capacity_evidence","./cleanup/audits/lendingclub_memory_refinement_capacity_gate/capacity_execution/runs/lendingclub_v2/cdv1-equivalence-001-lendingclub-v2-first-fold-voting-k200-s42/preflight.json","5613","12c30fe8e5d81d66d97e2412f05939e480d030446c812f663aafc074dd69ad9a"
"capacity_evidence","./cleanup/audits/lendingclub_memory_refinement_capacity_gate/capacity_execution/runs/lendingclub_v2/cdv1-equivalence-001-lendingclub-v2-first-fold-voting-k200-s42/resource_usage.json","203162","9f5170c02d4480c44f77d35fac8beb9391d33c4967c5c8a00d085ca194c5046c"
"capacity_evidence","./cleanup/audits/lendingclub_memory_refinement_capacity_gate/capacity_execution/runs/lendingclub_v2/cdv1-equivalence-001-lendingclub-v2-first-fold-voting-k200-s42/run.log","1210","d9012bd8f955d83d58ef20487705c2ab3dbf33a6203f6479ae0d1a3a31e17474"
"capacity_evidence","./cleanup/audits/lendingclub_memory_refinement_capacity_gate/capacity_execution/runs/lendingclub_v2/cdv1-equivalence-001-lendingclub-v2-first-fold-voting-k200-s42/run_manifest.json","14299","6c3816438aa6349b73e24a27d4ad3ebce852ef728a8d54966081f87f4d5ec5c4"
"capacity_evidence","./cleanup/audits/lendingclub_memory_refinement_capacity_gate/capacity_execution/runs/lendingclub_v2/cdv1-equivalence-001-lendingclub-v2-first-fold-voting-k200-s42/stage_timings.csv","281","ccd324a8b966b9bff3ecb07864d4cfa504bf95660d095a07829edd02e28d175d"
"capacity_evidence","./cleanup/audits/lendingclub_memory_refinement_capacity_gate/capacity_execution/runs/lendingclub_v2/cdv1-equivalence-001-lendingclub-v2-first-fold-voting-k200-s42/voter_rankings.csv","940532","f272e5e3b557ebf9ab44df069ed44777cc955490efb39b8b2ede8f8c8d9a6dcf"
"capacity_evidence","./cleanup/audits/lendingclub_memory_refinement_capacity_gate/capacity_scenario_manifest.json","4215","ec335039a4717a3f18991cd3e68d0fc2c90a5c63452a5d3f9f4beb98e42b48be"
"capacity_evidence","./cleanup/audits/lendingclub_memory_refinement_capacity_gate/equivalence_validation.json","4614","0af015aaa5af012c76d4dc2c1eaaa741d250e00d6494581822ce6a9baba1e94c"
"capacity_evidence","./cleanup/audits/lendingclub_memory_refinement_capacity_gate/full_dev_resource_summary.json","2859","592291a4dd642f96ced094ea35559e4428346f0349d5b890ead5bda973edc49e"
"capacity_evidence","./cleanup/audits/lendingclub_memory_refinement_capacity_gate/implementation_validation.json","2865","1be545f75f2c5bae6f990cc29a80bcae88b02764e57246b5d575d74720f12280"
"capacity_evidence","./cleanup/audits/lendingclub_memory_refinement_capacity_gate/largest_fold_resource_summary.json","3241","f88977384dedbed53b4c939f8aebb776866adef49036a32cc43171f3aca2c5c5"
"capacity_evidence","./cleanup/audits/lendingclub_memory_refinement_capacity_gate/post_refinement_capacity_projection.csv","5081","73649b73463a3d0894591d66f552e94c1a9a3727198b04f4bd7f67548539f186"
"capacity_evidence","./cleanup/audits/lendingclub_memory_refinement_capacity_gate/stage_resource_trace.csv","5895","a9b975739585af5baa76219fa9b0c495b8439dc1d6bcf38b444b3b2a395f7078"
"capacity_evidence","./cleanup/audits/lendingclub_memory_refinement_capacity_gate/validation_summary.json","2703","b09d27c0ddc3bf56577947b083841c53bbf62a05e4b1c81f1ae37205ddbff9a8"
"legacy_bundle","../../ResearchFindings/results/_llm_rankings_cache/final_dev_final_dev_7c550aa3f067d40d84d69233451fa689df4eeb765d91e1e64cb3871058dd5a1e.json","52793","37303d833c762465f1f9b4969b54a31ad0bdc004eaacef372b30f1b33f5e9a7d"
"legacy_bundle","../../ResearchFindings/results/_llm_rankings_cache/fold_fold_1_e00e1381c1c42c67ddaae8904caf3fc368672edae952ef9aa088476c370158c0.json","69943","bad123bcf31458fa64ad8e392f091064759dec5b6cb11c6530e7754cf3260f09"
"legacy_bundle","../../ResearchFindings/results/_llm_rankings_cache/fold_fold_2_f4a4f230f59c00c868967a5e39f0d68542917cbf2c00abc9e51ac9f389362f80.json","60771","5ca57d7b039f5acf088cdaf97273fdaa3f7de8ae1c8b95a4c3951eea3fcb01e3"
"legacy_bundle","../../ResearchFindings/results/_llm_rankings_cache/fold_fold_3_d520b8c3b3c082e04c785eb14c44d2129dbdfdc322507385fe96b8d35fb0bf78.json","61492","beb54c5cb434c413c764c5c42ecc23a1f949056ea758936dd10b878ef82e16ef"
"legacy_bundle","../../ResearchFindings/results/_llm_rankings_cache/fold_fold_4_e66d9b4a2d4b6439ed03ee3bfe36c2878b60f8b5b29e942de3edc5cb90041bce.json","54885","ed76522dc00eb3d488565988dcfc212f653289c555cbca40e9cbe36d88f9e156"
"legacy_bundle","../../ResearchFindings/results/_llm_rankings_cache/fold_fold_5_4a409e5d88b657b73bdb6b106e8cd77908ab6c0d66657c9a5dc41280e82fda63.json","107314","5d7a178eca7bf4815578392b5674ea953d429c5c4117396798208ba1a816dc48"
"legacy_bundle","../../ResearchFindings/results/catboost/hybrid_boruta/catboost_hybrid_llm_then_boruta_7148fd0867c5/_SUCCESS","25","a2d15d0a9e7fd6ba3b06ecdcdbcb2ca40e1bd42ebf0f6777a9f611f9851d147c"
"legacy_bundle","../../ResearchFindings/results/catboost/hybrid_boruta/catboost_hybrid_llm_then_boruta_7148fd0867c5/data_split_manifest.json","705","55c6614a990d3cbbc0430fbd78184857943f7fb3202954b2ad17365b0ae3be91"
"legacy_bundle","../../ResearchFindings/results/catboost/hybrid_boruta/catboost_hybrid_llm_then_boruta_7148fd0867c5/features/feature_stability_metrics.csv","563","cf7887cc43a7a5076a18e0a5e0698fa02c98668dedea885fa85402f2fda0fcdd"
"legacy_bundle","../../ResearchFindings/results/catboost/hybrid_boruta/catboost_hybrid_llm_then_boruta_7148fd0867c5/features/final_selected_features.csv","4001","1b16313241bef6deb89173fb47e59b7bdab414972c3f338ed12e0bbea3d1d689"
"legacy_bundle","../../ResearchFindings/results/catboost/hybrid_boruta/catboost_hybrid_llm_then_boruta_7148fd0867c5/features/fold_selected_features.csv","18491","f3230a308ccdd5fe431eaa1a8185fd51dae3af2de0d5bcc442b3b52e3206d374"
"legacy_bundle","../../ResearchFindings/results/catboost/hybrid_boruta/catboost_hybrid_llm_then_boruta_7148fd0867c5/features/llm_hybrid_trace.csv","35672","839ca77fcef20c4c1f92f43967007b4f89784387cf2ef4c33f5deee16b1be79f"
"legacy_bundle","../../ResearchFindings/results/catboost/hybrid_boruta/catboost_hybrid_llm_then_boruta_7148fd0867c5/features/llm_rankings_summary.csv","270006","4435852e578e8556596c827fcd79dfda4c00965d550049e60688fd65e2e94ebe"
"legacy_bundle","../../ResearchFindings/results/catboost/hybrid_boruta/catboost_hybrid_llm_then_boruta_7148fd0867c5/features/selection_frequency.csv","3164","a8817c7145eae6a9ec24eb83b7932ede6f18c04f510b4b73d21103c1feb0903e"
"legacy_bundle","../../ResearchFindings/results/catboost/hybrid_boruta/catboost_hybrid_llm_then_boruta_7148fd0867c5/features/semantic_group_stability.csv","387","5d9984f25994fb9f9b802fd41517c38a2b7bf0257ed4a318b6b332a1b659244b"
"legacy_bundle","../../ResearchFindings/results/catboost/hybrid_boruta/catboost_hybrid_llm_then_boruta_7148fd0867c5/leakage_report.json","428","95e87975747848050e8d948d998908c57760b65f4c63a2dd6f689517721a770d"
"legacy_bundle","../../ResearchFindings/results/catboost/hybrid_boruta/catboost_hybrid_llm_then_boruta_7148fd0867c5/models/final_model.model","7515440","b6f654a3afc3bc10b16a49ff900e7fea0092f436793c776b46dbb15ad618a883"
"legacy_bundle","../../ResearchFindings/results/catboost/hybrid_boruta/catboost_hybrid_llm_then_boruta_7148fd0867c5/models/final_model_metadata.json","4758","6616aa14b0997e8ce38da141cee43423880fa2c421e0e17ca2678972432a4f5e"
"legacy_bundle","../../ResearchFindings/results/catboost/hybrid_boruta/catboost_hybrid_llm_then_boruta_7148fd0867c5/models/final_preprocessor.pkl","19881","7c345576ae18d1a3726632f2989235e49c2ee7b09ac1e93234e586b46b553d6f"
"legacy_bundle","../../ResearchFindings/results/catboost/hybrid_boruta/catboost_hybrid_llm_then_boruta_7148fd0867c5/results/credit_risk_utility.csv","145","2102716f9ef43a6749998641110166d7d708411370a9f06488526e820da2fc3f"
"legacy_bundle","../../ResearchFindings/results/catboost/hybrid_boruta/catboost_hybrid_llm_then_boruta_7148fd0867c5/results/cv_results.csv","4607","835365d43a1233f668c7ffe8bdbe152d0e5cd4e0c5ebc8776c9ebd6ce3fd0914"
"legacy_bundle","../../ResearchFindings/results/catboost/hybrid_boruta/catboost_hybrid_llm_then_boruta_7148fd0867c5/results/experiment_summary.csv","2804","f65fef7c362abf69badd8eb2b424e360c0a8d6ab0d3748279a0268a3ec35d043"
"legacy_bundle","../../ResearchFindings/results/catboost/hybrid_boruta/catboost_hybrid_llm_then_boruta_7148fd0867c5/results/model_score_psi.csv","40","a8d8fd76f82a284170199a8121e7abbcc1bbce89b67fa485668938f82c8f3411"
"legacy_bundle","../../ResearchFindings/results/catboost/hybrid_boruta/catboost_hybrid_llm_then_boruta_7148fd0867c5/results/oot_predictions.csv","2933646","ad69b4c5b56abf41676f56722aa0156cd487734b218c900cc8ea9d4bfecf2de9"
"legacy_bundle","../../ResearchFindings/results/catboost/hybrid_boruta/catboost_hybrid_llm_then_boruta_7148fd0867c5/results/oot_test_results.csv","1098","85abf63c3cd0a64dec82641941ac8c565f430715c3f4516c5d98f95c796e818f"
"legacy_bundle","../../ResearchFindings/results/catboost/hybrid_boruta/catboost_hybrid_llm_then_boruta_7148fd0867c5/results/runtime_summary.csv","654","e25c0b98bc8a4ae76506bf4ffb9c94da6df7b038759d1440eb1105e0bbda86e8"
"legacy_bundle","../../ResearchFindings/results/catboost/hybrid_boruta/catboost_hybrid_llm_then_boruta_7148fd0867c5/results/selected_feature_psi.csv","1957","fd9ec1adc44e48d598fb368e59e12df2b43bc2894516db8888142b47d9b210f5"
"legacy_bundle","../../ResearchFindings/results/catboost/hybrid_boruta/catboost_hybrid_llm_then_boruta_7148fd0867c5/run.log","8985","1a86c4e8b0e0c7708c4778b5ac71f518822b57fa4a7a3cd5c7bfd760c032d4cf"
"legacy_bundle","../../ResearchFindings/results/catboost/hybrid_boruta/catboost_hybrid_llm_then_boruta_7148fd0867c5/run_manifest.json","9269","6592ada09505ebfd9b7b48552a80c0975f1c81c27cc12ebecc6182e63f92ff0e"
"legacy_bundle","../../ResearchFindings/results/catboost/hybrid_mrmr/catboost_hybrid_llm_then_mrmr_bbbe1ad711da/_SUCCESS","25","7f384623c2e72d0bdd84e66095fc22f45dcec318d8b3b7475d44cf29401c7357"
"legacy_bundle","../../ResearchFindings/results/catboost/hybrid_mrmr/catboost_hybrid_llm_then_mrmr_bbbe1ad711da/data_split_manifest.json","705","55c6614a990d3cbbc0430fbd78184857943f7fb3202954b2ad17365b0ae3be91"
"legacy_bundle","../../ResearchFindings/results/catboost/hybrid_mrmr/catboost_hybrid_llm_then_mrmr_bbbe1ad711da/features/feature_stability_metrics.csv","574","bf39c5ec5ffabe756e048387b1632de29e9d3205e87691746264c5daf0264ad1"
"legacy_bundle","../../ResearchFindings/results/catboost/hybrid_mrmr/catboost_hybrid_llm_then_mrmr_bbbe1ad711da/features/final_selected_features.csv","4788","f7459100b191d3df073e8b06852db59a9aef11781b0101acf74e74f802f6c916"
"legacy_bundle","../../ResearchFindings/results/catboost/hybrid_mrmr/catboost_hybrid_llm_then_mrmr_bbbe1ad711da/features/fold_selected_features.csv","22333","14894545a0b1b265896a6b3aefbe93ad7f35e4f3d6f14e75b51457527a750f74"
"legacy_bundle","../../ResearchFindings/results/catboost/hybrid_mrmr/catboost_hybrid_llm_then_mrmr_bbbe1ad711da/features/llm_hybrid_trace.csv","34482","0532e44d8e30c33cba12f699017a73b532fafadda91f3e07a61fc984bf26ef3b"
"legacy_bundle","../../ResearchFindings/results/catboost/hybrid_mrmr/catboost_hybrid_llm_then_mrmr_bbbe1ad711da/features/llm_rankings_summary.csv","270006","cb5e703a44b843cb2658ef50ebbdaca4fed66cc5f04fd25983bf4030818310df"
"legacy_bundle","../../ResearchFindings/results/catboost/hybrid_mrmr/catboost_hybrid_llm_then_mrmr_bbbe1ad711da/features/selection_frequency.csv","5434","c5252fccdf27343e8bb150d0d94c67a7a3fed56bd50c153a86d5bf5cc51da0c4"
"legacy_bundle","../../ResearchFindings/results/catboost/hybrid_mrmr/catboost_hybrid_llm_then_mrmr_bbbe1ad711da/features/semantic_group_stability.csv","387","fbb8ba2fc893fdfc3a13e978c8a98ceaa6985e9db34cd23cf2b3c3074ae0f24c"
"legacy_bundle","../../ResearchFindings/results/catboost/hybrid_mrmr/catboost_hybrid_llm_then_mrmr_bbbe1ad711da/leakage_report.json","428","95e87975747848050e8d948d998908c57760b65f4c63a2dd6f689517721a770d"
"legacy_bundle","../../ResearchFindings/results/catboost/hybrid_mrmr/catboost_hybrid_llm_then_mrmr_bbbe1ad711da/models/final_model.model","7587432","6c31ecbbe0af63750a7dd3285d6f83233fcee9e1f8a6523ac729bb7ae7c0f935"
"legacy_bundle","../../ResearchFindings/results/catboost/hybrid_mrmr/catboost_hybrid_llm_then_mrmr_bbbe1ad711da/models/final_model_metadata.json","4788","7cd52837cb6f03ebb83a7b2c2aa12a5c3c56ce7825d737a0b54e665536774ae6"
"legacy_bundle","../../ResearchFindings/results/catboost/hybrid_mrmr/catboost_hybrid_llm_then_mrmr_bbbe1ad711da/models/final_preprocessor.pkl","19881","7c345576ae18d1a3726632f2989235e49c2ee7b09ac1e93234e586b46b553d6f"
"legacy_bundle","../../ResearchFindings/results/catboost/hybrid_mrmr/catboost_hybrid_llm_then_mrmr_bbbe1ad711da/results/credit_risk_utility.csv","147","6d10f35a7969c8ecec6fea2d55d457b2ecc48e5d49df6f309e89df3d3eb1ed4b"
"legacy_bundle","../../ResearchFindings/results/catboost/hybrid_mrmr/catboost_hybrid_llm_then_mrmr_bbbe1ad711da/results/cv_results.csv","4595","e1c86e29f1a936fdecddedbb0edd3770b8ba30b97da3e8acd42431b0fbf79176"
"legacy_bundle","../../ResearchFindings/results/catboost/hybrid_mrmr/catboost_hybrid_llm_then_mrmr_bbbe1ad711da/results/experiment_summary.csv","2814","b4b3d982377e3535bd9ad2f39e69fa890af53f82df4b5f0a9df425e0f260baf2"
"legacy_bundle","../../ResearchFindings/results/catboost/hybrid_mrmr/catboost_hybrid_llm_then_mrmr_bbbe1ad711da/results/model_score_psi.csv","39","a686e5f69040e87e26e579f60c86de4bc36153a078d8e91ae00f52a4450ba88f"
"legacy_bundle","../../ResearchFindings/results/catboost/hybrid_mrmr/catboost_hybrid_llm_then_mrmr_bbbe1ad711da/results/oot_predictions.csv","2933949","34898817e887890f2575c8acaa57608676ca51bffe75f4a3b0c15d0bd95d75e2"
"legacy_bundle","../../ResearchFindings/results/catboost/hybrid_mrmr/catboost_hybrid_llm_then_mrmr_bbbe1ad711da/results/oot_test_results.csv","1101","dfbce6b4fe5a7e85f7483e139bb0ab7de21b65bb9ce39a0f21d525df82afce54"
"legacy_bundle","../../ResearchFindings/results/catboost/hybrid_mrmr/catboost_hybrid_llm_then_mrmr_bbbe1ad711da/results/runtime_summary.csv","654","8ca8690c7294c1e80fb6cb648525e2870dfc16c6003696759ababcf01689a2c1"
"legacy_bundle","../../ResearchFindings/results/catboost/hybrid_mrmr/catboost_hybrid_llm_then_mrmr_bbbe1ad711da/results/selected_feature_psi.csv","1994","ad41645fc3e02bcea97c1877fbd15838ed04dd4c3a967ef97abea3629f002ed3"
"legacy_bundle","../../ResearchFindings/results/catboost/hybrid_mrmr/catboost_hybrid_llm_then_mrmr_bbbe1ad711da/run.log","54626","c0a84cf8212db42a4a054e376b76e57bea41a0afc15815cfcb31c85999893edd"
"legacy_bundle","../../ResearchFindings/results/catboost/hybrid_mrmr/catboost_hybrid_llm_then_mrmr_bbbe1ad711da/run_manifest.json","9267","b42c2b14a331b294e4f9134f1598eb86d66ebc60aeee88034f57d86dca29092e"
"legacy_bundle","../../ResearchFindings/results/catboost/hybrid_stable_core_llm_fill/catboost_hybrid_stable_core_llm_fill_7d27dc99d488/_SUCCESS","25","8f72a372f388fb962617358c769a10de34df3e3588daa23045b0d1c391568f2c"
"legacy_bundle","../../ResearchFindings/results/catboost/hybrid_stable_core_llm_fill/catboost_hybrid_stable_core_llm_fill_7d27dc99d488/data_split_manifest.json","705","55c6614a990d3cbbc0430fbd78184857943f7fb3202954b2ad17365b0ae3be91"
"legacy_bundle","../../ResearchFindings/results/catboost/hybrid_stable_core_llm_fill/catboost_hybrid_stable_core_llm_fill_7d27dc99d488/features/feature_stability_metrics.csv","559","7a777deb957c934b263d421567c7edd556c6d4838205de211e6d2d78abdd4438"
"legacy_bundle","../../ResearchFindings/results/catboost/hybrid_stable_core_llm_fill/catboost_hybrid_stable_core_llm_fill_7d27dc99d488/features/final_selected_features.csv","4186","2c1393ff53009b7c352fd2d9511d6561ed354ba0cf3dbb09048a88a057c737ca"
"legacy_bundle","../../ResearchFindings/results/catboost/hybrid_stable_core_llm_fill/catboost_hybrid_stable_core_llm_fill_7d27dc99d488/features/fold_selected_features.csv","18989","9d25322a2c7c7bfc38d278e74338af368b7484d6bfacabfd3ecaf03980bcd7a7"
"legacy_bundle","../../ResearchFindings/results/catboost/hybrid_stable_core_llm_fill/catboost_hybrid_stable_core_llm_fill_7d27dc99d488/features/llm_hybrid_trace.csv","38525","e6038bca7379dfe99f26225ac232b86bbe3834acd638efd3f05da32c112026c1"
"legacy_bundle","../../ResearchFindings/results/catboost/hybrid_stable_core_llm_fill/catboost_hybrid_stable_core_llm_fill_7d27dc99d488/features/llm_rankings_summary.csv","270006","a8a9ce0e2565d5bcfe2040ef98155e09c0e868cdc4035bb4dafe514b0c95b066"
"legacy_bundle","../../ResearchFindings/results/catboost/hybrid_stable_core_llm_fill/catboost_hybrid_stable_core_llm_fill_7d27dc99d488/features/selection_frequency.csv","2798","e8c38c5988a827b517c6d2a6b9662d83e2e2e1db50b7bdb40af37c2b7fc0fc27"
"legacy_bundle","../../ResearchFindings/results/catboost/hybrid_stable_core_llm_fill/catboost_hybrid_stable_core_llm_fill_7d27dc99d488/features/semantic_group_stability.csv","387","c40a29db090ef149ac29d93b2a6ab3cbcc6bdd4102a0ba511ed8e27cb14bd544"
"legacy_bundle","../../ResearchFindings/results/catboost/hybrid_stable_core_llm_fill/catboost_hybrid_stable_core_llm_fill_7d27dc99d488/leakage_report.json","428","95e87975747848050e8d948d998908c57760b65f4c63a2dd6f689517721a770d"
"legacy_bundle","../../ResearchFindings/results/catboost/hybrid_stable_core_llm_fill/catboost_hybrid_stable_core_llm_fill_7d27dc99d488/models/final_model.model","7274400","dbf80bf64f7481d3470e3b7e5e1ed7e5a5713a9b1f2e5f5ca923407e7ae81075"
"legacy_bundle","../../ResearchFindings/results/catboost/hybrid_stable_core_llm_fill/catboost_hybrid_stable_core_llm_fill_7d27dc99d488/models/final_model_metadata.json","4701","6bf9690e66e0b7f5645fc51678cbc0d34abcf3ec0b75205ed657665c34af9f67"
"legacy_bundle","../../ResearchFindings/results/catboost/hybrid_stable_core_llm_fill/catboost_hybrid_stable_core_llm_fill_7d27dc99d488/models/final_preprocessor.pkl","85175","fcb1974b3fafb4094b51937b1984e8604a4c2d11d1b0830477ea289ed4bfaf38"
"legacy_bundle","../../ResearchFindings/results/catboost/hybrid_stable_core_llm_fill/catboost_hybrid_stable_core_llm_fill_7d27dc99d488/results/credit_risk_utility.csv","145","bd9d6500df6883636f64df31a3e8202b0b2bad5f15b1a109c23c2f95f99aaaa9"
"legacy_bundle","../../ResearchFindings/results/catboost/hybrid_stable_core_llm_fill/catboost_hybrid_stable_core_llm_fill_7d27dc99d488/results/cv_results.csv","4567","9ebd6fbfb035c616062b686b7cf8ad73a939963c96c5ee4e48b094c788ca6230"
"legacy_bundle","../../ResearchFindings/results/catboost/hybrid_stable_core_llm_fill/catboost_hybrid_stable_core_llm_fill_7d27dc99d488/results/experiment_summary.csv","2829","e367955fc4ca3af356dc003f30523d0c404ed42548893ea25941a06672138209"
"legacy_bundle","../../ResearchFindings/results/catboost/hybrid_stable_core_llm_fill/catboost_hybrid_stable_core_llm_fill_7d27dc99d488/results/model_score_psi.csv","39","461a6c79028069701cfb18ea29e6e066a9aed3b30e85d94890f02e6b69d69fb4"
"legacy_bundle","../../ResearchFindings/results/catboost/hybrid_stable_core_llm_fill/catboost_hybrid_stable_core_llm_fill_7d27dc99d488/results/oot_predictions.csv","2934276","3fdb0fedab8461faa788ef59226a904f9a13f838ba46b8ed9f3119629e86fb80"
"legacy_bundle","../../ResearchFindings/results/catboost/hybrid_stable_core_llm_fill/catboost_hybrid_stable_core_llm_fill_7d27dc99d488/results/oot_test_results.csv","1098","927dde71092cc5cc900d8840466bbf79a5b5ffb500f4ffb6e8c613a8c4b6ab36"
"legacy_bundle","../../ResearchFindings/results/catboost/hybrid_stable_core_llm_fill/catboost_hybrid_stable_core_llm_fill_7d27dc99d488/results/runtime_summary.csv","656","6a34c787ac8b6a4b00a598ae2c8e2019948fce2f4794ab8e68bd799fe65803a3"
"legacy_bundle","../../ResearchFindings/results/catboost/hybrid_stable_core_llm_fill/catboost_hybrid_stable_core_llm_fill_7d27dc99d488/results/selected_feature_psi.csv","1967","bf89951fdbe5e8773be4b0ed8eb5062a7b266f089434b8b57e237e33a856510a"
"legacy_bundle","../../ResearchFindings/results/catboost/hybrid_stable_core_llm_fill/catboost_hybrid_stable_core_llm_fill_7d27dc99d488/run.log","247222","3fa6fa8e5f523768f19f8f8231136b1958b102d15bb58e76bb79274340fce6df"
"legacy_bundle","../../ResearchFindings/results/catboost/hybrid_stable_core_llm_fill/catboost_hybrid_stable_core_llm_fill_7d27dc99d488/run_manifest.json","9342","a1e642054dd9efa8ab9e7db16feade89f5c87e2134ad99181412e59b223b07fe"
"legacy_bundle","../../ResearchFindings/results/catboost/llm/catboost_llm_llm_ff3ef4330e84/_SUCCESS","25","868bb70e35279817d4e5b1417e52aa14e43ab25e9969ace1720958fa49ec8927"
"legacy_bundle","../../ResearchFindings/results/catboost/llm/catboost_llm_llm_ff3ef4330e84/data_split_manifest.json","705","55c6614a990d3cbbc0430fbd78184857943f7fb3202954b2ad17365b0ae3be91"
"legacy_bundle","../../ResearchFindings/results/catboost/llm/catboost_llm_llm_ff3ef4330e84/features/feature_stability_metrics.csv","561","8c0718c45af98fa89ec56bbc64552d71fea5f5876853e1a3e6770f68ef1f20dc"
"legacy_bundle","../../ResearchFindings/results/catboost/llm/catboost_llm_llm_ff3ef4330e84/features/final_selected_features.csv","3352","ba6255efa8ec5150a4a31521bd6bc7276d2f50a6c139b6ea75939dbf680f614e"
"legacy_bundle","../../ResearchFindings/results/catboost/llm/catboost_llm_llm_ff3ef4330e84/features/fold_selected_features.csv","15080","3d8fe2ae924b0c03e9912732031ac18329aa129d5cb2c7a0d450c0234c8cbba2"
"legacy_bundle","../../ResearchFindings/results/catboost/llm/catboost_llm_llm_ff3ef4330e84/features/llm_rankings_summary.csv","270006","3b8163108087ce9250b6dd0e3478fded897463f24d3138ba1b722d90f3fbc6a5"
"legacy_bundle","../../ResearchFindings/results/catboost/llm/catboost_llm_llm_ff3ef4330e84/features/selection_frequency.csv","3124","4cf8cb543593c7fd25fea864d18e81d2202a1b28ffd4b39b4197b77ba6eef6c7"
"legacy_bundle","../../ResearchFindings/results/catboost/llm/catboost_llm_llm_ff3ef4330e84/features/semantic_group_stability.csv","354","098d3bb3e86b453b0439a77b426940dfe9c3049fe7ebe76ef01149e893dd61da"
"legacy_bundle","../../ResearchFindings/results/catboost/llm/catboost_llm_llm_ff3ef4330e84/leakage_report.json","428","95e87975747848050e8d948d998908c57760b65f4c63a2dd6f689517721a770d"
"legacy_bundle","../../ResearchFindings/results/catboost/llm/catboost_llm_llm_ff3ef4330e84/models/final_model.model","7201168","39b0b3c33ba709d2a959740b39990156f68ca8a938225bf05eef65bb8c0ce703"
"legacy_bundle","../../ResearchFindings/results/catboost/llm/catboost_llm_llm_ff3ef4330e84/models/final_model_metadata.json","5933","aec23b4c70e8b8fabeacf8e3ab35da3c276fb11b01524a8a403f290122d3fb55"
"legacy_bundle","../../ResearchFindings/results/catboost/llm/catboost_llm_llm_ff3ef4330e84/models/final_preprocessor.pkl","9687","854392522c21c99aa3b16eef726b24d19d5e90adb5fc63d1287590f4516152cb"
"legacy_bundle","../../ResearchFindings/results/catboost/llm/catboost_llm_llm_ff3ef4330e84/results/credit_risk_utility.csv","146","2f404eba09cf5a4ce0f79f2f724c4b43214bcf417c69277ccb7c6a8f9bd49965"
"legacy_bundle","../../ResearchFindings/results/catboost/llm/catboost_llm_llm_ff3ef4330e84/results/cv_results.csv","4624","515df4eafc8b662a836afee9057c167e3c8df40c7c973c4e3ca96e4c0cd306f7"
"legacy_bundle","../../ResearchFindings/results/catboost/llm/catboost_llm_llm_ff3ef4330e84/results/experiment_summary.csv","2738","2b124f17e75f2dd57065a82cc02dca02eeb5aecb7a2423a40e5b078ee9d4740d"
"legacy_bundle","../../ResearchFindings/results/catboost/llm/catboost_llm_llm_ff3ef4330e84/results/model_score_psi.csv","39","ae611baebf6c53177676624f873e3fac45d229366620ef31beda715a38d2eb15"
"legacy_bundle","../../ResearchFindings/results/catboost/llm/catboost_llm_llm_ff3ef4330e84/results/oot_predictions.csv","2932275","dec9b6c572f52322effb01988081a1e16ad3f79e1db044a6d1d818ace6941ad4"
"legacy_bundle","../../ResearchFindings/results/catboost/llm/catboost_llm_llm_ff3ef4330e84/results/oot_test_results.csv","1082","8f79086c9d2e5ada549125071ca72162f231f70d01f6315adfada885443aafdc"
"legacy_bundle","../../ResearchFindings/results/catboost/llm/catboost_llm_llm_ff3ef4330e84/results/runtime_summary.csv","643","fec458339ad1504e5316c2247b21982866c71780498b97c4404633b1c02252d9"
"legacy_bundle","../../ResearchFindings/results/catboost/llm/catboost_llm_llm_ff3ef4330e84/results/selected_feature_psi.csv","3194","6aff0491edc101e8c176fea019353a8709c6189776c0b78bb1fb02ac9a78a747"
"legacy_bundle","../../ResearchFindings/results/catboost/llm/catboost_llm_llm_ff3ef4330e84/run.log","6208","453f43edd73480275ca2d8fa86030af84ff9e45c3a79f43e47748c3f3b61a8b9"
"legacy_bundle","../../ResearchFindings/results/catboost/llm/catboost_llm_llm_ff3ef4330e84/run_manifest.json","9130","f733b1c402216d74445e27f5321b12757c0fb18ac4ae864487fec9a4ba10a593"
"legacy_bundle","../../ResearchFindings/results/catboost/statistical/catboost_statistical_boruta_1bc8157c0acd/_SUCCESS","25","e42a9f84e2d91a61af40be7b4d6759ed1c457c123936d573ba0a3cdd94d17458"
"legacy_bundle","../../ResearchFindings/results/catboost/statistical/catboost_statistical_boruta_1bc8157c0acd/data_split_manifest.json","705","55c6614a990d3cbbc0430fbd78184857943f7fb3202954b2ad17365b0ae3be91"
"legacy_bundle","../../ResearchFindings/results/catboost/statistical/catboost_statistical_boruta_1bc8157c0acd/features/feature_stability_metrics.csv","577","66e853477d7b5f0d67536ad5cab085a791b3cd784f43dafb02aa2e25d9e9dd91"
"legacy_bundle","../../ResearchFindings/results/catboost/statistical/catboost_statistical_boruta_1bc8157c0acd/features/final_selected_features.csv","3846","a83e3a9323c37f63158a8eeceb62cacbe62e7bd4f1bb5e65a574b4ed177c816f"
"legacy_bundle","../../ResearchFindings/results/catboost/statistical/catboost_statistical_boruta_1bc8157c0acd/features/fold_selected_features.csv","16888","5f19a15c8bd3466ff7959f78a1cff4746ab19da080afbe06e8f9a09e3fe12155"
"legacy_bundle","../../ResearchFindings/results/catboost/statistical/catboost_statistical_boruta_1bc8157c0acd/features/selection_frequency.csv","3280","80de3ad43d1cb1498e00919b2e648b8ceb650517753e854157ca2e92bdc3b123"
"legacy_bundle","../../ResearchFindings/results/catboost/statistical/catboost_statistical_boruta_1bc8157c0acd/features/semantic_group_stability.csv","387","851a5f7cce807006ffa301432d855201e5ff94a216da2996b62c1765b43a6806"
"legacy_bundle","../../ResearchFindings/results/catboost/statistical/catboost_statistical_boruta_1bc8157c0acd/leakage_report.json","391","b7cbf2ce8ecb4afd703a2f8fe3db9b19455bf1423419f573e1a4d148ca71d340"
"legacy_bundle","../../ResearchFindings/results/catboost/statistical/catboost_statistical_boruta_1bc8157c0acd/models/final_model.model","6295272","30c2e00d33be01f3199141e8cf6603cb4a46331e11fc07b2273bfe01717838f4"
"legacy_bundle","../../ResearchFindings/results/catboost/statistical/catboost_statistical_boruta_1bc8157c0acd/models/final_model_metadata.json","5068","b860af686db05000df12a6e7940b955d5e4b0d4e076dd92288409e823cf6c365"
"legacy_bundle","../../ResearchFindings/results/catboost/statistical/catboost_statistical_boruta_1bc8157c0acd/models/final_preprocessor.pkl","85175","fcb1974b3fafb4094b51937b1984e8604a4c2d11d1b0830477ea289ed4bfaf38"
"legacy_bundle","../../ResearchFindings/results/catboost/statistical/catboost_statistical_boruta_1bc8157c0acd/results/credit_risk_utility.csv","146","ad7251d363e06c62ba00c7844a0da9bc2eb1eedf8dd22e7559075f0aab65a19f"
"legacy_bundle","../../ResearchFindings/results/catboost/statistical/catboost_statistical_boruta_1bc8157c0acd/results/cv_results.csv","4708","1f72e3e4443b9a2125d421b258f5897432b4006edeb4fd2f77ab4d989849b2ef"
"legacy_bundle","../../ResearchFindings/results/catboost/statistical/catboost_statistical_boruta_1bc8157c0acd/results/experiment_summary.csv","2791","396af57aafed92373e6ffe0693b9e737aa611d127bdd47da673423999d4e843c"
"legacy_bundle","../../ResearchFindings/results/catboost/statistical/catboost_statistical_boruta_1bc8157c0acd/results/model_score_psi.csv","40","ea8cf8f38d59459592a340d650f4205c05df87eb48075254e2eb0b02483ed25a"
"legacy_bundle","../../ResearchFindings/results/catboost/statistical/catboost_statistical_boruta_1bc8157c0acd/results/oot_predictions.csv","2919996","512fd445ae53a4a9419bad6f6c881eb5fc5f24883b523b09fb2f8a15713359cb"
"legacy_bundle","../../ResearchFindings/results/catboost/statistical/catboost_statistical_boruta_1bc8157c0acd/results/oot_test_results.csv","1104","d2acc019af6aac556becf88af5d6fbbb3e02e29afba423777a9e664523ae1294"
"legacy_bundle","../../ResearchFindings/results/catboost/statistical/catboost_statistical_boruta_1bc8157c0acd/results/runtime_summary.csv","648","6867dc0096833f99f776ca9f8ed082bb5f9173bf3f1b32fa6db542bc337ff39b"
"legacy_bundle","../../ResearchFindings/results/catboost/statistical/catboost_statistical_boruta_1bc8157c0acd/results/selected_feature_psi.csv","2159","fc7e4c72fb2b60939986b0a333c5756f5dc335481408ff3d191a8a09fe4caa8b"
"legacy_bundle","../../ResearchFindings/results/catboost/statistical/catboost_statistical_boruta_1bc8157c0acd/run.log","6309","e06188982dff79059bf3a8e2f5b1fdbcaa6fb9d37c45c068ed6be5fd40a6c363"
"legacy_bundle","../../ResearchFindings/results/catboost/statistical/catboost_statistical_boruta_1bc8157c0acd/run_manifest.json","8735","8983b0b4e851277f7c0da65c61c3dfadfeb6a05f6c765509c57157d475a16360"
"legacy_bundle","../../ResearchFindings/results/catboost/statistical/catboost_statistical_domain_rule_baseline_75687fb515f9/_SUCCESS","25","813d835a8481ccb4fad4318f24d67b2ba0fadb798249329fe7fdfced2cd49e89"
"legacy_bundle","../../ResearchFindings/results/catboost/statistical/catboost_statistical_domain_rule_baseline_75687fb515f9/data_split_manifest.json","705","55c6614a990d3cbbc0430fbd78184857943f7fb3202954b2ad17365b0ae3be91"
"legacy_bundle","../../ResearchFindings/results/catboost/statistical/catboost_statistical_domain_rule_baseline_75687fb515f9/features/feature_stability_metrics.csv","435","94ae8db5114ca1689f647858756f953141b7d98e44b319c254e27300b8666eec"
"legacy_bundle","../../ResearchFindings/results/catboost/statistical/catboost_statistical_domain_rule_baseline_75687fb515f9/features/final_selected_features.csv","4073","8b1b60ba8a46fd30d8d1dd13c4dbfd2df6e14343e9dadee545afd2fd3753515d"
"legacy_bundle","../../ResearchFindings/results/catboost/statistical/catboost_statistical_domain_rule_baseline_75687fb515f9/features/fold_selected_features.csv","18505","54605c17bec1643e86d8de7222de2219825278085ebbd4c99b61eceea6e67c6b"
"legacy_bundle","../../ResearchFindings/results/catboost/statistical/catboost_statistical_domain_rule_baseline_75687fb515f9/features/selection_frequency.csv","1744","0e46344db5a2d4ecfe2cf310f91470ca637676739f06c0490c610a04358df149"
"legacy_bundle","../../ResearchFindings/results/catboost/statistical/catboost_statistical_domain_rule_baseline_75687fb515f9/features/semantic_group_stability.csv","109","85706f1222fb72bece6dfeee5dd8520a55332ae47049acd9a6cda7d1b0798124"
"legacy_bundle","../../ResearchFindings/results/catboost/statistical/catboost_statistical_domain_rule_baseline_75687fb515f9/leakage_report.json","391","b7cbf2ce8ecb4afd703a2f8fe3db9b19455bf1423419f573e1a4d148ca71d340"
"legacy_bundle","../../ResearchFindings/results/catboost/statistical/catboost_statistical_domain_rule_baseline_75687fb515f9/models/final_model.model","5997856","afae29cef0edff22b874d4bc880417f0957d420e88611448e546d664bc7efdd4"
"legacy_bundle","../../ResearchFindings/results/catboost/statistical/catboost_statistical_domain_rule_baseline_75687fb515f9/models/final_model_metadata.json","5008","0b3bd2c68035b181043f97f6c18aa455dcadb02d838129fe9db8b15cef648591"
"legacy_bundle","../../ResearchFindings/results/catboost/statistical/catboost_statistical_domain_rule_baseline_75687fb515f9/models/final_preprocessor.pkl","8287","8bde3b1f6b1431f5c2606a57d2a4f58e09886bd20de30bcc354a2a3b39bd3810"
"legacy_bundle","../../ResearchFindings/results/catboost/statistical/catboost_statistical_domain_rule_baseline_75687fb515f9/results/credit_risk_utility.csv","136","afa63cca5c625e09b17ef1faeca9d0bff721d632045aa4a64f0c196aedb8e68d"
"legacy_bundle","../../ResearchFindings/results/catboost/statistical/catboost_statistical_domain_rule_baseline_75687fb515f9/results/cv_results.csv","4551","f2cea2be3e9b292fc55a53e6ebd47255375de7078d7f3804003908eee64aa43c"
"legacy_bundle","../../ResearchFindings/results/catboost/statistical/catboost_statistical_domain_rule_baseline_75687fb515f9/results/experiment_summary.csv","2675","160fe5c0d40b43d7fe00c9da897496c0fca35b42492a8eaf7cb3343da970ea67"
"legacy_bundle","../../ResearchFindings/results/catboost/statistical/catboost_statistical_domain_rule_baseline_75687fb515f9/results/model_score_psi.csv","40","6a12a44143c56ee3b426f41bb47c6e62368ce706777d860449397f7463a4132e"
"legacy_bundle","../../ResearchFindings/results/catboost/statistical/catboost_statistical_domain_rule_baseline_75687fb515f9/results/oot_predictions.csv","2921306","f432877c6b18cf659d01913264c52372f2301d1e8cf5d16305d07e92d5f49cb5"
"legacy_bundle","../../ResearchFindings/results/catboost/statistical/catboost_statistical_domain_rule_baseline_75687fb515f9/results/oot_test_results.csv","1094","04842c4b644a0ad025b6de47b5cb8975c1782af81c8cccb0e8148e6279239204"
"legacy_bundle","../../ResearchFindings/results/catboost/statistical/catboost_statistical_domain_rule_baseline_75687fb515f9/results/runtime_summary.csv","667","69ed2fb377a21b6a4b5a7b31be260b49f4055de79070f3ce962317a6315d4ff3"
"legacy_bundle","../../ResearchFindings/results/catboost/statistical/catboost_statistical_domain_rule_baseline_75687fb515f9/results/selected_feature_psi.csv","2135","0d2f2863edd6a830daf55629ac9e0ee4edcd8522fdcaf40c65107467411011e2"
"legacy_bundle","../../ResearchFindings/results/catboost/statistical/catboost_statistical_domain_rule_baseline_75687fb515f9/run.log","4586","d497db4b1303231c2b98d85039d8596421900bf60c52f46fa2c35b37a33bc7a1"
"legacy_bundle","../../ResearchFindings/results/catboost/statistical/catboost_statistical_domain_rule_baseline_75687fb515f9/run_manifest.json","8689","6e1e41c2062567ceec13f0b6da343f65fa55c0afc6f63c992f0823a545adec39"
"legacy_bundle","../../ResearchFindings/results/catboost/statistical/catboost_statistical_mrmr_1e271c250f52/_SUCCESS","25","10d5c338798f0e0ff802010798d779a878ed3b8ef4816fb24dfce3556869b563"
"legacy_bundle","../../ResearchFindings/results/catboost/statistical/catboost_statistical_mrmr_1e271c250f52/data_split_manifest.json","705","55c6614a990d3cbbc0430fbd78184857943f7fb3202954b2ad17365b0ae3be91"
"legacy_bundle","../../ResearchFindings/results/catboost/statistical/catboost_statistical_mrmr_1e271c250f52/features/feature_stability_metrics.csv","559","b324c8f2e910cced7499b5ac59f762399d6b185ba4bd1d7ac77b635333048e4e"
"legacy_bundle","../../ResearchFindings/results/catboost/statistical/catboost_statistical_mrmr_1e271c250f52/features/final_selected_features.csv","4485","93e484d2a6f3b62aa3f59b4f782f39053bae498f8de23602f1ed7a98f2de5bff"
"legacy_bundle","../../ResearchFindings/results/catboost/statistical/catboost_statistical_mrmr_1e271c250f52/features/fold_selected_features.csv","20383","0924e5727b8744ae68064dde88d276900e8566adc207f4c5bd8f96e2174e4f32"
"legacy_bundle","../../ResearchFindings/results/catboost/statistical/catboost_statistical_mrmr_1e271c250f52/features/selection_frequency.csv","3983","ccaee85d3e9f6ca74d0b105ad511cb501bf18132ca139ea224786d7924fc8091"
"legacy_bundle","../../ResearchFindings/results/catboost/statistical/catboost_statistical_mrmr_1e271c250f52/features/semantic_group_stability.csv","358","d49c0ada25bd6564cbc6dd180b8032a56c6e86cd85c287c8f81b6b8a6da3cf34"
"legacy_bundle","../../ResearchFindings/results/catboost/statistical/catboost_statistical_mrmr_1e271c250f52/leakage_report.json","391","b7cbf2ce8ecb4afd703a2f8fe3db9b19455bf1423419f573e1a4d148ca71d340"
"legacy_bundle","../../ResearchFindings/results/catboost/statistical/catboost_statistical_mrmr_1e271c250f52/models/final_model.model","7361160","2702ad0560412aed9054087b15dce838abd2bb104d82582a838ad86f713031f9"
"legacy_bundle","../../ResearchFindings/results/catboost/statistical/catboost_statistical_mrmr_1e271c250f52/models/final_model_metadata.json","4814","0ff78c01248fd7e132ccafd7832e3dc97c91bd744bf86a63b8f3193fc06f2e30"
"legacy_bundle","../../ResearchFindings/results/catboost/statistical/catboost_statistical_mrmr_1e271c250f52/models/final_preprocessor.pkl","85175","fcb1974b3fafb4094b51937b1984e8604a4c2d11d1b0830477ea289ed4bfaf38"
"legacy_bundle","../../ResearchFindings/results/catboost/statistical/catboost_statistical_mrmr_1e271c250f52/results/credit_risk_utility.csv","143","8fe56d54105a2427af8cd35acda2e440afb78b7fdb50828516998bbf3c793c6c"
"legacy_bundle","../../ResearchFindings/results/catboost/statistical/catboost_statistical_mrmr_1e271c250f52/results/cv_results.csv","4612","78471c2e586efc85c6f3bedf8ec6584f641adee93ac09cb149bce315b0baee71"
"legacy_bundle","../../ResearchFindings/results/catboost/statistical/catboost_statistical_mrmr_1e271c250f52/results/experiment_summary.csv","2764","e89073a91651f92a904a6634b248cbef63ebd843902532531f14c0ec10e18cd8"
"legacy_bundle","../../ResearchFindings/results/catboost/statistical/catboost_statistical_mrmr_1e271c250f52/results/model_score_psi.csv","38","efab4c5b7c1c76252dcbe9fad8bd62c774ad26e6ca6018e41b3d78f079aad7b2"
"legacy_bundle","../../ResearchFindings/results/catboost/statistical/catboost_statistical_mrmr_1e271c250f52/results/oot_predictions.csv","2933361","41ce150d512b94675c1dcbd263eadd7d1f60a8b6bf0395368a2654bbcce0dfa4"
"legacy_bundle","../../ResearchFindings/results/catboost/statistical/catboost_statistical_mrmr_1e271c250f52/results/oot_test_results.csv","1098","cda93115718c7a969bb295cda473c6a0c45d3cd512274e271debcd5cd97957e9"
"legacy_bundle","../../ResearchFindings/results/catboost/statistical/catboost_statistical_mrmr_1e271c250f52/results/runtime_summary.csv","649","abb1edc87b2a37817b2443b699772f5a1e55fe9e8ecc7481a2f0cd2f2c6691f8"
"legacy_bundle","../../ResearchFindings/results/catboost/statistical/catboost_statistical_mrmr_1e271c250f52/results/selected_feature_psi.csv","2016","cfba0e79e829aa2ec967cf8f6eca88ac87eab0182bb985dabe537389e57dd60a"
"legacy_bundle","../../ResearchFindings/results/catboost/statistical/catboost_statistical_mrmr_1e271c250f52/run.log","52732","f8d116fd9454cc0a0e3890f6d3e89490f94192b69d44776a9afd3a6e1577bbd1"
"legacy_bundle","../../ResearchFindings/results/catboost/statistical/catboost_statistical_mrmr_1e271c250f52/run_manifest.json","8698","f7d4bb00653f6274ea18c1ca3c402014008cabcfdf2f8cc6fda9b189914b53d9"
"legacy_bundle","../../ResearchFindings/results/catboost/statistical/catboost_statistical_pca_2395c2c033ef/_SUCCESS","25","4cdedd72b388c7809f98f67d5596fe4abf197069af4b3988aa980a7ce2f803f5"
"legacy_bundle","../../ResearchFindings/results/catboost/statistical/catboost_statistical_pca_2395c2c033ef/data_split_manifest.json","705","55c6614a990d3cbbc0430fbd78184857943f7fb3202954b2ad17365b0ae3be91"
"legacy_bundle","../../ResearchFindings/results/catboost/statistical/catboost_statistical_pca_2395c2c033ef/features/feature_stability_metrics.csv","435","b12fae927ab471a8ba2579a3947239bf4216d27bdee22bd4903bb3048a2fe387"
"legacy_bundle","../../ResearchFindings/results/catboost/statistical/catboost_statistical_pca_2395c2c033ef/features/final_selected_features.csv","2228","2abe662d99cafa834dc39be8b4e04162b6e6016b01c59a2c1193bc76902bcb7c"
"legacy_bundle","../../ResearchFindings/results/catboost/statistical/catboost_statistical_pca_2395c2c033ef/features/fold_selected_features.csv","9287","53c4d5b150e134e03d1ab6e8aeb1e5d2d0b7973b3ddb15e83d86c8bccd75be67"
"legacy_bundle","../../ResearchFindings/results/catboost/statistical/catboost_statistical_pca_2395c2c033ef/features/selection_frequency.csv","1663","6d04810b369e0cff0706fbfb6d01fb1852fbbd4097073e0fd74d41ada7159926"
"legacy_bundle","../../ResearchFindings/results/catboost/statistical/catboost_statistical_pca_2395c2c033ef/features/semantic_group_stability.csv","79","f7ce16df5692ecede2b0373d7e1db63ae0c8ef39f29d4de5458120f5458223d4"
"legacy_bundle","../../ResearchFindings/results/catboost/statistical/catboost_statistical_pca_2395c2c033ef/leakage_report.json","391","b7cbf2ce8ecb4afd703a2f8fe3db9b19455bf1423419f573e1a4d148ca71d340"
"legacy_bundle","../../ResearchFindings/results/catboost/statistical/catboost_statistical_pca_2395c2c033ef/models/final_model.model","9273984","cb24c130bc10f5169d75f4cd57b45a54bf3e3907a3b2bba35b8bd094e91a75c7"
"legacy_bundle","../../ResearchFindings/results/catboost/statistical/catboost_statistical_pca_2395c2c033ef/models/final_model_metadata.json","3285","9c2898494c93d15ee967e657e4e74939bacfc4e1dddf9d0fe3af5a91cd3320c7"
"legacy_bundle","../../ResearchFindings/results/catboost/statistical/catboost_statistical_pca_2395c2c033ef/models/final_preprocessor.pkl","85175","fcb1974b3fafb4094b51937b1984e8604a4c2d11d1b0830477ea289ed4bfaf38"
"legacy_bundle","../../ResearchFindings/results/catboost/statistical/catboost_statistical_pca_2395c2c033ef/results/credit_risk_utility.csv","143","5c64d1e799f5dd819daf7bc624fccc1692dd3079865e3c4f9ccbbcd3c194cc72"
"legacy_bundle","../../ResearchFindings/results/catboost/statistical/catboost_statistical_pca_2395c2c033ef/results/cv_results.csv","4534","13dc28b23eb44654683e426473470cfbf545bfc001c0ba71090d741cd4f2ca52"
"legacy_bundle","../../ResearchFindings/results/catboost/statistical/catboost_statistical_pca_2395c2c033ef/results/experiment_summary.csv","2622","256ec706656feccda891ec7c0434381cc5b89648517a3f3f5c84e117ec048cf8"
"legacy_bundle","../../ResearchFindings/results/catboost/statistical/catboost_statistical_pca_2395c2c033ef/results/model_score_psi.csv","39","6c431abf78c96e9f98fe7c192f96f195387089e0dddc45a38530bf241646d789"
"legacy_bundle","../../ResearchFindings/results/catboost/statistical/catboost_statistical_pca_2395c2c033ef/results/oot_predictions.csv","2933227","d505ded0590875d4b697a79b667d718b0356c51d3e02cc50870d10a6914b4aea"
"legacy_bundle","../../ResearchFindings/results/catboost/statistical/catboost_statistical_pca_2395c2c033ef/results/oot_test_results.csv","1097","17b126e4e822742807fd3249ec91a7e80bade67f2989c693a405ff5f9be8cca5"
"legacy_bundle","../../ResearchFindings/results/catboost/statistical/catboost_statistical_pca_2395c2c033ef/results/runtime_summary.csv","645","4b2e432bebb27a5a782089dbf3dcf6211835948cd3f3512e6d8baae6cadc16fa"
"legacy_bundle","../../ResearchFindings/results/catboost/statistical/catboost_statistical_pca_2395c2c033ef/results/selected_feature_psi.csv","1261","06da1770ce1dd883c7a2e21807fe4d25f8df9acbea51b188ac0002a474b1eca7"
"legacy_bundle","../../ResearchFindings/results/catboost/statistical/catboost_statistical_pca_2395c2c033ef/run.log","3620","2a89a308f8d7c7ee30b6e308b9814a48f32b9721377bc8b5d7f4470d6ca85770"
"legacy_bundle","../../ResearchFindings/results/catboost/statistical/catboost_statistical_pca_2395c2c033ef/run_manifest.json","8551","091e852e0deced08950737b20b7c5c0238a68128c69e8d95c5263c2a1120c3bd"
"legacy_bundle","../../ResearchFindings/results/failed_runs.csv","76","980e09f79605808c69824ef09f8612ce05dd5b29c39f2ad7dad4e5fbd2f49b33"
"legacy_bundle","../../ResearchFindings/results/llm_call_summary.csv","9057","4eb410f7d3540df89b4810615e237514b94267d7c0a5e2766cef31248d7f6755"
"legacy_bundle","../../ResearchFindings/results/lr/hybrid_boruta/lr_hybrid_llm_then_boruta_26100907f80b/_SUCCESS","25","9772a49f85c195ff65f4f3add546d79a27b2409f81f240b597bc827703b32836"
"legacy_bundle","../../ResearchFindings/results/lr/hybrid_boruta/lr_hybrid_llm_then_boruta_26100907f80b/data_split_manifest.json","705","55c6614a990d3cbbc0430fbd78184857943f7fb3202954b2ad17365b0ae3be91"
"legacy_bundle","../../ResearchFindings/results/lr/hybrid_boruta/lr_hybrid_llm_then_boruta_26100907f80b/features/feature_stability_metrics.csv","573","72f4ca73884a14ffdb83b9d34471a850c1af2be21652c37a618169a335947db1"
"legacy_bundle","../../ResearchFindings/results/lr/hybrid_boruta/lr_hybrid_llm_then_boruta_26100907f80b/features/final_selected_features.csv","1969","a9370e7127100ff58a8263ada8a3b6d42da138b404ca25d4231e6db60aa5d71e"
"legacy_bundle","../../ResearchFindings/results/lr/hybrid_boruta/lr_hybrid_llm_then_boruta_26100907f80b/features/fold_selected_features.csv","8908","25278d751d3c2062d9659291c0d5977e65ed9be639e520f4a33f5be08dc11f1a"
"legacy_bundle","../../ResearchFindings/results/lr/hybrid_boruta/lr_hybrid_llm_then_boruta_26100907f80b/features/llm_hybrid_trace.csv","21166","5c508d994c72067433df5f6938f0766a45a379c32dfb95880491b7d73152de25"
"legacy_bundle","../../ResearchFindings/results/lr/hybrid_boruta/lr_hybrid_llm_then_boruta_26100907f80b/features/llm_rankings_summary.csv","270006","b5270c34f3fce8d1c0b8a111894eb18af72b0470d5419d283bcd727907d095ba"
"legacy_bundle","../../ResearchFindings/results/lr/hybrid_boruta/lr_hybrid_llm_then_boruta_26100907f80b/features/selection_frequency.csv","1502","5496fecd29304f973bda66ebf20f12e49ea94ee2afdf99f1dd288bc088a603ed"
"legacy_bundle","../../ResearchFindings/results/lr/hybrid_boruta/lr_hybrid_llm_then_boruta_26100907f80b/features/semantic_group_stability.csv","300","59de5bf70554b9ebad367cfa0b304dbff17fb549767bb4be4f1db5833c508092"
"legacy_bundle","../../ResearchFindings/results/lr/hybrid_boruta/lr_hybrid_llm_then_boruta_26100907f80b/leakage_report.json","428","95e87975747848050e8d948d998908c57760b65f4c63a2dd6f689517721a770d"
"legacy_bundle","../../ResearchFindings/results/lr/hybrid_boruta/lr_hybrid_llm_then_boruta_26100907f80b/models/final_model.model","1787","b129a81641a96fa982a6230d4924720eaa6859f1c8998f2eea24f5971f7b503d"
"legacy_bundle","../../ResearchFindings/results/lr/hybrid_boruta/lr_hybrid_llm_then_boruta_26100907f80b/models/final_model_metadata.json","3032","1172ce9a3f07a6ecd4d44c749e302c7118b60252c9d479cc736a51ba2b995fe3"
"legacy_bundle","../../ResearchFindings/results/lr/hybrid_boruta/lr_hybrid_llm_then_boruta_26100907f80b/models/final_preprocessor.pkl","12663","81f2a8178459bfeb138c43e6252aa9bebc64add6fad087e6969a5de01dc2b7f6"
"legacy_bundle","../../ResearchFindings/results/lr/hybrid_boruta/lr_hybrid_llm_then_boruta_26100907f80b/results/credit_risk_utility.csv","145","6c9ef27cbaecba6345e6bf45c358a35c436667e270d8e916edebf934fa57f78f"
"legacy_bundle","../../ResearchFindings/results/lr/hybrid_boruta/lr_hybrid_llm_then_boruta_26100907f80b/results/cv_results.csv","4598","06e337d345c5e8e910f90aab6b48ff9f373fce37b1c54604d66217683c39b660"
"legacy_bundle","../../ResearchFindings/results/lr/hybrid_boruta/lr_hybrid_llm_then_boruta_26100907f80b/results/experiment_summary.csv","2804","a628c4abcb4a3c30a4fef7c812052d111490f001c1f5ecda9067c722afd1336d"
"legacy_bundle","../../ResearchFindings/results/lr/hybrid_boruta/lr_hybrid_llm_then_boruta_26100907f80b/results/model_score_psi.csv","40","d722d62af406bfc76c289b26c8ca34eb2391a814df8aa3f33cff0bd926cfbaa9"
"legacy_bundle","../../ResearchFindings/results/lr/hybrid_boruta/lr_hybrid_llm_then_boruta_26100907f80b/results/oot_predictions.csv","2904417","1ec5a66f17d40a49ad86638794d97201a6132f8b60eafd8034a001b71167a818"
"legacy_bundle","../../ResearchFindings/results/lr/hybrid_boruta/lr_hybrid_llm_then_boruta_26100907f80b/results/oot_test_results.csv","1099","e5ea18b525899935ee1b34e17c3679ffc85073cef74e122bcd9a1d355702ccab"
"legacy_bundle","../../ResearchFindings/results/lr/hybrid_boruta/lr_hybrid_llm_then_boruta_26100907f80b/results/runtime_summary.csv","651","ea6a362dd23e79987ed361d06f667071c27edbb0c7ec43fd237e0a244f7f3d1f"
"legacy_bundle","../../ResearchFindings/results/lr/hybrid_boruta/lr_hybrid_llm_then_boruta_26100907f80b/results/selected_feature_psi.csv","969","2a1fd7f8824ed3cca93a1e216137f5f4a60b2f11afc606cda32a9875893f2799"
"legacy_bundle","../../ResearchFindings/results/lr/hybrid_boruta/lr_hybrid_llm_then_boruta_26100907f80b/run.log","8937","2759c791f6ffe066eb08a5c7639039d382c6be7ac9ecc1cfd9f8d088b3327897"
"legacy_bundle","../../ResearchFindings/results/lr/hybrid_boruta/lr_hybrid_llm_then_boruta_26100907f80b/run_manifest.json","9232","9178da279f167efdc35524182f97c6593b7e7d5d8b91defdab99cb03b553afed"
"legacy_bundle","../../ResearchFindings/results/lr/hybrid_mrmr/lr_hybrid_llm_then_mrmr_23ca24a759c8/_SUCCESS","25","6a45c153ce011b46571d160632e15c01bbffb276fd800019376f2c535d362885"
"legacy_bundle","../../ResearchFindings/results/lr/hybrid_mrmr/lr_hybrid_llm_then_mrmr_23ca24a759c8/data_split_manifest.json","705","55c6614a990d3cbbc0430fbd78184857943f7fb3202954b2ad17365b0ae3be91"
"legacy_bundle","../../ResearchFindings/results/lr/hybrid_mrmr/lr_hybrid_llm_then_mrmr_23ca24a759c8/features/feature_stability_metrics.csv","573","c9c83c9acdff373d90670a5946b14abe265aed4e6766496d151a26fdbdbf616b"
"legacy_bundle","../../ResearchFindings/results/lr/hybrid_mrmr/lr_hybrid_llm_then_mrmr_23ca24a759c8/features/final_selected_features.csv","2340","850ea18b4bb0a9b31e9a53cd294643fc992def0326c2e941d1cdd2ee8b5e4a8c"
"legacy_bundle","../../ResearchFindings/results/lr/hybrid_mrmr/lr_hybrid_llm_then_mrmr_23ca24a759c8/features/fold_selected_features.csv","10839","40bdbc0e5a8f7b13510b0b8be305ecaf979c546c57440993a8e92172c1a6b8b4"
"legacy_bundle","../../ResearchFindings/results/lr/hybrid_mrmr/lr_hybrid_llm_then_mrmr_23ca24a759c8/features/llm_hybrid_trace.csv","20448","8b405ef2fb040bc9c2696f49792055cf4729ff39e6ac8b30262567a056a34422"
"legacy_bundle","../../ResearchFindings/results/lr/hybrid_mrmr/lr_hybrid_llm_then_mrmr_23ca24a759c8/features/llm_rankings_summary.csv","270006","a6adc0f6a2761db0b411ce8da859963291ba9d2806edec25324f4e432e9bcb5d"
"legacy_bundle","../../ResearchFindings/results/lr/hybrid_mrmr/lr_hybrid_llm_then_mrmr_23ca24a759c8/features/selection_frequency.csv","2668","37608d611543f9b4872c53724e437a61d279660dc4290793b419dbecb279d35c"
"legacy_bundle","../../ResearchFindings/results/lr/hybrid_mrmr/lr_hybrid_llm_then_mrmr_23ca24a759c8/features/semantic_group_stability.csv","339","b8b5882d82c8b0dc529df52eaaf587a3980bad6a998a67904116b26c99b7a59b"
"legacy_bundle","../../ResearchFindings/results/lr/hybrid_mrmr/lr_hybrid_llm_then_mrmr_23ca24a759c8/leakage_report.json","428","95e87975747848050e8d948d998908c57760b65f4c63a2dd6f689517721a770d"
"legacy_bundle","../../ResearchFindings/results/lr/hybrid_mrmr/lr_hybrid_llm_then_mrmr_23ca24a759c8/models/final_model.model","1755","26b78f78bddeb343b13f702dffbe65cd45257bc0f2bfe13c21e95115f06fc13c"
"legacy_bundle","../../ResearchFindings/results/lr/hybrid_mrmr/lr_hybrid_llm_then_mrmr_23ca24a759c8/models/final_model_metadata.json","2988","ecdfd77a213a120488ac63db41b8e3291f0f3c57c037245ca8560c7b3cc3981e"
"legacy_bundle","../../ResearchFindings/results/lr/hybrid_mrmr/lr_hybrid_llm_then_mrmr_23ca24a759c8/models/final_preprocessor.pkl","12663","81f2a8178459bfeb138c43e6252aa9bebc64add6fad087e6969a5de01dc2b7f6"
"legacy_bundle","../../ResearchFindings/results/lr/hybrid_mrmr/lr_hybrid_llm_then_mrmr_23ca24a759c8/results/credit_risk_utility.csv","145","44941d5f1838da2d7470eccd68cd372689e13677687f7bdc0e6495b76a29e8a5"
"legacy_bundle","../../ResearchFindings/results/lr/hybrid_mrmr/lr_hybrid_llm_then_mrmr_23ca24a759c8/results/cv_results.csv","4632","3c22c5d2b4bf65b1354c7326a256d93e9c263e4c667583908e19056e2f814d21"
"legacy_bundle","../../ResearchFindings/results/lr/hybrid_mrmr/lr_hybrid_llm_then_mrmr_23ca24a759c8/results/experiment_summary.csv","2795","fdce4b54fe803cb314a81f4fb511ac8b63c2e827d3ba4f9f6b252c655a2b0ac4"
"legacy_bundle","../../ResearchFindings/results/lr/hybrid_mrmr/lr_hybrid_llm_then_mrmr_23ca24a759c8/results/model_score_psi.csv","39","2d55301515bb9dae1f17eb56f3ce138c12dc6a7000adb8af796c9374cf55af97"
"legacy_bundle","../../ResearchFindings/results/lr/hybrid_mrmr/lr_hybrid_llm_then_mrmr_23ca24a759c8/results/oot_predictions.csv","2908325","d964ec1d29a0a7eb047579620d45609069a3f3786011184158ecc4a2ddec4115"
"legacy_bundle","../../ResearchFindings/results/lr/hybrid_mrmr/lr_hybrid_llm_then_mrmr_23ca24a759c8/results/oot_test_results.csv","1101","6b5cf57a881e6b6252066502f65c5562248c334bc4f262208abcb941fe6446c1"
"legacy_bundle","../../ResearchFindings/results/lr/hybrid_mrmr/lr_hybrid_llm_then_mrmr_23ca24a759c8/results/runtime_summary.csv","648","cec9ec537155738316d972362b6ad38b7837cb87b403872fee61286b7ab97a34"
"legacy_bundle","../../ResearchFindings/results/lr/hybrid_mrmr/lr_hybrid_llm_then_mrmr_23ca24a759c8/results/selected_feature_psi.csv","987","a90566f57ae689d0a69f18df99f572693525a26635e43f5a3325ef3d52e1e342"
"legacy_bundle","../../ResearchFindings/results/lr/hybrid_mrmr/lr_hybrid_llm_then_mrmr_23ca24a759c8/run.log","32367","ac4ecd5aa6d2f42794cde5fe9b1fbe00bbdb70ad933f420027bce21db9005ed1"
"legacy_bundle","../../ResearchFindings/results/lr/hybrid_mrmr/lr_hybrid_llm_then_mrmr_23ca24a759c8/run_manifest.json","9211","519eeda4362cdae4e0b3558953cbcf630b9d31dd7b823e79e7f1f9e27ccc83d9"
"legacy_bundle","../../ResearchFindings/results/lr/hybrid_stable_core_llm_fill/lr_hybrid_stable_core_llm_fill_b162c3db24fa/_SUCCESS","25","18031302e4b6ac2d56e8e391006ff3f06364798f4d10bbd75f4d3fc9a1df1e59"
"legacy_bundle","../../ResearchFindings/results/lr/hybrid_stable_core_llm_fill/lr_hybrid_stable_core_llm_fill_b162c3db24fa/data_split_manifest.json","705","55c6614a990d3cbbc0430fbd78184857943f7fb3202954b2ad17365b0ae3be91"
"legacy_bundle","../../ResearchFindings/results/lr/hybrid_stable_core_llm_fill/lr_hybrid_stable_core_llm_fill_b162c3db24fa/features/feature_stability_metrics.csv","560","b4c541e5688c9c3ca6b0dbfb0b74e868e6f2c9e24d9432fae02e91a92bee25c3"
"legacy_bundle","../../ResearchFindings/results/lr/hybrid_stable_core_llm_fill/lr_hybrid_stable_core_llm_fill_b162c3db24fa/features/final_selected_features.csv","1982","0dd3168073b0d302d93e3f5f3fb0cc3d128c3ea4991feff7cce9901d41a92057"
"legacy_bundle","../../ResearchFindings/results/lr/hybrid_stable_core_llm_fill/lr_hybrid_stable_core_llm_fill_b162c3db24fa/features/fold_selected_features.csv","8979","88a911520764580add9b5c3be85c9d62379fcb10c4869c4a5a30a3204a758270"
"legacy_bundle","../../ResearchFindings/results/lr/hybrid_stable_core_llm_fill/lr_hybrid_stable_core_llm_fill_b162c3db24fa/features/llm_hybrid_trace.csv","38318","21c0b37a1a72f84becd3bb6f401143c9455cf97ff167e4b0a86f3579297d05be"
"legacy_bundle","../../ResearchFindings/results/lr/hybrid_stable_core_llm_fill/lr_hybrid_stable_core_llm_fill_b162c3db24fa/features/llm_rankings_summary.csv","270006","96172496332212bd20d57c90a5885ac11066904fa6ccb0f9a584d3cbef4850c1"
"legacy_bundle","../../ResearchFindings/results/lr/hybrid_stable_core_llm_fill/lr_hybrid_stable_core_llm_fill_b162c3db24fa/features/selection_frequency.csv","1194","8723440ab3ca597cb0d846eba049113f786b0daa5dc28d6dfa435dbd2889bbb9"
"legacy_bundle","../../ResearchFindings/results/lr/hybrid_stable_core_llm_fill/lr_hybrid_stable_core_llm_fill_b162c3db24fa/features/semantic_group_stability.csv","339","1a91331fc2091bbbe85bfa33f98055ccbcb75b37d795e81b7cf493022b810387"
"legacy_bundle","../../ResearchFindings/results/lr/hybrid_stable_core_llm_fill/lr_hybrid_stable_core_llm_fill_b162c3db24fa/leakage_report.json","428","95e87975747848050e8d948d998908c57760b65f4c63a2dd6f689517721a770d"
"legacy_bundle","../../ResearchFindings/results/lr/hybrid_stable_core_llm_fill/lr_hybrid_stable_core_llm_fill_b162c3db24fa/models/final_model.model","1723","f6610dd48bb30039db9a30ecd32639c98983afc928458f2bbe2fafc24f99506d"
"legacy_bundle","../../ResearchFindings/results/lr/hybrid_stable_core_llm_fill/lr_hybrid_stable_core_llm_fill_b162c3db24fa/models/final_model_metadata.json","2923","ec21cfcf85493830a128d75816bd82f530f150ffcc4b59a4bf9317a20993d4c4"
"legacy_bundle","../../ResearchFindings/results/lr/hybrid_stable_core_llm_fill/lr_hybrid_stable_core_llm_fill_b162c3db24fa/models/final_preprocessor.pkl","85175","fcb1974b3fafb4094b51937b1984e8604a4c2d11d1b0830477ea289ed4bfaf38"
"legacy_bundle","../../ResearchFindings/results/lr/hybrid_stable_core_llm_fill/lr_hybrid_stable_core_llm_fill_b162c3db24fa/results/credit_risk_utility.csv","144","674738999291223bc9b5574ff3b638d6a98780fc0223887856b42f2a3e19586d"
"legacy_bundle","../../ResearchFindings/results/lr/hybrid_stable_core_llm_fill/lr_hybrid_stable_core_llm_fill_b162c3db24fa/results/cv_results.csv","4626","5fe56399f38c1507e7676b9bf0e8aeaa9d307df8a58e00d5a57e787bc8076d9e"
"legacy_bundle","../../ResearchFindings/results/lr/hybrid_stable_core_llm_fill/lr_hybrid_stable_core_llm_fill_b162c3db24fa/results/experiment_summary.csv","2819","f7c7f6d029b0335bba7e18258692baa4680857b6e129d189be148b24d53874be"
"legacy_bundle","../../ResearchFindings/results/lr/hybrid_stable_core_llm_fill/lr_hybrid_stable_core_llm_fill_b162c3db24fa/results/model_score_psi.csv","38","9fedd72a514bf9568af6382fa8ef4c94d92b0afe0cec19e5cc0901baa4cc364b"
"legacy_bundle","../../ResearchFindings/results/lr/hybrid_stable_core_llm_fill/lr_hybrid_stable_core_llm_fill_b162c3db24fa/results/oot_predictions.csv","2912924","f0d6ba8b6059105d51d565345b22385af85c6a409d354a3f2a6903b4600aa5e0"
"legacy_bundle","../../ResearchFindings/results/lr/hybrid_stable_core_llm_fill/lr_hybrid_stable_core_llm_fill_b162c3db24fa/results/oot_test_results.csv","1096","d1778276ad6b88546bdd186f0a4d09cfbde95817dc6e95965387d68579492ca7"
"legacy_bundle","../../ResearchFindings/results/lr/hybrid_stable_core_llm_fill/lr_hybrid_stable_core_llm_fill_b162c3db24fa/results/runtime_summary.csv","657","6a8d273ae33cc39cb559dce3ab631f065efd81d90fd488268e71496ba2695fcc"
"legacy_bundle","../../ResearchFindings/results/lr/hybrid_stable_core_llm_fill/lr_hybrid_stable_core_llm_fill_b162c3db24fa/results/selected_feature_psi.csv","947","974b8d0b7042a708945c3a2ea4391c4c5157c3b9a4ce7c87b8d3c28a002fc0dd"
"legacy_bundle","../../ResearchFindings/results/lr/hybrid_stable_core_llm_fill/lr_hybrid_stable_core_llm_fill_b162c3db24fa/run.log","136704","c890ed1bd2b7ba2afb213c354dabc86aab3f53a6cab0b1924eed4911492cfc9f"
"legacy_bundle","../../ResearchFindings/results/lr/hybrid_stable_core_llm_fill/lr_hybrid_stable_core_llm_fill_b162c3db24fa/run_manifest.json","9295","dc33827b6f3e4a6a723e3e26c33a127a6b8c1f5049dc0923a9f1540fbb97efbd"
"legacy_bundle","../../ResearchFindings/results/lr/llm/lr_llm_llm_4c60cf0d856f/_SUCCESS","25","699555f3c895fbf439673bb5abd25c6889ba065bc9657f9c8d3eeacebe719cf9"
"legacy_bundle","../../ResearchFindings/results/lr/llm/lr_llm_llm_4c60cf0d856f/data_split_manifest.json","705","55c6614a990d3cbbc0430fbd78184857943f7fb3202954b2ad17365b0ae3be91"
"legacy_bundle","../../ResearchFindings/results/lr/llm/lr_llm_llm_4c60cf0d856f/features/feature_stability_metrics.csv","575","7af470d4c57723e5e072c83b476659c972c734c1b8f189fd83e09a9f1bd9f533"
"legacy_bundle","../../ResearchFindings/results/lr/llm/lr_llm_llm_4c60cf0d856f/features/final_selected_features.csv","1482","88bbf7972c3d31c68b2433fc91a73e5d821a5d69910f6732fed357898a605a64"
"legacy_bundle","../../ResearchFindings/results/lr/llm/lr_llm_llm_4c60cf0d856f/features/fold_selected_features.csv","6838","dd0fc7a08fe073fc94ca205f471f4e9c1cd99f6980f66c03ee36276ebe1db1cb"
"legacy_bundle","../../ResearchFindings/results/lr/llm/lr_llm_llm_4c60cf0d856f/features/llm_rankings_summary.csv","270606","7c738db22cc56294a2e6c264f20c8e68a8ed1f92be7a531e403242b7e8cabcc8"
"legacy_bundle","../../ResearchFindings/results/lr/llm/lr_llm_llm_4c60cf0d856f/features/selection_frequency.csv","1257","8bd58464f97486305533be6a9cefce0d73048d58a3d32333cbdfc3e171e77bef"
"legacy_bundle","../../ResearchFindings/results/lr/llm/lr_llm_llm_4c60cf0d856f/features/semantic_group_stability.csv","324","d47b7b2a4ce4654e6e46111e8382d9ea485bacb1a929b6574057a0ea9b240344"
"legacy_bundle","../../ResearchFindings/results/lr/llm/lr_llm_llm_4c60cf0d856f/leakage_report.json","428","95e87975747848050e8d948d998908c57760b65f4c63a2dd6f689517721a770d"
"legacy_bundle","../../ResearchFindings/results/lr/llm/lr_llm_llm_4c60cf0d856f/models/final_model.model","3051","b194b9d4daa2525bca3435928dbb3d0ac4e387568476f2b2fc6f7747fcab3152"
"legacy_bundle","../../ResearchFindings/results/lr/llm/lr_llm_llm_4c60cf0d856f/models/final_model_metadata.json","4131","ce214337f7baf7ab09f7b15c977468f51d550122d0959f970bb6e91ed4de6883"
"legacy_bundle","../../ResearchFindings/results/lr/llm/lr_llm_llm_4c60cf0d856f/models/final_preprocessor.pkl","6679","67d325484d45470a50951d2f0b74b65d94302569e1b1f8abb1602747f73df261"
"legacy_bundle","../../ResearchFindings/results/lr/llm/lr_llm_llm_4c60cf0d856f/results/credit_risk_utility.csv","147","96a8f65722a92268cc39feae5331010cdca155d0149f4f61eca6a3a704a97c93"
"legacy_bundle","../../ResearchFindings/results/lr/llm/lr_llm_llm_4c60cf0d856f/results/cv_results.csv","4632","8e4654e2ff6d6c6788bf19e81b8f459bfe63baeee262ce9abaf33c39ae562c43"
"legacy_bundle","../../ResearchFindings/results/lr/llm/lr_llm_llm_4c60cf0d856f/results/experiment_summary.csv","2742","5951b9659d914467450abfee70d53efcb174393794f0a06058413f3e21428ac0"
"legacy_bundle","../../ResearchFindings/results/lr/llm/lr_llm_llm_4c60cf0d856f/results/model_score_psi.csv","39","04a505b06ecb2a574927d84fc1785d4aa9e58d7414543a14351a7f40619ded0b"
"legacy_bundle","../../ResearchFindings/results/lr/llm/lr_llm_llm_4c60cf0d856f/results/oot_predictions.csv","2911400","aab8b2d75bd98e2595c1e76bdabcefe1b2b1999d0a9b2cb8810b4349412d5c62"
"legacy_bundle","../../ResearchFindings/results/lr/llm/lr_llm_llm_4c60cf0d856f/results/oot_test_results.csv","1087","a4ea5cb0c3eac2c5e0fb88c8e3d42b2428552f79190bc6f767cf02180e58741d"
"legacy_bundle","../../ResearchFindings/results/lr/llm/lr_llm_llm_4c60cf0d856f/results/runtime_summary.csv","630","99a6f41c2740821032f6ca3236ca0e49728422bceb5eb490507cb5ae8777af18"
"legacy_bundle","../../ResearchFindings/results/lr/llm/lr_llm_llm_4c60cf0d856f/results/selected_feature_psi.csv","2160","483ec56bfaa0b4c70ce6d8a51e81284889dc49fe4a7846290a7aa2889992a09f"
"legacy_bundle","../../ResearchFindings/results/lr/llm/lr_llm_llm_4c60cf0d856f/run.log","6486","c0d137582db6b084217fa03514f15b0ca2596d2b373ffdc049ea0c9785e7e709"
"legacy_bundle","../../ResearchFindings/results/lr/llm/lr_llm_llm_4c60cf0d856f/run_manifest.json","9111","1da625a629f18dd5ed0da733aa34bb61bd9e61acbeb45d9ddce42d0860772991"
"legacy_bundle","../../ResearchFindings/results/lr/statistical/lr_statistical_boruta_272d729acf71/_SUCCESS","25","da41dcba17c7f39e24723f3cc94683cdf73dd0e0afc224f7f39b5fc0c32d46c1"
"legacy_bundle","../../ResearchFindings/results/lr/statistical/lr_statistical_boruta_272d729acf71/data_split_manifest.json","705","55c6614a990d3cbbc0430fbd78184857943f7fb3202954b2ad17365b0ae3be91"
"legacy_bundle","../../ResearchFindings/results/lr/statistical/lr_statistical_boruta_272d729acf71/features/feature_stability_metrics.csv","558","202f6d7e7cf73527d002cd01d1f83d0ad49280d104d059475ce0273bd5c98c6a"
"legacy_bundle","../../ResearchFindings/results/lr/statistical/lr_statistical_boruta_272d729acf71/features/final_selected_features.csv","1942","ac5eba5edab8ae27c7ece853945daeb6a1b0bf69d02c33967feb0af0bf147dd9"
"legacy_bundle","../../ResearchFindings/results/lr/statistical/lr_statistical_boruta_272d729acf71/features/fold_selected_features.csv","8384","438ff46d1d5a4ef2eecc776cb98e6fb4ce4077d569a61adf36346a9dc797dbcf"
"legacy_bundle","../../ResearchFindings/results/lr/statistical/lr_statistical_boruta_272d729acf71/features/selection_frequency.csv","1879","f419e72d0a5e360966be486a605e9a0c0277909610d9e63b7021819503afae40"
"legacy_bundle","../../ResearchFindings/results/lr/statistical/lr_statistical_boruta_272d729acf71/features/semantic_group_stability.csv","348","712621c08ce84334b66f16d07283d2c4b2bc621b76a493ead45c2107bdda57cf"
"legacy_bundle","../../ResearchFindings/results/lr/statistical/lr_statistical_boruta_272d729acf71/leakage_report.json","391","b7cbf2ce8ecb4afd703a2f8fe3db9b19455bf1423419f573e1a4d148ca71d340"
"legacy_bundle","../../ResearchFindings/results/lr/statistical/lr_statistical_boruta_272d729acf71/models/final_model.model","1883","9990de21c9c17cc52e33d5c0d3c8f080abf5b32d00b10ab31d3343fde1a275b3"
"legacy_bundle","../../ResearchFindings/results/lr/statistical/lr_statistical_boruta_272d729acf71/models/final_model_metadata.json","3234","be8dc72fa26b5d6cbf005166005af02eb0aa9f9f46b8f0e48a949f0721cf619b"
"legacy_bundle","../../ResearchFindings/results/lr/statistical/lr_statistical_boruta_272d729acf71/models/final_preprocessor.pkl","85175","fcb1974b3fafb4094b51937b1984e8604a4c2d11d1b0830477ea289ed4bfaf38"
"legacy_bundle","../../ResearchFindings/results/lr/statistical/lr_statistical_boruta_272d729acf71/results/credit_risk_utility.csv","147","7a069ae6f43efc5a62fdb78dc5cf93859fd39a838809a2d0990386fc4543af87"
"legacy_bundle","../../ResearchFindings/results/lr/statistical/lr_statistical_boruta_272d729acf71/results/cv_results.csv","4739","09bc8ff493ec74126903a823de8c3d488515f1f351ea8c41c454a9818e6f7ea9"
"legacy_bundle","../../ResearchFindings/results/lr/statistical/lr_statistical_boruta_272d729acf71/results/experiment_summary.csv","2767","17c9fd1973f8a98af7ae27492dedc5c513e249425cea875c99cd989f70f57d71"
"legacy_bundle","../../ResearchFindings/results/lr/statistical/lr_statistical_boruta_272d729acf71/results/model_score_psi.csv","40","1ef8893beec43a6e2c1e00240ee68e49290bb15cf751f9c48ad2204c3143ecfb"
"legacy_bundle","../../ResearchFindings/results/lr/statistical/lr_statistical_boruta_272d729acf71/results/oot_predictions.csv","2900992","de0e0ddd20bda03403056d6751e0e6cf929faad1225bbff94cfca4d7b5c22cc0"
"legacy_bundle","../../ResearchFindings/results/lr/statistical/lr_statistical_boruta_272d729acf71/results/oot_test_results.csv","1108","c4ab9a42d251d9018609a6dfb033a61baf2045a57c148ea1dff8635849276b48"
"legacy_bundle","../../ResearchFindings/results/lr/statistical/lr_statistical_boruta_272d729acf71/results/runtime_summary.csv","643","72397b35ae04b2184bd7aef1dcb826c7db01efdce4ba2a9f4c50c431242c1f3e"
"legacy_bundle","../../ResearchFindings/results/lr/statistical/lr_statistical_boruta_272d729acf71/results/selected_feature_psi.csv","1110","286f07ef66a7f821886922adb918bd57166f9acaf89a4d2f62a1c462f840cd74"
"legacy_bundle","../../ResearchFindings/results/lr/statistical/lr_statistical_boruta_272d729acf71/run.log","6267","77db0386c913f90dc62540b79dd22f11cd92b54573a068b73baed09255399342"
"legacy_bundle","../../ResearchFindings/results/lr/statistical/lr_statistical_boruta_272d729acf71/run_manifest.json","8674","f5d840efe90f2409a39932215b685a190b94cb9fc21c762829f9003fbe636276"
"legacy_bundle","../../ResearchFindings/results/lr/statistical/lr_statistical_domain_rule_baseline_7ab990b2a51c/_SUCCESS","25","b69f2b42c272643ca6c71282d6a673fa3fdb1b12537a43e91e013bf77f84c096"
"legacy_bundle","../../ResearchFindings/results/lr/statistical/lr_statistical_domain_rule_baseline_7ab990b2a51c/data_split_manifest.json","705","55c6614a990d3cbbc0430fbd78184857943f7fb3202954b2ad17365b0ae3be91"
"legacy_bundle","../../ResearchFindings/results/lr/statistical/lr_statistical_domain_rule_baseline_7ab990b2a51c/features/feature_stability_metrics.csv","435","accd4cd518862a7f612d1b1d61c4638a8cacfac0c8df4c4ea7e16e83caf829a7"
"legacy_bundle","../../ResearchFindings/results/lr/statistical/lr_statistical_domain_rule_baseline_7ab990b2a51c/features/final_selected_features.csv","2057","29ac547e0b0a10236c440c998fba2c474f2aa71675341727fd2ad0afd0c6f818"
"legacy_bundle","../../ResearchFindings/results/lr/statistical/lr_statistical_domain_rule_baseline_7ab990b2a51c/features/fold_selected_features.csv","9225","53382ae069183cc95f970a5996c0a33afe85cca262218e76ec7e16cac2e13177"
"legacy_bundle","../../ResearchFindings/results/lr/statistical/lr_statistical_domain_rule_baseline_7ab990b2a51c/features/selection_frequency.csv","916","0b1c4a3fe76c33c80f7f0fab1f0770c8fe646bee86f2d7726ba1052602f55f77"
"legacy_bundle","../../ResearchFindings/results/lr/statistical/lr_statistical_domain_rule_baseline_7ab990b2a51c/features/semantic_group_stability.csv","109","85706f1222fb72bece6dfeee5dd8520a55332ae47049acd9a6cda7d1b0798124"
"legacy_bundle","../../ResearchFindings/results/lr/statistical/lr_statistical_domain_rule_baseline_7ab990b2a51c/leakage_report.json","391","b7cbf2ce8ecb4afd703a2f8fe3db9b19455bf1423419f573e1a4d148ca71d340"
"legacy_bundle","../../ResearchFindings/results/lr/statistical/lr_statistical_domain_rule_baseline_7ab990b2a51c/models/final_model.model","1851","ed185a6e85ed4a8872cfb7ce312f5d8a664e94a05aad47b720d8b05174b1874e"
"legacy_bundle","../../ResearchFindings/results/lr/statistical/lr_statistical_domain_rule_baseline_7ab990b2a51c/models/final_model_metadata.json","3170","c5306833268eada80c8f36fe92b8e22f8c4e318b1d219a8c6c201e311d0a7ef8"
"legacy_bundle","../../ResearchFindings/results/lr/statistical/lr_statistical_domain_rule_baseline_7ab990b2a51c/models/final_preprocessor.pkl","5215","3ee9a1760ecfaad6f5a45350e22dbb88ffdd744aa039d44e4e4de65a0d21b413"
"legacy_bundle","../../ResearchFindings/results/lr/statistical/lr_statistical_domain_rule_baseline_7ab990b2a51c/results/credit_risk_utility.csv","146","b608a3159c2c0941dbd7a5751a219d93840a19c0468625cd7da35063ada0cb50"
"legacy_bundle","../../ResearchFindings/results/lr/statistical/lr_statistical_domain_rule_baseline_7ab990b2a51c/results/cv_results.csv","4570","25f106c54e85b1f778f7456e679cf82ceae68829b9fd97fd898ff5e8259509f4"
"legacy_bundle","../../ResearchFindings/results/lr/statistical/lr_statistical_domain_rule_baseline_7ab990b2a51c/results/experiment_summary.csv","2658","a10ecea236d852504f20dcf297df4871dd84ee2ffe42946d2ceda2a89b84d42e"
"legacy_bundle","../../ResearchFindings/results/lr/statistical/lr_statistical_domain_rule_baseline_7ab990b2a51c/results/model_score_psi.csv","39","f2437a3dd76cf20d12f638fe2f6e7f8d71ae12bfb62d6cf8b211d071bacf9feb"
"legacy_bundle","../../ResearchFindings/results/lr/statistical/lr_statistical_domain_rule_baseline_7ab990b2a51c/results/oot_predictions.csv","2908343","2bb9b1846567f19b77a669c865d6b6339d47beed48c72eeba934746782be5e52"
"legacy_bundle","../../ResearchFindings/results/lr/statistical/lr_statistical_domain_rule_baseline_7ab990b2a51c/results/oot_test_results.csv","1099","fa286a74e314da5af1a7416f2830ce98488e61405af3b9422791b60b3f8bc787"
"legacy_bundle","../../ResearchFindings/results/lr/statistical/lr_statistical_domain_rule_baseline_7ab990b2a51c/results/runtime_summary.csv","662","11e3e9b2059d17fe56a96418f7b45841b1dcc87c786c1be93636ec1b4e77404e"
"legacy_bundle","../../ResearchFindings/results/lr/statistical/lr_statistical_domain_rule_baseline_7ab990b2a51c/results/selected_feature_psi.csv","1079","9a142722e70f9eed4e904634588f969b8c20bca5a992d551fc8bd73536cf3f94"
"legacy_bundle","../../ResearchFindings/results/lr/statistical/lr_statistical_domain_rule_baseline_7ab990b2a51c/run.log","4539","96a8fc4f48ab8f360d6eefcd210a24b2dc3f13ff552640c73e82b441dac67d38"
"legacy_bundle","../../ResearchFindings/results/lr/statistical/lr_statistical_domain_rule_baseline_7ab990b2a51c/run_manifest.json","8635","786f78f358763fa35eb507164a86e836553ef23d5c259f0ecc1e2ad42e81a84f"
"legacy_bundle","../../ResearchFindings/results/lr/statistical/lr_statistical_mrmr_8b6e39d2ee9f/_SUCCESS","25","009b3c2f99cb9095aa1b582c61dc429943619e1783e45bcc3dd53bbd77089b82"
"legacy_bundle","../../ResearchFindings/results/lr/statistical/lr_statistical_mrmr_8b6e39d2ee9f/data_split_manifest.json","705","55c6614a990d3cbbc0430fbd78184857943f7fb3202954b2ad17365b0ae3be91"
"legacy_bundle","../../ResearchFindings/results/lr/statistical/lr_statistical_mrmr_8b6e39d2ee9f/features/feature_stability_metrics.csv","559","14736a68298c896c5a45738dacb5bd313aafc825b48c1652881c95a1043fda33"
"legacy_bundle","../../ResearchFindings/results/lr/statistical/lr_statistical_mrmr_8b6e39d2ee9f/features/final_selected_features.csv","2216","f4b44c0570df13be5f3a716a2d187a09b96a1c7da1d9dde976fbf42707ab78ee"
"legacy_bundle","../../ResearchFindings/results/lr/statistical/lr_statistical_mrmr_8b6e39d2ee9f/features/fold_selected_features.csv","9852","6f44032f19e8643c6b7000d7a0a7a1c5b40d0642b37e3073932800d4216971f6"
"legacy_bundle","../../ResearchFindings/results/lr/statistical/lr_statistical_mrmr_8b6e39d2ee9f/features/selection_frequency.csv","1995","7dac776806563284138368ef2e26e897cf1a57b3bb13a3c27b525ee6a193fde8"
"legacy_bundle","../../ResearchFindings/results/lr/statistical/lr_statistical_mrmr_8b6e39d2ee9f/features/semantic_group_stability.csv","343","e78741914b1290f0ac5d77b68434ba632953f4385aa1f38dc8d4c3e164e3969d"
"legacy_bundle","../../ResearchFindings/results/lr/statistical/lr_statistical_mrmr_8b6e39d2ee9f/leakage_report.json","391","b7cbf2ce8ecb4afd703a2f8fe3db9b19455bf1423419f573e1a4d148ca71d340"
"legacy_bundle","../../ResearchFindings/results/lr/statistical/lr_statistical_mrmr_8b6e39d2ee9f/models/final_model.model","1787","b6da9f9181eedd62ebaff7691980e11b327390fd1a9ad28be5c8934a994c3b34"
"legacy_bundle","../../ResearchFindings/results/lr/statistical/lr_statistical_mrmr_8b6e39d2ee9f/models/final_model_metadata.json","3020","1a37627320b4bdfb2d396e8ab0755c00707118ab35c7d0c69eb5d19e21e2a850"
"legacy_bundle","../../ResearchFindings/results/lr/statistical/lr_statistical_mrmr_8b6e39d2ee9f/models/final_preprocessor.pkl","85175","fcb1974b3fafb4094b51937b1984e8604a4c2d11d1b0830477ea289ed4bfaf38"
"legacy_bundle","../../ResearchFindings/results/lr/statistical/lr_statistical_mrmr_8b6e39d2ee9f/results/credit_risk_utility.csv","146","ab3ad9af51e46d677178660b1f0117aaeaab5cd9892f2d4d91e99c0cd8a7bd79"
"legacy_bundle","../../ResearchFindings/results/lr/statistical/lr_statistical_mrmr_8b6e39d2ee9f/results/cv_results.csv","4639","7060b32ea13a1a70c4fd4e29e5084a19e3d0f766d23b6b57ad8e89f2f6077dbf"
"legacy_bundle","../../ResearchFindings/results/lr/statistical/lr_statistical_mrmr_8b6e39d2ee9f/results/experiment_summary.csv","2762","cad9931b53d210e7d86c291300c9d91b84a515e94f476f20c29cc27990a8689a"
"legacy_bundle","../../ResearchFindings/results/lr/statistical/lr_statistical_mrmr_8b6e39d2ee9f/results/model_score_psi.csv","38","568a70518ddc9b7e29b7da8c79a01ce9a39dfcf5ef76f5286c85422db3a91d40"
"legacy_bundle","../../ResearchFindings/results/lr/statistical/lr_statistical_mrmr_8b6e39d2ee9f/results/oot_predictions.csv","2912238","19134541044d478196199cd66d6cd211deaaca9034fb58096449e5a66c7bd6e2"
"legacy_bundle","../../ResearchFindings/results/lr/statistical/lr_statistical_mrmr_8b6e39d2ee9f/results/oot_test_results.csv","1098","b8299ed3df8db0a95fa679d47249d955aaf6ba7aec33155f7a219aff880758d2"
"legacy_bundle","../../ResearchFindings/results/lr/statistical/lr_statistical_mrmr_8b6e39d2ee9f/results/runtime_summary.csv","642","87dedc7af173584159ec654f90428cd287fbb15f638b741e84e0123d6b488e93"
"legacy_bundle","../../ResearchFindings/results/lr/statistical/lr_statistical_mrmr_8b6e39d2ee9f/results/selected_feature_psi.csv","1001","317de11c6afd4eab3276f77bfbfb53658f050dc187461d12c89ca8b50adb2e55"
"legacy_bundle","../../ResearchFindings/results/lr/statistical/lr_statistical_mrmr_8b6e39d2ee9f/run.log","30616","fb97afbc3264f70386fbad810d0306b1517668ed6de003f32afda9c0be9dbf82"
"legacy_bundle","../../ResearchFindings/results/lr/statistical/lr_statistical_mrmr_8b6e39d2ee9f/run_manifest.json","8659","40b6fbf2506672cb2fd3ca787946e17b9e8212aa63e9bf69b43034950bdbc9f3"
"legacy_bundle","../../ResearchFindings/results/lr/statistical/lr_statistical_pca_efa76e2e0667/_SUCCESS","25","f73d1448a9db167ae83a4b1e3faa617f580a551c30e11e89f60e736a1b708cb8"
"legacy_bundle","../../ResearchFindings/results/lr/statistical/lr_statistical_pca_efa76e2e0667/data_split_manifest.json","705","55c6614a990d3cbbc0430fbd78184857943f7fb3202954b2ad17365b0ae3be91"
"legacy_bundle","../../ResearchFindings/results/lr/statistical/lr_statistical_pca_efa76e2e0667/features/feature_stability_metrics.csv","435","bff1d9a214fa5ac63f4a75478964eb3604b5cf76c36330c56fbaede4444eafdc"
"legacy_bundle","../../ResearchFindings/results/lr/statistical/lr_statistical_pca_efa76e2e0667/features/final_selected_features.csv","1131","2ea44b490322415ca749e2e8397f71726c9d1c8f2db45907f1796cc37125e9a7"
"legacy_bundle","../../ResearchFindings/results/lr/statistical/lr_statistical_pca_efa76e2e0667/features/fold_selected_features.csv","4590","66837ecfbbc2dc5f7097e81331195045fbf884dc9c9d6d0828acfcb98ee1596a"
"legacy_bundle","../../ResearchFindings/results/lr/statistical/lr_statistical_pca_efa76e2e0667/features/selection_frequency.csv","870","7938182274d949c7b6588b64b0d7780bcb548f7228f61b1343a9e0577d0c088a"
"legacy_bundle","../../ResearchFindings/results/lr/statistical/lr_statistical_pca_efa76e2e0667/features/semantic_group_stability.csv","79","f7ce16df5692ecede2b0373d7e1db63ae0c8ef39f29d4de5458120f5458223d4"
"legacy_bundle","../../ResearchFindings/results/lr/statistical/lr_statistical_pca_efa76e2e0667/leakage_report.json","391","b7cbf2ce8ecb4afd703a2f8fe3db9b19455bf1423419f573e1a4d148ca71d340"
"legacy_bundle","../../ResearchFindings/results/lr/statistical/lr_statistical_pca_efa76e2e0667/models/final_model.model","1419","579e4c72393d936ffbb9d61b55017c68654e53e1431fcbd666a5e9cccce7e0f8"
"legacy_bundle","../../ResearchFindings/results/lr/statistical/lr_statistical_pca_efa76e2e0667/models/final_model_metadata.json","2303","f6abe8e57037affd2ae08761e59498bf9fc7fc70f8b5a3457ff078fbc4df4262"
"legacy_bundle","../../ResearchFindings/results/lr/statistical/lr_statistical_pca_efa76e2e0667/models/final_preprocessor.pkl","85175","fcb1974b3fafb4094b51937b1984e8604a4c2d11d1b0830477ea289ed4bfaf38"
"legacy_bundle","../../ResearchFindings/results/lr/statistical/lr_statistical_pca_efa76e2e0667/results/credit_risk_utility.csv","146","f923da31123f0795abe41dd81cdab615af40fc83b7821dc8c99bbc7064c7e529"
"legacy_bundle","../../ResearchFindings/results/lr/statistical/lr_statistical_pca_efa76e2e0667/results/cv_results.csv","4531","b479ca189c0bb0ddb91fface5b5420e6f606438c9bbde7da03d10bb574de7ddb"
"legacy_bundle","../../ResearchFindings/results/lr/statistical/lr_statistical_pca_efa76e2e0667/results/experiment_summary.csv","2604","89c0b12b0ffe8fc7a0e929e0c06117faee26e5b5d69a916f44921ed7bc46b24f"
"legacy_bundle","../../ResearchFindings/results/lr/statistical/lr_statistical_pca_efa76e2e0667/results/model_score_psi.csv","39","9902934869f93a063c5ed4b7c7d13d004e31a42ad8f493ee8586244e7cc14dfa"
"legacy_bundle","../../ResearchFindings/results/lr/statistical/lr_statistical_pca_efa76e2e0667/results/oot_predictions.csv","2899497","99adbb1165c83a4b9f5bdce181f91bb8de206aee8eecd150479ad96067bc1388"
"legacy_bundle","../../ResearchFindings/results/lr/statistical/lr_statistical_pca_efa76e2e0667/results/oot_test_results.csv","1101","6b1a8b3ee17cb22f298f169170b2b709af8ecb1ca6108101b85d3b987c9089ce"
"legacy_bundle","../../ResearchFindings/results/lr/statistical/lr_statistical_pca_efa76e2e0667/results/runtime_summary.csv","642","65b0ce74a05b94590835b924b9cfa6cb146fc9a282cc700ad2d9f17b38444867"
"legacy_bundle","../../ResearchFindings/results/lr/statistical/lr_statistical_pca_efa76e2e0667/results/selected_feature_psi.csv","637","164b29fe9f240ed65453134788c5813974c90f3b3fbad36ebbb80f8fd7b9f933"
"legacy_bundle","../../ResearchFindings/results/lr/statistical/lr_statistical_pca_efa76e2e0667/run.log","3573","73ee8782e770cec5d598b5da1244fc53fe7a450b6982bd10ba20da5d4e3f7b29"
"legacy_bundle","../../ResearchFindings/results/lr/statistical/lr_statistical_pca_efa76e2e0667/run_manifest.json","8496","02e03100576c79740ce1149f3c54e0ab881e4a4de4d58620280ca2b5375364ee"
"legacy_bundle","../../ResearchFindings/results/matrix_runs.csv","3418","4cb95b3da287ad2b5311553e76683d68c5ce2e1643634eb601c43925da7641c5"
